ISO-10303-21;
HEADER;
/* Generated by software containing ST-Developer
 * from STEP Tools, Inc. (www.steptools.com) 
 */

FILE_DESCRIPTION(
/* description */ (''),
/* implementation_level */ '2;1');

FILE_NAME(
/* name */ 'Top Plate v14.step',
/* time_stamp */ '2025-04-15T18:55:42+05:30',
/* author */ (''),
/* organization */ (''),
/* preprocessor_version */ 'ST-DEVELOPER v20.1',
/* originating_system */ 'Autodesk Translation Framework v14.4.0.0',
/* authorisation */ '');

FILE_SCHEMA (('AUTOMOTIVE_DESIGN { 1 0 10303 214 3 1 1 }'));
ENDSEC;

DATA;
#10=MECHANICAL_DESIGN_GEOMETRIC_PRESENTATION_REPRESENTATION('',(#13),#3807);
#11=SHAPE_REPRESENTATION_RELATIONSHIP('SRR','None',#3814,#12);
#12=ADVANCED_BREP_SHAPE_REPRESENTATION('',(#14),#3806);
#13=STYLED_ITEM('',(#3823),#14);
#14=MANIFOLD_SOLID_BREP('Body1',#2327);
#15=FACE_BOUND('',#282,.T.);
#16=FACE_BOUND('',#283,.T.);
#17=FACE_BOUND('',#284,.T.);
#18=FACE_BOUND('',#285,.T.);
#19=FACE_BOUND('',#286,.T.);
#20=FACE_BOUND('',#287,.T.);
#21=FACE_BOUND('',#288,.T.);
#22=FACE_BOUND('',#289,.T.);
#23=FACE_BOUND('',#290,.T.);
#24=FACE_BOUND('',#291,.T.);
#25=FACE_BOUND('',#292,.T.);
#26=FACE_BOUND('',#293,.T.);
#27=FACE_BOUND('',#294,.T.);
#28=FACE_BOUND('',#295,.T.);
#29=FACE_BOUND('',#296,.T.);
#30=FACE_BOUND('',#297,.T.);
#31=FACE_BOUND('',#298,.T.);
#32=FACE_BOUND('',#299,.T.);
#33=FACE_BOUND('',#300,.T.);
#34=FACE_BOUND('',#301,.T.);
#35=FACE_BOUND('',#302,.T.);
#36=FACE_BOUND('',#308,.T.);
#37=FACE_BOUND('',#309,.T.);
#38=FACE_BOUND('',#310,.T.);
#39=FACE_BOUND('',#311,.T.);
#40=FACE_BOUND('',#312,.T.);
#41=FACE_BOUND('',#313,.T.);
#42=FACE_BOUND('',#314,.T.);
#43=FACE_BOUND('',#315,.T.);
#44=FACE_BOUND('',#316,.T.);
#45=FACE_BOUND('',#317,.T.);
#46=FACE_BOUND('',#318,.T.);
#47=FACE_BOUND('',#319,.T.);
#48=FACE_BOUND('',#320,.T.);
#49=FACE_BOUND('',#321,.T.);
#50=FACE_BOUND('',#322,.T.);
#51=FACE_BOUND('',#323,.T.);
#52=FACE_BOUND('',#324,.T.);
#53=FACE_BOUND('',#325,.T.);
#54=FACE_BOUND('',#326,.T.);
#55=FACE_BOUND('',#327,.T.);
#56=FACE_BOUND('',#328,.T.);
#57=PLANE('',#2377);
#58=PLANE('',#2378);
#59=PLANE('',#2379);
#60=PLANE('',#2380);
#61=PLANE('',#2381);
#62=PLANE('',#2382);
#63=PLANE('',#2383);
#64=PLANE('',#2384);
#65=PLANE('',#2385);
#66=PLANE('',#2386);
#67=PLANE('',#2387);
#68=PLANE('',#2388);
#69=PLANE('',#2389);
#70=PLANE('',#2390);
#71=PLANE('',#2391);
#72=PLANE('',#2392);
#73=PLANE('',#2393);
#74=PLANE('',#2394);
#75=PLANE('',#2395);
#76=PLANE('',#2396);
#77=PLANE('',#2397);
#78=PLANE('',#2398);
#79=PLANE('',#2399);
#80=PLANE('',#2400);
#81=PLANE('',#2401);
#82=PLANE('',#2402);
#83=PLANE('',#2403);
#84=PLANE('',#2404);
#85=PLANE('',#2405);
#86=PLANE('',#2430);
#87=PLANE('',#2431);
#88=PLANE('',#2432);
#89=PLANE('',#2433);
#90=PLANE('',#2434);
#91=PLANE('',#2459);
#92=PLANE('',#2460);
#93=PLANE('',#2461);
#94=PLANE('',#2462);
#95=PLANE('',#2463);
#96=PLANE('',#2464);
#97=PLANE('',#2465);
#98=PLANE('',#2466);
#99=PLANE('',#2467);
#100=PLANE('',#2468);
#101=PLANE('',#2470);
#102=PLANE('',#2472);
#103=PLANE('',#2474);
#104=PLANE('',#2476);
#105=PLANE('',#2482);
#106=PLANE('',#2484);
#107=PLANE('',#2486);
#108=PLANE('',#2488);
#109=PLANE('',#2493);
#110=PLANE('',#2494);
#111=PLANE('',#2495);
#112=PLANE('',#2496);
#113=PLANE('',#2497);
#114=PLANE('',#2498);
#115=PLANE('',#2499);
#116=PLANE('',#2500);
#117=PLANE('',#2501);
#118=PLANE('',#2503);
#119=PLANE('',#2505);
#120=PLANE('',#2507);
#121=PLANE('',#2509);
#122=PLANE('',#2510);
#123=PLANE('',#2515);
#124=PLANE('',#2516);
#125=PLANE('',#2517);
#126=PLANE('',#2518);
#127=PLANE('',#2519);
#128=PLANE('',#2520);
#129=PLANE('',#2521);
#130=PLANE('',#2522);
#131=FACE_OUTER_BOUND('',#241,.T.);
#132=FACE_OUTER_BOUND('',#242,.T.);
#133=FACE_OUTER_BOUND('',#243,.T.);
#134=FACE_OUTER_BOUND('',#244,.T.);
#135=FACE_OUTER_BOUND('',#245,.T.);
#136=FACE_OUTER_BOUND('',#246,.T.);
#137=FACE_OUTER_BOUND('',#247,.T.);
#138=FACE_OUTER_BOUND('',#248,.T.);
#139=FACE_OUTER_BOUND('',#249,.T.);
#140=FACE_OUTER_BOUND('',#250,.T.);
#141=FACE_OUTER_BOUND('',#251,.T.);
#142=FACE_OUTER_BOUND('',#252,.T.);
#143=FACE_OUTER_BOUND('',#253,.T.);
#144=FACE_OUTER_BOUND('',#254,.T.);
#145=FACE_OUTER_BOUND('',#255,.T.);
#146=FACE_OUTER_BOUND('',#256,.T.);
#147=FACE_OUTER_BOUND('',#257,.T.);
#148=FACE_OUTER_BOUND('',#258,.T.);
#149=FACE_OUTER_BOUND('',#259,.T.);
#150=FACE_OUTER_BOUND('',#260,.T.);
#151=FACE_OUTER_BOUND('',#261,.T.);
#152=FACE_OUTER_BOUND('',#262,.T.);
#153=FACE_OUTER_BOUND('',#263,.T.);
#154=FACE_OUTER_BOUND('',#264,.T.);
#155=FACE_OUTER_BOUND('',#265,.T.);
#156=FACE_OUTER_BOUND('',#266,.T.);
#157=FACE_OUTER_BOUND('',#267,.T.);
#158=FACE_OUTER_BOUND('',#268,.T.);
#159=FACE_OUTER_BOUND('',#269,.T.);
#160=FACE_OUTER_BOUND('',#270,.T.);
#161=FACE_OUTER_BOUND('',#271,.T.);
#162=FACE_OUTER_BOUND('',#272,.T.);
#163=FACE_OUTER_BOUND('',#273,.T.);
#164=FACE_OUTER_BOUND('',#274,.T.);
#165=FACE_OUTER_BOUND('',#275,.T.);
#166=FACE_OUTER_BOUND('',#276,.T.);
#167=FACE_OUTER_BOUND('',#277,.T.);
#168=FACE_OUTER_BOUND('',#278,.T.);
#169=FACE_OUTER_BOUND('',#279,.T.);
#170=FACE_OUTER_BOUND('',#280,.T.);
#171=FACE_OUTER_BOUND('',#281,.T.);
#172=FACE_OUTER_BOUND('',#303,.T.);
#173=FACE_OUTER_BOUND('',#304,.T.);
#174=FACE_OUTER_BOUND('',#305,.T.);
#175=FACE_OUTER_BOUND('',#306,.T.);
#176=FACE_OUTER_BOUND('',#307,.T.);
#177=FACE_OUTER_BOUND('',#329,.T.);
#178=FACE_OUTER_BOUND('',#330,.T.);
#179=FACE_OUTER_BOUND('',#331,.T.);
#180=FACE_OUTER_BOUND('',#332,.T.);
#181=FACE_OUTER_BOUND('',#333,.T.);
#182=FACE_OUTER_BOUND('',#334,.T.);
#183=FACE_OUTER_BOUND('',#335,.T.);
#184=FACE_OUTER_BOUND('',#336,.T.);
#185=FACE_OUTER_BOUND('',#337,.T.);
#186=FACE_OUTER_BOUND('',#338,.T.);
#187=FACE_OUTER_BOUND('',#339,.T.);
#188=FACE_OUTER_BOUND('',#340,.T.);
#189=FACE_OUTER_BOUND('',#341,.T.);
#190=FACE_OUTER_BOUND('',#342,.T.);
#191=FACE_OUTER_BOUND('',#343,.T.);
#192=FACE_OUTER_BOUND('',#344,.T.);
#193=FACE_OUTER_BOUND('',#345,.T.);
#194=FACE_OUTER_BOUND('',#346,.T.);
#195=FACE_OUTER_BOUND('',#347,.T.);
#196=FACE_OUTER_BOUND('',#348,.T.);
#197=FACE_OUTER_BOUND('',#349,.T.);
#198=FACE_OUTER_BOUND('',#350,.T.);
#199=FACE_OUTER_BOUND('',#351,.T.);
#200=FACE_OUTER_BOUND('',#352,.T.);
#201=FACE_OUTER_BOUND('',#353,.T.);
#202=FACE_OUTER_BOUND('',#354,.T.);
#203=FACE_OUTER_BOUND('',#355,.T.);
#204=FACE_OUTER_BOUND('',#356,.T.);
#205=FACE_OUTER_BOUND('',#357,.T.);
#206=FACE_OUTER_BOUND('',#358,.T.);
#207=FACE_OUTER_BOUND('',#359,.T.);
#208=FACE_OUTER_BOUND('',#360,.T.);
#209=FACE_OUTER_BOUND('',#361,.T.);
#210=FACE_OUTER_BOUND('',#362,.T.);
#211=FACE_OUTER_BOUND('',#363,.T.);
#212=FACE_OUTER_BOUND('',#364,.T.);
#213=FACE_OUTER_BOUND('',#365,.T.);
#214=FACE_OUTER_BOUND('',#366,.T.);
#215=FACE_OUTER_BOUND('',#367,.T.);
#216=FACE_OUTER_BOUND('',#368,.T.);
#217=FACE_OUTER_BOUND('',#369,.T.);
#218=FACE_OUTER_BOUND('',#370,.T.);
#219=FACE_OUTER_BOUND('',#371,.T.);
#220=FACE_OUTER_BOUND('',#372,.T.);
#221=FACE_OUTER_BOUND('',#373,.T.);
#222=FACE_OUTER_BOUND('',#374,.T.);
#223=FACE_OUTER_BOUND('',#375,.T.);
#224=FACE_OUTER_BOUND('',#376,.T.);
#225=FACE_OUTER_BOUND('',#377,.T.);
#226=FACE_OUTER_BOUND('',#378,.T.);
#227=FACE_OUTER_BOUND('',#379,.T.);
#228=FACE_OUTER_BOUND('',#380,.T.);
#229=FACE_OUTER_BOUND('',#381,.T.);
#230=FACE_OUTER_BOUND('',#382,.T.);
#231=FACE_OUTER_BOUND('',#383,.T.);
#232=FACE_OUTER_BOUND('',#384,.T.);
#233=FACE_OUTER_BOUND('',#385,.T.);
#234=FACE_OUTER_BOUND('',#386,.T.);
#235=FACE_OUTER_BOUND('',#387,.T.);
#236=FACE_OUTER_BOUND('',#388,.T.);
#237=FACE_OUTER_BOUND('',#389,.T.);
#238=FACE_OUTER_BOUND('',#390,.T.);
#239=FACE_OUTER_BOUND('',#391,.T.);
#240=FACE_OUTER_BOUND('',#392,.T.);
#241=EDGE_LOOP('',(#1525,#1526,#1527,#1528));
#242=EDGE_LOOP('',(#1529,#1530,#1531,#1532));
#243=EDGE_LOOP('',(#1533,#1534,#1535,#1536));
#244=EDGE_LOOP('',(#1537,#1538,#1539,#1540));
#245=EDGE_LOOP('',(#1541,#1542,#1543,#1544));
#246=EDGE_LOOP('',(#1545,#1546,#1547,#1548));
#247=EDGE_LOOP('',(#1549,#1550,#1551,#1552));
#248=EDGE_LOOP('',(#1553,#1554,#1555,#1556));
#249=EDGE_LOOP('',(#1557,#1558,#1559,#1560));
#250=EDGE_LOOP('',(#1561,#1562,#1563,#1564));
#251=EDGE_LOOP('',(#1565,#1566,#1567,#1568));
#252=EDGE_LOOP('',(#1569,#1570,#1571,#1572));
#253=EDGE_LOOP('',(#1573,#1574,#1575,#1576));
#254=EDGE_LOOP('',(#1577,#1578,#1579,#1580));
#255=EDGE_LOOP('',(#1581,#1582,#1583,#1584));
#256=EDGE_LOOP('',(#1585,#1586,#1587,#1588));
#257=EDGE_LOOP('',(#1589,#1590,#1591,#1592));
#258=EDGE_LOOP('',(#1593,#1594,#1595,#1596));
#259=EDGE_LOOP('',(#1597,#1598,#1599,#1600));
#260=EDGE_LOOP('',(#1601,#1602,#1603,#1604));
#261=EDGE_LOOP('',(#1605,#1606,#1607,#1608));
#262=EDGE_LOOP('',(#1609,#1610,#1611,#1612));
#263=EDGE_LOOP('',(#1613,#1614,#1615,#1616));
#264=EDGE_LOOP('',(#1617,#1618,#1619,#1620));
#265=EDGE_LOOP('',(#1621,#1622,#1623,#1624));
#266=EDGE_LOOP('',(#1625,#1626,#1627,#1628));
#267=EDGE_LOOP('',(#1629,#1630,#1631,#1632));
#268=EDGE_LOOP('',(#1633,#1634,#1635,#1636));
#269=EDGE_LOOP('',(#1637,#1638,#1639,#1640));
#270=EDGE_LOOP('',(#1641,#1642,#1643,#1644));
#271=EDGE_LOOP('',(#1645,#1646,#1647,#1648));
#272=EDGE_LOOP('',(#1649,#1650,#1651,#1652));
#273=EDGE_LOOP('',(#1653,#1654,#1655,#1656));
#274=EDGE_LOOP('',(#1657,#1658,#1659,#1660));
#275=EDGE_LOOP('',(#1661,#1662,#1663,#1664));
#276=EDGE_LOOP('',(#1665,#1666,#1667,#1668));
#277=EDGE_LOOP('',(#1669,#1670,#1671,#1672));
#278=EDGE_LOOP('',(#1673,#1674,#1675,#1676));
#279=EDGE_LOOP('',(#1677,#1678,#1679,#1680));
#280=EDGE_LOOP('',(#1681,#1682,#1683,#1684));
#281=EDGE_LOOP('',(#1685,#1686,#1687,#1688,#1689,#1690,#1691,#1692,#1693,
#1694,#1695,#1696,#1697,#1698,#1699,#1700,#1701,#1702,#1703,#1704,#1705,
#1706,#1707,#1708,#1709,#1710,#1711,#1712,#1713,#1714,#1715,#1716,#1717,
#1718,#1719,#1720,#1721,#1722,#1723,#1724,#1725,#1726,#1727,#1728,#1729,
#1730,#1731,#1732,#1733,#1734,#1735,#1736,#1737,#1738));
#282=EDGE_LOOP('',(#1739));
#283=EDGE_LOOP('',(#1740));
#284=EDGE_LOOP('',(#1741));
#285=EDGE_LOOP('',(#1742));
#286=EDGE_LOOP('',(#1743));
#287=EDGE_LOOP('',(#1744));
#288=EDGE_LOOP('',(#1745));
#289=EDGE_LOOP('',(#1746));
#290=EDGE_LOOP('',(#1747));
#291=EDGE_LOOP('',(#1748));
#292=EDGE_LOOP('',(#1749));
#293=EDGE_LOOP('',(#1750));
#294=EDGE_LOOP('',(#1751));
#295=EDGE_LOOP('',(#1752,#1753,#1754,#1755,#1756,#1757,#1758,#1759));
#296=EDGE_LOOP('',(#1760));
#297=EDGE_LOOP('',(#1761,#1762,#1763,#1764,#1765,#1766,#1767,#1768));
#298=EDGE_LOOP('',(#1769));
#299=EDGE_LOOP('',(#1770,#1771,#1772,#1773,#1774,#1775,#1776,#1777));
#300=EDGE_LOOP('',(#1778,#1779,#1780,#1781,#1782,#1783,#1784,#1785));
#301=EDGE_LOOP('',(#1786));
#302=EDGE_LOOP('',(#1787,#1788,#1789,#1790,#1791,#1792,#1793,#1794));
#303=EDGE_LOOP('',(#1795,#1796,#1797,#1798));
#304=EDGE_LOOP('',(#1799,#1800,#1801,#1802));
#305=EDGE_LOOP('',(#1803,#1804,#1805,#1806));
#306=EDGE_LOOP('',(#1807,#1808,#1809,#1810));
#307=EDGE_LOOP('',(#1811,#1812,#1813,#1814,#1815,#1816,#1817,#1818,#1819,
#1820,#1821,#1822,#1823,#1824,#1825,#1826,#1827,#1828,#1829,#1830,#1831,
#1832,#1833,#1834,#1835,#1836,#1837,#1838,#1839,#1840,#1841,#1842,#1843,
#1844,#1845,#1846,#1847,#1848,#1849,#1850,#1851,#1852,#1853,#1854,#1855,
#1856,#1857,#1858,#1859,#1860,#1861,#1862,#1863,#1864));
#308=EDGE_LOOP('',(#1865));
#309=EDGE_LOOP('',(#1866));
#310=EDGE_LOOP('',(#1867));
#311=EDGE_LOOP('',(#1868));
#312=EDGE_LOOP('',(#1869));
#313=EDGE_LOOP('',(#1870));
#314=EDGE_LOOP('',(#1871));
#315=EDGE_LOOP('',(#1872));
#316=EDGE_LOOP('',(#1873));
#317=EDGE_LOOP('',(#1874));
#318=EDGE_LOOP('',(#1875));
#319=EDGE_LOOP('',(#1876));
#320=EDGE_LOOP('',(#1877,#1878,#1879,#1880,#1881,#1882,#1883,#1884));
#321=EDGE_LOOP('',(#1885));
#322=EDGE_LOOP('',(#1886,#1887,#1888,#1889,#1890,#1891,#1892,#1893));
#323=EDGE_LOOP('',(#1894,#1895,#1896,#1897,#1898,#1899,#1900,#1901));
#324=EDGE_LOOP('',(#1902));
#325=EDGE_LOOP('',(#1903,#1904,#1905,#1906,#1907,#1908,#1909,#1910));
#326=EDGE_LOOP('',(#1911));
#327=EDGE_LOOP('',(#1912,#1913,#1914,#1915,#1916,#1917,#1918,#1919));
#328=EDGE_LOOP('',(#1920));
#329=EDGE_LOOP('',(#1921,#1922,#1923,#1924));
#330=EDGE_LOOP('',(#1925,#1926,#1927,#1928));
#331=EDGE_LOOP('',(#1929,#1930,#1931,#1932));
#332=EDGE_LOOP('',(#1933,#1934,#1935,#1936));
#333=EDGE_LOOP('',(#1937,#1938,#1939,#1940));
#334=EDGE_LOOP('',(#1941,#1942,#1943,#1944));
#335=EDGE_LOOP('',(#1945,#1946,#1947,#1948));
#336=EDGE_LOOP('',(#1949,#1950,#1951,#1952));
#337=EDGE_LOOP('',(#1953,#1954,#1955,#1956));
#338=EDGE_LOOP('',(#1957,#1958,#1959,#1960));
#339=EDGE_LOOP('',(#1961,#1962,#1963,#1964));
#340=EDGE_LOOP('',(#1965,#1966,#1967,#1968));
#341=EDGE_LOOP('',(#1969,#1970,#1971,#1972));
#342=EDGE_LOOP('',(#1973,#1974,#1975,#1976));
#343=EDGE_LOOP('',(#1977,#1978,#1979,#1980));
#344=EDGE_LOOP('',(#1981,#1982,#1983,#1984));
#345=EDGE_LOOP('',(#1985,#1986,#1987,#1988));
#346=EDGE_LOOP('',(#1989,#1990,#1991,#1992));
#347=EDGE_LOOP('',(#1993,#1994,#1995,#1996));
#348=EDGE_LOOP('',(#1997,#1998,#1999,#2000));
#349=EDGE_LOOP('',(#2001,#2002,#2003,#2004));
#350=EDGE_LOOP('',(#2005,#2006,#2007,#2008));
#351=EDGE_LOOP('',(#2009,#2010,#2011,#2012));
#352=EDGE_LOOP('',(#2013,#2014,#2015,#2016));
#353=EDGE_LOOP('',(#2017,#2018,#2019,#2020));
#354=EDGE_LOOP('',(#2021,#2022,#2023,#2024));
#355=EDGE_LOOP('',(#2025,#2026,#2027,#2028));
#356=EDGE_LOOP('',(#2029,#2030,#2031,#2032));
#357=EDGE_LOOP('',(#2033,#2034,#2035,#2036));
#358=EDGE_LOOP('',(#2037,#2038,#2039,#2040));
#359=EDGE_LOOP('',(#2041,#2042,#2043,#2044));
#360=EDGE_LOOP('',(#2045,#2046,#2047,#2048));
#361=EDGE_LOOP('',(#2049,#2050,#2051,#2052));
#362=EDGE_LOOP('',(#2053,#2054,#2055,#2056));
#363=EDGE_LOOP('',(#2057,#2058,#2059,#2060));
#364=EDGE_LOOP('',(#2061,#2062,#2063,#2064));
#365=EDGE_LOOP('',(#2065,#2066,#2067,#2068));
#366=EDGE_LOOP('',(#2069,#2070,#2071,#2072));
#367=EDGE_LOOP('',(#2073,#2074,#2075,#2076));
#368=EDGE_LOOP('',(#2077,#2078,#2079,#2080));
#369=EDGE_LOOP('',(#2081,#2082,#2083,#2084));
#370=EDGE_LOOP('',(#2085,#2086,#2087,#2088));
#371=EDGE_LOOP('',(#2089,#2090,#2091,#2092));
#372=EDGE_LOOP('',(#2093,#2094,#2095,#2096));
#373=EDGE_LOOP('',(#2097,#2098,#2099,#2100));
#374=EDGE_LOOP('',(#2101,#2102,#2103,#2104));
#375=EDGE_LOOP('',(#2105,#2106,#2107,#2108));
#376=EDGE_LOOP('',(#2109,#2110,#2111,#2112));
#377=EDGE_LOOP('',(#2113,#2114,#2115,#2116));
#378=EDGE_LOOP('',(#2117,#2118,#2119,#2120));
#379=EDGE_LOOP('',(#2121,#2122,#2123,#2124));
#380=EDGE_LOOP('',(#2125,#2126,#2127,#2128));
#381=EDGE_LOOP('',(#2129,#2130,#2131,#2132));
#382=EDGE_LOOP('',(#2133,#2134,#2135,#2136));
#383=EDGE_LOOP('',(#2137,#2138,#2139,#2140));
#384=EDGE_LOOP('',(#2141,#2142,#2143,#2144));
#385=EDGE_LOOP('',(#2145,#2146,#2147,#2148));
#386=EDGE_LOOP('',(#2149,#2150,#2151,#2152,#2153,#2154));
#387=EDGE_LOOP('',(#2155,#2156,#2157,#2158));
#388=EDGE_LOOP('',(#2159,#2160,#2161,#2162));
#389=EDGE_LOOP('',(#2163,#2164,#2165,#2166,#2167,#2168));
#390=EDGE_LOOP('',(#2169,#2170,#2171,#2172));
#391=EDGE_LOOP('',(#2173,#2174,#2175,#2176));
#392=EDGE_LOOP('',(#2177,#2178,#2179,#2180));
#393=LINE('',#3150,#649);
#394=LINE('',#3156,#650);
#395=LINE('',#3162,#651);
#396=LINE('',#3168,#652);
#397=LINE('',#3174,#653);
#398=LINE('',#3180,#654);
#399=LINE('',#3186,#655);
#400=LINE('',#3192,#656);
#401=LINE('',#3198,#657);
#402=LINE('',#3204,#658);
#403=LINE('',#3210,#659);
#404=LINE('',#3216,#660);
#405=LINE('',#3221,#661);
#406=LINE('',#3223,#662);
#407=LINE('',#3225,#663);
#408=LINE('',#3226,#664);
#409=LINE('',#3229,#665);
#410=LINE('',#3231,#666);
#411=LINE('',#3232,#667);
#412=LINE('',#3235,#668);
#413=LINE('',#3237,#669);
#414=LINE('',#3238,#670);
#415=LINE('',#3242,#671);
#416=LINE('',#3244,#672);
#417=LINE('',#3246,#673);
#418=LINE('',#3247,#674);
#419=LINE('',#3251,#675);
#420=LINE('',#3253,#676);
#421=LINE('',#3255,#677);
#422=LINE('',#3256,#678);
#423=LINE('',#3258,#679);
#424=LINE('',#3259,#680);
#425=LINE('',#3263,#681);
#426=LINE('',#3265,#682);
#427=LINE('',#3267,#683);
#428=LINE('',#3268,#684);
#429=LINE('',#3271,#685);
#430=LINE('',#3273,#686);
#431=LINE('',#3274,#687);
#432=LINE('',#3277,#688);
#433=LINE('',#3279,#689);
#434=LINE('',#3280,#690);
#435=LINE('',#3284,#691);
#436=LINE('',#3286,#692);
#437=LINE('',#3288,#693);
#438=LINE('',#3289,#694);
#439=LINE('',#3293,#695);
#440=LINE('',#3295,#696);
#441=LINE('',#3297,#697);
#442=LINE('',#3298,#698);
#443=LINE('',#3300,#699);
#444=LINE('',#3301,#700);
#445=LINE('',#3305,#701);
#446=LINE('',#3307,#702);
#447=LINE('',#3309,#703);
#448=LINE('',#3310,#704);
#449=LINE('',#3313,#705);
#450=LINE('',#3315,#706);
#451=LINE('',#3316,#707);
#452=LINE('',#3319,#708);
#453=LINE('',#3321,#709);
#454=LINE('',#3322,#710);
#455=LINE('',#3326,#711);
#456=LINE('',#3328,#712);
#457=LINE('',#3330,#713);
#458=LINE('',#3331,#714);
#459=LINE('',#3335,#715);
#460=LINE('',#3337,#716);
#461=LINE('',#3339,#717);
#462=LINE('',#3340,#718);
#463=LINE('',#3342,#719);
#464=LINE('',#3343,#720);
#465=LINE('',#3347,#721);
#466=LINE('',#3349,#722);
#467=LINE('',#3351,#723);
#468=LINE('',#3352,#724);
#469=LINE('',#3355,#725);
#470=LINE('',#3357,#726);
#471=LINE('',#3358,#727);
#472=LINE('',#3361,#728);
#473=LINE('',#3363,#729);
#474=LINE('',#3364,#730);
#475=LINE('',#3368,#731);
#476=LINE('',#3370,#732);
#477=LINE('',#3372,#733);
#478=LINE('',#3373,#734);
#479=LINE('',#3377,#735);
#480=LINE('',#3379,#736);
#481=LINE('',#3381,#737);
#482=LINE('',#3382,#738);
#483=LINE('',#3384,#739);
#484=LINE('',#3385,#740);
#485=LINE('',#3388,#741);
#486=LINE('',#3390,#742);
#487=LINE('',#3391,#743);
#488=LINE('',#3393,#744);
#489=LINE('',#3394,#745);
#490=LINE('',#3396,#746);
#491=LINE('',#3397,#747);
#492=LINE('',#3400,#748);
#493=LINE('',#3402,#749);
#494=LINE('',#3403,#750);
#495=LINE('',#3405,#751);
#496=LINE('',#3407,#752);
#497=LINE('',#3409,#753);
#498=LINE('',#3411,#754);
#499=LINE('',#3413,#755);
#500=LINE('',#3415,#756);
#501=LINE('',#3417,#757);
#502=LINE('',#3419,#758);
#503=LINE('',#3421,#759);
#504=LINE('',#3423,#760);
#505=LINE('',#3425,#761);
#506=LINE('',#3427,#762);
#507=LINE('',#3428,#763);
#508=LINE('',#3429,#764);
#509=LINE('',#3430,#765);
#510=LINE('',#3431,#766);
#511=LINE('',#3433,#767);
#512=LINE('',#3435,#768);
#513=LINE('',#3437,#769);
#514=LINE('',#3439,#770);
#515=LINE('',#3441,#771);
#516=LINE('',#3443,#772);
#517=LINE('',#3445,#773);
#518=LINE('',#3447,#774);
#519=LINE('',#3449,#775);
#520=LINE('',#3450,#776);
#521=LINE('',#3455,#777);
#522=LINE('',#3459,#778);
#523=LINE('',#3463,#779);
#524=LINE('',#3467,#780);
#525=LINE('',#3473,#781);
#526=LINE('',#3477,#782);
#527=LINE('',#3481,#783);
#528=LINE('',#3485,#784);
#529=LINE('',#3491,#785);
#530=LINE('',#3495,#786);
#531=LINE('',#3499,#787);
#532=LINE('',#3503,#788);
#533=LINE('',#3507,#789);
#534=LINE('',#3511,#790);
#535=LINE('',#3515,#791);
#536=LINE('',#3519,#792);
#537=LINE('',#3525,#793);
#538=LINE('',#3529,#794);
#539=LINE('',#3533,#795);
#540=LINE('',#3537,#796);
#541=LINE('',#3541,#797);
#542=LINE('',#3542,#798);
#543=LINE('',#3544,#799);
#544=LINE('',#3546,#800);
#545=LINE('',#3549,#801);
#546=LINE('',#3550,#802);
#547=LINE('',#3553,#803);
#548=LINE('',#3555,#804);
#549=LINE('',#3557,#805);
#550=LINE('',#3559,#806);
#551=LINE('',#3561,#807);
#552=LINE('',#3563,#808);
#553=LINE('',#3565,#809);
#554=LINE('',#3567,#810);
#555=LINE('',#3568,#811);
#556=LINE('',#3569,#812);
#557=LINE('',#3571,#813);
#558=LINE('',#3573,#814);
#559=LINE('',#3575,#815);
#560=LINE('',#3577,#816);
#561=LINE('',#3579,#817);
#562=LINE('',#3581,#818);
#563=LINE('',#3583,#819);
#564=LINE('',#3585,#820);
#565=LINE('',#3587,#821);
#566=LINE('',#3589,#822);
#567=LINE('',#3590,#823);
#568=LINE('',#3591,#824);
#569=LINE('',#3594,#825);
#570=LINE('',#3598,#826);
#571=LINE('',#3602,#827);
#572=LINE('',#3606,#828);
#573=LINE('',#3614,#829);
#574=LINE('',#3618,#830);
#575=LINE('',#3622,#831);
#576=LINE('',#3625,#832);
#577=LINE('',#3630,#833);
#578=LINE('',#3634,#834);
#579=LINE('',#3638,#835);
#580=LINE('',#3641,#836);
#581=LINE('',#3648,#837);
#582=LINE('',#3652,#838);
#583=LINE('',#3656,#839);
#584=LINE('',#3659,#840);
#585=LINE('',#3666,#841);
#586=LINE('',#3670,#842);
#587=LINE('',#3674,#843);
#588=LINE('',#3677,#844);
#589=LINE('',#3681,#845);
#590=LINE('',#3682,#846);
#591=LINE('',#3684,#847);
#592=LINE('',#3686,#848);
#593=LINE('',#3688,#849);
#594=LINE('',#3690,#850);
#595=LINE('',#3692,#851);
#596=LINE('',#3693,#852);
#597=LINE('',#3695,#853);
#598=LINE('',#3697,#854);
#599=LINE('',#3699,#855);
#600=LINE('',#3701,#856);
#601=LINE('',#3703,#857);
#602=LINE('',#3704,#858);
#603=LINE('',#3706,#859);
#604=LINE('',#3708,#860);
#605=LINE('',#3709,#861);
#606=LINE('',#3711,#862);
#607=LINE('',#3713,#863);
#608=LINE('',#3714,#864);
#609=LINE('',#3716,#865);
#610=LINE('',#3718,#866);
#611=LINE('',#3719,#867);
#612=LINE('',#3721,#868);
#613=LINE('',#3723,#869);
#614=LINE('',#3725,#870);
#615=LINE('',#3727,#871);
#616=LINE('',#3729,#872);
#617=LINE('',#3731,#873);
#618=LINE('',#3732,#874);
#619=LINE('',#3734,#875);
#620=LINE('',#3736,#876);
#621=LINE('',#3737,#877);
#622=LINE('',#3739,#878);
#623=LINE('',#3741,#879);
#624=LINE('',#3742,#880);
#625=LINE('',#3744,#881);
#626=LINE('',#3746,#882);
#627=LINE('',#3747,#883);
#628=LINE('',#3749,#884);
#629=LINE('',#3751,#885);
#630=LINE('',#3753,#886);
#631=LINE('',#3755,#887);
#632=LINE('',#3757,#888);
#633=LINE('',#3768,#889);
#634=LINE('',#3769,#890);
#635=LINE('',#3771,#891);
#636=LINE('',#3773,#892);
#637=LINE('',#3774,#893);
#638=LINE('',#3777,#894);
#639=LINE('',#3779,#895);
#640=LINE('',#3781,#896);
#641=LINE('',#3785,#897);
#642=LINE('',#3787,#898);
#643=LINE('',#3789,#899);
#644=LINE('',#3791,#900);
#645=LINE('',#3793,#901);
#646=LINE('',#3795,#902);
#647=LINE('',#3798,#903);
#648=LINE('',#3801,#904);
#649=VECTOR('',#2529,1.55000000000001);
#650=VECTOR('',#2536,1.55);
#651=VECTOR('',#2543,1.55);
#652=VECTOR('',#2550,1.55);
#653=VECTOR('',#2557,1.55000000000001);
#654=VECTOR('',#2564,1.55000000000001);
#655=VECTOR('',#2571,1.55000000000001);
#656=VECTOR('',#2578,1.55);
#657=VECTOR('',#2585,1.55);
#658=VECTOR('',#2592,1.55);
#659=VECTOR('',#2599,1.55000000000001);
#660=VECTOR('',#2606,1.55000000000001);
#661=VECTOR('',#2611,10.);
#662=VECTOR('',#2612,10.);
#663=VECTOR('',#2613,10.);
#664=VECTOR('',#2614,10.);
#665=VECTOR('',#2617,10.);
#666=VECTOR('',#2618,10.);
#667=VECTOR('',#2619,10.);
#668=VECTOR('',#2622,10.);
#669=VECTOR('',#2623,10.);
#670=VECTOR('',#2624,10.);
#671=VECTOR('',#2627,10.);
#672=VECTOR('',#2628,10.);
#673=VECTOR('',#2629,10.);
#674=VECTOR('',#2630,10.);
#675=VECTOR('',#2633,10.);
#676=VECTOR('',#2634,10.);
#677=VECTOR('',#2635,10.);
#678=VECTOR('',#2636,10.);
#679=VECTOR('',#2639,10.);
#680=VECTOR('',#2640,10.);
#681=VECTOR('',#2643,10.);
#682=VECTOR('',#2644,10.);
#683=VECTOR('',#2645,10.);
#684=VECTOR('',#2646,10.);
#685=VECTOR('',#2649,10.);
#686=VECTOR('',#2650,10.);
#687=VECTOR('',#2651,10.);
#688=VECTOR('',#2654,10.);
#689=VECTOR('',#2655,10.);
#690=VECTOR('',#2656,10.);
#691=VECTOR('',#2659,10.);
#692=VECTOR('',#2660,10.);
#693=VECTOR('',#2661,10.);
#694=VECTOR('',#2662,10.);
#695=VECTOR('',#2665,10.);
#696=VECTOR('',#2666,10.);
#697=VECTOR('',#2667,10.);
#698=VECTOR('',#2668,10.);
#699=VECTOR('',#2671,10.);
#700=VECTOR('',#2672,10.);
#701=VECTOR('',#2675,10.);
#702=VECTOR('',#2676,10.);
#703=VECTOR('',#2677,10.);
#704=VECTOR('',#2678,10.);
#705=VECTOR('',#2681,10.);
#706=VECTOR('',#2682,10.);
#707=VECTOR('',#2683,10.);
#708=VECTOR('',#2686,10.);
#709=VECTOR('',#2687,10.);
#710=VECTOR('',#2688,10.);
#711=VECTOR('',#2691,10.);
#712=VECTOR('',#2692,10.);
#713=VECTOR('',#2693,10.);
#714=VECTOR('',#2694,10.);
#715=VECTOR('',#2697,10.);
#716=VECTOR('',#2698,10.);
#717=VECTOR('',#2699,10.);
#718=VECTOR('',#2700,10.);
#719=VECTOR('',#2703,10.);
#720=VECTOR('',#2704,10.);
#721=VECTOR('',#2707,10.);
#722=VECTOR('',#2708,10.);
#723=VECTOR('',#2709,10.);
#724=VECTOR('',#2710,10.);
#725=VECTOR('',#2713,10.);
#726=VECTOR('',#2714,10.);
#727=VECTOR('',#2715,10.);
#728=VECTOR('',#2718,10.);
#729=VECTOR('',#2719,10.);
#730=VECTOR('',#2720,10.);
#731=VECTOR('',#2723,10.);
#732=VECTOR('',#2724,10.);
#733=VECTOR('',#2725,10.);
#734=VECTOR('',#2726,10.);
#735=VECTOR('',#2729,10.);
#736=VECTOR('',#2730,10.);
#737=VECTOR('',#2731,10.);
#738=VECTOR('',#2732,10.);
#739=VECTOR('',#2735,10.);
#740=VECTOR('',#2736,10.);
#741=VECTOR('',#2739,10.);
#742=VECTOR('',#2740,10.);
#743=VECTOR('',#2741,10.);
#744=VECTOR('',#2744,10.);
#745=VECTOR('',#2745,10.);
#746=VECTOR('',#2748,10.);
#747=VECTOR('',#2749,10.);
#748=VECTOR('',#2752,10.);
#749=VECTOR('',#2753,10.);
#750=VECTOR('',#2754,10.);
#751=VECTOR('',#2757,10.);
#752=VECTOR('',#2758,10.);
#753=VECTOR('',#2759,10.);
#754=VECTOR('',#2760,10.);
#755=VECTOR('',#2761,10.);
#756=VECTOR('',#2762,10.);
#757=VECTOR('',#2763,10.);
#758=VECTOR('',#2764,10.);
#759=VECTOR('',#2765,10.);
#760=VECTOR('',#2766,10.);
#761=VECTOR('',#2767,10.);
#762=VECTOR('',#2768,10.);
#763=VECTOR('',#2769,10.);
#764=VECTOR('',#2770,10.);
#765=VECTOR('',#2771,10.);
#766=VECTOR('',#2772,10.);
#767=VECTOR('',#2773,10.);
#768=VECTOR('',#2774,10.);
#769=VECTOR('',#2775,10.);
#770=VECTOR('',#2776,10.);
#771=VECTOR('',#2777,10.);
#772=VECTOR('',#2778,10.);
#773=VECTOR('',#2779,10.);
#774=VECTOR('',#2780,10.);
#775=VECTOR('',#2781,10.);
#776=VECTOR('',#2782,10.);
#777=VECTOR('',#2785,10.);
#778=VECTOR('',#2788,10.);
#779=VECTOR('',#2791,10.);
#780=VECTOR('',#2794,10.);
#781=VECTOR('',#2799,10.);
#782=VECTOR('',#2802,10.);
#783=VECTOR('',#2805,10.);
#784=VECTOR('',#2808,10.);
#785=VECTOR('',#2813,10.);
#786=VECTOR('',#2816,10.);
#787=VECTOR('',#2819,10.);
#788=VECTOR('',#2822,10.);
#789=VECTOR('',#2825,10.);
#790=VECTOR('',#2828,10.);
#791=VECTOR('',#2831,10.);
#792=VECTOR('',#2834,10.);
#793=VECTOR('',#2839,10.);
#794=VECTOR('',#2842,10.);
#795=VECTOR('',#2845,10.);
#796=VECTOR('',#2848,10.);
#797=VECTOR('',#2853,10.);
#798=VECTOR('',#2854,10.);
#799=VECTOR('',#2857,10.);
#800=VECTOR('',#2860,10.);
#801=VECTOR('',#2863,10.);
#802=VECTOR('',#2864,10.);
#803=VECTOR('',#2867,10.);
#804=VECTOR('',#2868,10.);
#805=VECTOR('',#2869,10.);
#806=VECTOR('',#2870,10.);
#807=VECTOR('',#2871,10.);
#808=VECTOR('',#2872,10.);
#809=VECTOR('',#2873,10.);
#810=VECTOR('',#2874,10.);
#811=VECTOR('',#2875,10.);
#812=VECTOR('',#2876,10.);
#813=VECTOR('',#2877,10.);
#814=VECTOR('',#2878,10.);
#815=VECTOR('',#2879,10.);
#816=VECTOR('',#2880,10.);
#817=VECTOR('',#2881,10.);
#818=VECTOR('',#2882,10.);
#819=VECTOR('',#2883,10.);
#820=VECTOR('',#2884,10.);
#821=VECTOR('',#2885,10.);
#822=VECTOR('',#2886,10.);
#823=VECTOR('',#2887,10.);
#824=VECTOR('',#2888,10.);
#825=VECTOR('',#2889,10.);
#826=VECTOR('',#2892,10.);
#827=VECTOR('',#2895,10.);
#828=VECTOR('',#2898,10.);
#829=VECTOR('',#2905,10.);
#830=VECTOR('',#2908,10.);
#831=VECTOR('',#2911,10.);
#832=VECTOR('',#2914,10.);
#833=VECTOR('',#2917,10.);
#834=VECTOR('',#2920,10.);
#835=VECTOR('',#2923,10.);
#836=VECTOR('',#2926,10.);
#837=VECTOR('',#2931,10.);
#838=VECTOR('',#2934,10.);
#839=VECTOR('',#2937,10.);
#840=VECTOR('',#2940,10.);
#841=VECTOR('',#2945,10.);
#842=VECTOR('',#2948,10.);
#843=VECTOR('',#2951,10.);
#844=VECTOR('',#2954,10.);
#845=VECTOR('',#2959,10.);
#846=VECTOR('',#2960,10.);
#847=VECTOR('',#2963,10.);
#848=VECTOR('',#2966,10.);
#849=VECTOR('',#2969,10.);
#850=VECTOR('',#2972,10.);
#851=VECTOR('',#2975,10.);
#852=VECTOR('',#2976,10.);
#853=VECTOR('',#2979,10.);
#854=VECTOR('',#2982,10.);
#855=VECTOR('',#2985,10.);
#856=VECTOR('',#2988,10.);
#857=VECTOR('',#2991,10.);
#858=VECTOR('',#2992,10.);
#859=VECTOR('',#2995,10.);
#860=VECTOR('',#2998,10.);
#861=VECTOR('',#2999,10.);
#862=VECTOR('',#3002,10.);
#863=VECTOR('',#3005,10.);
#864=VECTOR('',#3006,10.);
#865=VECTOR('',#3009,10.);
#866=VECTOR('',#3012,10.);
#867=VECTOR('',#3013,10.);
#868=VECTOR('',#3016,10.);
#869=VECTOR('',#3019,10.);
#870=VECTOR('',#3022,10.);
#871=VECTOR('',#3025,10.);
#872=VECTOR('',#3028,10.);
#873=VECTOR('',#3031,10.);
#874=VECTOR('',#3032,10.);
#875=VECTOR('',#3035,10.);
#876=VECTOR('',#3038,10.);
#877=VECTOR('',#3039,10.);
#878=VECTOR('',#3042,10.);
#879=VECTOR('',#3045,10.);
#880=VECTOR('',#3046,10.);
#881=VECTOR('',#3049,10.);
#882=VECTOR('',#3052,10.);
#883=VECTOR('',#3053,10.);
#884=VECTOR('',#3056,10.);
#885=VECTOR('',#3059,10.);
#886=VECTOR('',#3062,10.);
#887=VECTOR('',#3065,10.);
#888=VECTOR('',#3068,10.);
#889=VECTOR('',#3089,10.);
#890=VECTOR('',#3090,10.);
#891=VECTOR('',#3093,10.);
#892=VECTOR('',#3096,10.);
#893=VECTOR('',#3097,10.);
#894=VECTOR('',#3102,10.);
#895=VECTOR('',#3105,10.);
#896=VECTOR('',#3108,10.);
#897=VECTOR('',#3115,2.05);
#898=VECTOR('',#3118,2.05);
#899=VECTOR('',#3121,2.05);
#900=VECTOR('',#3124,2.05);
#901=VECTOR('',#3127,10.);
#902=VECTOR('',#3130,10.);
#903=VECTOR('',#3135,10.);
#904=VECTOR('',#3140,10.);
#905=CIRCLE('',#2342,1.55000000000001);
#906=CIRCLE('',#2343,1.55000000000001);
#907=CIRCLE('',#2345,1.55);
#908=CIRCLE('',#2346,1.55);
#909=CIRCLE('',#2348,1.55);
#910=CIRCLE('',#2349,1.55);
#911=CIRCLE('',#2351,1.55);
#912=CIRCLE('',#2352,1.55);
#913=CIRCLE('',#2354,1.55000000000001);
#914=CIRCLE('',#2355,1.55000000000001);
#915=CIRCLE('',#2357,1.55000000000001);
#916=CIRCLE('',#2358,1.55000000000001);
#917=CIRCLE('',#2360,1.55000000000001);
#918=CIRCLE('',#2361,1.55000000000001);
#919=CIRCLE('',#2363,1.55);
#920=CIRCLE('',#2364,1.55);
#921=CIRCLE('',#2366,1.55);
#922=CIRCLE('',#2367,1.55);
#923=CIRCLE('',#2369,1.55);
#924=CIRCLE('',#2370,1.55);
#925=CIRCLE('',#2372,1.55000000000001);
#926=CIRCLE('',#2373,1.55000000000001);
#927=CIRCLE('',#2375,1.55000000000001);
#928=CIRCLE('',#2376,1.55000000000001);
#929=CIRCLE('',#2406,2.05);
#930=CIRCLE('',#2407,2.);
#931=CIRCLE('',#2408,2.);
#932=CIRCLE('',#2409,2.);
#933=CIRCLE('',#2410,2.);
#934=CIRCLE('',#2411,2.05);
#935=CIRCLE('',#2412,2.);
#936=CIRCLE('',#2413,2.);
#937=CIRCLE('',#2414,2.);
#938=CIRCLE('',#2415,2.);
#939=CIRCLE('',#2416,2.05);
#940=CIRCLE('',#2417,2.);
#941=CIRCLE('',#2418,2.);
#942=CIRCLE('',#2419,2.);
#943=CIRCLE('',#2420,2.);
#944=CIRCLE('',#2421,2.);
#945=CIRCLE('',#2422,2.);
#946=CIRCLE('',#2423,2.);
#947=CIRCLE('',#2424,2.);
#948=CIRCLE('',#2425,2.05);
#949=CIRCLE('',#2426,2.);
#950=CIRCLE('',#2427,2.);
#951=CIRCLE('',#2428,2.);
#952=CIRCLE('',#2429,2.);
#953=CIRCLE('',#2435,2.);
#954=CIRCLE('',#2436,2.);
#955=CIRCLE('',#2437,2.);
#956=CIRCLE('',#2438,2.);
#957=CIRCLE('',#2439,2.05);
#958=CIRCLE('',#2440,2.);
#959=CIRCLE('',#2441,2.);
#960=CIRCLE('',#2442,2.);
#961=CIRCLE('',#2443,2.);
#962=CIRCLE('',#2444,2.);
#963=CIRCLE('',#2445,2.);
#964=CIRCLE('',#2446,2.);
#965=CIRCLE('',#2447,2.);
#966=CIRCLE('',#2448,2.05);
#967=CIRCLE('',#2449,2.);
#968=CIRCLE('',#2450,2.);
#969=CIRCLE('',#2451,2.);
#970=CIRCLE('',#2452,2.);
#971=CIRCLE('',#2453,2.05);
#972=CIRCLE('',#2454,2.);
#973=CIRCLE('',#2455,2.);
#974=CIRCLE('',#2456,2.);
#975=CIRCLE('',#2457,2.);
#976=CIRCLE('',#2458,2.05);
#977=VERTEX_POINT('',#3147);
#978=VERTEX_POINT('',#3149);
#979=VERTEX_POINT('',#3153);
#980=VERTEX_POINT('',#3155);
#981=VERTEX_POINT('',#3159);
#982=VERTEX_POINT('',#3161);
#983=VERTEX_POINT('',#3165);
#984=VERTEX_POINT('',#3167);
#985=VERTEX_POINT('',#3171);
#986=VERTEX_POINT('',#3173);
#987=VERTEX_POINT('',#3177);
#988=VERTEX_POINT('',#3179);
#989=VERTEX_POINT('',#3183);
#990=VERTEX_POINT('',#3185);
#991=VERTEX_POINT('',#3189);
#992=VERTEX_POINT('',#3191);
#993=VERTEX_POINT('',#3195);
#994=VERTEX_POINT('',#3197);
#995=VERTEX_POINT('',#3201);
#996=VERTEX_POINT('',#3203);
#997=VERTEX_POINT('',#3207);
#998=VERTEX_POINT('',#3209);
#999=VERTEX_POINT('',#3213);
#1000=VERTEX_POINT('',#3215);
#1001=VERTEX_POINT('',#3219);
#1002=VERTEX_POINT('',#3220);
#1003=VERTEX_POINT('',#3222);
#1004=VERTEX_POINT('',#3224);
#1005=VERTEX_POINT('',#3228);
#1006=VERTEX_POINT('',#3230);
#1007=VERTEX_POINT('',#3234);
#1008=VERTEX_POINT('',#3236);
#1009=VERTEX_POINT('',#3240);
#1010=VERTEX_POINT('',#3241);
#1011=VERTEX_POINT('',#3243);
#1012=VERTEX_POINT('',#3245);
#1013=VERTEX_POINT('',#3249);
#1014=VERTEX_POINT('',#3250);
#1015=VERTEX_POINT('',#3252);
#1016=VERTEX_POINT('',#3254);
#1017=VERTEX_POINT('',#3261);
#1018=VERTEX_POINT('',#3262);
#1019=VERTEX_POINT('',#3264);
#1020=VERTEX_POINT('',#3266);
#1021=VERTEX_POINT('',#3270);
#1022=VERTEX_POINT('',#3272);
#1023=VERTEX_POINT('',#3276);
#1024=VERTEX_POINT('',#3278);
#1025=VERTEX_POINT('',#3282);
#1026=VERTEX_POINT('',#3283);
#1027=VERTEX_POINT('',#3285);
#1028=VERTEX_POINT('',#3287);
#1029=VERTEX_POINT('',#3291);
#1030=VERTEX_POINT('',#3292);
#1031=VERTEX_POINT('',#3294);
#1032=VERTEX_POINT('',#3296);
#1033=VERTEX_POINT('',#3303);
#1034=VERTEX_POINT('',#3304);
#1035=VERTEX_POINT('',#3306);
#1036=VERTEX_POINT('',#3308);
#1037=VERTEX_POINT('',#3312);
#1038=VERTEX_POINT('',#3314);
#1039=VERTEX_POINT('',#3318);
#1040=VERTEX_POINT('',#3320);
#1041=VERTEX_POINT('',#3324);
#1042=VERTEX_POINT('',#3325);
#1043=VERTEX_POINT('',#3327);
#1044=VERTEX_POINT('',#3329);
#1045=VERTEX_POINT('',#3333);
#1046=VERTEX_POINT('',#3334);
#1047=VERTEX_POINT('',#3336);
#1048=VERTEX_POINT('',#3338);
#1049=VERTEX_POINT('',#3345);
#1050=VERTEX_POINT('',#3346);
#1051=VERTEX_POINT('',#3348);
#1052=VERTEX_POINT('',#3350);
#1053=VERTEX_POINT('',#3354);
#1054=VERTEX_POINT('',#3356);
#1055=VERTEX_POINT('',#3360);
#1056=VERTEX_POINT('',#3362);
#1057=VERTEX_POINT('',#3366);
#1058=VERTEX_POINT('',#3367);
#1059=VERTEX_POINT('',#3369);
#1060=VERTEX_POINT('',#3371);
#1061=VERTEX_POINT('',#3375);
#1062=VERTEX_POINT('',#3376);
#1063=VERTEX_POINT('',#3378);
#1064=VERTEX_POINT('',#3380);
#1065=VERTEX_POINT('',#3387);
#1066=VERTEX_POINT('',#3389);
#1067=VERTEX_POINT('',#3399);
#1068=VERTEX_POINT('',#3401);
#1069=VERTEX_POINT('',#3406);
#1070=VERTEX_POINT('',#3408);
#1071=VERTEX_POINT('',#3410);
#1072=VERTEX_POINT('',#3412);
#1073=VERTEX_POINT('',#3414);
#1074=VERTEX_POINT('',#3416);
#1075=VERTEX_POINT('',#3418);
#1076=VERTEX_POINT('',#3420);
#1077=VERTEX_POINT('',#3422);
#1078=VERTEX_POINT('',#3424);
#1079=VERTEX_POINT('',#3426);
#1080=VERTEX_POINT('',#3432);
#1081=VERTEX_POINT('',#3434);
#1082=VERTEX_POINT('',#3436);
#1083=VERTEX_POINT('',#3438);
#1084=VERTEX_POINT('',#3440);
#1085=VERTEX_POINT('',#3442);
#1086=VERTEX_POINT('',#3444);
#1087=VERTEX_POINT('',#3446);
#1088=VERTEX_POINT('',#3448);
#1089=VERTEX_POINT('',#3451);
#1090=VERTEX_POINT('',#3453);
#1091=VERTEX_POINT('',#3454);
#1092=VERTEX_POINT('',#3456);
#1093=VERTEX_POINT('',#3458);
#1094=VERTEX_POINT('',#3460);
#1095=VERTEX_POINT('',#3462);
#1096=VERTEX_POINT('',#3464);
#1097=VERTEX_POINT('',#3466);
#1098=VERTEX_POINT('',#3469);
#1099=VERTEX_POINT('',#3471);
#1100=VERTEX_POINT('',#3472);
#1101=VERTEX_POINT('',#3474);
#1102=VERTEX_POINT('',#3476);
#1103=VERTEX_POINT('',#3478);
#1104=VERTEX_POINT('',#3480);
#1105=VERTEX_POINT('',#3482);
#1106=VERTEX_POINT('',#3484);
#1107=VERTEX_POINT('',#3487);
#1108=VERTEX_POINT('',#3489);
#1109=VERTEX_POINT('',#3490);
#1110=VERTEX_POINT('',#3492);
#1111=VERTEX_POINT('',#3494);
#1112=VERTEX_POINT('',#3496);
#1113=VERTEX_POINT('',#3498);
#1114=VERTEX_POINT('',#3500);
#1115=VERTEX_POINT('',#3502);
#1116=VERTEX_POINT('',#3505);
#1117=VERTEX_POINT('',#3506);
#1118=VERTEX_POINT('',#3508);
#1119=VERTEX_POINT('',#3510);
#1120=VERTEX_POINT('',#3512);
#1121=VERTEX_POINT('',#3514);
#1122=VERTEX_POINT('',#3516);
#1123=VERTEX_POINT('',#3518);
#1124=VERTEX_POINT('',#3521);
#1125=VERTEX_POINT('',#3523);
#1126=VERTEX_POINT('',#3524);
#1127=VERTEX_POINT('',#3526);
#1128=VERTEX_POINT('',#3528);
#1129=VERTEX_POINT('',#3530);
#1130=VERTEX_POINT('',#3532);
#1131=VERTEX_POINT('',#3534);
#1132=VERTEX_POINT('',#3536);
#1133=VERTEX_POINT('',#3540);
#1134=VERTEX_POINT('',#3548);
#1135=VERTEX_POINT('',#3552);
#1136=VERTEX_POINT('',#3554);
#1137=VERTEX_POINT('',#3556);
#1138=VERTEX_POINT('',#3558);
#1139=VERTEX_POINT('',#3560);
#1140=VERTEX_POINT('',#3562);
#1141=VERTEX_POINT('',#3564);
#1142=VERTEX_POINT('',#3566);
#1143=VERTEX_POINT('',#3570);
#1144=VERTEX_POINT('',#3572);
#1145=VERTEX_POINT('',#3574);
#1146=VERTEX_POINT('',#3576);
#1147=VERTEX_POINT('',#3578);
#1148=VERTEX_POINT('',#3580);
#1149=VERTEX_POINT('',#3582);
#1150=VERTEX_POINT('',#3584);
#1151=VERTEX_POINT('',#3586);
#1152=VERTEX_POINT('',#3588);
#1153=VERTEX_POINT('',#3592);
#1154=VERTEX_POINT('',#3593);
#1155=VERTEX_POINT('',#3595);
#1156=VERTEX_POINT('',#3597);
#1157=VERTEX_POINT('',#3599);
#1158=VERTEX_POINT('',#3601);
#1159=VERTEX_POINT('',#3603);
#1160=VERTEX_POINT('',#3605);
#1161=VERTEX_POINT('',#3608);
#1162=VERTEX_POINT('',#3610);
#1163=VERTEX_POINT('',#3611);
#1164=VERTEX_POINT('',#3613);
#1165=VERTEX_POINT('',#3615);
#1166=VERTEX_POINT('',#3617);
#1167=VERTEX_POINT('',#3619);
#1168=VERTEX_POINT('',#3621);
#1169=VERTEX_POINT('',#3623);
#1170=VERTEX_POINT('',#3626);
#1171=VERTEX_POINT('',#3627);
#1172=VERTEX_POINT('',#3629);
#1173=VERTEX_POINT('',#3631);
#1174=VERTEX_POINT('',#3633);
#1175=VERTEX_POINT('',#3635);
#1176=VERTEX_POINT('',#3637);
#1177=VERTEX_POINT('',#3639);
#1178=VERTEX_POINT('',#3642);
#1179=VERTEX_POINT('',#3644);
#1180=VERTEX_POINT('',#3645);
#1181=VERTEX_POINT('',#3647);
#1182=VERTEX_POINT('',#3649);
#1183=VERTEX_POINT('',#3651);
#1184=VERTEX_POINT('',#3653);
#1185=VERTEX_POINT('',#3655);
#1186=VERTEX_POINT('',#3657);
#1187=VERTEX_POINT('',#3660);
#1188=VERTEX_POINT('',#3662);
#1189=VERTEX_POINT('',#3663);
#1190=VERTEX_POINT('',#3665);
#1191=VERTEX_POINT('',#3667);
#1192=VERTEX_POINT('',#3669);
#1193=VERTEX_POINT('',#3671);
#1194=VERTEX_POINT('',#3673);
#1195=VERTEX_POINT('',#3675);
#1196=VERTEX_POINT('',#3678);
#1197=EDGE_CURVE('',#977,#977,#905,.T.);
#1198=EDGE_CURVE('',#977,#978,#393,.T.);
#1199=EDGE_CURVE('',#978,#978,#906,.T.);
#1200=EDGE_CURVE('',#979,#979,#907,.T.);
#1201=EDGE_CURVE('',#979,#980,#394,.T.);
#1202=EDGE_CURVE('',#980,#980,#908,.T.);
#1203=EDGE_CURVE('',#981,#981,#909,.T.);
#1204=EDGE_CURVE('',#981,#982,#395,.T.);
#1205=EDGE_CURVE('',#982,#982,#910,.T.);
#1206=EDGE_CURVE('',#983,#983,#911,.T.);
#1207=EDGE_CURVE('',#983,#984,#396,.T.);
#1208=EDGE_CURVE('',#984,#984,#912,.T.);
#1209=EDGE_CURVE('',#985,#985,#913,.T.);
#1210=EDGE_CURVE('',#985,#986,#397,.T.);
#1211=EDGE_CURVE('',#986,#986,#914,.T.);
#1212=EDGE_CURVE('',#987,#987,#915,.T.);
#1213=EDGE_CURVE('',#987,#988,#398,.T.);
#1214=EDGE_CURVE('',#988,#988,#916,.T.);
#1215=EDGE_CURVE('',#989,#989,#917,.T.);
#1216=EDGE_CURVE('',#989,#990,#399,.T.);
#1217=EDGE_CURVE('',#990,#990,#918,.T.);
#1218=EDGE_CURVE('',#991,#991,#919,.T.);
#1219=EDGE_CURVE('',#991,#992,#400,.T.);
#1220=EDGE_CURVE('',#992,#992,#920,.T.);
#1221=EDGE_CURVE('',#993,#993,#921,.T.);
#1222=EDGE_CURVE('',#993,#994,#401,.T.);
#1223=EDGE_CURVE('',#994,#994,#922,.T.);
#1224=EDGE_CURVE('',#995,#995,#923,.T.);
#1225=EDGE_CURVE('',#995,#996,#402,.T.);
#1226=EDGE_CURVE('',#996,#996,#924,.T.);
#1227=EDGE_CURVE('',#997,#997,#925,.T.);
#1228=EDGE_CURVE('',#997,#998,#403,.T.);
#1229=EDGE_CURVE('',#998,#998,#926,.T.);
#1230=EDGE_CURVE('',#999,#999,#927,.T.);
#1231=EDGE_CURVE('',#999,#1000,#404,.T.);
#1232=EDGE_CURVE('',#1000,#1000,#928,.T.);
#1233=EDGE_CURVE('',#1001,#1002,#405,.T.);
#1234=EDGE_CURVE('',#1003,#1001,#406,.T.);
#1235=EDGE_CURVE('',#1004,#1003,#407,.T.);
#1236=EDGE_CURVE('',#1004,#1002,#408,.T.);
#1237=EDGE_CURVE('',#1002,#1005,#409,.T.);
#1238=EDGE_CURVE('',#1006,#1004,#410,.T.);
#1239=EDGE_CURVE('',#1006,#1005,#411,.T.);
#1240=EDGE_CURVE('',#1005,#1007,#412,.T.);
#1241=EDGE_CURVE('',#1008,#1006,#413,.T.);
#1242=EDGE_CURVE('',#1007,#1008,#414,.T.);
#1243=EDGE_CURVE('',#1009,#1010,#415,.T.);
#1244=EDGE_CURVE('',#1011,#1009,#416,.T.);
#1245=EDGE_CURVE('',#1012,#1011,#417,.T.);
#1246=EDGE_CURVE('',#1010,#1012,#418,.T.);
#1247=EDGE_CURVE('',#1013,#1014,#419,.T.);
#1248=EDGE_CURVE('',#1015,#1013,#420,.T.);
#1249=EDGE_CURVE('',#1016,#1015,#421,.T.);
#1250=EDGE_CURVE('',#1016,#1014,#422,.T.);
#1251=EDGE_CURVE('',#1014,#1009,#423,.T.);
#1252=EDGE_CURVE('',#1011,#1016,#424,.T.);
#1253=EDGE_CURVE('',#1017,#1018,#425,.T.);
#1254=EDGE_CURVE('',#1019,#1017,#426,.T.);
#1255=EDGE_CURVE('',#1020,#1019,#427,.T.);
#1256=EDGE_CURVE('',#1020,#1018,#428,.T.);
#1257=EDGE_CURVE('',#1018,#1021,#429,.T.);
#1258=EDGE_CURVE('',#1022,#1020,#430,.T.);
#1259=EDGE_CURVE('',#1022,#1021,#431,.T.);
#1260=EDGE_CURVE('',#1021,#1023,#432,.T.);
#1261=EDGE_CURVE('',#1024,#1022,#433,.T.);
#1262=EDGE_CURVE('',#1023,#1024,#434,.T.);
#1263=EDGE_CURVE('',#1025,#1026,#435,.T.);
#1264=EDGE_CURVE('',#1027,#1025,#436,.T.);
#1265=EDGE_CURVE('',#1028,#1027,#437,.T.);
#1266=EDGE_CURVE('',#1026,#1028,#438,.T.);
#1267=EDGE_CURVE('',#1029,#1030,#439,.T.);
#1268=EDGE_CURVE('',#1031,#1029,#440,.T.);
#1269=EDGE_CURVE('',#1032,#1031,#441,.T.);
#1270=EDGE_CURVE('',#1032,#1030,#442,.T.);
#1271=EDGE_CURVE('',#1030,#1025,#443,.T.);
#1272=EDGE_CURVE('',#1027,#1032,#444,.T.);
#1273=EDGE_CURVE('',#1033,#1034,#445,.T.);
#1274=EDGE_CURVE('',#1035,#1033,#446,.T.);
#1275=EDGE_CURVE('',#1036,#1035,#447,.T.);
#1276=EDGE_CURVE('',#1036,#1034,#448,.T.);
#1277=EDGE_CURVE('',#1034,#1037,#449,.T.);
#1278=EDGE_CURVE('',#1038,#1036,#450,.T.);
#1279=EDGE_CURVE('',#1038,#1037,#451,.T.);
#1280=EDGE_CURVE('',#1037,#1039,#452,.T.);
#1281=EDGE_CURVE('',#1040,#1038,#453,.T.);
#1282=EDGE_CURVE('',#1039,#1040,#454,.T.);
#1283=EDGE_CURVE('',#1041,#1042,#455,.T.);
#1284=EDGE_CURVE('',#1043,#1041,#456,.T.);
#1285=EDGE_CURVE('',#1044,#1043,#457,.T.);
#1286=EDGE_CURVE('',#1042,#1044,#458,.T.);
#1287=EDGE_CURVE('',#1045,#1046,#459,.T.);
#1288=EDGE_CURVE('',#1047,#1045,#460,.T.);
#1289=EDGE_CURVE('',#1048,#1047,#461,.T.);
#1290=EDGE_CURVE('',#1048,#1046,#462,.T.);
#1291=EDGE_CURVE('',#1046,#1041,#463,.T.);
#1292=EDGE_CURVE('',#1043,#1048,#464,.T.);
#1293=EDGE_CURVE('',#1049,#1050,#465,.T.);
#1294=EDGE_CURVE('',#1051,#1049,#466,.T.);
#1295=EDGE_CURVE('',#1052,#1051,#467,.T.);
#1296=EDGE_CURVE('',#1052,#1050,#468,.T.);
#1297=EDGE_CURVE('',#1050,#1053,#469,.T.);
#1298=EDGE_CURVE('',#1054,#1052,#470,.T.);
#1299=EDGE_CURVE('',#1054,#1053,#471,.T.);
#1300=EDGE_CURVE('',#1053,#1055,#472,.T.);
#1301=EDGE_CURVE('',#1056,#1054,#473,.T.);
#1302=EDGE_CURVE('',#1055,#1056,#474,.T.);
#1303=EDGE_CURVE('',#1057,#1058,#475,.T.);
#1304=EDGE_CURVE('',#1059,#1057,#476,.T.);
#1305=EDGE_CURVE('',#1060,#1059,#477,.T.);
#1306=EDGE_CURVE('',#1058,#1060,#478,.T.);
#1307=EDGE_CURVE('',#1061,#1062,#479,.T.);
#1308=EDGE_CURVE('',#1063,#1061,#480,.T.);
#1309=EDGE_CURVE('',#1064,#1063,#481,.T.);
#1310=EDGE_CURVE('',#1064,#1062,#482,.T.);
#1311=EDGE_CURVE('',#1062,#1057,#483,.T.);
#1312=EDGE_CURVE('',#1059,#1064,#484,.T.);
#1313=EDGE_CURVE('',#1045,#1065,#485,.T.);
#1314=EDGE_CURVE('',#1066,#1065,#486,.T.);
#1315=EDGE_CURVE('',#1047,#1066,#487,.T.);
#1316=EDGE_CURVE('',#1035,#1012,#488,.T.);
#1317=EDGE_CURVE('',#1033,#1010,#489,.T.);
#1318=EDGE_CURVE('',#1013,#1042,#490,.T.);
#1319=EDGE_CURVE('',#1015,#1044,#491,.T.);
#1320=EDGE_CURVE('',#1067,#1008,#492,.T.);
#1321=EDGE_CURVE('',#1067,#1068,#493,.T.);
#1322=EDGE_CURVE('',#1068,#1007,#494,.T.);
#1323=EDGE_CURVE('',#1003,#1040,#495,.T.);
#1324=EDGE_CURVE('',#1066,#1069,#496,.T.);
#1325=EDGE_CURVE('',#1069,#1070,#497,.T.);
#1326=EDGE_CURVE('',#1070,#1071,#498,.T.);
#1327=EDGE_CURVE('',#1071,#1072,#499,.T.);
#1328=EDGE_CURVE('',#1073,#1072,#500,.T.);
#1329=EDGE_CURVE('',#1074,#1073,#501,.T.);
#1330=EDGE_CURVE('',#1075,#1074,#502,.T.);
#1331=EDGE_CURVE('',#1075,#1076,#503,.T.);
#1332=EDGE_CURVE('',#1076,#1077,#504,.T.);
#1333=EDGE_CURVE('',#1077,#1078,#505,.T.);
#1334=EDGE_CURVE('',#1078,#1079,#506,.T.);
#1335=EDGE_CURVE('',#1079,#1024,#507,.T.);
#1336=EDGE_CURVE('',#1019,#1056,#508,.T.);
#1337=EDGE_CURVE('',#1051,#1028,#509,.T.);
#1338=EDGE_CURVE('',#1031,#1060,#510,.T.);
#1339=EDGE_CURVE('',#1063,#1080,#511,.T.);
#1340=EDGE_CURVE('',#1080,#1081,#512,.T.);
#1341=EDGE_CURVE('',#1081,#1082,#513,.T.);
#1342=EDGE_CURVE('',#1082,#1083,#514,.T.);
#1343=EDGE_CURVE('',#1083,#1084,#515,.T.);
#1344=EDGE_CURVE('',#1084,#1085,#516,.T.);
#1345=EDGE_CURVE('',#1085,#1086,#517,.T.);
#1346=EDGE_CURVE('',#1086,#1087,#518,.T.);
#1347=EDGE_CURVE('',#1087,#1088,#519,.T.);
#1348=EDGE_CURVE('',#1088,#1067,#520,.T.);
#1349=EDGE_CURVE('',#1089,#1089,#929,.T.);
#1350=EDGE_CURVE('',#1090,#1091,#521,.T.);
#1351=EDGE_CURVE('',#1092,#1091,#930,.T.);
#1352=EDGE_CURVE('',#1092,#1093,#522,.T.);
#1353=EDGE_CURVE('',#1094,#1093,#931,.T.);
#1354=EDGE_CURVE('',#1094,#1095,#523,.T.);
#1355=EDGE_CURVE('',#1096,#1095,#932,.T.);
#1356=EDGE_CURVE('',#1097,#1096,#524,.T.);
#1357=EDGE_CURVE('',#1090,#1097,#933,.T.);
#1358=EDGE_CURVE('',#1098,#1098,#934,.T.);
#1359=EDGE_CURVE('',#1099,#1100,#525,.T.);
#1360=EDGE_CURVE('',#1101,#1100,#935,.T.);
#1361=EDGE_CURVE('',#1101,#1102,#526,.T.);
#1362=EDGE_CURVE('',#1103,#1102,#936,.T.);
#1363=EDGE_CURVE('',#1103,#1104,#527,.T.);
#1364=EDGE_CURVE('',#1105,#1104,#937,.T.);
#1365=EDGE_CURVE('',#1106,#1105,#528,.T.);
#1366=EDGE_CURVE('',#1099,#1106,#938,.T.);
#1367=EDGE_CURVE('',#1107,#1107,#939,.T.);
#1368=EDGE_CURVE('',#1108,#1109,#529,.T.);
#1369=EDGE_CURVE('',#1110,#1109,#940,.T.);
#1370=EDGE_CURVE('',#1110,#1111,#530,.T.);
#1371=EDGE_CURVE('',#1112,#1111,#941,.T.);
#1372=EDGE_CURVE('',#1112,#1113,#531,.T.);
#1373=EDGE_CURVE('',#1114,#1113,#942,.T.);
#1374=EDGE_CURVE('',#1114,#1115,#532,.T.);
#1375=EDGE_CURVE('',#1108,#1115,#943,.T.);
#1376=EDGE_CURVE('',#1116,#1117,#533,.T.);
#1377=EDGE_CURVE('',#1118,#1117,#944,.T.);
#1378=EDGE_CURVE('',#1119,#1118,#534,.T.);
#1379=EDGE_CURVE('',#1120,#1119,#945,.T.);
#1380=EDGE_CURVE('',#1120,#1121,#535,.T.);
#1381=EDGE_CURVE('',#1122,#1121,#946,.T.);
#1382=EDGE_CURVE('',#1122,#1123,#536,.T.);
#1383=EDGE_CURVE('',#1116,#1123,#947,.T.);
#1384=EDGE_CURVE('',#1124,#1124,#948,.T.);
#1385=EDGE_CURVE('',#1125,#1126,#537,.T.);
#1386=EDGE_CURVE('',#1127,#1126,#949,.T.);
#1387=EDGE_CURVE('',#1128,#1127,#538,.T.);
#1388=EDGE_CURVE('',#1129,#1128,#950,.T.);
#1389=EDGE_CURVE('',#1129,#1130,#539,.T.);
#1390=EDGE_CURVE('',#1131,#1130,#951,.T.);
#1391=EDGE_CURVE('',#1131,#1132,#540,.T.);
#1392=EDGE_CURVE('',#1125,#1132,#952,.T.);
#1393=EDGE_CURVE('',#1061,#1133,#541,.T.);
#1394=EDGE_CURVE('',#1080,#1133,#542,.T.);
#1395=EDGE_CURVE('',#1049,#1026,#543,.T.);
#1396=EDGE_CURVE('',#1029,#1058,#544,.T.);
#1397=EDGE_CURVE('',#1079,#1134,#545,.T.);
#1398=EDGE_CURVE('',#1134,#1023,#546,.T.);
#1399=EDGE_CURVE('',#1135,#1068,#547,.T.);
#1400=EDGE_CURVE('',#1136,#1135,#548,.T.);
#1401=EDGE_CURVE('',#1137,#1136,#549,.T.);
#1402=EDGE_CURVE('',#1138,#1137,#550,.T.);
#1403=EDGE_CURVE('',#1139,#1138,#551,.T.);
#1404=EDGE_CURVE('',#1140,#1139,#552,.T.);
#1405=EDGE_CURVE('',#1141,#1140,#553,.T.);
#1406=EDGE_CURVE('',#1142,#1141,#554,.T.);
#1407=EDGE_CURVE('',#1133,#1142,#555,.T.);
#1408=EDGE_CURVE('',#1017,#1055,#556,.T.);
#1409=EDGE_CURVE('',#1143,#1134,#557,.T.);
#1410=EDGE_CURVE('',#1144,#1143,#558,.T.);
#1411=EDGE_CURVE('',#1145,#1144,#559,.T.);
#1412=EDGE_CURVE('',#1146,#1145,#560,.T.);
#1413=EDGE_CURVE('',#1147,#1146,#561,.T.);
#1414=EDGE_CURVE('',#1148,#1147,#562,.T.);
#1415=EDGE_CURVE('',#1149,#1148,#563,.T.);
#1416=EDGE_CURVE('',#1150,#1149,#564,.T.);
#1417=EDGE_CURVE('',#1151,#1150,#565,.T.);
#1418=EDGE_CURVE('',#1152,#1151,#566,.T.);
#1419=EDGE_CURVE('',#1065,#1152,#567,.T.);
#1420=EDGE_CURVE('',#1001,#1039,#568,.T.);
#1421=EDGE_CURVE('',#1153,#1154,#569,.T.);
#1422=EDGE_CURVE('',#1155,#1153,#953,.T.);
#1423=EDGE_CURVE('',#1156,#1155,#570,.T.);
#1424=EDGE_CURVE('',#1157,#1156,#954,.T.);
#1425=EDGE_CURVE('',#1158,#1157,#571,.T.);
#1426=EDGE_CURVE('',#1159,#1158,#955,.T.);
#1427=EDGE_CURVE('',#1160,#1159,#572,.T.);
#1428=EDGE_CURVE('',#1154,#1160,#956,.T.);
#1429=EDGE_CURVE('',#1161,#1161,#957,.T.);
#1430=EDGE_CURVE('',#1162,#1163,#958,.T.);
#1431=EDGE_CURVE('',#1164,#1162,#573,.T.);
#1432=EDGE_CURVE('',#1165,#1164,#959,.T.);
#1433=EDGE_CURVE('',#1166,#1165,#574,.T.);
#1434=EDGE_CURVE('',#1167,#1166,#960,.T.);
#1435=EDGE_CURVE('',#1168,#1167,#575,.T.);
#1436=EDGE_CURVE('',#1169,#1168,#961,.T.);
#1437=EDGE_CURVE('',#1163,#1169,#576,.T.);
#1438=EDGE_CURVE('',#1170,#1171,#962,.T.);
#1439=EDGE_CURVE('',#1172,#1170,#577,.T.);
#1440=EDGE_CURVE('',#1173,#1172,#963,.T.);
#1441=EDGE_CURVE('',#1174,#1173,#578,.T.);
#1442=EDGE_CURVE('',#1175,#1174,#964,.T.);
#1443=EDGE_CURVE('',#1176,#1175,#579,.T.);
#1444=EDGE_CURVE('',#1177,#1176,#965,.T.);
#1445=EDGE_CURVE('',#1171,#1177,#580,.T.);
#1446=EDGE_CURVE('',#1178,#1178,#966,.T.);
#1447=EDGE_CURVE('',#1179,#1180,#967,.T.);
#1448=EDGE_CURVE('',#1181,#1179,#581,.T.);
#1449=EDGE_CURVE('',#1182,#1181,#968,.T.);
#1450=EDGE_CURVE('',#1183,#1182,#582,.T.);
#1451=EDGE_CURVE('',#1184,#1183,#969,.T.);
#1452=EDGE_CURVE('',#1185,#1184,#583,.T.);
#1453=EDGE_CURVE('',#1186,#1185,#970,.T.);
#1454=EDGE_CURVE('',#1180,#1186,#584,.T.);
#1455=EDGE_CURVE('',#1187,#1187,#971,.T.);
#1456=EDGE_CURVE('',#1188,#1189,#972,.T.);
#1457=EDGE_CURVE('',#1190,#1188,#585,.T.);
#1458=EDGE_CURVE('',#1191,#1190,#973,.T.);
#1459=EDGE_CURVE('',#1192,#1191,#586,.T.);
#1460=EDGE_CURVE('',#1193,#1192,#974,.T.);
#1461=EDGE_CURVE('',#1194,#1193,#587,.T.);
#1462=EDGE_CURVE('',#1195,#1194,#975,.T.);
#1463=EDGE_CURVE('',#1189,#1195,#588,.T.);
#1464=EDGE_CURVE('',#1196,#1196,#976,.T.);
#1465=EDGE_CURVE('',#1084,#1139,#589,.T.);
#1466=EDGE_CURVE('',#1140,#1083,#590,.T.);
#1467=EDGE_CURVE('',#1085,#1138,#591,.T.);
#1468=EDGE_CURVE('',#1086,#1137,#592,.T.);
#1469=EDGE_CURVE('',#1136,#1087,#593,.T.);
#1470=EDGE_CURVE('',#1141,#1082,#594,.T.);
#1471=EDGE_CURVE('',#1073,#1148,#595,.T.);
#1472=EDGE_CURVE('',#1149,#1072,#596,.T.);
#1473=EDGE_CURVE('',#1074,#1147,#597,.T.);
#1474=EDGE_CURVE('',#1075,#1146,#598,.T.);
#1475=EDGE_CURVE('',#1145,#1076,#599,.T.);
#1476=EDGE_CURVE('',#1150,#1071,#600,.T.);
#1477=EDGE_CURVE('',#1097,#1193,#601,.T.);
#1478=EDGE_CURVE('',#1192,#1090,#602,.T.);
#1479=EDGE_CURVE('',#1194,#1096,#603,.T.);
#1480=EDGE_CURVE('',#1119,#1162,#604,.T.);
#1481=EDGE_CURVE('',#1163,#1120,#605,.T.);
#1482=EDGE_CURVE('',#1164,#1118,#606,.T.);
#1483=EDGE_CURVE('',#1132,#1159,#607,.T.);
#1484=EDGE_CURVE('',#1158,#1125,#608,.T.);
#1485=EDGE_CURVE('',#1160,#1131,#609,.T.);
#1486=EDGE_CURVE('',#1102,#1179,#610,.T.);
#1487=EDGE_CURVE('',#1180,#1103,#611,.T.);
#1488=EDGE_CURVE('',#1181,#1101,#612,.T.);
#1489=EDGE_CURVE('',#1095,#1195,#613,.T.);
#1490=EDGE_CURVE('',#1117,#1165,#614,.T.);
#1491=EDGE_CURVE('',#1130,#1154,#615,.T.);
#1492=EDGE_CURVE('',#1100,#1182,#616,.T.);
#1493=EDGE_CURVE('',#1106,#1184,#617,.T.);
#1494=EDGE_CURVE('',#1183,#1099,#618,.T.);
#1495=EDGE_CURVE('',#1185,#1105,#619,.T.);
#1496=EDGE_CURVE('',#1128,#1155,#620,.T.);
#1497=EDGE_CURVE('',#1153,#1129,#621,.T.);
#1498=EDGE_CURVE('',#1156,#1127,#622,.T.);
#1499=EDGE_CURVE('',#1123,#1167,#623,.T.);
#1500=EDGE_CURVE('',#1166,#1116,#624,.T.);
#1501=EDGE_CURVE('',#1168,#1122,#625,.T.);
#1502=EDGE_CURVE('',#1093,#1188,#626,.T.);
#1503=EDGE_CURVE('',#1189,#1094,#627,.T.);
#1504=EDGE_CURVE('',#1190,#1092,#628,.T.);
#1505=EDGE_CURVE('',#1104,#1186,#629,.T.);
#1506=EDGE_CURVE('',#1126,#1157,#630,.T.);
#1507=EDGE_CURVE('',#1121,#1169,#631,.T.);
#1508=EDGE_CURVE('',#1091,#1191,#632,.T.);
#1509=EDGE_CURVE('',#1171,#1108,#633,.T.);
#1510=EDGE_CURVE('',#1115,#1170,#634,.T.);
#1511=EDGE_CURVE('',#1109,#1177,#635,.T.);
#1512=EDGE_CURVE('',#1172,#1114,#636,.T.);
#1513=EDGE_CURVE('',#1113,#1173,#637,.T.);
#1514=EDGE_CURVE('',#1176,#1110,#638,.T.);
#1515=EDGE_CURVE('',#1111,#1175,#639,.T.);
#1516=EDGE_CURVE('',#1174,#1112,#640,.T.);
#1517=EDGE_CURVE('',#1089,#1196,#641,.T.);
#1518=EDGE_CURVE('',#1098,#1187,#642,.T.);
#1519=EDGE_CURVE('',#1107,#1178,#643,.T.);
#1520=EDGE_CURVE('',#1124,#1161,#644,.T.);
#1521=EDGE_CURVE('',#1142,#1081,#645,.T.);
#1522=EDGE_CURVE('',#1144,#1077,#646,.T.);
#1523=EDGE_CURVE('',#1151,#1070,#647,.T.);
#1524=EDGE_CURVE('',#1135,#1088,#648,.T.);
#1525=ORIENTED_EDGE('',*,*,#1197,.F.);
#1526=ORIENTED_EDGE('',*,*,#1198,.T.);
#1527=ORIENTED_EDGE('',*,*,#1199,.F.);
#1528=ORIENTED_EDGE('',*,*,#1198,.F.);
#1529=ORIENTED_EDGE('',*,*,#1200,.F.);
#1530=ORIENTED_EDGE('',*,*,#1201,.T.);
#1531=ORIENTED_EDGE('',*,*,#1202,.F.);
#1532=ORIENTED_EDGE('',*,*,#1201,.F.);
#1533=ORIENTED_EDGE('',*,*,#1203,.F.);
#1534=ORIENTED_EDGE('',*,*,#1204,.T.);
#1535=ORIENTED_EDGE('',*,*,#1205,.F.);
#1536=ORIENTED_EDGE('',*,*,#1204,.F.);
#1537=ORIENTED_EDGE('',*,*,#1206,.F.);
#1538=ORIENTED_EDGE('',*,*,#1207,.T.);
#1539=ORIENTED_EDGE('',*,*,#1208,.F.);
#1540=ORIENTED_EDGE('',*,*,#1207,.F.);
#1541=ORIENTED_EDGE('',*,*,#1209,.F.);
#1542=ORIENTED_EDGE('',*,*,#1210,.T.);
#1543=ORIENTED_EDGE('',*,*,#1211,.F.);
#1544=ORIENTED_EDGE('',*,*,#1210,.F.);
#1545=ORIENTED_EDGE('',*,*,#1212,.F.);
#1546=ORIENTED_EDGE('',*,*,#1213,.T.);
#1547=ORIENTED_EDGE('',*,*,#1214,.F.);
#1548=ORIENTED_EDGE('',*,*,#1213,.F.);
#1549=ORIENTED_EDGE('',*,*,#1215,.F.);
#1550=ORIENTED_EDGE('',*,*,#1216,.T.);
#1551=ORIENTED_EDGE('',*,*,#1217,.F.);
#1552=ORIENTED_EDGE('',*,*,#1216,.F.);
#1553=ORIENTED_EDGE('',*,*,#1218,.F.);
#1554=ORIENTED_EDGE('',*,*,#1219,.T.);
#1555=ORIENTED_EDGE('',*,*,#1220,.F.);
#1556=ORIENTED_EDGE('',*,*,#1219,.F.);
#1557=ORIENTED_EDGE('',*,*,#1221,.F.);
#1558=ORIENTED_EDGE('',*,*,#1222,.T.);
#1559=ORIENTED_EDGE('',*,*,#1223,.F.);
#1560=ORIENTED_EDGE('',*,*,#1222,.F.);
#1561=ORIENTED_EDGE('',*,*,#1224,.F.);
#1562=ORIENTED_EDGE('',*,*,#1225,.T.);
#1563=ORIENTED_EDGE('',*,*,#1226,.F.);
#1564=ORIENTED_EDGE('',*,*,#1225,.F.);
#1565=ORIENTED_EDGE('',*,*,#1227,.F.);
#1566=ORIENTED_EDGE('',*,*,#1228,.T.);
#1567=ORIENTED_EDGE('',*,*,#1229,.F.);
#1568=ORIENTED_EDGE('',*,*,#1228,.F.);
#1569=ORIENTED_EDGE('',*,*,#1230,.F.);
#1570=ORIENTED_EDGE('',*,*,#1231,.T.);
#1571=ORIENTED_EDGE('',*,*,#1232,.F.);
#1572=ORIENTED_EDGE('',*,*,#1231,.F.);
#1573=ORIENTED_EDGE('',*,*,#1233,.F.);
#1574=ORIENTED_EDGE('',*,*,#1234,.F.);
#1575=ORIENTED_EDGE('',*,*,#1235,.F.);
#1576=ORIENTED_EDGE('',*,*,#1236,.T.);
#1577=ORIENTED_EDGE('',*,*,#1237,.F.);
#1578=ORIENTED_EDGE('',*,*,#1236,.F.);
#1579=ORIENTED_EDGE('',*,*,#1238,.F.);
#1580=ORIENTED_EDGE('',*,*,#1239,.T.);
#1581=ORIENTED_EDGE('',*,*,#1240,.F.);
#1582=ORIENTED_EDGE('',*,*,#1239,.F.);
#1583=ORIENTED_EDGE('',*,*,#1241,.F.);
#1584=ORIENTED_EDGE('',*,*,#1242,.F.);
#1585=ORIENTED_EDGE('',*,*,#1243,.F.);
#1586=ORIENTED_EDGE('',*,*,#1244,.F.);
#1587=ORIENTED_EDGE('',*,*,#1245,.F.);
#1588=ORIENTED_EDGE('',*,*,#1246,.F.);
#1589=ORIENTED_EDGE('',*,*,#1247,.F.);
#1590=ORIENTED_EDGE('',*,*,#1248,.F.);
#1591=ORIENTED_EDGE('',*,*,#1249,.F.);
#1592=ORIENTED_EDGE('',*,*,#1250,.T.);
#1593=ORIENTED_EDGE('',*,*,#1251,.F.);
#1594=ORIENTED_EDGE('',*,*,#1250,.F.);
#1595=ORIENTED_EDGE('',*,*,#1252,.F.);
#1596=ORIENTED_EDGE('',*,*,#1244,.T.);
#1597=ORIENTED_EDGE('',*,*,#1253,.F.);
#1598=ORIENTED_EDGE('',*,*,#1254,.F.);
#1599=ORIENTED_EDGE('',*,*,#1255,.F.);
#1600=ORIENTED_EDGE('',*,*,#1256,.T.);
#1601=ORIENTED_EDGE('',*,*,#1257,.F.);
#1602=ORIENTED_EDGE('',*,*,#1256,.F.);
#1603=ORIENTED_EDGE('',*,*,#1258,.F.);
#1604=ORIENTED_EDGE('',*,*,#1259,.T.);
#1605=ORIENTED_EDGE('',*,*,#1260,.F.);
#1606=ORIENTED_EDGE('',*,*,#1259,.F.);
#1607=ORIENTED_EDGE('',*,*,#1261,.F.);
#1608=ORIENTED_EDGE('',*,*,#1262,.F.);
#1609=ORIENTED_EDGE('',*,*,#1263,.F.);
#1610=ORIENTED_EDGE('',*,*,#1264,.F.);
#1611=ORIENTED_EDGE('',*,*,#1265,.F.);
#1612=ORIENTED_EDGE('',*,*,#1266,.F.);
#1613=ORIENTED_EDGE('',*,*,#1267,.F.);
#1614=ORIENTED_EDGE('',*,*,#1268,.F.);
#1615=ORIENTED_EDGE('',*,*,#1269,.F.);
#1616=ORIENTED_EDGE('',*,*,#1270,.T.);
#1617=ORIENTED_EDGE('',*,*,#1271,.F.);
#1618=ORIENTED_EDGE('',*,*,#1270,.F.);
#1619=ORIENTED_EDGE('',*,*,#1272,.F.);
#1620=ORIENTED_EDGE('',*,*,#1264,.T.);
#1621=ORIENTED_EDGE('',*,*,#1273,.F.);
#1622=ORIENTED_EDGE('',*,*,#1274,.F.);
#1623=ORIENTED_EDGE('',*,*,#1275,.F.);
#1624=ORIENTED_EDGE('',*,*,#1276,.T.);
#1625=ORIENTED_EDGE('',*,*,#1277,.F.);
#1626=ORIENTED_EDGE('',*,*,#1276,.F.);
#1627=ORIENTED_EDGE('',*,*,#1278,.F.);
#1628=ORIENTED_EDGE('',*,*,#1279,.T.);
#1629=ORIENTED_EDGE('',*,*,#1280,.F.);
#1630=ORIENTED_EDGE('',*,*,#1279,.F.);
#1631=ORIENTED_EDGE('',*,*,#1281,.F.);
#1632=ORIENTED_EDGE('',*,*,#1282,.F.);
#1633=ORIENTED_EDGE('',*,*,#1283,.F.);
#1634=ORIENTED_EDGE('',*,*,#1284,.F.);
#1635=ORIENTED_EDGE('',*,*,#1285,.F.);
#1636=ORIENTED_EDGE('',*,*,#1286,.F.);
#1637=ORIENTED_EDGE('',*,*,#1287,.F.);
#1638=ORIENTED_EDGE('',*,*,#1288,.F.);
#1639=ORIENTED_EDGE('',*,*,#1289,.F.);
#1640=ORIENTED_EDGE('',*,*,#1290,.T.);
#1641=ORIENTED_EDGE('',*,*,#1291,.F.);
#1642=ORIENTED_EDGE('',*,*,#1290,.F.);
#1643=ORIENTED_EDGE('',*,*,#1292,.F.);
#1644=ORIENTED_EDGE('',*,*,#1284,.T.);
#1645=ORIENTED_EDGE('',*,*,#1293,.F.);
#1646=ORIENTED_EDGE('',*,*,#1294,.F.);
#1647=ORIENTED_EDGE('',*,*,#1295,.F.);
#1648=ORIENTED_EDGE('',*,*,#1296,.T.);
#1649=ORIENTED_EDGE('',*,*,#1297,.F.);
#1650=ORIENTED_EDGE('',*,*,#1296,.F.);
#1651=ORIENTED_EDGE('',*,*,#1298,.F.);
#1652=ORIENTED_EDGE('',*,*,#1299,.T.);
#1653=ORIENTED_EDGE('',*,*,#1300,.F.);
#1654=ORIENTED_EDGE('',*,*,#1299,.F.);
#1655=ORIENTED_EDGE('',*,*,#1301,.F.);
#1656=ORIENTED_EDGE('',*,*,#1302,.F.);
#1657=ORIENTED_EDGE('',*,*,#1303,.F.);
#1658=ORIENTED_EDGE('',*,*,#1304,.F.);
#1659=ORIENTED_EDGE('',*,*,#1305,.F.);
#1660=ORIENTED_EDGE('',*,*,#1306,.F.);
#1661=ORIENTED_EDGE('',*,*,#1307,.F.);
#1662=ORIENTED_EDGE('',*,*,#1308,.F.);
#1663=ORIENTED_EDGE('',*,*,#1309,.F.);
#1664=ORIENTED_EDGE('',*,*,#1310,.T.);
#1665=ORIENTED_EDGE('',*,*,#1311,.F.);
#1666=ORIENTED_EDGE('',*,*,#1310,.F.);
#1667=ORIENTED_EDGE('',*,*,#1312,.F.);
#1668=ORIENTED_EDGE('',*,*,#1304,.T.);
#1669=ORIENTED_EDGE('',*,*,#1288,.T.);
#1670=ORIENTED_EDGE('',*,*,#1313,.T.);
#1671=ORIENTED_EDGE('',*,*,#1314,.F.);
#1672=ORIENTED_EDGE('',*,*,#1315,.F.);
#1673=ORIENTED_EDGE('',*,*,#1246,.T.);
#1674=ORIENTED_EDGE('',*,*,#1316,.F.);
#1675=ORIENTED_EDGE('',*,*,#1274,.T.);
#1676=ORIENTED_EDGE('',*,*,#1317,.T.);
#1677=ORIENTED_EDGE('',*,*,#1248,.T.);
#1678=ORIENTED_EDGE('',*,*,#1318,.T.);
#1679=ORIENTED_EDGE('',*,*,#1286,.T.);
#1680=ORIENTED_EDGE('',*,*,#1319,.F.);
#1681=ORIENTED_EDGE('',*,*,#1242,.T.);
#1682=ORIENTED_EDGE('',*,*,#1320,.F.);
#1683=ORIENTED_EDGE('',*,*,#1321,.T.);
#1684=ORIENTED_EDGE('',*,*,#1322,.T.);
#1685=ORIENTED_EDGE('',*,*,#1241,.T.);
#1686=ORIENTED_EDGE('',*,*,#1238,.T.);
#1687=ORIENTED_EDGE('',*,*,#1235,.T.);
#1688=ORIENTED_EDGE('',*,*,#1323,.T.);
#1689=ORIENTED_EDGE('',*,*,#1281,.T.);
#1690=ORIENTED_EDGE('',*,*,#1278,.T.);
#1691=ORIENTED_EDGE('',*,*,#1275,.T.);
#1692=ORIENTED_EDGE('',*,*,#1316,.T.);
#1693=ORIENTED_EDGE('',*,*,#1245,.T.);
#1694=ORIENTED_EDGE('',*,*,#1252,.T.);
#1695=ORIENTED_EDGE('',*,*,#1249,.T.);
#1696=ORIENTED_EDGE('',*,*,#1319,.T.);
#1697=ORIENTED_EDGE('',*,*,#1285,.T.);
#1698=ORIENTED_EDGE('',*,*,#1292,.T.);
#1699=ORIENTED_EDGE('',*,*,#1289,.T.);
#1700=ORIENTED_EDGE('',*,*,#1315,.T.);
#1701=ORIENTED_EDGE('',*,*,#1324,.T.);
#1702=ORIENTED_EDGE('',*,*,#1325,.T.);
#1703=ORIENTED_EDGE('',*,*,#1326,.T.);
#1704=ORIENTED_EDGE('',*,*,#1327,.T.);
#1705=ORIENTED_EDGE('',*,*,#1328,.F.);
#1706=ORIENTED_EDGE('',*,*,#1329,.F.);
#1707=ORIENTED_EDGE('',*,*,#1330,.F.);
#1708=ORIENTED_EDGE('',*,*,#1331,.T.);
#1709=ORIENTED_EDGE('',*,*,#1332,.T.);
#1710=ORIENTED_EDGE('',*,*,#1333,.T.);
#1711=ORIENTED_EDGE('',*,*,#1334,.T.);
#1712=ORIENTED_EDGE('',*,*,#1335,.T.);
#1713=ORIENTED_EDGE('',*,*,#1261,.T.);
#1714=ORIENTED_EDGE('',*,*,#1258,.T.);
#1715=ORIENTED_EDGE('',*,*,#1255,.T.);
#1716=ORIENTED_EDGE('',*,*,#1336,.T.);
#1717=ORIENTED_EDGE('',*,*,#1301,.T.);
#1718=ORIENTED_EDGE('',*,*,#1298,.T.);
#1719=ORIENTED_EDGE('',*,*,#1295,.T.);
#1720=ORIENTED_EDGE('',*,*,#1337,.T.);
#1721=ORIENTED_EDGE('',*,*,#1265,.T.);
#1722=ORIENTED_EDGE('',*,*,#1272,.T.);
#1723=ORIENTED_EDGE('',*,*,#1269,.T.);
#1724=ORIENTED_EDGE('',*,*,#1338,.T.);
#1725=ORIENTED_EDGE('',*,*,#1305,.T.);
#1726=ORIENTED_EDGE('',*,*,#1312,.T.);
#1727=ORIENTED_EDGE('',*,*,#1309,.T.);
#1728=ORIENTED_EDGE('',*,*,#1339,.T.);
#1729=ORIENTED_EDGE('',*,*,#1340,.T.);
#1730=ORIENTED_EDGE('',*,*,#1341,.T.);
#1731=ORIENTED_EDGE('',*,*,#1342,.T.);
#1732=ORIENTED_EDGE('',*,*,#1343,.T.);
#1733=ORIENTED_EDGE('',*,*,#1344,.T.);
#1734=ORIENTED_EDGE('',*,*,#1345,.T.);
#1735=ORIENTED_EDGE('',*,*,#1346,.T.);
#1736=ORIENTED_EDGE('',*,*,#1347,.T.);
#1737=ORIENTED_EDGE('',*,*,#1348,.T.);
#1738=ORIENTED_EDGE('',*,*,#1320,.T.);
#1739=ORIENTED_EDGE('',*,*,#1197,.T.);
#1740=ORIENTED_EDGE('',*,*,#1200,.T.);
#1741=ORIENTED_EDGE('',*,*,#1203,.T.);
#1742=ORIENTED_EDGE('',*,*,#1206,.T.);
#1743=ORIENTED_EDGE('',*,*,#1209,.T.);
#1744=ORIENTED_EDGE('',*,*,#1212,.T.);
#1745=ORIENTED_EDGE('',*,*,#1215,.T.);
#1746=ORIENTED_EDGE('',*,*,#1218,.T.);
#1747=ORIENTED_EDGE('',*,*,#1221,.T.);
#1748=ORIENTED_EDGE('',*,*,#1224,.T.);
#1749=ORIENTED_EDGE('',*,*,#1227,.T.);
#1750=ORIENTED_EDGE('',*,*,#1230,.T.);
#1751=ORIENTED_EDGE('',*,*,#1349,.T.);
#1752=ORIENTED_EDGE('',*,*,#1350,.T.);
#1753=ORIENTED_EDGE('',*,*,#1351,.F.);
#1754=ORIENTED_EDGE('',*,*,#1352,.T.);
#1755=ORIENTED_EDGE('',*,*,#1353,.F.);
#1756=ORIENTED_EDGE('',*,*,#1354,.T.);
#1757=ORIENTED_EDGE('',*,*,#1355,.F.);
#1758=ORIENTED_EDGE('',*,*,#1356,.F.);
#1759=ORIENTED_EDGE('',*,*,#1357,.F.);
#1760=ORIENTED_EDGE('',*,*,#1358,.T.);
#1761=ORIENTED_EDGE('',*,*,#1359,.T.);
#1762=ORIENTED_EDGE('',*,*,#1360,.F.);
#1763=ORIENTED_EDGE('',*,*,#1361,.T.);
#1764=ORIENTED_EDGE('',*,*,#1362,.F.);
#1765=ORIENTED_EDGE('',*,*,#1363,.T.);
#1766=ORIENTED_EDGE('',*,*,#1364,.F.);
#1767=ORIENTED_EDGE('',*,*,#1365,.F.);
#1768=ORIENTED_EDGE('',*,*,#1366,.F.);
#1769=ORIENTED_EDGE('',*,*,#1367,.T.);
#1770=ORIENTED_EDGE('',*,*,#1368,.T.);
#1771=ORIENTED_EDGE('',*,*,#1369,.F.);
#1772=ORIENTED_EDGE('',*,*,#1370,.T.);
#1773=ORIENTED_EDGE('',*,*,#1371,.F.);
#1774=ORIENTED_EDGE('',*,*,#1372,.T.);
#1775=ORIENTED_EDGE('',*,*,#1373,.F.);
#1776=ORIENTED_EDGE('',*,*,#1374,.T.);
#1777=ORIENTED_EDGE('',*,*,#1375,.F.);
#1778=ORIENTED_EDGE('',*,*,#1376,.T.);
#1779=ORIENTED_EDGE('',*,*,#1377,.F.);
#1780=ORIENTED_EDGE('',*,*,#1378,.F.);
#1781=ORIENTED_EDGE('',*,*,#1379,.F.);
#1782=ORIENTED_EDGE('',*,*,#1380,.T.);
#1783=ORIENTED_EDGE('',*,*,#1381,.F.);
#1784=ORIENTED_EDGE('',*,*,#1382,.T.);
#1785=ORIENTED_EDGE('',*,*,#1383,.F.);
#1786=ORIENTED_EDGE('',*,*,#1384,.T.);
#1787=ORIENTED_EDGE('',*,*,#1385,.T.);
#1788=ORIENTED_EDGE('',*,*,#1386,.F.);
#1789=ORIENTED_EDGE('',*,*,#1387,.F.);
#1790=ORIENTED_EDGE('',*,*,#1388,.F.);
#1791=ORIENTED_EDGE('',*,*,#1389,.T.);
#1792=ORIENTED_EDGE('',*,*,#1390,.F.);
#1793=ORIENTED_EDGE('',*,*,#1391,.T.);
#1794=ORIENTED_EDGE('',*,*,#1392,.F.);
#1795=ORIENTED_EDGE('',*,*,#1308,.T.);
#1796=ORIENTED_EDGE('',*,*,#1393,.T.);
#1797=ORIENTED_EDGE('',*,*,#1394,.F.);
#1798=ORIENTED_EDGE('',*,*,#1339,.F.);
#1799=ORIENTED_EDGE('',*,*,#1266,.T.);
#1800=ORIENTED_EDGE('',*,*,#1337,.F.);
#1801=ORIENTED_EDGE('',*,*,#1294,.T.);
#1802=ORIENTED_EDGE('',*,*,#1395,.T.);
#1803=ORIENTED_EDGE('',*,*,#1268,.T.);
#1804=ORIENTED_EDGE('',*,*,#1396,.T.);
#1805=ORIENTED_EDGE('',*,*,#1306,.T.);
#1806=ORIENTED_EDGE('',*,*,#1338,.F.);
#1807=ORIENTED_EDGE('',*,*,#1262,.T.);
#1808=ORIENTED_EDGE('',*,*,#1335,.F.);
#1809=ORIENTED_EDGE('',*,*,#1397,.T.);
#1810=ORIENTED_EDGE('',*,*,#1398,.T.);
#1811=ORIENTED_EDGE('',*,*,#1233,.T.);
#1812=ORIENTED_EDGE('',*,*,#1237,.T.);
#1813=ORIENTED_EDGE('',*,*,#1240,.T.);
#1814=ORIENTED_EDGE('',*,*,#1322,.F.);
#1815=ORIENTED_EDGE('',*,*,#1399,.F.);
#1816=ORIENTED_EDGE('',*,*,#1400,.F.);
#1817=ORIENTED_EDGE('',*,*,#1401,.F.);
#1818=ORIENTED_EDGE('',*,*,#1402,.F.);
#1819=ORIENTED_EDGE('',*,*,#1403,.F.);
#1820=ORIENTED_EDGE('',*,*,#1404,.F.);
#1821=ORIENTED_EDGE('',*,*,#1405,.F.);
#1822=ORIENTED_EDGE('',*,*,#1406,.F.);
#1823=ORIENTED_EDGE('',*,*,#1407,.F.);
#1824=ORIENTED_EDGE('',*,*,#1393,.F.);
#1825=ORIENTED_EDGE('',*,*,#1307,.T.);
#1826=ORIENTED_EDGE('',*,*,#1311,.T.);
#1827=ORIENTED_EDGE('',*,*,#1303,.T.);
#1828=ORIENTED_EDGE('',*,*,#1396,.F.);
#1829=ORIENTED_EDGE('',*,*,#1267,.T.);
#1830=ORIENTED_EDGE('',*,*,#1271,.T.);
#1831=ORIENTED_EDGE('',*,*,#1263,.T.);
#1832=ORIENTED_EDGE('',*,*,#1395,.F.);
#1833=ORIENTED_EDGE('',*,*,#1293,.T.);
#1834=ORIENTED_EDGE('',*,*,#1297,.T.);
#1835=ORIENTED_EDGE('',*,*,#1300,.T.);
#1836=ORIENTED_EDGE('',*,*,#1408,.F.);
#1837=ORIENTED_EDGE('',*,*,#1253,.T.);
#1838=ORIENTED_EDGE('',*,*,#1257,.T.);
#1839=ORIENTED_EDGE('',*,*,#1260,.T.);
#1840=ORIENTED_EDGE('',*,*,#1398,.F.);
#1841=ORIENTED_EDGE('',*,*,#1409,.F.);
#1842=ORIENTED_EDGE('',*,*,#1410,.F.);
#1843=ORIENTED_EDGE('',*,*,#1411,.F.);
#1844=ORIENTED_EDGE('',*,*,#1412,.F.);
#1845=ORIENTED_EDGE('',*,*,#1413,.F.);
#1846=ORIENTED_EDGE('',*,*,#1414,.F.);
#1847=ORIENTED_EDGE('',*,*,#1415,.F.);
#1848=ORIENTED_EDGE('',*,*,#1416,.F.);
#1849=ORIENTED_EDGE('',*,*,#1417,.F.);
#1850=ORIENTED_EDGE('',*,*,#1418,.F.);
#1851=ORIENTED_EDGE('',*,*,#1419,.F.);
#1852=ORIENTED_EDGE('',*,*,#1313,.F.);
#1853=ORIENTED_EDGE('',*,*,#1287,.T.);
#1854=ORIENTED_EDGE('',*,*,#1291,.T.);
#1855=ORIENTED_EDGE('',*,*,#1283,.T.);
#1856=ORIENTED_EDGE('',*,*,#1318,.F.);
#1857=ORIENTED_EDGE('',*,*,#1247,.T.);
#1858=ORIENTED_EDGE('',*,*,#1251,.T.);
#1859=ORIENTED_EDGE('',*,*,#1243,.T.);
#1860=ORIENTED_EDGE('',*,*,#1317,.F.);
#1861=ORIENTED_EDGE('',*,*,#1273,.T.);
#1862=ORIENTED_EDGE('',*,*,#1277,.T.);
#1863=ORIENTED_EDGE('',*,*,#1280,.T.);
#1864=ORIENTED_EDGE('',*,*,#1420,.F.);
#1865=ORIENTED_EDGE('',*,*,#1199,.T.);
#1866=ORIENTED_EDGE('',*,*,#1202,.T.);
#1867=ORIENTED_EDGE('',*,*,#1205,.T.);
#1868=ORIENTED_EDGE('',*,*,#1208,.T.);
#1869=ORIENTED_EDGE('',*,*,#1211,.T.);
#1870=ORIENTED_EDGE('',*,*,#1214,.T.);
#1871=ORIENTED_EDGE('',*,*,#1217,.T.);
#1872=ORIENTED_EDGE('',*,*,#1220,.T.);
#1873=ORIENTED_EDGE('',*,*,#1223,.T.);
#1874=ORIENTED_EDGE('',*,*,#1226,.T.);
#1875=ORIENTED_EDGE('',*,*,#1229,.T.);
#1876=ORIENTED_EDGE('',*,*,#1232,.T.);
#1877=ORIENTED_EDGE('',*,*,#1421,.F.);
#1878=ORIENTED_EDGE('',*,*,#1422,.F.);
#1879=ORIENTED_EDGE('',*,*,#1423,.F.);
#1880=ORIENTED_EDGE('',*,*,#1424,.F.);
#1881=ORIENTED_EDGE('',*,*,#1425,.F.);
#1882=ORIENTED_EDGE('',*,*,#1426,.F.);
#1883=ORIENTED_EDGE('',*,*,#1427,.F.);
#1884=ORIENTED_EDGE('',*,*,#1428,.F.);
#1885=ORIENTED_EDGE('',*,*,#1429,.F.);
#1886=ORIENTED_EDGE('',*,*,#1430,.F.);
#1887=ORIENTED_EDGE('',*,*,#1431,.F.);
#1888=ORIENTED_EDGE('',*,*,#1432,.F.);
#1889=ORIENTED_EDGE('',*,*,#1433,.F.);
#1890=ORIENTED_EDGE('',*,*,#1434,.F.);
#1891=ORIENTED_EDGE('',*,*,#1435,.F.);
#1892=ORIENTED_EDGE('',*,*,#1436,.F.);
#1893=ORIENTED_EDGE('',*,*,#1437,.F.);
#1894=ORIENTED_EDGE('',*,*,#1438,.F.);
#1895=ORIENTED_EDGE('',*,*,#1439,.F.);
#1896=ORIENTED_EDGE('',*,*,#1440,.F.);
#1897=ORIENTED_EDGE('',*,*,#1441,.F.);
#1898=ORIENTED_EDGE('',*,*,#1442,.F.);
#1899=ORIENTED_EDGE('',*,*,#1443,.F.);
#1900=ORIENTED_EDGE('',*,*,#1444,.F.);
#1901=ORIENTED_EDGE('',*,*,#1445,.F.);
#1902=ORIENTED_EDGE('',*,*,#1446,.F.);
#1903=ORIENTED_EDGE('',*,*,#1447,.F.);
#1904=ORIENTED_EDGE('',*,*,#1448,.F.);
#1905=ORIENTED_EDGE('',*,*,#1449,.F.);
#1906=ORIENTED_EDGE('',*,*,#1450,.F.);
#1907=ORIENTED_EDGE('',*,*,#1451,.F.);
#1908=ORIENTED_EDGE('',*,*,#1452,.F.);
#1909=ORIENTED_EDGE('',*,*,#1453,.F.);
#1910=ORIENTED_EDGE('',*,*,#1454,.F.);
#1911=ORIENTED_EDGE('',*,*,#1455,.F.);
#1912=ORIENTED_EDGE('',*,*,#1456,.F.);
#1913=ORIENTED_EDGE('',*,*,#1457,.F.);
#1914=ORIENTED_EDGE('',*,*,#1458,.F.);
#1915=ORIENTED_EDGE('',*,*,#1459,.F.);
#1916=ORIENTED_EDGE('',*,*,#1460,.F.);
#1917=ORIENTED_EDGE('',*,*,#1461,.F.);
#1918=ORIENTED_EDGE('',*,*,#1462,.F.);
#1919=ORIENTED_EDGE('',*,*,#1463,.F.);
#1920=ORIENTED_EDGE('',*,*,#1464,.F.);
#1921=ORIENTED_EDGE('',*,*,#1404,.T.);
#1922=ORIENTED_EDGE('',*,*,#1465,.F.);
#1923=ORIENTED_EDGE('',*,*,#1343,.F.);
#1924=ORIENTED_EDGE('',*,*,#1466,.F.);
#1925=ORIENTED_EDGE('',*,*,#1403,.T.);
#1926=ORIENTED_EDGE('',*,*,#1467,.F.);
#1927=ORIENTED_EDGE('',*,*,#1344,.F.);
#1928=ORIENTED_EDGE('',*,*,#1465,.T.);
#1929=ORIENTED_EDGE('',*,*,#1402,.T.);
#1930=ORIENTED_EDGE('',*,*,#1468,.F.);
#1931=ORIENTED_EDGE('',*,*,#1345,.F.);
#1932=ORIENTED_EDGE('',*,*,#1467,.T.);
#1933=ORIENTED_EDGE('',*,*,#1468,.T.);
#1934=ORIENTED_EDGE('',*,*,#1401,.T.);
#1935=ORIENTED_EDGE('',*,*,#1469,.T.);
#1936=ORIENTED_EDGE('',*,*,#1346,.F.);
#1937=ORIENTED_EDGE('',*,*,#1466,.T.);
#1938=ORIENTED_EDGE('',*,*,#1342,.F.);
#1939=ORIENTED_EDGE('',*,*,#1470,.F.);
#1940=ORIENTED_EDGE('',*,*,#1405,.T.);
#1941=ORIENTED_EDGE('',*,*,#1415,.T.);
#1942=ORIENTED_EDGE('',*,*,#1471,.F.);
#1943=ORIENTED_EDGE('',*,*,#1328,.T.);
#1944=ORIENTED_EDGE('',*,*,#1472,.F.);
#1945=ORIENTED_EDGE('',*,*,#1414,.T.);
#1946=ORIENTED_EDGE('',*,*,#1473,.F.);
#1947=ORIENTED_EDGE('',*,*,#1329,.T.);
#1948=ORIENTED_EDGE('',*,*,#1471,.T.);
#1949=ORIENTED_EDGE('',*,*,#1413,.T.);
#1950=ORIENTED_EDGE('',*,*,#1474,.F.);
#1951=ORIENTED_EDGE('',*,*,#1330,.T.);
#1952=ORIENTED_EDGE('',*,*,#1473,.T.);
#1953=ORIENTED_EDGE('',*,*,#1474,.T.);
#1954=ORIENTED_EDGE('',*,*,#1412,.T.);
#1955=ORIENTED_EDGE('',*,*,#1475,.T.);
#1956=ORIENTED_EDGE('',*,*,#1331,.F.);
#1957=ORIENTED_EDGE('',*,*,#1472,.T.);
#1958=ORIENTED_EDGE('',*,*,#1327,.F.);
#1959=ORIENTED_EDGE('',*,*,#1476,.F.);
#1960=ORIENTED_EDGE('',*,*,#1416,.T.);
#1961=ORIENTED_EDGE('',*,*,#1357,.T.);
#1962=ORIENTED_EDGE('',*,*,#1477,.T.);
#1963=ORIENTED_EDGE('',*,*,#1460,.T.);
#1964=ORIENTED_EDGE('',*,*,#1478,.T.);
#1965=ORIENTED_EDGE('',*,*,#1477,.F.);
#1966=ORIENTED_EDGE('',*,*,#1356,.T.);
#1967=ORIENTED_EDGE('',*,*,#1479,.F.);
#1968=ORIENTED_EDGE('',*,*,#1461,.T.);
#1969=ORIENTED_EDGE('',*,*,#1379,.T.);
#1970=ORIENTED_EDGE('',*,*,#1480,.T.);
#1971=ORIENTED_EDGE('',*,*,#1430,.T.);
#1972=ORIENTED_EDGE('',*,*,#1481,.T.);
#1973=ORIENTED_EDGE('',*,*,#1480,.F.);
#1974=ORIENTED_EDGE('',*,*,#1378,.T.);
#1975=ORIENTED_EDGE('',*,*,#1482,.F.);
#1976=ORIENTED_EDGE('',*,*,#1431,.T.);
#1977=ORIENTED_EDGE('',*,*,#1392,.T.);
#1978=ORIENTED_EDGE('',*,*,#1483,.T.);
#1979=ORIENTED_EDGE('',*,*,#1426,.T.);
#1980=ORIENTED_EDGE('',*,*,#1484,.T.);
#1981=ORIENTED_EDGE('',*,*,#1483,.F.);
#1982=ORIENTED_EDGE('',*,*,#1391,.F.);
#1983=ORIENTED_EDGE('',*,*,#1485,.F.);
#1984=ORIENTED_EDGE('',*,*,#1427,.T.);
#1985=ORIENTED_EDGE('',*,*,#1362,.T.);
#1986=ORIENTED_EDGE('',*,*,#1486,.T.);
#1987=ORIENTED_EDGE('',*,*,#1447,.T.);
#1988=ORIENTED_EDGE('',*,*,#1487,.T.);
#1989=ORIENTED_EDGE('',*,*,#1486,.F.);
#1990=ORIENTED_EDGE('',*,*,#1361,.F.);
#1991=ORIENTED_EDGE('',*,*,#1488,.F.);
#1992=ORIENTED_EDGE('',*,*,#1448,.T.);
#1993=ORIENTED_EDGE('',*,*,#1462,.T.);
#1994=ORIENTED_EDGE('',*,*,#1479,.T.);
#1995=ORIENTED_EDGE('',*,*,#1355,.T.);
#1996=ORIENTED_EDGE('',*,*,#1489,.T.);
#1997=ORIENTED_EDGE('',*,*,#1432,.T.);
#1998=ORIENTED_EDGE('',*,*,#1482,.T.);
#1999=ORIENTED_EDGE('',*,*,#1377,.T.);
#2000=ORIENTED_EDGE('',*,*,#1490,.T.);
#2001=ORIENTED_EDGE('',*,*,#1428,.T.);
#2002=ORIENTED_EDGE('',*,*,#1485,.T.);
#2003=ORIENTED_EDGE('',*,*,#1390,.T.);
#2004=ORIENTED_EDGE('',*,*,#1491,.T.);
#2005=ORIENTED_EDGE('',*,*,#1449,.T.);
#2006=ORIENTED_EDGE('',*,*,#1488,.T.);
#2007=ORIENTED_EDGE('',*,*,#1360,.T.);
#2008=ORIENTED_EDGE('',*,*,#1492,.T.);
#2009=ORIENTED_EDGE('',*,*,#1366,.T.);
#2010=ORIENTED_EDGE('',*,*,#1493,.T.);
#2011=ORIENTED_EDGE('',*,*,#1451,.T.);
#2012=ORIENTED_EDGE('',*,*,#1494,.T.);
#2013=ORIENTED_EDGE('',*,*,#1493,.F.);
#2014=ORIENTED_EDGE('',*,*,#1365,.T.);
#2015=ORIENTED_EDGE('',*,*,#1495,.F.);
#2016=ORIENTED_EDGE('',*,*,#1452,.T.);
#2017=ORIENTED_EDGE('',*,*,#1388,.T.);
#2018=ORIENTED_EDGE('',*,*,#1496,.T.);
#2019=ORIENTED_EDGE('',*,*,#1422,.T.);
#2020=ORIENTED_EDGE('',*,*,#1497,.T.);
#2021=ORIENTED_EDGE('',*,*,#1496,.F.);
#2022=ORIENTED_EDGE('',*,*,#1387,.T.);
#2023=ORIENTED_EDGE('',*,*,#1498,.F.);
#2024=ORIENTED_EDGE('',*,*,#1423,.T.);
#2025=ORIENTED_EDGE('',*,*,#1383,.T.);
#2026=ORIENTED_EDGE('',*,*,#1499,.T.);
#2027=ORIENTED_EDGE('',*,*,#1434,.T.);
#2028=ORIENTED_EDGE('',*,*,#1500,.T.);
#2029=ORIENTED_EDGE('',*,*,#1499,.F.);
#2030=ORIENTED_EDGE('',*,*,#1382,.F.);
#2031=ORIENTED_EDGE('',*,*,#1501,.F.);
#2032=ORIENTED_EDGE('',*,*,#1435,.T.);
#2033=ORIENTED_EDGE('',*,*,#1353,.T.);
#2034=ORIENTED_EDGE('',*,*,#1502,.T.);
#2035=ORIENTED_EDGE('',*,*,#1456,.T.);
#2036=ORIENTED_EDGE('',*,*,#1503,.T.);
#2037=ORIENTED_EDGE('',*,*,#1502,.F.);
#2038=ORIENTED_EDGE('',*,*,#1352,.F.);
#2039=ORIENTED_EDGE('',*,*,#1504,.F.);
#2040=ORIENTED_EDGE('',*,*,#1457,.T.);
#2041=ORIENTED_EDGE('',*,*,#1453,.T.);
#2042=ORIENTED_EDGE('',*,*,#1495,.T.);
#2043=ORIENTED_EDGE('',*,*,#1364,.T.);
#2044=ORIENTED_EDGE('',*,*,#1505,.T.);
#2045=ORIENTED_EDGE('',*,*,#1424,.T.);
#2046=ORIENTED_EDGE('',*,*,#1498,.T.);
#2047=ORIENTED_EDGE('',*,*,#1386,.T.);
#2048=ORIENTED_EDGE('',*,*,#1506,.T.);
#2049=ORIENTED_EDGE('',*,*,#1436,.T.);
#2050=ORIENTED_EDGE('',*,*,#1501,.T.);
#2051=ORIENTED_EDGE('',*,*,#1381,.T.);
#2052=ORIENTED_EDGE('',*,*,#1507,.T.);
#2053=ORIENTED_EDGE('',*,*,#1458,.T.);
#2054=ORIENTED_EDGE('',*,*,#1504,.T.);
#2055=ORIENTED_EDGE('',*,*,#1351,.T.);
#2056=ORIENTED_EDGE('',*,*,#1508,.T.);
#2057=ORIENTED_EDGE('',*,*,#1489,.F.);
#2058=ORIENTED_EDGE('',*,*,#1354,.F.);
#2059=ORIENTED_EDGE('',*,*,#1503,.F.);
#2060=ORIENTED_EDGE('',*,*,#1463,.T.);
#2061=ORIENTED_EDGE('',*,*,#1490,.F.);
#2062=ORIENTED_EDGE('',*,*,#1376,.F.);
#2063=ORIENTED_EDGE('',*,*,#1500,.F.);
#2064=ORIENTED_EDGE('',*,*,#1433,.T.);
#2065=ORIENTED_EDGE('',*,*,#1484,.F.);
#2066=ORIENTED_EDGE('',*,*,#1425,.T.);
#2067=ORIENTED_EDGE('',*,*,#1506,.F.);
#2068=ORIENTED_EDGE('',*,*,#1385,.F.);
#2069=ORIENTED_EDGE('',*,*,#1491,.F.);
#2070=ORIENTED_EDGE('',*,*,#1389,.F.);
#2071=ORIENTED_EDGE('',*,*,#1497,.F.);
#2072=ORIENTED_EDGE('',*,*,#1421,.T.);
#2073=ORIENTED_EDGE('',*,*,#1478,.F.);
#2074=ORIENTED_EDGE('',*,*,#1459,.T.);
#2075=ORIENTED_EDGE('',*,*,#1508,.F.);
#2076=ORIENTED_EDGE('',*,*,#1350,.F.);
#2077=ORIENTED_EDGE('',*,*,#1492,.F.);
#2078=ORIENTED_EDGE('',*,*,#1359,.F.);
#2079=ORIENTED_EDGE('',*,*,#1494,.F.);
#2080=ORIENTED_EDGE('',*,*,#1450,.T.);
#2081=ORIENTED_EDGE('',*,*,#1234,.T.);
#2082=ORIENTED_EDGE('',*,*,#1420,.T.);
#2083=ORIENTED_EDGE('',*,*,#1282,.T.);
#2084=ORIENTED_EDGE('',*,*,#1323,.F.);
#2085=ORIENTED_EDGE('',*,*,#1254,.T.);
#2086=ORIENTED_EDGE('',*,*,#1408,.T.);
#2087=ORIENTED_EDGE('',*,*,#1302,.T.);
#2088=ORIENTED_EDGE('',*,*,#1336,.F.);
#2089=ORIENTED_EDGE('',*,*,#1487,.F.);
#2090=ORIENTED_EDGE('',*,*,#1454,.T.);
#2091=ORIENTED_EDGE('',*,*,#1505,.F.);
#2092=ORIENTED_EDGE('',*,*,#1363,.F.);
#2093=ORIENTED_EDGE('',*,*,#1438,.T.);
#2094=ORIENTED_EDGE('',*,*,#1509,.T.);
#2095=ORIENTED_EDGE('',*,*,#1375,.T.);
#2096=ORIENTED_EDGE('',*,*,#1510,.T.);
#2097=ORIENTED_EDGE('',*,*,#1509,.F.);
#2098=ORIENTED_EDGE('',*,*,#1445,.T.);
#2099=ORIENTED_EDGE('',*,*,#1511,.F.);
#2100=ORIENTED_EDGE('',*,*,#1368,.F.);
#2101=ORIENTED_EDGE('',*,*,#1440,.T.);
#2102=ORIENTED_EDGE('',*,*,#1512,.T.);
#2103=ORIENTED_EDGE('',*,*,#1373,.T.);
#2104=ORIENTED_EDGE('',*,*,#1513,.T.);
#2105=ORIENTED_EDGE('',*,*,#1510,.F.);
#2106=ORIENTED_EDGE('',*,*,#1374,.F.);
#2107=ORIENTED_EDGE('',*,*,#1512,.F.);
#2108=ORIENTED_EDGE('',*,*,#1439,.T.);
#2109=ORIENTED_EDGE('',*,*,#1444,.T.);
#2110=ORIENTED_EDGE('',*,*,#1514,.T.);
#2111=ORIENTED_EDGE('',*,*,#1369,.T.);
#2112=ORIENTED_EDGE('',*,*,#1511,.T.);
#2113=ORIENTED_EDGE('',*,*,#1514,.F.);
#2114=ORIENTED_EDGE('',*,*,#1443,.T.);
#2115=ORIENTED_EDGE('',*,*,#1515,.F.);
#2116=ORIENTED_EDGE('',*,*,#1370,.F.);
#2117=ORIENTED_EDGE('',*,*,#1442,.T.);
#2118=ORIENTED_EDGE('',*,*,#1516,.T.);
#2119=ORIENTED_EDGE('',*,*,#1371,.T.);
#2120=ORIENTED_EDGE('',*,*,#1515,.T.);
#2121=ORIENTED_EDGE('',*,*,#1513,.F.);
#2122=ORIENTED_EDGE('',*,*,#1372,.F.);
#2123=ORIENTED_EDGE('',*,*,#1516,.F.);
#2124=ORIENTED_EDGE('',*,*,#1441,.T.);
#2125=ORIENTED_EDGE('',*,*,#1481,.F.);
#2126=ORIENTED_EDGE('',*,*,#1437,.T.);
#2127=ORIENTED_EDGE('',*,*,#1507,.F.);
#2128=ORIENTED_EDGE('',*,*,#1380,.F.);
#2129=ORIENTED_EDGE('',*,*,#1349,.F.);
#2130=ORIENTED_EDGE('',*,*,#1517,.T.);
#2131=ORIENTED_EDGE('',*,*,#1464,.T.);
#2132=ORIENTED_EDGE('',*,*,#1517,.F.);
#2133=ORIENTED_EDGE('',*,*,#1358,.F.);
#2134=ORIENTED_EDGE('',*,*,#1518,.T.);
#2135=ORIENTED_EDGE('',*,*,#1455,.T.);
#2136=ORIENTED_EDGE('',*,*,#1518,.F.);
#2137=ORIENTED_EDGE('',*,*,#1367,.F.);
#2138=ORIENTED_EDGE('',*,*,#1519,.T.);
#2139=ORIENTED_EDGE('',*,*,#1446,.T.);
#2140=ORIENTED_EDGE('',*,*,#1519,.F.);
#2141=ORIENTED_EDGE('',*,*,#1384,.F.);
#2142=ORIENTED_EDGE('',*,*,#1520,.T.);
#2143=ORIENTED_EDGE('',*,*,#1429,.T.);
#2144=ORIENTED_EDGE('',*,*,#1520,.F.);
#2145=ORIENTED_EDGE('',*,*,#1407,.T.);
#2146=ORIENTED_EDGE('',*,*,#1521,.T.);
#2147=ORIENTED_EDGE('',*,*,#1340,.F.);
#2148=ORIENTED_EDGE('',*,*,#1394,.T.);
#2149=ORIENTED_EDGE('',*,*,#1410,.T.);
#2150=ORIENTED_EDGE('',*,*,#1409,.T.);
#2151=ORIENTED_EDGE('',*,*,#1397,.F.);
#2152=ORIENTED_EDGE('',*,*,#1334,.F.);
#2153=ORIENTED_EDGE('',*,*,#1333,.F.);
#2154=ORIENTED_EDGE('',*,*,#1522,.F.);
#2155=ORIENTED_EDGE('',*,*,#1411,.T.);
#2156=ORIENTED_EDGE('',*,*,#1522,.T.);
#2157=ORIENTED_EDGE('',*,*,#1332,.F.);
#2158=ORIENTED_EDGE('',*,*,#1475,.F.);
#2159=ORIENTED_EDGE('',*,*,#1417,.T.);
#2160=ORIENTED_EDGE('',*,*,#1476,.T.);
#2161=ORIENTED_EDGE('',*,*,#1326,.F.);
#2162=ORIENTED_EDGE('',*,*,#1523,.F.);
#2163=ORIENTED_EDGE('',*,*,#1418,.T.);
#2164=ORIENTED_EDGE('',*,*,#1523,.T.);
#2165=ORIENTED_EDGE('',*,*,#1325,.F.);
#2166=ORIENTED_EDGE('',*,*,#1324,.F.);
#2167=ORIENTED_EDGE('',*,*,#1314,.T.);
#2168=ORIENTED_EDGE('',*,*,#1419,.T.);
#2169=ORIENTED_EDGE('',*,*,#1399,.T.);
#2170=ORIENTED_EDGE('',*,*,#1321,.F.);
#2171=ORIENTED_EDGE('',*,*,#1348,.F.);
#2172=ORIENTED_EDGE('',*,*,#1524,.F.);
#2173=ORIENTED_EDGE('',*,*,#1400,.T.);
#2174=ORIENTED_EDGE('',*,*,#1524,.T.);
#2175=ORIENTED_EDGE('',*,*,#1347,.F.);
#2176=ORIENTED_EDGE('',*,*,#1469,.F.);
#2177=ORIENTED_EDGE('',*,*,#1406,.T.);
#2178=ORIENTED_EDGE('',*,*,#1470,.T.);
#2179=ORIENTED_EDGE('',*,*,#1341,.F.);
#2180=ORIENTED_EDGE('',*,*,#1521,.F.);
#2181=CYLINDRICAL_SURFACE('',#2341,1.55000000000001);
#2182=CYLINDRICAL_SURFACE('',#2344,1.55);
#2183=CYLINDRICAL_SURFACE('',#2347,1.55);
#2184=CYLINDRICAL_SURFACE('',#2350,1.55);
#2185=CYLINDRICAL_SURFACE('',#2353,1.55000000000001);
#2186=CYLINDRICAL_SURFACE('',#2356,1.55000000000001);
#2187=CYLINDRICAL_SURFACE('',#2359,1.55000000000001);
#2188=CYLINDRICAL_SURFACE('',#2362,1.55);
#2189=CYLINDRICAL_SURFACE('',#2365,1.55);
#2190=CYLINDRICAL_SURFACE('',#2368,1.55);
#2191=CYLINDRICAL_SURFACE('',#2371,1.55000000000001);
#2192=CYLINDRICAL_SURFACE('',#2374,1.55000000000001);
#2193=CYLINDRICAL_SURFACE('',#2469,2.);
#2194=CYLINDRICAL_SURFACE('',#2471,2.);
#2195=CYLINDRICAL_SURFACE('',#2473,2.);
#2196=CYLINDRICAL_SURFACE('',#2475,2.);
#2197=CYLINDRICAL_SURFACE('',#2477,2.);
#2198=CYLINDRICAL_SURFACE('',#2478,2.);
#2199=CYLINDRICAL_SURFACE('',#2479,2.);
#2200=CYLINDRICAL_SURFACE('',#2480,2.);
#2201=CYLINDRICAL_SURFACE('',#2481,2.);
#2202=CYLINDRICAL_SURFACE('',#2483,2.);
#2203=CYLINDRICAL_SURFACE('',#2485,2.);
#2204=CYLINDRICAL_SURFACE('',#2487,2.);
#2205=CYLINDRICAL_SURFACE('',#2489,2.);
#2206=CYLINDRICAL_SURFACE('',#2490,2.);
#2207=CYLINDRICAL_SURFACE('',#2491,2.);
#2208=CYLINDRICAL_SURFACE('',#2492,2.);
#2209=CYLINDRICAL_SURFACE('',#2502,2.);
#2210=CYLINDRICAL_SURFACE('',#2504,2.);
#2211=CYLINDRICAL_SURFACE('',#2506,2.);
#2212=CYLINDRICAL_SURFACE('',#2508,2.);
#2213=CYLINDRICAL_SURFACE('',#2511,2.05);
#2214=CYLINDRICAL_SURFACE('',#2512,2.05);
#2215=CYLINDRICAL_SURFACE('',#2513,2.05);
#2216=CYLINDRICAL_SURFACE('',#2514,2.05);
#2217=ADVANCED_FACE('',(#131),#2181,.F.);
#2218=ADVANCED_FACE('',(#132),#2182,.F.);
#2219=ADVANCED_FACE('',(#133),#2183,.F.);
#2220=ADVANCED_FACE('',(#134),#2184,.F.);
#2221=ADVANCED_FACE('',(#135),#2185,.F.);
#2222=ADVANCED_FACE('',(#136),#2186,.F.);
#2223=ADVANCED_FACE('',(#137),#2187,.F.);
#2224=ADVANCED_FACE('',(#138),#2188,.F.);
#2225=ADVANCED_FACE('',(#139),#2189,.F.);
#2226=ADVANCED_FACE('',(#140),#2190,.F.);
#2227=ADVANCED_FACE('',(#141),#2191,.F.);
#2228=ADVANCED_FACE('',(#142),#2192,.F.);
#2229=ADVANCED_FACE('',(#143),#57,.F.);
#2230=ADVANCED_FACE('',(#144),#58,.F.);
#2231=ADVANCED_FACE('',(#145),#59,.F.);
#2232=ADVANCED_FACE('',(#146),#60,.F.);
#2233=ADVANCED_FACE('',(#147),#61,.F.);
#2234=ADVANCED_FACE('',(#148),#62,.F.);
#2235=ADVANCED_FACE('',(#149),#63,.F.);
#2236=ADVANCED_FACE('',(#150),#64,.F.);
#2237=ADVANCED_FACE('',(#151),#65,.F.);
#2238=ADVANCED_FACE('',(#152),#66,.F.);
#2239=ADVANCED_FACE('',(#153),#67,.F.);
#2240=ADVANCED_FACE('',(#154),#68,.F.);
#2241=ADVANCED_FACE('',(#155),#69,.F.);
#2242=ADVANCED_FACE('',(#156),#70,.F.);
#2243=ADVANCED_FACE('',(#157),#71,.F.);
#2244=ADVANCED_FACE('',(#158),#72,.F.);
#2245=ADVANCED_FACE('',(#159),#73,.F.);
#2246=ADVANCED_FACE('',(#160),#74,.F.);
#2247=ADVANCED_FACE('',(#161),#75,.F.);
#2248=ADVANCED_FACE('',(#162),#76,.F.);
#2249=ADVANCED_FACE('',(#163),#77,.F.);
#2250=ADVANCED_FACE('',(#164),#78,.F.);
#2251=ADVANCED_FACE('',(#165),#79,.F.);
#2252=ADVANCED_FACE('',(#166),#80,.F.);
#2253=ADVANCED_FACE('',(#167),#81,.T.);
#2254=ADVANCED_FACE('',(#168),#82,.T.);
#2255=ADVANCED_FACE('',(#169),#83,.T.);
#2256=ADVANCED_FACE('',(#170),#84,.T.);
#2257=ADVANCED_FACE('',(#171,#15,#16,#17,#18,#19,#20,#21,#22,#23,#24,#25,
#26,#27,#28,#29,#30,#31,#32,#33,#34,#35),#85,.T.);
#2258=ADVANCED_FACE('',(#172),#86,.T.);
#2259=ADVANCED_FACE('',(#173),#87,.T.);
#2260=ADVANCED_FACE('',(#174),#88,.T.);
#2261=ADVANCED_FACE('',(#175),#89,.T.);
#2262=ADVANCED_FACE('',(#176,#36,#37,#38,#39,#40,#41,#42,#43,#44,#45,#46,
#47,#48,#49,#50,#51,#52,#53,#54,#55,#56),#90,.F.);
#2263=ADVANCED_FACE('',(#177),#91,.T.);
#2264=ADVANCED_FACE('',(#178),#92,.T.);
#2265=ADVANCED_FACE('',(#179),#93,.T.);
#2266=ADVANCED_FACE('',(#180),#94,.T.);
#2267=ADVANCED_FACE('',(#181),#95,.T.);
#2268=ADVANCED_FACE('',(#182),#96,.T.);
#2269=ADVANCED_FACE('',(#183),#97,.T.);
#2270=ADVANCED_FACE('',(#184),#98,.T.);
#2271=ADVANCED_FACE('',(#185),#99,.T.);
#2272=ADVANCED_FACE('',(#186),#100,.T.);
#2273=ADVANCED_FACE('',(#187),#2193,.F.);
#2274=ADVANCED_FACE('',(#188),#101,.T.);
#2275=ADVANCED_FACE('',(#189),#2194,.F.);
#2276=ADVANCED_FACE('',(#190),#102,.T.);
#2277=ADVANCED_FACE('',(#191),#2195,.F.);
#2278=ADVANCED_FACE('',(#192),#103,.T.);
#2279=ADVANCED_FACE('',(#193),#2196,.F.);
#2280=ADVANCED_FACE('',(#194),#104,.T.);
#2281=ADVANCED_FACE('',(#195),#2197,.F.);
#2282=ADVANCED_FACE('',(#196),#2198,.F.);
#2283=ADVANCED_FACE('',(#197),#2199,.F.);
#2284=ADVANCED_FACE('',(#198),#2200,.F.);
#2285=ADVANCED_FACE('',(#199),#2201,.F.);
#2286=ADVANCED_FACE('',(#200),#105,.T.);
#2287=ADVANCED_FACE('',(#201),#2202,.F.);
#2288=ADVANCED_FACE('',(#202),#106,.T.);
#2289=ADVANCED_FACE('',(#203),#2203,.F.);
#2290=ADVANCED_FACE('',(#204),#107,.T.);
#2291=ADVANCED_FACE('',(#205),#2204,.F.);
#2292=ADVANCED_FACE('',(#206),#108,.T.);
#2293=ADVANCED_FACE('',(#207),#2205,.F.);
#2294=ADVANCED_FACE('',(#208),#2206,.F.);
#2295=ADVANCED_FACE('',(#209),#2207,.F.);
#2296=ADVANCED_FACE('',(#210),#2208,.F.);
#2297=ADVANCED_FACE('',(#211),#109,.T.);
#2298=ADVANCED_FACE('',(#212),#110,.T.);
#2299=ADVANCED_FACE('',(#213),#111,.T.);
#2300=ADVANCED_FACE('',(#214),#112,.T.);
#2301=ADVANCED_FACE('',(#215),#113,.T.);
#2302=ADVANCED_FACE('',(#216),#114,.T.);
#2303=ADVANCED_FACE('',(#217),#115,.T.);
#2304=ADVANCED_FACE('',(#218),#116,.T.);
#2305=ADVANCED_FACE('',(#219),#117,.T.);
#2306=ADVANCED_FACE('',(#220),#2209,.F.);
#2307=ADVANCED_FACE('',(#221),#118,.T.);
#2308=ADVANCED_FACE('',(#222),#2210,.F.);
#2309=ADVANCED_FACE('',(#223),#119,.T.);
#2310=ADVANCED_FACE('',(#224),#2211,.F.);
#2311=ADVANCED_FACE('',(#225),#120,.T.);
#2312=ADVANCED_FACE('',(#226),#2212,.F.);
#2313=ADVANCED_FACE('',(#227),#121,.T.);
#2314=ADVANCED_FACE('',(#228),#122,.T.);
#2315=ADVANCED_FACE('',(#229),#2213,.F.);
#2316=ADVANCED_FACE('',(#230),#2214,.F.);
#2317=ADVANCED_FACE('',(#231),#2215,.F.);
#2318=ADVANCED_FACE('',(#232),#2216,.F.);
#2319=ADVANCED_FACE('',(#233),#123,.T.);
#2320=ADVANCED_FACE('',(#234),#124,.T.);
#2321=ADVANCED_FACE('',(#235),#125,.T.);
#2322=ADVANCED_FACE('',(#236),#126,.T.);
#2323=ADVANCED_FACE('',(#237),#127,.T.);
#2324=ADVANCED_FACE('',(#238),#128,.T.);
#2325=ADVANCED_FACE('',(#239),#129,.T.);
#2326=ADVANCED_FACE('',(#240),#130,.T.);
#2327=CLOSED_SHELL('',(#2217,#2218,#2219,#2220,#2221,#2222,#2223,#2224,
#2225,#2226,#2227,#2228,#2229,#2230,#2231,#2232,#2233,#2234,#2235,#2236,
#2237,#2238,#2239,#2240,#2241,#2242,#2243,#2244,#2245,#2246,#2247,#2248,
#2249,#2250,#2251,#2252,#2253,#2254,#2255,#2256,#2257,#2258,#2259,#2260,
#2261,#2262,#2263,#2264,#2265,#2266,#2267,#2268,#2269,#2270,#2271,#2272,
#2273,#2274,#2275,#2276,#2277,#2278,#2279,#2280,#2281,#2282,#2283,#2284,
#2285,#2286,#2287,#2288,#2289,#2290,#2291,#2292,#2293,#2294,#2295,#2296,
#2297,#2298,#2299,#2300,#2301,#2302,#2303,#2304,#2305,#2306,#2307,#2308,
#2309,#2310,#2311,#2312,#2313,#2314,#2315,#2316,#2317,#2318,#2319,#2320,
#2321,#2322,#2323,#2324,#2325,#2326));
#2328=DERIVED_UNIT_ELEMENT(#2330,1.);
#2329=DERIVED_UNIT_ELEMENT(#3809,-3.);
#2330=(
MASS_UNIT()
NAMED_UNIT(*)
SI_UNIT(.KILO.,.GRAM.)
);
#2331=DERIVED_UNIT((#2328,#2329));
#2332=MEASURE_REPRESENTATION_ITEM('density measure',
POSITIVE_RATIO_MEASURE(7850.),#2331);
#2333=PROPERTY_DEFINITION_REPRESENTATION(#2338,#2335);
#2334=PROPERTY_DEFINITION_REPRESENTATION(#2339,#2336);
#2335=REPRESENTATION('material name',(#2337),#3806);
#2336=REPRESENTATION('density',(#2332),#3806);
#2337=DESCRIPTIVE_REPRESENTATION_ITEM('Steel','Steel');
#2338=PROPERTY_DEFINITION('material property','material name',#3816);
#2339=PROPERTY_DEFINITION('material property','density of part',#3816);
#2340=AXIS2_PLACEMENT_3D('',#3145,#2523,#2524);
#2341=AXIS2_PLACEMENT_3D('',#3146,#2525,#2526);
#2342=AXIS2_PLACEMENT_3D('',#3148,#2527,#2528);
#2343=AXIS2_PLACEMENT_3D('',#3151,#2530,#2531);
#2344=AXIS2_PLACEMENT_3D('',#3152,#2532,#2533);
#2345=AXIS2_PLACEMENT_3D('',#3154,#2534,#2535);
#2346=AXIS2_PLACEMENT_3D('',#3157,#2537,#2538);
#2347=AXIS2_PLACEMENT_3D('',#3158,#2539,#2540);
#2348=AXIS2_PLACEMENT_3D('',#3160,#2541,#2542);
#2349=AXIS2_PLACEMENT_3D('',#3163,#2544,#2545);
#2350=AXIS2_PLACEMENT_3D('',#3164,#2546,#2547);
#2351=AXIS2_PLACEMENT_3D('',#3166,#2548,#2549);
#2352=AXIS2_PLACEMENT_3D('',#3169,#2551,#2552);
#2353=AXIS2_PLACEMENT_3D('',#3170,#2553,#2554);
#2354=AXIS2_PLACEMENT_3D('',#3172,#2555,#2556);
#2355=AXIS2_PLACEMENT_3D('',#3175,#2558,#2559);
#2356=AXIS2_PLACEMENT_3D('',#3176,#2560,#2561);
#2357=AXIS2_PLACEMENT_3D('',#3178,#2562,#2563);
#2358=AXIS2_PLACEMENT_3D('',#3181,#2565,#2566);
#2359=AXIS2_PLACEMENT_3D('',#3182,#2567,#2568);
#2360=AXIS2_PLACEMENT_3D('',#3184,#2569,#2570);
#2361=AXIS2_PLACEMENT_3D('',#3187,#2572,#2573);
#2362=AXIS2_PLACEMENT_3D('',#3188,#2574,#2575);
#2363=AXIS2_PLACEMENT_3D('',#3190,#2576,#2577);
#2364=AXIS2_PLACEMENT_3D('',#3193,#2579,#2580);
#2365=AXIS2_PLACEMENT_3D('',#3194,#2581,#2582);
#2366=AXIS2_PLACEMENT_3D('',#3196,#2583,#2584);
#2367=AXIS2_PLACEMENT_3D('',#3199,#2586,#2587);
#2368=AXIS2_PLACEMENT_3D('',#3200,#2588,#2589);
#2369=AXIS2_PLACEMENT_3D('',#3202,#2590,#2591);
#2370=AXIS2_PLACEMENT_3D('',#3205,#2593,#2594);
#2371=AXIS2_PLACEMENT_3D('',#3206,#2595,#2596);
#2372=AXIS2_PLACEMENT_3D('',#3208,#2597,#2598);
#2373=AXIS2_PLACEMENT_3D('',#3211,#2600,#2601);
#2374=AXIS2_PLACEMENT_3D('',#3212,#2602,#2603);
#2375=AXIS2_PLACEMENT_3D('',#3214,#2604,#2605);
#2376=AXIS2_PLACEMENT_3D('',#3217,#2607,#2608);
#2377=AXIS2_PLACEMENT_3D('',#3218,#2609,#2610);
#2378=AXIS2_PLACEMENT_3D('',#3227,#2615,#2616);
#2379=AXIS2_PLACEMENT_3D('',#3233,#2620,#2621);
#2380=AXIS2_PLACEMENT_3D('',#3239,#2625,#2626);
#2381=AXIS2_PLACEMENT_3D('',#3248,#2631,#2632);
#2382=AXIS2_PLACEMENT_3D('',#3257,#2637,#2638);
#2383=AXIS2_PLACEMENT_3D('',#3260,#2641,#2642);
#2384=AXIS2_PLACEMENT_3D('',#3269,#2647,#2648);
#2385=AXIS2_PLACEMENT_3D('',#3275,#2652,#2653);
#2386=AXIS2_PLACEMENT_3D('',#3281,#2657,#2658);
#2387=AXIS2_PLACEMENT_3D('',#3290,#2663,#2664);
#2388=AXIS2_PLACEMENT_3D('',#3299,#2669,#2670);
#2389=AXIS2_PLACEMENT_3D('',#3302,#2673,#2674);
#2390=AXIS2_PLACEMENT_3D('',#3311,#2679,#2680);
#2391=AXIS2_PLACEMENT_3D('',#3317,#2684,#2685);
#2392=AXIS2_PLACEMENT_3D('',#3323,#2689,#2690);
#2393=AXIS2_PLACEMENT_3D('',#3332,#2695,#2696);
#2394=AXIS2_PLACEMENT_3D('',#3341,#2701,#2702);
#2395=AXIS2_PLACEMENT_3D('',#3344,#2705,#2706);
#2396=AXIS2_PLACEMENT_3D('',#3353,#2711,#2712);
#2397=AXIS2_PLACEMENT_3D('',#3359,#2716,#2717);
#2398=AXIS2_PLACEMENT_3D('',#3365,#2721,#2722);
#2399=AXIS2_PLACEMENT_3D('',#3374,#2727,#2728);
#2400=AXIS2_PLACEMENT_3D('',#3383,#2733,#2734);
#2401=AXIS2_PLACEMENT_3D('',#3386,#2737,#2738);
#2402=AXIS2_PLACEMENT_3D('',#3392,#2742,#2743);
#2403=AXIS2_PLACEMENT_3D('',#3395,#2746,#2747);
#2404=AXIS2_PLACEMENT_3D('',#3398,#2750,#2751);
#2405=AXIS2_PLACEMENT_3D('',#3404,#2755,#2756);
#2406=AXIS2_PLACEMENT_3D('',#3452,#2783,#2784);
#2407=AXIS2_PLACEMENT_3D('',#3457,#2786,#2787);
#2408=AXIS2_PLACEMENT_3D('',#3461,#2789,#2790);
#2409=AXIS2_PLACEMENT_3D('',#3465,#2792,#2793);
#2410=AXIS2_PLACEMENT_3D('',#3468,#2795,#2796);
#2411=AXIS2_PLACEMENT_3D('',#3470,#2797,#2798);
#2412=AXIS2_PLACEMENT_3D('',#3475,#2800,#2801);
#2413=AXIS2_PLACEMENT_3D('',#3479,#2803,#2804);
#2414=AXIS2_PLACEMENT_3D('',#3483,#2806,#2807);
#2415=AXIS2_PLACEMENT_3D('',#3486,#2809,#2810);
#2416=AXIS2_PLACEMENT_3D('',#3488,#2811,#2812);
#2417=AXIS2_PLACEMENT_3D('',#3493,#2814,#2815);
#2418=AXIS2_PLACEMENT_3D('',#3497,#2817,#2818);
#2419=AXIS2_PLACEMENT_3D('',#3501,#2820,#2821);
#2420=AXIS2_PLACEMENT_3D('',#3504,#2823,#2824);
#2421=AXIS2_PLACEMENT_3D('',#3509,#2826,#2827);
#2422=AXIS2_PLACEMENT_3D('',#3513,#2829,#2830);
#2423=AXIS2_PLACEMENT_3D('',#3517,#2832,#2833);
#2424=AXIS2_PLACEMENT_3D('',#3520,#2835,#2836);
#2425=AXIS2_PLACEMENT_3D('',#3522,#2837,#2838);
#2426=AXIS2_PLACEMENT_3D('',#3527,#2840,#2841);
#2427=AXIS2_PLACEMENT_3D('',#3531,#2843,#2844);
#2428=AXIS2_PLACEMENT_3D('',#3535,#2846,#2847);
#2429=AXIS2_PLACEMENT_3D('',#3538,#2849,#2850);
#2430=AXIS2_PLACEMENT_3D('',#3539,#2851,#2852);
#2431=AXIS2_PLACEMENT_3D('',#3543,#2855,#2856);
#2432=AXIS2_PLACEMENT_3D('',#3545,#2858,#2859);
#2433=AXIS2_PLACEMENT_3D('',#3547,#2861,#2862);
#2434=AXIS2_PLACEMENT_3D('',#3551,#2865,#2866);
#2435=AXIS2_PLACEMENT_3D('',#3596,#2890,#2891);
#2436=AXIS2_PLACEMENT_3D('',#3600,#2893,#2894);
#2437=AXIS2_PLACEMENT_3D('',#3604,#2896,#2897);
#2438=AXIS2_PLACEMENT_3D('',#3607,#2899,#2900);
#2439=AXIS2_PLACEMENT_3D('',#3609,#2901,#2902);
#2440=AXIS2_PLACEMENT_3D('',#3612,#2903,#2904);
#2441=AXIS2_PLACEMENT_3D('',#3616,#2906,#2907);
#2442=AXIS2_PLACEMENT_3D('',#3620,#2909,#2910);
#2443=AXIS2_PLACEMENT_3D('',#3624,#2912,#2913);
#2444=AXIS2_PLACEMENT_3D('',#3628,#2915,#2916);
#2445=AXIS2_PLACEMENT_3D('',#3632,#2918,#2919);
#2446=AXIS2_PLACEMENT_3D('',#3636,#2921,#2922);
#2447=AXIS2_PLACEMENT_3D('',#3640,#2924,#2925);
#2448=AXIS2_PLACEMENT_3D('',#3643,#2927,#2928);
#2449=AXIS2_PLACEMENT_3D('',#3646,#2929,#2930);
#2450=AXIS2_PLACEMENT_3D('',#3650,#2932,#2933);
#2451=AXIS2_PLACEMENT_3D('',#3654,#2935,#2936);
#2452=AXIS2_PLACEMENT_3D('',#3658,#2938,#2939);
#2453=AXIS2_PLACEMENT_3D('',#3661,#2941,#2942);
#2454=AXIS2_PLACEMENT_3D('',#3664,#2943,#2944);
#2455=AXIS2_PLACEMENT_3D('',#3668,#2946,#2947);
#2456=AXIS2_PLACEMENT_3D('',#3672,#2949,#2950);
#2457=AXIS2_PLACEMENT_3D('',#3676,#2952,#2953);
#2458=AXIS2_PLACEMENT_3D('',#3679,#2955,#2956);
#2459=AXIS2_PLACEMENT_3D('',#3680,#2957,#2958);
#2460=AXIS2_PLACEMENT_3D('',#3683,#2961,#2962);
#2461=AXIS2_PLACEMENT_3D('',#3685,#2964,#2965);
#2462=AXIS2_PLACEMENT_3D('',#3687,#2967,#2968);
#2463=AXIS2_PLACEMENT_3D('',#3689,#2970,#2971);
#2464=AXIS2_PLACEMENT_3D('',#3691,#2973,#2974);
#2465=AXIS2_PLACEMENT_3D('',#3694,#2977,#2978);
#2466=AXIS2_PLACEMENT_3D('',#3696,#2980,#2981);
#2467=AXIS2_PLACEMENT_3D('',#3698,#2983,#2984);
#2468=AXIS2_PLACEMENT_3D('',#3700,#2986,#2987);
#2469=AXIS2_PLACEMENT_3D('',#3702,#2989,#2990);
#2470=AXIS2_PLACEMENT_3D('',#3705,#2993,#2994);
#2471=AXIS2_PLACEMENT_3D('',#3707,#2996,#2997);
#2472=AXIS2_PLACEMENT_3D('',#3710,#3000,#3001);
#2473=AXIS2_PLACEMENT_3D('',#3712,#3003,#3004);
#2474=AXIS2_PLACEMENT_3D('',#3715,#3007,#3008);
#2475=AXIS2_PLACEMENT_3D('',#3717,#3010,#3011);
#2476=AXIS2_PLACEMENT_3D('',#3720,#3014,#3015);
#2477=AXIS2_PLACEMENT_3D('',#3722,#3017,#3018);
#2478=AXIS2_PLACEMENT_3D('',#3724,#3020,#3021);
#2479=AXIS2_PLACEMENT_3D('',#3726,#3023,#3024);
#2480=AXIS2_PLACEMENT_3D('',#3728,#3026,#3027);
#2481=AXIS2_PLACEMENT_3D('',#3730,#3029,#3030);
#2482=AXIS2_PLACEMENT_3D('',#3733,#3033,#3034);
#2483=AXIS2_PLACEMENT_3D('',#3735,#3036,#3037);
#2484=AXIS2_PLACEMENT_3D('',#3738,#3040,#3041);
#2485=AXIS2_PLACEMENT_3D('',#3740,#3043,#3044);
#2486=AXIS2_PLACEMENT_3D('',#3743,#3047,#3048);
#2487=AXIS2_PLACEMENT_3D('',#3745,#3050,#3051);
#2488=AXIS2_PLACEMENT_3D('',#3748,#3054,#3055);
#2489=AXIS2_PLACEMENT_3D('',#3750,#3057,#3058);
#2490=AXIS2_PLACEMENT_3D('',#3752,#3060,#3061);
#2491=AXIS2_PLACEMENT_3D('',#3754,#3063,#3064);
#2492=AXIS2_PLACEMENT_3D('',#3756,#3066,#3067);
#2493=AXIS2_PLACEMENT_3D('',#3758,#3069,#3070);
#2494=AXIS2_PLACEMENT_3D('',#3759,#3071,#3072);
#2495=AXIS2_PLACEMENT_3D('',#3760,#3073,#3074);
#2496=AXIS2_PLACEMENT_3D('',#3761,#3075,#3076);
#2497=AXIS2_PLACEMENT_3D('',#3762,#3077,#3078);
#2498=AXIS2_PLACEMENT_3D('',#3763,#3079,#3080);
#2499=AXIS2_PLACEMENT_3D('',#3764,#3081,#3082);
#2500=AXIS2_PLACEMENT_3D('',#3765,#3083,#3084);
#2501=AXIS2_PLACEMENT_3D('',#3766,#3085,#3086);
#2502=AXIS2_PLACEMENT_3D('',#3767,#3087,#3088);
#2503=AXIS2_PLACEMENT_3D('',#3770,#3091,#3092);
#2504=AXIS2_PLACEMENT_3D('',#3772,#3094,#3095);
#2505=AXIS2_PLACEMENT_3D('',#3775,#3098,#3099);
#2506=AXIS2_PLACEMENT_3D('',#3776,#3100,#3101);
#2507=AXIS2_PLACEMENT_3D('',#3778,#3103,#3104);
#2508=AXIS2_PLACEMENT_3D('',#3780,#3106,#3107);
#2509=AXIS2_PLACEMENT_3D('',#3782,#3109,#3110);
#2510=AXIS2_PLACEMENT_3D('',#3783,#3111,#3112);
#2511=AXIS2_PLACEMENT_3D('',#3784,#3113,#3114);
#2512=AXIS2_PLACEMENT_3D('',#3786,#3116,#3117);
#2513=AXIS2_PLACEMENT_3D('',#3788,#3119,#3120);
#2514=AXIS2_PLACEMENT_3D('',#3790,#3122,#3123);
#2515=AXIS2_PLACEMENT_3D('',#3792,#3125,#3126);
#2516=AXIS2_PLACEMENT_3D('',#3794,#3128,#3129);
#2517=AXIS2_PLACEMENT_3D('',#3796,#3131,#3132);
#2518=AXIS2_PLACEMENT_3D('',#3797,#3133,#3134);
#2519=AXIS2_PLACEMENT_3D('',#3799,#3136,#3137);
#2520=AXIS2_PLACEMENT_3D('',#3800,#3138,#3139);
#2521=AXIS2_PLACEMENT_3D('',#3802,#3141,#3142);
#2522=AXIS2_PLACEMENT_3D('',#3803,#3143,#3144);
#2523=DIRECTION('axis',(0.,0.,1.));
#2524=DIRECTION('refdir',(1.,0.,0.));
#2525=DIRECTION('center_axis',(0.,0.,-1.));
#2526=DIRECTION('ref_axis',(-1.,0.,0.));
#2527=DIRECTION('center_axis',(0.,0.,-1.));
#2528=DIRECTION('ref_axis',(-1.,0.,0.));
#2529=DIRECTION('',(0.,0.,-1.));
#2530=DIRECTION('center_axis',(0.,0.,1.));
#2531=DIRECTION('ref_axis',(-1.,0.,0.));
#2532=DIRECTION('center_axis',(0.,0.,-1.));
#2533=DIRECTION('ref_axis',(-1.,0.,0.));
#2534=DIRECTION('center_axis',(0.,0.,-1.));
#2535=DIRECTION('ref_axis',(-1.,0.,0.));
#2536=DIRECTION('',(0.,0.,-1.));
#2537=DIRECTION('center_axis',(0.,0.,1.));
#2538=DIRECTION('ref_axis',(-1.,0.,0.));
#2539=DIRECTION('center_axis',(0.,0.,-1.));
#2540=DIRECTION('ref_axis',(-1.,0.,0.));
#2541=DIRECTION('center_axis',(0.,0.,-1.));
#2542=DIRECTION('ref_axis',(-1.,0.,0.));
#2543=DIRECTION('',(0.,0.,-1.));
#2544=DIRECTION('center_axis',(0.,0.,1.));
#2545=DIRECTION('ref_axis',(-1.,0.,0.));
#2546=DIRECTION('center_axis',(0.,0.,-1.));
#2547=DIRECTION('ref_axis',(-1.,0.,0.));
#2548=DIRECTION('center_axis',(0.,0.,-1.));
#2549=DIRECTION('ref_axis',(-1.,0.,0.));
#2550=DIRECTION('',(0.,0.,-1.));
#2551=DIRECTION('center_axis',(0.,0.,1.));
#2552=DIRECTION('ref_axis',(-1.,0.,0.));
#2553=DIRECTION('center_axis',(0.,0.,-1.));
#2554=DIRECTION('ref_axis',(-1.,0.,0.));
#2555=DIRECTION('center_axis',(0.,0.,-1.));
#2556=DIRECTION('ref_axis',(-1.,0.,0.));
#2557=DIRECTION('',(0.,0.,-1.));
#2558=DIRECTION('center_axis',(0.,0.,1.));
#2559=DIRECTION('ref_axis',(-1.,0.,0.));
#2560=DIRECTION('center_axis',(0.,0.,-1.));
#2561=DIRECTION('ref_axis',(-1.,0.,0.));
#2562=DIRECTION('center_axis',(0.,0.,-1.));
#2563=DIRECTION('ref_axis',(-1.,0.,0.));
#2564=DIRECTION('',(0.,0.,-1.));
#2565=DIRECTION('center_axis',(0.,0.,1.));
#2566=DIRECTION('ref_axis',(-1.,0.,0.));
#2567=DIRECTION('center_axis',(0.,0.,-1.));
#2568=DIRECTION('ref_axis',(-1.,0.,0.));
#2569=DIRECTION('center_axis',(0.,0.,-1.));
#2570=DIRECTION('ref_axis',(-1.,0.,0.));
#2571=DIRECTION('',(0.,0.,-1.));
#2572=DIRECTION('center_axis',(0.,0.,1.));
#2573=DIRECTION('ref_axis',(-1.,0.,0.));
#2574=DIRECTION('center_axis',(0.,0.,-1.));
#2575=DIRECTION('ref_axis',(-1.,0.,0.));
#2576=DIRECTION('center_axis',(0.,0.,-1.));
#2577=DIRECTION('ref_axis',(-1.,0.,0.));
#2578=DIRECTION('',(0.,0.,-1.));
#2579=DIRECTION('center_axis',(0.,0.,1.));
#2580=DIRECTION('ref_axis',(-1.,0.,0.));
#2581=DIRECTION('center_axis',(0.,0.,-1.));
#2582=DIRECTION('ref_axis',(-1.,0.,0.));
#2583=DIRECTION('center_axis',(0.,0.,-1.));
#2584=DIRECTION('ref_axis',(-1.,0.,0.));
#2585=DIRECTION('',(0.,0.,-1.));
#2586=DIRECTION('center_axis',(0.,0.,1.));
#2587=DIRECTION('ref_axis',(-1.,0.,0.));
#2588=DIRECTION('center_axis',(0.,0.,-1.));
#2589=DIRECTION('ref_axis',(-1.,0.,0.));
#2590=DIRECTION('center_axis',(0.,0.,-1.));
#2591=DIRECTION('ref_axis',(-1.,0.,0.));
#2592=DIRECTION('',(0.,0.,-1.));
#2593=DIRECTION('center_axis',(0.,0.,1.));
#2594=DIRECTION('ref_axis',(-1.,0.,0.));
#2595=DIRECTION('center_axis',(0.,0.,-1.));
#2596=DIRECTION('ref_axis',(-1.,0.,0.));
#2597=DIRECTION('center_axis',(0.,0.,-1.));
#2598=DIRECTION('ref_axis',(-1.,0.,0.));
#2599=DIRECTION('',(0.,0.,-1.));
#2600=DIRECTION('center_axis',(0.,0.,1.));
#2601=DIRECTION('ref_axis',(-1.,0.,0.));
#2602=DIRECTION('center_axis',(0.,0.,-1.));
#2603=DIRECTION('ref_axis',(-1.,0.,0.));
#2604=DIRECTION('center_axis',(0.,0.,-1.));
#2605=DIRECTION('ref_axis',(-1.,0.,0.));
#2606=DIRECTION('',(0.,0.,-1.));
#2607=DIRECTION('center_axis',(0.,0.,1.));
#2608=DIRECTION('ref_axis',(-1.,0.,0.));
#2609=DIRECTION('center_axis',(-1.,0.,0.));
#2610=DIRECTION('ref_axis',(0.,1.,0.));
#2611=DIRECTION('',(0.,-1.,0.));
#2612=DIRECTION('',(0.,0.,-1.));
#2613=DIRECTION('',(0.,1.,0.));
#2614=DIRECTION('',(0.,0.,-1.));
#2615=DIRECTION('center_axis',(0.,-1.,0.));
#2616=DIRECTION('ref_axis',(-1.,0.,0.));
#2617=DIRECTION('',(1.,0.,0.));
#2618=DIRECTION('',(-1.,0.,0.));
#2619=DIRECTION('',(0.,0.,-1.));
#2620=DIRECTION('center_axis',(1.,0.,0.));
#2621=DIRECTION('ref_axis',(0.,-1.,0.));
#2622=DIRECTION('',(0.,1.,0.));
#2623=DIRECTION('',(0.,-1.,0.));
#2624=DIRECTION('',(0.,0.,1.));
#2625=DIRECTION('center_axis',(1.,0.,0.));
#2626=DIRECTION('ref_axis',(0.,-1.,0.));
#2627=DIRECTION('',(0.,1.,0.));
#2628=DIRECTION('',(0.,0.,-1.));
#2629=DIRECTION('',(0.,-1.,0.));
#2630=DIRECTION('',(0.,0.,1.));
#2631=DIRECTION('center_axis',(-1.,0.,0.));
#2632=DIRECTION('ref_axis',(0.,1.,0.));
#2633=DIRECTION('',(0.,-1.,0.));
#2634=DIRECTION('',(0.,0.,-1.));
#2635=DIRECTION('',(0.,1.,0.));
#2636=DIRECTION('',(0.,0.,-1.));
#2637=DIRECTION('center_axis',(0.,-1.,0.));
#2638=DIRECTION('ref_axis',(-1.,0.,0.));
#2639=DIRECTION('',(1.,0.,0.));
#2640=DIRECTION('',(-1.,0.,0.));
#2641=DIRECTION('center_axis',(1.,1.77635723644703E-15,0.));
#2642=DIRECTION('ref_axis',(1.77635723644703E-15,-1.,0.));
#2643=DIRECTION('',(-1.77635723644703E-15,1.,0.));
#2644=DIRECTION('',(0.,0.,-1.));
#2645=DIRECTION('',(1.77635723644703E-15,-1.,0.));
#2646=DIRECTION('',(0.,0.,-1.));
#2647=DIRECTION('center_axis',(-1.20736752128868E-15,1.,0.));
#2648=DIRECTION('ref_axis',(1.,1.20736752128868E-15,0.));
#2649=DIRECTION('',(-1.,-1.20736752128868E-15,0.));
#2650=DIRECTION('',(1.,1.20736752128868E-15,0.));
#2651=DIRECTION('',(0.,0.,-1.));
#2652=DIRECTION('center_axis',(-1.,-8.88178618223513E-16,0.));
#2653=DIRECTION('ref_axis',(-8.88178618223513E-16,1.,0.));
#2654=DIRECTION('',(8.88178618223513E-16,-1.,0.));
#2655=DIRECTION('',(-8.88178618223513E-16,1.,0.));
#2656=DIRECTION('',(0.,0.,1.));
#2657=DIRECTION('center_axis',(-1.,0.,0.));
#2658=DIRECTION('ref_axis',(0.,1.,0.));
#2659=DIRECTION('',(0.,-1.,0.));
#2660=DIRECTION('',(0.,0.,-1.));
#2661=DIRECTION('',(0.,1.,0.));
#2662=DIRECTION('',(0.,0.,1.));
#2663=DIRECTION('center_axis',(1.,0.,0.));
#2664=DIRECTION('ref_axis',(0.,-1.,0.));
#2665=DIRECTION('',(0.,1.,0.));
#2666=DIRECTION('',(0.,0.,-1.));
#2667=DIRECTION('',(0.,-1.,0.));
#2668=DIRECTION('',(0.,0.,-1.));
#2669=DIRECTION('center_axis',(1.20736752128868E-15,1.,0.));
#2670=DIRECTION('ref_axis',(1.,-1.20736752128868E-15,0.));
#2671=DIRECTION('',(-1.,1.20736752128868E-15,0.));
#2672=DIRECTION('',(1.,-1.20736752128868E-15,0.));
#2673=DIRECTION('center_axis',(-1.,0.,0.));
#2674=DIRECTION('ref_axis',(0.,1.,0.));
#2675=DIRECTION('',(0.,-1.,0.));
#2676=DIRECTION('',(0.,0.,-1.));
#2677=DIRECTION('',(0.,1.,0.));
#2678=DIRECTION('',(0.,0.,-1.));
#2679=DIRECTION('center_axis',(0.,-1.,0.));
#2680=DIRECTION('ref_axis',(-1.,0.,0.));
#2681=DIRECTION('',(1.,0.,0.));
#2682=DIRECTION('',(-1.,0.,0.));
#2683=DIRECTION('',(0.,0.,-1.));
#2684=DIRECTION('center_axis',(1.,0.,0.));
#2685=DIRECTION('ref_axis',(0.,-1.,0.));
#2686=DIRECTION('',(0.,1.,0.));
#2687=DIRECTION('',(0.,-1.,0.));
#2688=DIRECTION('',(0.,0.,1.));
#2689=DIRECTION('center_axis',(1.,0.,0.));
#2690=DIRECTION('ref_axis',(0.,-1.,0.));
#2691=DIRECTION('',(0.,1.,0.));
#2692=DIRECTION('',(0.,0.,-1.));
#2693=DIRECTION('',(0.,-1.,0.));
#2694=DIRECTION('',(0.,0.,1.));
#2695=DIRECTION('center_axis',(-1.,0.,0.));
#2696=DIRECTION('ref_axis',(0.,1.,0.));
#2697=DIRECTION('',(0.,-1.,0.));
#2698=DIRECTION('',(0.,0.,-1.));
#2699=DIRECTION('',(0.,1.,0.));
#2700=DIRECTION('',(0.,0.,-1.));
#2701=DIRECTION('center_axis',(0.,-1.,0.));
#2702=DIRECTION('ref_axis',(-1.,0.,0.));
#2703=DIRECTION('',(1.,0.,0.));
#2704=DIRECTION('',(-1.,0.,0.));
#2705=DIRECTION('center_axis',(1.,0.,0.));
#2706=DIRECTION('ref_axis',(0.,-1.,0.));
#2707=DIRECTION('',(0.,1.,0.));
#2708=DIRECTION('',(0.,0.,-1.));
#2709=DIRECTION('',(0.,-1.,0.));
#2710=DIRECTION('',(0.,0.,-1.));
#2711=DIRECTION('center_axis',(-1.20736752128868E-15,1.,0.));
#2712=DIRECTION('ref_axis',(1.,1.20736752128868E-15,0.));
#2713=DIRECTION('',(-1.,-1.20736752128868E-15,0.));
#2714=DIRECTION('',(1.,1.20736752128868E-15,0.));
#2715=DIRECTION('',(0.,0.,-1.));
#2716=DIRECTION('center_axis',(-1.,0.,0.));
#2717=DIRECTION('ref_axis',(0.,1.,0.));
#2718=DIRECTION('',(0.,-1.,0.));
#2719=DIRECTION('',(0.,1.,0.));
#2720=DIRECTION('',(0.,0.,1.));
#2721=DIRECTION('center_axis',(-1.,7.1054289457881E-15,0.));
#2722=DIRECTION('ref_axis',(7.1054289457881E-15,1.,0.));
#2723=DIRECTION('',(-7.1054289457881E-15,-1.,0.));
#2724=DIRECTION('',(0.,0.,-1.));
#2725=DIRECTION('',(7.1054289457881E-15,1.,0.));
#2726=DIRECTION('',(0.,0.,1.));
#2727=DIRECTION('center_axis',(1.,-7.10542894578811E-15,0.));
#2728=DIRECTION('ref_axis',(-7.10542894578811E-15,-1.,0.));
#2729=DIRECTION('',(7.10542894578811E-15,1.,0.));
#2730=DIRECTION('',(0.,0.,-1.));
#2731=DIRECTION('',(-7.10542894578811E-15,-1.,0.));
#2732=DIRECTION('',(0.,0.,-1.));
#2733=DIRECTION('center_axis',(1.20736752128868E-15,1.,0.));
#2734=DIRECTION('ref_axis',(1.,-1.20736752128868E-15,0.));
#2735=DIRECTION('',(-1.,1.20736752128868E-15,0.));
#2736=DIRECTION('',(1.,-1.20736752128868E-15,0.));
#2737=DIRECTION('center_axis',(-7.105427357601E-17,1.,0.));
#2738=DIRECTION('ref_axis',(-1.,-7.105427357601E-17,0.));
#2739=DIRECTION('',(-1.,-7.105427357601E-17,0.));
#2740=DIRECTION('',(0.,0.,-1.));
#2741=DIRECTION('',(-1.,0.,0.));
#2742=DIRECTION('center_axis',(-7.105427357601E-17,1.,0.));
#2743=DIRECTION('ref_axis',(-1.,-7.105427357601E-17,0.));
#2744=DIRECTION('',(-1.,0.,0.));
#2745=DIRECTION('',(-1.,-7.105427357601E-17,0.));
#2746=DIRECTION('center_axis',(-7.105427357601E-17,1.,0.));
#2747=DIRECTION('ref_axis',(-1.,-7.105427357601E-17,0.));
#2748=DIRECTION('',(-1.,-7.105427357601E-17,0.));
#2749=DIRECTION('',(-1.,0.,0.));
#2750=DIRECTION('center_axis',(-7.105427357601E-17,1.,0.));
#2751=DIRECTION('ref_axis',(-1.,-7.105427357601E-17,0.));
#2752=DIRECTION('',(-1.,0.,0.));
#2753=DIRECTION('',(0.,0.,-1.));
#2754=DIRECTION('',(-1.,-7.105427357601E-17,0.));
#2755=DIRECTION('center_axis',(0.,0.,1.));
#2756=DIRECTION('ref_axis',(1.,0.,0.));
#2757=DIRECTION('',(-1.,0.,0.));
#2758=DIRECTION('',(0.,-1.,0.));
#2759=DIRECTION('',(2.92163953848726E-17,-1.,0.));
#2760=DIRECTION('',(1.,0.,0.));
#2761=DIRECTION('',(-3.46944695195361E-17,-1.,0.));
#2762=DIRECTION('',(1.,0.,0.));
#2763=DIRECTION('',(0.,1.,0.));
#2764=DIRECTION('',(-1.,0.,0.));
#2765=DIRECTION('',(-3.46944695195361E-17,-1.,0.));
#2766=DIRECTION('',(-1.,0.,0.));
#2767=DIRECTION('',(2.92163953848726E-17,-1.,0.));
#2768=DIRECTION('',(0.,-1.,0.));
#2769=DIRECTION('',(1.,0.,0.));
#2770=DIRECTION('',(1.,0.,0.));
#2771=DIRECTION('',(1.,0.,0.));
#2772=DIRECTION('',(1.,0.,0.));
#2773=DIRECTION('',(1.,0.,0.));
#2774=DIRECTION('',(0.,1.,0.));
#2775=DIRECTION('',(-1.,0.,0.));
#2776=DIRECTION('',(0.,1.,0.));
#2777=DIRECTION('',(1.,8.88178419700119E-16,0.));
#2778=DIRECTION('',(0.,1.,0.));
#2779=DIRECTION('',(-1.,0.,0.));
#2780=DIRECTION('',(0.,1.,0.));
#2781=DIRECTION('',(1.,0.,0.));
#2782=DIRECTION('',(0.,1.,0.));
#2783=DIRECTION('center_axis',(0.,0.,-1.));
#2784=DIRECTION('ref_axis',(1.,0.,0.));
#2785=DIRECTION('',(0.,1.,0.));
#2786=DIRECTION('center_axis',(0.,0.,1.));
#2787=DIRECTION('ref_axis',(-0.707106781186546,0.707106781186549,0.));
#2788=DIRECTION('',(1.,0.,0.));
#2789=DIRECTION('center_axis',(0.,0.,1.));
#2790=DIRECTION('ref_axis',(0.707106781186544,0.707106781186551,0.));
#2791=DIRECTION('',(0.,-1.,0.));
#2792=DIRECTION('center_axis',(0.,0.,1.));
#2793=DIRECTION('ref_axis',(0.707106781186546,-0.707106781186549,0.));
#2794=DIRECTION('',(1.,0.,0.));
#2795=DIRECTION('center_axis',(0.,0.,1.));
#2796=DIRECTION('ref_axis',(-0.707106781186548,-0.707106781186547,0.));
#2797=DIRECTION('center_axis',(0.,0.,-1.));
#2798=DIRECTION('ref_axis',(1.,0.,0.));
#2799=DIRECTION('',(0.,-1.,0.));
#2800=DIRECTION('center_axis',(0.,0.,1.));
#2801=DIRECTION('ref_axis',(0.707106781186552,-0.707106781186543,0.));
#2802=DIRECTION('',(-1.,-5.07530525542929E-16,0.));
#2803=DIRECTION('center_axis',(0.,0.,1.));
#2804=DIRECTION('ref_axis',(-0.707106781186552,-0.707106781186543,0.));
#2805=DIRECTION('',(0.,1.,0.));
#2806=DIRECTION('center_axis',(0.,0.,1.));
#2807=DIRECTION('ref_axis',(-0.707106781186554,0.707106781186541,0.));
#2808=DIRECTION('',(-1.,-5.07530525542929E-16,0.));
#2809=DIRECTION('center_axis',(0.,0.,1.));
#2810=DIRECTION('ref_axis',(0.707106781186554,0.707106781186541,0.));
#2811=DIRECTION('center_axis',(0.,0.,-1.));
#2812=DIRECTION('ref_axis',(1.,0.,0.));
#2813=DIRECTION('',(-1.,0.,0.));
#2814=DIRECTION('center_axis',(0.,0.,1.));
#2815=DIRECTION('ref_axis',(-0.707106781186546,-0.707106781186549,0.));
#2816=DIRECTION('',(0.,1.,0.));
#2817=DIRECTION('center_axis',(0.,0.,1.));
#2818=DIRECTION('ref_axis',(-0.707106781186544,0.707106781186551,0.));
#2819=DIRECTION('',(1.,0.,0.));
#2820=DIRECTION('center_axis',(0.,0.,1.));
#2821=DIRECTION('ref_axis',(0.707106781186548,0.707106781186548,0.));
#2822=DIRECTION('',(5.9211894646675E-16,-1.,0.));
#2823=DIRECTION('center_axis',(0.,0.,1.));
#2824=DIRECTION('ref_axis',(0.707106781186546,-0.707106781186549,0.));
#2825=DIRECTION('',(0.,-1.,0.));
#2826=DIRECTION('center_axis',(0.,0.,1.));
#2827=DIRECTION('ref_axis',(0.707106781186546,-0.707106781186549,0.));
#2828=DIRECTION('',(1.,0.,0.));
#2829=DIRECTION('center_axis',(0.,0.,1.));
#2830=DIRECTION('ref_axis',(-0.707106781186547,-0.707106781186548,0.));
#2831=DIRECTION('',(0.,1.,0.));
#2832=DIRECTION('center_axis',(0.,0.,1.));
#2833=DIRECTION('ref_axis',(-0.707106781186544,0.707106781186551,0.));
#2834=DIRECTION('',(1.,0.,0.));
#2835=DIRECTION('center_axis',(0.,0.,1.));
#2836=DIRECTION('ref_axis',(0.707106781186544,0.707106781186551,0.));
#2837=DIRECTION('center_axis',(0.,0.,-1.));
#2838=DIRECTION('ref_axis',(1.,0.,0.));
#2839=DIRECTION('',(0.,1.,0.));
#2840=DIRECTION('center_axis',(0.,0.,1.));
#2841=DIRECTION('ref_axis',(-0.707106781186541,0.707106781186554,0.));
#2842=DIRECTION('',(-1.,-4.44089203232618E-16,0.));
#2843=DIRECTION('center_axis',(0.,0.,1.));
#2844=DIRECTION('ref_axis',(0.707106781186541,0.707106781186554,0.));
#2845=DIRECTION('',(0.,-1.,0.));
#2846=DIRECTION('center_axis',(0.,0.,1.));
#2847=DIRECTION('ref_axis',(0.70710678118654,-0.707106781186555,0.));
#2848=DIRECTION('',(-1.,-4.44089203232618E-16,0.));
#2849=DIRECTION('center_axis',(0.,0.,1.));
#2850=DIRECTION('ref_axis',(-0.707106781186546,-0.707106781186549,0.));
#2851=DIRECTION('center_axis',(0.,-1.,0.));
#2852=DIRECTION('ref_axis',(1.,0.,0.));
#2853=DIRECTION('',(1.,0.,0.));
#2854=DIRECTION('',(0.,0.,-1.));
#2855=DIRECTION('center_axis',(0.,-1.,0.));
#2856=DIRECTION('ref_axis',(1.,0.,0.));
#2857=DIRECTION('',(1.,0.,0.));
#2858=DIRECTION('center_axis',(0.,-1.,0.));
#2859=DIRECTION('ref_axis',(1.,0.,0.));
#2860=DIRECTION('',(1.,0.,0.));
#2861=DIRECTION('center_axis',(0.,-1.,0.));
#2862=DIRECTION('ref_axis',(1.,0.,0.));
#2863=DIRECTION('',(0.,0.,-1.));
#2864=DIRECTION('',(1.,0.,0.));
#2865=DIRECTION('center_axis',(0.,0.,1.));
#2866=DIRECTION('ref_axis',(1.,0.,0.));
#2867=DIRECTION('',(0.,1.,0.));
#2868=DIRECTION('',(1.,0.,0.));
#2869=DIRECTION('',(0.,1.,0.));
#2870=DIRECTION('',(-1.,0.,0.));
#2871=DIRECTION('',(0.,1.,0.));
#2872=DIRECTION('',(1.,8.88178419700119E-16,0.));
#2873=DIRECTION('',(0.,1.,0.));
#2874=DIRECTION('',(-1.,0.,0.));
#2875=DIRECTION('',(0.,1.,0.));
#2876=DIRECTION('',(1.,0.,0.));
#2877=DIRECTION('',(0.,-1.,0.));
#2878=DIRECTION('',(2.92163953848726E-17,-1.,0.));
#2879=DIRECTION('',(-1.,0.,0.));
#2880=DIRECTION('',(-3.46944695195361E-17,-1.,0.));
#2881=DIRECTION('',(1.,0.,0.));
#2882=DIRECTION('',(0.,-1.,0.));
#2883=DIRECTION('',(-1.,0.,0.));
#2884=DIRECTION('',(-3.46944695195361E-17,-1.,0.));
#2885=DIRECTION('',(1.,0.,0.));
#2886=DIRECTION('',(2.92163953848726E-17,-1.,0.));
#2887=DIRECTION('',(0.,-1.,0.));
#2888=DIRECTION('',(-1.,-7.105427357601E-17,0.));
#2889=DIRECTION('',(0.,-1.,0.));
#2890=DIRECTION('center_axis',(0.,0.,-1.));
#2891=DIRECTION('ref_axis',(0.707106781186541,0.707106781186554,0.));
#2892=DIRECTION('',(1.,4.44089203232618E-16,0.));
#2893=DIRECTION('center_axis',(0.,0.,-1.));
#2894=DIRECTION('ref_axis',(-0.707106781186541,0.707106781186554,0.));
#2895=DIRECTION('',(0.,1.,0.));
#2896=DIRECTION('center_axis',(0.,0.,-1.));
#2897=DIRECTION('ref_axis',(-0.707106781186546,-0.707106781186549,0.));
#2898=DIRECTION('',(-1.,-4.44089203232618E-16,0.));
#2899=DIRECTION('center_axis',(0.,0.,-1.));
#2900=DIRECTION('ref_axis',(0.70710678118654,-0.707106781186555,0.));
#2901=DIRECTION('center_axis',(0.,0.,-1.));
#2902=DIRECTION('ref_axis',(1.,0.,0.));
#2903=DIRECTION('center_axis',(0.,0.,-1.));
#2904=DIRECTION('ref_axis',(-0.707106781186547,-0.707106781186548,0.));
#2905=DIRECTION('',(-1.,0.,0.));
#2906=DIRECTION('center_axis',(0.,0.,-1.));
#2907=DIRECTION('ref_axis',(0.707106781186546,-0.707106781186549,0.));
#2908=DIRECTION('',(0.,-1.,0.));
#2909=DIRECTION('center_axis',(0.,0.,-1.));
#2910=DIRECTION('ref_axis',(0.707106781186544,0.707106781186551,0.));
#2911=DIRECTION('',(1.,0.,0.));
#2912=DIRECTION('center_axis',(0.,0.,-1.));
#2913=DIRECTION('ref_axis',(-0.707106781186544,0.707106781186551,0.));
#2914=DIRECTION('',(0.,1.,0.));
#2915=DIRECTION('center_axis',(0.,0.,-1.));
#2916=DIRECTION('ref_axis',(0.707106781186546,-0.707106781186549,0.));
#2917=DIRECTION('',(5.9211894646675E-16,-1.,0.));
#2918=DIRECTION('center_axis',(0.,0.,-1.));
#2919=DIRECTION('ref_axis',(0.707106781186548,0.707106781186548,0.));
#2920=DIRECTION('',(1.,0.,0.));
#2921=DIRECTION('center_axis',(0.,0.,-1.));
#2922=DIRECTION('ref_axis',(-0.707106781186544,0.707106781186551,0.));
#2923=DIRECTION('',(0.,1.,0.));
#2924=DIRECTION('center_axis',(0.,0.,-1.));
#2925=DIRECTION('ref_axis',(-0.707106781186546,-0.707106781186549,0.));
#2926=DIRECTION('',(-1.,0.,0.));
#2927=DIRECTION('center_axis',(0.,0.,-1.));
#2928=DIRECTION('ref_axis',(1.,0.,0.));
#2929=DIRECTION('center_axis',(0.,0.,-1.));
#2930=DIRECTION('ref_axis',(-0.707106781186552,-0.707106781186543,0.));
#2931=DIRECTION('',(-1.,-5.07530525542929E-16,0.));
#2932=DIRECTION('center_axis',(0.,0.,-1.));
#2933=DIRECTION('ref_axis',(0.707106781186552,-0.707106781186543,0.));
#2934=DIRECTION('',(0.,-1.,0.));
#2935=DIRECTION('center_axis',(0.,0.,-1.));
#2936=DIRECTION('ref_axis',(0.707106781186554,0.707106781186541,0.));
#2937=DIRECTION('',(1.,5.07530525542929E-16,0.));
#2938=DIRECTION('center_axis',(0.,0.,-1.));
#2939=DIRECTION('ref_axis',(-0.707106781186554,0.707106781186541,0.));
#2940=DIRECTION('',(0.,1.,0.));
#2941=DIRECTION('center_axis',(0.,0.,-1.));
#2942=DIRECTION('ref_axis',(1.,0.,0.));
#2943=DIRECTION('center_axis',(0.,0.,-1.));
#2944=DIRECTION('ref_axis',(0.707106781186544,0.707106781186551,0.));
#2945=DIRECTION('',(1.,0.,0.));
#2946=DIRECTION('center_axis',(0.,0.,-1.));
#2947=DIRECTION('ref_axis',(-0.707106781186546,0.707106781186549,0.));
#2948=DIRECTION('',(0.,1.,0.));
#2949=DIRECTION('center_axis',(0.,0.,-1.));
#2950=DIRECTION('ref_axis',(-0.707106781186548,-0.707106781186547,0.));
#2951=DIRECTION('',(-1.,0.,0.));
#2952=DIRECTION('center_axis',(0.,0.,-1.));
#2953=DIRECTION('ref_axis',(0.707106781186546,-0.707106781186549,0.));
#2954=DIRECTION('',(0.,-1.,0.));
#2955=DIRECTION('center_axis',(0.,0.,-1.));
#2956=DIRECTION('ref_axis',(1.,0.,0.));
#2957=DIRECTION('center_axis',(8.88178419700119E-16,-1.,0.));
#2958=DIRECTION('ref_axis',(-1.,-8.88178419700119E-16,0.));
#2959=DIRECTION('',(0.,0.,-1.));
#2960=DIRECTION('',(0.,0.,1.));
#2961=DIRECTION('center_axis',(1.,0.,0.));
#2962=DIRECTION('ref_axis',(0.,-1.,0.));
#2963=DIRECTION('',(0.,0.,-1.));
#2964=DIRECTION('center_axis',(0.,1.,0.));
#2965=DIRECTION('ref_axis',(1.,0.,0.));
#2966=DIRECTION('',(0.,0.,-1.));
#2967=DIRECTION('center_axis',(1.,0.,0.));
#2968=DIRECTION('ref_axis',(0.,1.,0.));
#2969=DIRECTION('',(0.,0.,1.));
#2970=DIRECTION('center_axis',(1.,0.,0.));
#2971=DIRECTION('ref_axis',(0.,1.,0.));
#2972=DIRECTION('',(0.,0.,1.));
#2973=DIRECTION('center_axis',(0.,1.,0.));
#2974=DIRECTION('ref_axis',(1.,0.,0.));
#2975=DIRECTION('',(0.,0.,-1.));
#2976=DIRECTION('',(0.,0.,1.));
#2977=DIRECTION('center_axis',(-1.,0.,0.));
#2978=DIRECTION('ref_axis',(0.,1.,0.));
#2979=DIRECTION('',(0.,0.,-1.));
#2980=DIRECTION('center_axis',(0.,-1.,0.));
#2981=DIRECTION('ref_axis',(-1.,0.,0.));
#2982=DIRECTION('',(0.,0.,-1.));
#2983=DIRECTION('center_axis',(-1.,3.46944695195361E-17,0.));
#2984=DIRECTION('ref_axis',(-3.46944695195361E-17,-1.,0.));
#2985=DIRECTION('',(0.,0.,1.));
#2986=DIRECTION('center_axis',(-1.,3.46944695195361E-17,0.));
#2987=DIRECTION('ref_axis',(-3.46944695195361E-17,-1.,0.));
#2988=DIRECTION('',(0.,0.,1.));
#2989=DIRECTION('center_axis',(0.,0.,-1.));
#2990=DIRECTION('ref_axis',(-0.707106781186548,-0.707106781186547,0.));
#2991=DIRECTION('',(0.,0.,-1.));
#2992=DIRECTION('',(0.,0.,1.));
#2993=DIRECTION('center_axis',(0.,1.,0.));
#2994=DIRECTION('ref_axis',(1.,0.,0.));
#2995=DIRECTION('',(0.,0.,1.));
#2996=DIRECTION('center_axis',(0.,0.,-1.));
#2997=DIRECTION('ref_axis',(-0.707106781186547,-0.707106781186548,0.));
#2998=DIRECTION('',(0.,0.,-1.));
#2999=DIRECTION('',(0.,0.,1.));
#3000=DIRECTION('center_axis',(0.,1.,0.));
#3001=DIRECTION('ref_axis',(1.,0.,0.));
#3002=DIRECTION('',(0.,0.,1.));
#3003=DIRECTION('center_axis',(0.,0.,-1.));
#3004=DIRECTION('ref_axis',(-0.707106781186546,-0.707106781186549,0.));
#3005=DIRECTION('',(0.,0.,-1.));
#3006=DIRECTION('',(0.,0.,1.));
#3007=DIRECTION('center_axis',(-4.44089203232618E-16,1.,0.));
#3008=DIRECTION('ref_axis',(1.,4.44089203232618E-16,0.));
#3009=DIRECTION('',(0.,0.,1.));
#3010=DIRECTION('center_axis',(0.,0.,-1.));
#3011=DIRECTION('ref_axis',(-0.707106781186552,-0.707106781186543,0.));
#3012=DIRECTION('',(0.,0.,-1.));
#3013=DIRECTION('',(0.,0.,1.));
#3014=DIRECTION('center_axis',(-5.07530525542929E-16,1.,0.));
#3015=DIRECTION('ref_axis',(1.,5.07530525542929E-16,0.));
#3016=DIRECTION('',(0.,0.,1.));
#3017=DIRECTION('center_axis',(0.,0.,1.));
#3018=DIRECTION('ref_axis',(0.707106781186546,-0.707106781186549,0.));
#3019=DIRECTION('',(0.,0.,-1.));
#3020=DIRECTION('center_axis',(0.,0.,1.));
#3021=DIRECTION('ref_axis',(0.707106781186546,-0.707106781186549,0.));
#3022=DIRECTION('',(0.,0.,-1.));
#3023=DIRECTION('center_axis',(0.,0.,1.));
#3024=DIRECTION('ref_axis',(0.70710678118654,-0.707106781186555,0.));
#3025=DIRECTION('',(0.,0.,-1.));
#3026=DIRECTION('center_axis',(0.,0.,1.));
#3027=DIRECTION('ref_axis',(0.707106781186552,-0.707106781186543,0.));
#3028=DIRECTION('',(0.,0.,-1.));
#3029=DIRECTION('center_axis',(0.,0.,-1.));
#3030=DIRECTION('ref_axis',(0.707106781186554,0.707106781186541,0.));
#3031=DIRECTION('',(0.,0.,-1.));
#3032=DIRECTION('',(0.,0.,1.));
#3033=DIRECTION('center_axis',(5.07530525542929E-16,-1.,0.));
#3034=DIRECTION('ref_axis',(-1.,-5.07530525542929E-16,0.));
#3035=DIRECTION('',(0.,0.,1.));
#3036=DIRECTION('center_axis',(0.,0.,-1.));
#3037=DIRECTION('ref_axis',(0.707106781186541,0.707106781186554,0.));
#3038=DIRECTION('',(0.,0.,-1.));
#3039=DIRECTION('',(0.,0.,1.));
#3040=DIRECTION('center_axis',(4.44089203232618E-16,-1.,0.));
#3041=DIRECTION('ref_axis',(-1.,-4.44089203232618E-16,0.));
#3042=DIRECTION('',(0.,0.,1.));
#3043=DIRECTION('center_axis',(0.,0.,-1.));
#3044=DIRECTION('ref_axis',(0.707106781186544,0.707106781186551,0.));
#3045=DIRECTION('',(0.,0.,-1.));
#3046=DIRECTION('',(0.,0.,1.));
#3047=DIRECTION('center_axis',(0.,-1.,0.));
#3048=DIRECTION('ref_axis',(-1.,0.,0.));
#3049=DIRECTION('',(0.,0.,1.));
#3050=DIRECTION('center_axis',(0.,0.,-1.));
#3051=DIRECTION('ref_axis',(0.707106781186544,0.707106781186551,0.));
#3052=DIRECTION('',(0.,0.,-1.));
#3053=DIRECTION('',(0.,0.,1.));
#3054=DIRECTION('center_axis',(0.,-1.,0.));
#3055=DIRECTION('ref_axis',(-1.,0.,0.));
#3056=DIRECTION('',(0.,0.,1.));
#3057=DIRECTION('center_axis',(0.,0.,1.));
#3058=DIRECTION('ref_axis',(-0.707106781186554,0.707106781186541,0.));
#3059=DIRECTION('',(0.,0.,-1.));
#3060=DIRECTION('center_axis',(0.,0.,1.));
#3061=DIRECTION('ref_axis',(-0.707106781186541,0.707106781186554,0.));
#3062=DIRECTION('',(0.,0.,-1.));
#3063=DIRECTION('center_axis',(0.,0.,1.));
#3064=DIRECTION('ref_axis',(-0.707106781186544,0.707106781186551,0.));
#3065=DIRECTION('',(0.,0.,-1.));
#3066=DIRECTION('center_axis',(0.,0.,1.));
#3067=DIRECTION('ref_axis',(-0.707106781186546,0.707106781186549,0.));
#3068=DIRECTION('',(0.,0.,-1.));
#3069=DIRECTION('center_axis',(-1.,0.,0.));
#3070=DIRECTION('ref_axis',(0.,-1.,0.));
#3071=DIRECTION('center_axis',(-1.,0.,0.));
#3072=DIRECTION('ref_axis',(0.,-1.,0.));
#3073=DIRECTION('center_axis',(1.,0.,0.));
#3074=DIRECTION('ref_axis',(0.,1.,0.));
#3075=DIRECTION('center_axis',(-1.,0.,0.));
#3076=DIRECTION('ref_axis',(0.,-1.,0.));
#3077=DIRECTION('center_axis',(1.,0.,0.));
#3078=DIRECTION('ref_axis',(0.,1.,0.));
#3079=DIRECTION('center_axis',(-1.,0.,0.));
#3080=DIRECTION('ref_axis',(0.,-1.,0.));
#3081=DIRECTION('center_axis',(-7.105427357601E-17,1.,0.));
#3082=DIRECTION('ref_axis',(-1.,-7.105427357601E-17,0.));
#3083=DIRECTION('center_axis',(0.,-1.,0.));
#3084=DIRECTION('ref_axis',(1.,0.,0.));
#3085=DIRECTION('center_axis',(1.,0.,0.));
#3086=DIRECTION('ref_axis',(0.,1.,0.));
#3087=DIRECTION('center_axis',(0.,0.,1.));
#3088=DIRECTION('ref_axis',(0.707106781186546,-0.707106781186549,0.));
#3089=DIRECTION('',(0.,0.,1.));
#3090=DIRECTION('',(0.,0.,-1.));
#3091=DIRECTION('center_axis',(0.,1.,0.));
#3092=DIRECTION('ref_axis',(-1.,0.,0.));
#3093=DIRECTION('',(0.,0.,-1.));
#3094=DIRECTION('center_axis',(0.,0.,1.));
#3095=DIRECTION('ref_axis',(0.707106781186548,0.707106781186548,0.));
#3096=DIRECTION('',(0.,0.,1.));
#3097=DIRECTION('',(0.,0.,-1.));
#3098=DIRECTION('center_axis',(-1.,-5.9211894646675E-16,0.));
#3099=DIRECTION('ref_axis',(5.9211894646675E-16,-1.,0.));
#3100=DIRECTION('center_axis',(0.,0.,1.));
#3101=DIRECTION('ref_axis',(-0.707106781186546,-0.707106781186549,0.));
#3102=DIRECTION('',(0.,0.,1.));
#3103=DIRECTION('center_axis',(1.,0.,0.));
#3104=DIRECTION('ref_axis',(0.,1.,0.));
#3105=DIRECTION('',(0.,0.,-1.));
#3106=DIRECTION('center_axis',(0.,0.,1.));
#3107=DIRECTION('ref_axis',(-0.707106781186544,0.707106781186551,0.));
#3108=DIRECTION('',(0.,0.,1.));
#3109=DIRECTION('center_axis',(0.,-1.,0.));
#3110=DIRECTION('ref_axis',(1.,0.,0.));
#3111=DIRECTION('center_axis',(1.,0.,0.));
#3112=DIRECTION('ref_axis',(0.,1.,0.));
#3113=DIRECTION('center_axis',(0.,0.,1.));
#3114=DIRECTION('ref_axis',(1.,0.,0.));
#3115=DIRECTION('',(0.,0.,-1.));
#3116=DIRECTION('center_axis',(0.,0.,1.));
#3117=DIRECTION('ref_axis',(1.,0.,0.));
#3118=DIRECTION('',(0.,0.,-1.));
#3119=DIRECTION('center_axis',(0.,0.,1.));
#3120=DIRECTION('ref_axis',(1.,0.,0.));
#3121=DIRECTION('',(0.,0.,-1.));
#3122=DIRECTION('center_axis',(0.,0.,1.));
#3123=DIRECTION('ref_axis',(1.,0.,0.));
#3124=DIRECTION('',(0.,0.,-1.));
#3125=DIRECTION('center_axis',(1.,0.,0.));
#3126=DIRECTION('ref_axis',(0.,1.,0.));
#3127=DIRECTION('',(0.,0.,1.));
#3128=DIRECTION('center_axis',(-1.,-2.92163953848726E-17,0.));
#3129=DIRECTION('ref_axis',(2.92163953848726E-17,-1.,0.));
#3130=DIRECTION('',(0.,0.,1.));
#3131=DIRECTION('center_axis',(0.,1.,0.));
#3132=DIRECTION('ref_axis',(-1.,0.,0.));
#3133=DIRECTION('center_axis',(0.,-1.,0.));
#3134=DIRECTION('ref_axis',(1.,0.,0.));
#3135=DIRECTION('',(0.,0.,1.));
#3136=DIRECTION('center_axis',(-1.,-2.92163953848726E-17,0.));
#3137=DIRECTION('ref_axis',(2.92163953848726E-17,-1.,0.));
#3138=DIRECTION('center_axis',(1.,0.,0.));
#3139=DIRECTION('ref_axis',(0.,1.,0.));
#3140=DIRECTION('',(0.,0.,1.));
#3141=DIRECTION('center_axis',(0.,-1.,0.));
#3142=DIRECTION('ref_axis',(1.,0.,0.));
#3143=DIRECTION('center_axis',(0.,1.,0.));
#3144=DIRECTION('ref_axis',(-1.,0.,0.));
#3145=CARTESIAN_POINT('',(0.,0.,0.));
#3146=CARTESIAN_POINT('Origin',(243.999999940395,35.999999344349,5.));
#3147=CARTESIAN_POINT('',(245.549999940395,35.999999344349,5.));
#3148=CARTESIAN_POINT('Origin',(243.999999940395,35.999999344349,5.));
#3149=CARTESIAN_POINT('',(245.549999940395,35.999999344349,0.));
#3150=CARTESIAN_POINT('',(245.549999940395,35.999999344349,5.));
#3151=CARTESIAN_POINT('Origin',(243.999999940395,35.999999344349,0.));
#3152=CARTESIAN_POINT('Origin',(44.0000006556511,10.0000000596046,5.));
#3153=CARTESIAN_POINT('',(45.5500006556511,10.0000000596046,5.));
#3154=CARTESIAN_POINT('Origin',(44.0000006556511,10.0000000596046,5.));
#3155=CARTESIAN_POINT('',(45.5500006556511,10.0000000596046,0.));
#3156=CARTESIAN_POINT('',(45.5500006556511,10.0000000596046,5.));
#3157=CARTESIAN_POINT('Origin',(44.0000006556511,10.0000000596046,0.));
#3158=CARTESIAN_POINT('Origin',(44.0000006556511,70.0000011324883,5.));
#3159=CARTESIAN_POINT('',(45.5500006556511,70.0000011324883,5.));
#3160=CARTESIAN_POINT('Origin',(44.0000006556511,70.0000011324883,5.));
#3161=CARTESIAN_POINT('',(45.5500006556511,70.0000011324883,0.));
#3162=CARTESIAN_POINT('',(45.5500006556511,70.0000011324883,5.));
#3163=CARTESIAN_POINT('Origin',(44.0000006556511,70.0000011324883,0.));
#3164=CARTESIAN_POINT('Origin',(10.0000000596046,44.0000006556511,5.));
#3165=CARTESIAN_POINT('',(11.5500000596046,44.0000006556511,5.));
#3166=CARTESIAN_POINT('Origin',(10.0000000596046,44.0000006556511,5.));
#3167=CARTESIAN_POINT('',(11.5500000596046,44.0000006556511,0.));
#3168=CARTESIAN_POINT('',(11.5500000596046,44.0000006556511,5.));
#3169=CARTESIAN_POINT('Origin',(10.0000000596046,44.0000006556511,0.));
#3170=CARTESIAN_POINT('Origin',(209.999999344349,69.9999999403955,5.));
#3171=CARTESIAN_POINT('',(211.549999344349,69.9999999403955,5.));
#3172=CARTESIAN_POINT('Origin',(209.999999344349,69.9999999403955,5.));
#3173=CARTESIAN_POINT('',(211.549999344349,69.9999999403955,0.));
#3174=CARTESIAN_POINT('',(211.549999344349,69.9999999403955,5.));
#3175=CARTESIAN_POINT('Origin',(209.999999344349,69.9999999403955,0.));
#3176=CARTESIAN_POINT('Origin',(209.999999344349,9.99999886751187,5.));
#3177=CARTESIAN_POINT('',(211.549999344349,9.99999886751187,5.));
#3178=CARTESIAN_POINT('Origin',(209.999999344349,9.99999886751187,5.));
#3179=CARTESIAN_POINT('',(211.549999344349,9.99999886751187,0.));
#3180=CARTESIAN_POINT('',(211.549999344349,9.99999886751187,5.));
#3181=CARTESIAN_POINT('Origin',(209.999999344349,9.99999886751187,0.));
#3182=CARTESIAN_POINT('Origin',(243.999999940395,43.9999994635583,5.));
#3183=CARTESIAN_POINT('',(245.549999940395,43.9999994635583,5.));
#3184=CARTESIAN_POINT('Origin',(243.999999940395,43.9999994635583,5.));
#3185=CARTESIAN_POINT('',(245.549999940395,43.9999994635583,0.));
#3186=CARTESIAN_POINT('',(245.549999940395,43.9999994635583,5.));
#3187=CARTESIAN_POINT('Origin',(243.999999940395,43.9999994635583,0.));
#3188=CARTESIAN_POINT('Origin',(36.0000005364418,10.0000000596046,5.));
#3189=CARTESIAN_POINT('',(37.5500005364418,10.0000000596046,5.));
#3190=CARTESIAN_POINT('Origin',(36.0000005364418,10.0000000596046,5.));
#3191=CARTESIAN_POINT('',(37.5500005364418,10.0000000596046,0.));
#3192=CARTESIAN_POINT('',(37.5500005364418,10.0000000596046,5.));
#3193=CARTESIAN_POINT('Origin',(36.0000005364418,10.0000000596046,0.));
#3194=CARTESIAN_POINT('Origin',(36.0000005364418,70.0000011324883,5.));
#3195=CARTESIAN_POINT('',(37.5500005364418,70.0000011324883,5.));
#3196=CARTESIAN_POINT('Origin',(36.0000005364418,70.0000011324883,5.));
#3197=CARTESIAN_POINT('',(37.5500005364418,70.0000011324883,0.));
#3198=CARTESIAN_POINT('',(37.5500005364418,70.0000011324883,5.));
#3199=CARTESIAN_POINT('Origin',(36.0000005364418,70.0000011324883,0.));
#3200=CARTESIAN_POINT('Origin',(10.0000000596046,36.0000005364418,5.));
#3201=CARTESIAN_POINT('',(11.5500000596046,36.0000005364418,5.));
#3202=CARTESIAN_POINT('Origin',(10.0000000596046,36.0000005364418,5.));
#3203=CARTESIAN_POINT('',(11.5500000596046,36.0000005364418,0.));
#3204=CARTESIAN_POINT('',(11.5500000596046,36.0000005364418,5.));
#3205=CARTESIAN_POINT('Origin',(10.0000000596046,36.0000005364418,0.));
#3206=CARTESIAN_POINT('Origin',(217.999999463558,69.9999999403955,5.));
#3207=CARTESIAN_POINT('',(219.549999463558,69.9999999403955,5.));
#3208=CARTESIAN_POINT('Origin',(217.999999463558,69.9999999403955,5.));
#3209=CARTESIAN_POINT('',(219.549999463558,69.9999999403955,0.));
#3210=CARTESIAN_POINT('',(219.549999463558,69.9999999403955,5.));
#3211=CARTESIAN_POINT('Origin',(217.999999463558,69.9999999403955,0.));
#3212=CARTESIAN_POINT('Origin',(217.999999463558,9.99999886751188,5.));
#3213=CARTESIAN_POINT('',(219.549999463558,9.99999886751188,5.));
#3214=CARTESIAN_POINT('Origin',(217.999999463558,9.99999886751188,5.));
#3215=CARTESIAN_POINT('',(219.549999463558,9.99999886751188,0.));
#3216=CARTESIAN_POINT('',(219.549999463558,9.99999886751188,5.));
#3217=CARTESIAN_POINT('Origin',(217.999999463558,9.99999886751188,0.));
#3218=CARTESIAN_POINT('Origin',(222.000003233552,75.0000011175871,5.));
#3219=CARTESIAN_POINT('',(222.000003233552,80.,0.));
#3220=CARTESIAN_POINT('',(222.000003233552,75.0000011175871,0.));
#3221=CARTESIAN_POINT('',(222.000003233552,57.5000005587935,0.));
#3222=CARTESIAN_POINT('',(222.000003233552,80.,5.));
#3223=CARTESIAN_POINT('',(222.000003233552,80.,2.5));
#3224=CARTESIAN_POINT('',(222.000003233552,75.0000011175871,5.));
#3225=CARTESIAN_POINT('',(222.000003233552,57.5000005587935,5.));
#3226=CARTESIAN_POINT('',(222.000003233552,75.0000011175871,5.));
#3227=CARTESIAN_POINT('Origin',(238.000003471971,75.0000011175871,5.));
#3228=CARTESIAN_POINT('',(238.000003471971,75.0000011175871,0.));
#3229=CARTESIAN_POINT('',(182.500001735985,75.0000011175871,0.));
#3230=CARTESIAN_POINT('',(238.000003471971,75.0000011175871,5.));
#3231=CARTESIAN_POINT('',(182.500001735985,75.0000011175871,5.));
#3232=CARTESIAN_POINT('',(238.000003471971,75.0000011175871,5.));
#3233=CARTESIAN_POINT('Origin',(238.000003471971,80.,5.));
#3234=CARTESIAN_POINT('',(238.000003471971,80.,0.));
#3235=CARTESIAN_POINT('',(238.000003471971,60.,0.));
#3236=CARTESIAN_POINT('',(238.000003471971,80.,5.));
#3237=CARTESIAN_POINT('',(238.000003471971,60.,5.));
#3238=CARTESIAN_POINT('',(238.000003471971,80.,2.5));
#3239=CARTESIAN_POINT('Origin',(64.0000010281801,80.,5.));
#3240=CARTESIAN_POINT('',(64.0000010281801,75.0000011175871,0.));
#3241=CARTESIAN_POINT('',(64.0000010281801,80.,0.));
#3242=CARTESIAN_POINT('',(64.0000010281801,60.,0.));
#3243=CARTESIAN_POINT('',(64.0000010281801,75.0000011175871,5.));
#3244=CARTESIAN_POINT('',(64.0000010281801,75.0000011175871,5.));
#3245=CARTESIAN_POINT('',(64.0000010281801,80.,5.));
#3246=CARTESIAN_POINT('',(64.0000010281801,60.,5.));
#3247=CARTESIAN_POINT('',(64.0000010281801,80.,2.5));
#3248=CARTESIAN_POINT('Origin',(48.0000007897615,75.0000011175871,5.));
#3249=CARTESIAN_POINT('',(48.0000007897615,80.,0.));
#3250=CARTESIAN_POINT('',(48.0000007897615,75.0000011175871,0.));
#3251=CARTESIAN_POINT('',(48.0000007897616,57.5000005587935,0.));
#3252=CARTESIAN_POINT('',(48.0000007897615,80.,5.));
#3253=CARTESIAN_POINT('',(48.0000007897615,80.,2.5));
#3254=CARTESIAN_POINT('',(48.0000007897615,75.0000011175871,5.));
#3255=CARTESIAN_POINT('',(48.0000007897616,57.5000005587935,5.));
#3256=CARTESIAN_POINT('',(48.0000007897615,75.0000011175871,5.));
#3257=CARTESIAN_POINT('Origin',(64.0000010281801,75.0000011175871,5.));
#3258=CARTESIAN_POINT('',(95.5000005140901,75.0000011175871,0.));
#3259=CARTESIAN_POINT('',(95.5000005140901,75.0000011175871,5.));
#3260=CARTESIAN_POINT('Origin',(32.000000551343,4.99999888241295,5.));
#3261=CARTESIAN_POINT('',(32.000000551343,1.90224042756657E-14,0.));
#3262=CARTESIAN_POINT('',(32.000000551343,4.99999888241295,0.));
#3263=CARTESIAN_POINT('',(32.000000551343,22.4999994412064,0.));
#3264=CARTESIAN_POINT('',(32.000000551343,1.90224042756657E-14,5.));
#3265=CARTESIAN_POINT('',(32.000000551343,0.,2.5));
#3266=CARTESIAN_POINT('',(32.000000551343,4.99999888241295,5.));
#3267=CARTESIAN_POINT('',(32.000000551343,22.4999994412064,5.));
#3268=CARTESIAN_POINT('',(32.000000551343,4.99999888241295,5.));
#3269=CARTESIAN_POINT('Origin',(16.0000003129244,4.99999888241293,5.));
#3270=CARTESIAN_POINT('',(16.0000003129244,4.99999888241293,0.));
#3271=CARTESIAN_POINT('',(71.5000001564622,4.99999888241299,0.));
#3272=CARTESIAN_POINT('',(16.0000003129244,4.99999888241293,5.));
#3273=CARTESIAN_POINT('',(71.5000001564622,4.99999888241299,5.));
#3274=CARTESIAN_POINT('',(16.0000003129244,4.99999888241293,5.));
#3275=CARTESIAN_POINT('Origin',(16.0000003129244,5.55111512312578E-16,5.));
#3276=CARTESIAN_POINT('',(16.0000003129244,5.55111512312578E-16,0.));
#3277=CARTESIAN_POINT('',(16.0000003129244,20.,0.));
#3278=CARTESIAN_POINT('',(16.0000003129244,5.55111512312578E-16,5.));
#3279=CARTESIAN_POINT('',(16.0000003129244,20.,5.));
#3280=CARTESIAN_POINT('',(16.0000003129244,0.,2.5));
#3281=CARTESIAN_POINT('Origin',(190.000002756715,6.02492690438346E-14,5.));
#3282=CARTESIAN_POINT('',(190.000002756715,4.99999888241299,0.));
#3283=CARTESIAN_POINT('',(190.000002756715,6.02492690438346E-14,0.));
#3284=CARTESIAN_POINT('',(190.000002756715,20.,0.));
#3285=CARTESIAN_POINT('',(190.000002756715,4.99999888241299,5.));
#3286=CARTESIAN_POINT('',(190.000002756715,4.99999888241299,5.));
#3287=CARTESIAN_POINT('',(190.000002756715,6.02492690438346E-14,5.));
#3288=CARTESIAN_POINT('',(190.000002756715,20.,5.));
#3289=CARTESIAN_POINT('',(190.000002756715,0.,2.5));
#3290=CARTESIAN_POINT('Origin',(206.000002995133,4.99999888241297,5.));
#3291=CARTESIAN_POINT('',(206.000002995133,3.71924713249427E-14,0.));
#3292=CARTESIAN_POINT('',(206.000002995133,4.99999888241297,0.));
#3293=CARTESIAN_POINT('',(206.000002995133,22.4999994412065,0.));
#3294=CARTESIAN_POINT('',(206.000002995133,3.71924713249427E-14,5.));
#3295=CARTESIAN_POINT('',(206.000002995133,0.,2.5));
#3296=CARTESIAN_POINT('',(206.000002995133,4.99999888241297,5.));
#3297=CARTESIAN_POINT('',(206.000002995133,22.4999994412065,5.));
#3298=CARTESIAN_POINT('',(206.000002995133,4.99999888241297,5.));
#3299=CARTESIAN_POINT('Origin',(190.000002756715,4.99999888241299,5.));
#3300=CARTESIAN_POINT('',(158.500001378357,4.99999888241303,0.));
#3301=CARTESIAN_POINT('',(158.500001378357,4.99999888241303,5.));
#3302=CARTESIAN_POINT('Origin',(190.000002756715,75.0000011175871,5.));
#3303=CARTESIAN_POINT('',(190.000002756715,80.,0.));
#3304=CARTESIAN_POINT('',(190.000002756715,75.0000011175871,0.));
#3305=CARTESIAN_POINT('',(190.000002756715,57.5000005587935,0.));
#3306=CARTESIAN_POINT('',(190.000002756715,80.,5.));
#3307=CARTESIAN_POINT('',(190.000002756715,80.,2.5));
#3308=CARTESIAN_POINT('',(190.000002756715,75.0000011175871,5.));
#3309=CARTESIAN_POINT('',(190.000002756715,57.5000005587935,5.));
#3310=CARTESIAN_POINT('',(190.000002756715,75.0000011175871,5.));
#3311=CARTESIAN_POINT('Origin',(206.000002995133,75.0000011175871,5.));
#3312=CARTESIAN_POINT('',(206.000002995133,75.0000011175871,0.));
#3313=CARTESIAN_POINT('',(166.500001497567,75.0000011175871,0.));
#3314=CARTESIAN_POINT('',(206.000002995133,75.0000011175871,5.));
#3315=CARTESIAN_POINT('',(166.500001497567,75.0000011175871,5.));
#3316=CARTESIAN_POINT('',(206.000002995133,75.0000011175871,5.));
#3317=CARTESIAN_POINT('Origin',(206.000002995133,80.,5.));
#3318=CARTESIAN_POINT('',(206.000002995133,80.,0.));
#3319=CARTESIAN_POINT('',(206.000002995133,60.,0.));
#3320=CARTESIAN_POINT('',(206.000002995133,80.,5.));
#3321=CARTESIAN_POINT('',(206.000002995133,60.,5.));
#3322=CARTESIAN_POINT('',(206.000002995133,80.,2.5));
#3323=CARTESIAN_POINT('Origin',(32.000000551343,80.,5.));
#3324=CARTESIAN_POINT('',(32.000000551343,75.0000011175871,0.));
#3325=CARTESIAN_POINT('',(32.000000551343,80.,0.));
#3326=CARTESIAN_POINT('',(32.000000551343,60.,0.));
#3327=CARTESIAN_POINT('',(32.000000551343,75.0000011175871,5.));
#3328=CARTESIAN_POINT('',(32.000000551343,75.0000011175871,5.));
#3329=CARTESIAN_POINT('',(32.000000551343,80.,5.));
#3330=CARTESIAN_POINT('',(32.000000551343,60.,5.));
#3331=CARTESIAN_POINT('',(32.000000551343,80.,2.5));
#3332=CARTESIAN_POINT('Origin',(16.0000003129244,75.0000011175871,5.));
#3333=CARTESIAN_POINT('',(16.0000003129244,80.,0.));
#3334=CARTESIAN_POINT('',(16.0000003129244,75.0000011175871,0.));
#3335=CARTESIAN_POINT('',(16.0000003129244,57.5000005587935,0.));
#3336=CARTESIAN_POINT('',(16.0000003129244,80.,5.));
#3337=CARTESIAN_POINT('',(16.0000003129244,80.,2.5));
#3338=CARTESIAN_POINT('',(16.0000003129244,75.0000011175871,5.));
#3339=CARTESIAN_POINT('',(16.0000003129244,57.5000005587935,5.));
#3340=CARTESIAN_POINT('',(16.0000003129244,75.0000011175871,5.));
#3341=CARTESIAN_POINT('Origin',(32.000000551343,75.0000011175871,5.));
#3342=CARTESIAN_POINT('',(79.5000002756715,75.0000011175871,0.));
#3343=CARTESIAN_POINT('',(79.5000002756715,75.0000011175871,5.));
#3344=CARTESIAN_POINT('Origin',(64.0000010281802,4.99999888241299,5.));
#3345=CARTESIAN_POINT('',(64.0000010281802,6.02492690438346E-14,0.));
#3346=CARTESIAN_POINT('',(64.0000010281802,4.99999888241299,0.));
#3347=CARTESIAN_POINT('',(64.0000010281802,22.4999994412065,0.));
#3348=CARTESIAN_POINT('',(64.0000010281802,6.02492690438346E-14,5.));
#3349=CARTESIAN_POINT('',(64.0000010281802,0.,2.5));
#3350=CARTESIAN_POINT('',(64.0000010281802,4.99999888241299,5.));
#3351=CARTESIAN_POINT('',(64.0000010281802,22.4999994412065,5.));
#3352=CARTESIAN_POINT('',(64.0000010281802,4.99999888241299,5.));
#3353=CARTESIAN_POINT('Origin',(48.0000007897616,4.99999888241297,5.));
#3354=CARTESIAN_POINT('',(48.0000007897616,4.99999888241297,0.));
#3355=CARTESIAN_POINT('',(87.5000003948808,4.99999888241302,0.));
#3356=CARTESIAN_POINT('',(48.0000007897616,4.99999888241297,5.));
#3357=CARTESIAN_POINT('',(87.5000003948808,4.99999888241302,5.));
#3358=CARTESIAN_POINT('',(48.0000007897616,4.99999888241297,5.));
#3359=CARTESIAN_POINT('Origin',(48.0000007897616,3.71924713249427E-14,5.));
#3360=CARTESIAN_POINT('',(48.0000007897616,3.71924713249427E-14,0.));
#3361=CARTESIAN_POINT('',(48.0000007897616,20.,0.));
#3362=CARTESIAN_POINT('',(48.0000007897616,3.71924713249427E-14,5.));
#3363=CARTESIAN_POINT('',(48.0000007897616,20.,5.));
#3364=CARTESIAN_POINT('',(48.0000007897616,0.,2.5));
#3365=CARTESIAN_POINT('Origin',(222.000003233552,1.90224042756657E-14,5.));
#3366=CARTESIAN_POINT('',(222.000003233552,4.99999888241295,0.));
#3367=CARTESIAN_POINT('',(222.000003233552,1.90224042756657E-14,0.));
#3368=CARTESIAN_POINT('',(222.000003233552,19.9999999999997,0.));
#3369=CARTESIAN_POINT('',(222.000003233552,4.99999888241295,5.));
#3370=CARTESIAN_POINT('',(222.000003233552,4.99999888241295,5.));
#3371=CARTESIAN_POINT('',(222.000003233552,1.90224042756657E-14,5.));
#3372=CARTESIAN_POINT('',(222.000003233552,19.9999999999997,5.));
#3373=CARTESIAN_POINT('',(222.000003233552,0.,2.5));
#3374=CARTESIAN_POINT('Origin',(238.000003471971,4.99999888241293,5.));
#3375=CARTESIAN_POINT('',(238.000003471971,5.55111512312578E-16,0.));
#3376=CARTESIAN_POINT('',(238.000003471971,4.99999888241293,0.));
#3377=CARTESIAN_POINT('',(238.000003471971,22.4999994412061,0.));
#3378=CARTESIAN_POINT('',(238.000003471971,5.55111512312578E-16,5.));
#3379=CARTESIAN_POINT('',(238.000003471971,0.,2.5));
#3380=CARTESIAN_POINT('',(238.000003471971,4.99999888241293,5.));
#3381=CARTESIAN_POINT('',(238.000003471971,22.4999994412061,5.));
#3382=CARTESIAN_POINT('',(238.000003471971,4.99999888241293,5.));
#3383=CARTESIAN_POINT('Origin',(222.000003233552,4.99999888241295,5.));
#3384=CARTESIAN_POINT('',(174.500001616776,4.99999888241301,0.));
#3385=CARTESIAN_POINT('',(174.500001616776,4.99999888241301,5.));
#3386=CARTESIAN_POINT('Origin',(252.,80.,0.));
#3387=CARTESIAN_POINT('',(3.78489492192102E-6,80.,0.));
#3388=CARTESIAN_POINT('',(252.,80.,0.));
#3389=CARTESIAN_POINT('',(3.78489492192102E-6,80.,5.));
#3390=CARTESIAN_POINT('',(3.78489492192102E-6,80.,5.));
#3391=CARTESIAN_POINT('',(254.,80.,5.));
#3392=CARTESIAN_POINT('Origin',(252.,80.,0.));
#3393=CARTESIAN_POINT('',(254.,80.,5.));
#3394=CARTESIAN_POINT('',(252.,80.,0.));
#3395=CARTESIAN_POINT('Origin',(252.,80.,0.));
#3396=CARTESIAN_POINT('',(252.,80.,0.));
#3397=CARTESIAN_POINT('',(254.,80.,5.));
#3398=CARTESIAN_POINT('Origin',(252.,80.,0.));
#3399=CARTESIAN_POINT('',(254.,80.,5.));
#3400=CARTESIAN_POINT('',(254.,80.,5.));
#3401=CARTESIAN_POINT('',(254.,80.,0.));
#3402=CARTESIAN_POINT('',(254.,80.,5.));
#3403=CARTESIAN_POINT('',(252.,80.,0.));
#3404=CARTESIAN_POINT('Origin',(127.,40.,5.));
#3405=CARTESIAN_POINT('',(254.,80.,5.));
#3406=CARTESIAN_POINT('',(0.,78.,5.));
#3407=CARTESIAN_POINT('',(3.78489492192102E-6,80.,5.));
#3408=CARTESIAN_POINT('',(0.,64.,5.));
#3409=CARTESIAN_POINT('',(-2.4980018054066E-15,78.,5.));
#3410=CARTESIAN_POINT('',(5.,64.,5.));
#3411=CARTESIAN_POINT('',(4.67462326157961E-16,64.,5.));
#3412=CARTESIAN_POINT('',(5.00000000000001,48.,5.));
#3413=CARTESIAN_POINT('',(5.,64.,5.));
#3414=CARTESIAN_POINT('',(0.,48.,5.));
#3415=CARTESIAN_POINT('',(0.,48.,5.));
#3416=CARTESIAN_POINT('',(0.,32.,5.));
#3417=CARTESIAN_POINT('',(0.,32.,5.));
#3418=CARTESIAN_POINT('',(5.00000000000001,32.,5.));
#3419=CARTESIAN_POINT('',(5.00000000000001,32.,5.));
#3420=CARTESIAN_POINT('',(5.,16.,5.));
#3421=CARTESIAN_POINT('',(5.,64.,5.));
#3422=CARTESIAN_POINT('',(0.,16.,5.));
#3423=CARTESIAN_POINT('',(5.,16.,5.));
#3424=CARTESIAN_POINT('',(0.,2.,5.));
#3425=CARTESIAN_POINT('',(-2.4980018054066E-15,78.,5.));
#3426=CARTESIAN_POINT('',(3.78489492192102E-6,1.19209287774424E-6,5.));
#3427=CARTESIAN_POINT('',(3.78489492192102E-6,80.,5.));
#3428=CARTESIAN_POINT('',(3.78489492192102E-6,1.19209287774424E-6,5.));
#3429=CARTESIAN_POINT('',(3.78489492192102E-6,1.19209287774424E-6,5.));
#3430=CARTESIAN_POINT('',(3.78489492192102E-6,1.19209287774424E-6,5.));
#3431=CARTESIAN_POINT('',(3.78489492192102E-6,1.19209287774424E-6,5.));
#3432=CARTESIAN_POINT('',(254.,1.19209287774424E-6,5.));
#3433=CARTESIAN_POINT('',(3.78489492192102E-6,1.19209287774424E-6,5.));
#3434=CARTESIAN_POINT('',(254.,16.,5.));
#3435=CARTESIAN_POINT('',(254.,1.19209287774424E-6,5.));
#3436=CARTESIAN_POINT('',(249.,16.,5.));
#3437=CARTESIAN_POINT('',(254.,16.,5.));
#3438=CARTESIAN_POINT('',(249.,32.0000000000001,5.));
#3439=CARTESIAN_POINT('',(249.,16.,5.));
#3440=CARTESIAN_POINT('',(254.,32.0000000000001,5.));
#3441=CARTESIAN_POINT('',(249.,32.0000000000001,5.));
#3442=CARTESIAN_POINT('',(254.,48.0000000000001,5.));
#3443=CARTESIAN_POINT('',(254.,32.0000000000001,5.));
#3444=CARTESIAN_POINT('',(249.,48.0000000000001,5.));
#3445=CARTESIAN_POINT('',(254.,48.0000000000001,5.));
#3446=CARTESIAN_POINT('',(249.,64.,5.));
#3447=CARTESIAN_POINT('',(249.,16.,5.));
#3448=CARTESIAN_POINT('',(254.,64.,5.));
#3449=CARTESIAN_POINT('',(249.,64.,5.));
#3450=CARTESIAN_POINT('',(254.,2.,5.));
#3451=CARTESIAN_POINT('',(109.7,24.75,5.));
#3452=CARTESIAN_POINT('Origin',(111.75,24.75,5.));
#3453=CARTESIAN_POINT('',(25.,17.,5.));
#3454=CARTESIAN_POINT('',(25.,63.,5.));
#3455=CARTESIAN_POINT('',(25.,70.,5.));
#3456=CARTESIAN_POINT('',(27.,65.,5.));
#3457=CARTESIAN_POINT('Origin',(27.,63.,5.));
#3458=CARTESIAN_POINT('',(58.,65.,5.));
#3459=CARTESIAN_POINT('',(25.,65.,5.));
#3460=CARTESIAN_POINT('',(60.,63.,5.));
#3461=CARTESIAN_POINT('Origin',(58.,63.,5.));
#3462=CARTESIAN_POINT('',(60.,17.,5.));
#3463=CARTESIAN_POINT('',(60.,70.,5.));
#3464=CARTESIAN_POINT('',(58.,15.,5.));
#3465=CARTESIAN_POINT('Origin',(58.,17.,5.));
#3466=CARTESIAN_POINT('',(27.,15.,5.));
#3467=CARTESIAN_POINT('',(25.,15.,5.));
#3468=CARTESIAN_POINT('Origin',(27.,17.,5.));
#3469=CARTESIAN_POINT('',(140.2,24.75,5.));
#3470=CARTESIAN_POINT('Origin',(142.25,24.75,5.));
#3471=CARTESIAN_POINT('',(229.,63.,5.));
#3472=CARTESIAN_POINT('',(229.,17.,5.));
#3473=CARTESIAN_POINT('',(229.,70.,5.));
#3474=CARTESIAN_POINT('',(227.,15.,5.));
#3475=CARTESIAN_POINT('Origin',(227.,17.,5.));
#3476=CARTESIAN_POINT('',(196.,15.,5.));
#3477=CARTESIAN_POINT('',(229.,15.,5.));
#3478=CARTESIAN_POINT('',(194.,17.,5.));
#3479=CARTESIAN_POINT('Origin',(196.,17.,5.));
#3480=CARTESIAN_POINT('',(194.,63.,5.));
#3481=CARTESIAN_POINT('',(194.,70.,5.));
#3482=CARTESIAN_POINT('',(196.,65.,5.));
#3483=CARTESIAN_POINT('Origin',(196.,63.,5.));
#3484=CARTESIAN_POINT('',(227.,65.,5.));
#3485=CARTESIAN_POINT('',(229.,65.,5.));
#3486=CARTESIAN_POINT('Origin',(227.,63.,5.));
#3487=CARTESIAN_POINT('',(109.7,55.25,5.));
#3488=CARTESIAN_POINT('Origin',(111.75,55.25,5.));
#3489=CARTESIAN_POINT('',(136.25,10.,5.));
#3490=CARTESIAN_POINT('',(117.75,10.,5.));
#3491=CARTESIAN_POINT('',(10.,10.,5.));
#3492=CARTESIAN_POINT('',(115.75,12.,5.));
#3493=CARTESIAN_POINT('Origin',(117.75,12.,5.));
#3494=CARTESIAN_POINT('',(115.75,68.,5.));
#3495=CARTESIAN_POINT('',(115.75,10.,5.));
#3496=CARTESIAN_POINT('',(117.75,70.,5.));
#3497=CARTESIAN_POINT('Origin',(117.75,68.,5.));
#3498=CARTESIAN_POINT('',(136.25,70.,5.));
#3499=CARTESIAN_POINT('',(244.,70.,5.));
#3500=CARTESIAN_POINT('',(138.25,68.,5.));
#3501=CARTESIAN_POINT('Origin',(136.25,68.,5.));
#3502=CARTESIAN_POINT('',(138.25,12.,5.));
#3503=CARTESIAN_POINT('',(138.25,70.,5.));
#3504=CARTESIAN_POINT('Origin',(136.25,12.,5.));
#3505=CARTESIAN_POINT('',(107.75,63.0000009685755,5.));
#3506=CARTESIAN_POINT('',(107.75,16.9999990314245,5.));
#3507=CARTESIAN_POINT('',(107.75,70.,5.));
#3508=CARTESIAN_POINT('',(105.75,14.9999990314245,5.));
#3509=CARTESIAN_POINT('Origin',(105.75,16.9999990314245,5.));
#3510=CARTESIAN_POINT('',(70.,14.9999990314245,5.));
#3511=CARTESIAN_POINT('',(68.000001013279,14.9999990314245,5.));
#3512=CARTESIAN_POINT('',(68.,16.9999990314245,5.));
#3513=CARTESIAN_POINT('Origin',(70.,16.9999990314245,5.));
#3514=CARTESIAN_POINT('',(68.,63.0000009685755,5.));
#3515=CARTESIAN_POINT('',(68.,10.,5.));
#3516=CARTESIAN_POINT('',(70.,65.0000009685755,5.));
#3517=CARTESIAN_POINT('Origin',(70.,63.0000009685755,5.));
#3518=CARTESIAN_POINT('',(105.75,65.0000009685755,5.));
#3519=CARTESIAN_POINT('',(68.000001013279,65.0000009685755,5.));
#3520=CARTESIAN_POINT('Origin',(105.75,63.0000009685755,5.));
#3521=CARTESIAN_POINT('',(140.2,55.25,5.));
#3522=CARTESIAN_POINT('Origin',(142.25,55.25,5.));
#3523=CARTESIAN_POINT('',(146.25,16.9999990314245,5.));
#3524=CARTESIAN_POINT('',(146.25,63.0000009685755,5.));
#3525=CARTESIAN_POINT('',(146.25,10.,5.));
#3526=CARTESIAN_POINT('',(148.25,65.0000009685755,5.));
#3527=CARTESIAN_POINT('Origin',(148.25,63.0000009685755,5.));
#3528=CARTESIAN_POINT('',(184.,65.0000009685755,5.));
#3529=CARTESIAN_POINT('',(185.999998986721,65.0000009685755,5.));
#3530=CARTESIAN_POINT('',(186.,63.0000009685755,5.));
#3531=CARTESIAN_POINT('Origin',(184.,63.0000009685755,5.));
#3532=CARTESIAN_POINT('',(186.,16.9999990314246,5.));
#3533=CARTESIAN_POINT('',(186.,10.,5.));
#3534=CARTESIAN_POINT('',(184.,14.9999990314245,5.));
#3535=CARTESIAN_POINT('Origin',(184.,16.9999990314246,5.));
#3536=CARTESIAN_POINT('',(148.25,14.9999990314245,5.));
#3537=CARTESIAN_POINT('',(185.999998986721,14.9999990314245,5.));
#3538=CARTESIAN_POINT('Origin',(148.25,16.9999990314245,5.));
#3539=CARTESIAN_POINT('Origin',(2.,0.,0.));
#3540=CARTESIAN_POINT('',(254.,1.19209287774424E-6,0.));
#3541=CARTESIAN_POINT('',(2.,0.,0.));
#3542=CARTESIAN_POINT('',(254.,1.19209287774424E-6,5.));
#3543=CARTESIAN_POINT('Origin',(2.,0.,0.));
#3544=CARTESIAN_POINT('',(2.,0.,0.));
#3545=CARTESIAN_POINT('Origin',(2.,0.,0.));
#3546=CARTESIAN_POINT('',(2.,0.,0.));
#3547=CARTESIAN_POINT('Origin',(2.,0.,0.));
#3548=CARTESIAN_POINT('',(3.78489492192102E-6,1.19209287774424E-6,0.));
#3549=CARTESIAN_POINT('',(3.78489492192102E-6,1.19209287774424E-6,5.));
#3550=CARTESIAN_POINT('',(2.,0.,0.));
#3551=CARTESIAN_POINT('Origin',(127.,40.,0.));
#3552=CARTESIAN_POINT('',(254.,64.,0.));
#3553=CARTESIAN_POINT('',(254.,2.,0.));
#3554=CARTESIAN_POINT('',(249.,64.,0.));
#3555=CARTESIAN_POINT('',(249.,64.,0.));
#3556=CARTESIAN_POINT('',(249.,48.0000000000001,0.));
#3557=CARTESIAN_POINT('',(249.,16.,0.));
#3558=CARTESIAN_POINT('',(254.,48.0000000000001,0.));
#3559=CARTESIAN_POINT('',(188.,48.0000000000001,0.));
#3560=CARTESIAN_POINT('',(254.,32.0000000000001,0.));
#3561=CARTESIAN_POINT('',(254.,44.0000000000001,0.));
#3562=CARTESIAN_POINT('',(249.,32.0000000000001,0.));
#3563=CARTESIAN_POINT('',(190.5,32.0000000000001,0.));
#3564=CARTESIAN_POINT('',(249.,16.,0.));
#3565=CARTESIAN_POINT('',(249.,16.,0.));
#3566=CARTESIAN_POINT('',(254.,16.,0.));
#3567=CARTESIAN_POINT('',(254.,16.,0.));
#3568=CARTESIAN_POINT('',(254.,21.,0.));
#3569=CARTESIAN_POINT('',(2.,0.,0.));
#3570=CARTESIAN_POINT('',(-2.77555756156289E-16,2.,0.));
#3571=CARTESIAN_POINT('',(3.78489492192102E-6,20.0000005960464,0.));
#3572=CARTESIAN_POINT('',(-1.66533453693773E-15,16.,0.));
#3573=CARTESIAN_POINT('',(-2.4980018054066E-15,78.,0.));
#3574=CARTESIAN_POINT('',(5.,16.,0.));
#3575=CARTESIAN_POINT('',(5.,16.,0.));
#3576=CARTESIAN_POINT('',(5.00000000000001,32.,0.));
#3577=CARTESIAN_POINT('',(5.,64.,0.));
#3578=CARTESIAN_POINT('',(0.,32.,0.));
#3579=CARTESIAN_POINT('',(66.,32.,0.));
#3580=CARTESIAN_POINT('',(0.,48.,0.));
#3581=CARTESIAN_POINT('',(0.,36.,0.));
#3582=CARTESIAN_POINT('',(5.00000000000001,48.,0.));
#3583=CARTESIAN_POINT('',(63.5,48.,0.));
#3584=CARTESIAN_POINT('',(5.,64.,0.));
#3585=CARTESIAN_POINT('',(5.,64.,0.));
#3586=CARTESIAN_POINT('',(4.67462326157961E-16,64.,0.));
#3587=CARTESIAN_POINT('',(4.67462326157961E-16,64.,0.));
#3588=CARTESIAN_POINT('',(-3.88578058618805E-15,78.,0.));
#3589=CARTESIAN_POINT('',(-2.4980018054066E-15,78.,0.));
#3590=CARTESIAN_POINT('',(3.78489492192102E-6,59.,0.));
#3591=CARTESIAN_POINT('',(252.,80.,0.));
#3592=CARTESIAN_POINT('',(186.,63.0000009685755,0.));
#3593=CARTESIAN_POINT('',(186.,16.9999990314246,0.));
#3594=CARTESIAN_POINT('',(186.,10.,0.));
#3595=CARTESIAN_POINT('',(184.,65.0000009685755,0.));
#3596=CARTESIAN_POINT('Origin',(184.,63.0000009685755,0.));
#3597=CARTESIAN_POINT('',(148.25,65.0000009685755,0.));
#3598=CARTESIAN_POINT('',(156.499999493361,65.0000009685755,0.));
#3599=CARTESIAN_POINT('',(146.25,63.0000009685755,0.));
#3600=CARTESIAN_POINT('Origin',(148.25,63.0000009685755,0.));
#3601=CARTESIAN_POINT('',(146.25,16.9999990314245,0.));
#3602=CARTESIAN_POINT('',(146.25,10.,0.));
#3603=CARTESIAN_POINT('',(148.25,14.9999990314245,0.));
#3604=CARTESIAN_POINT('Origin',(148.25,16.9999990314245,0.));
#3605=CARTESIAN_POINT('',(184.,14.9999990314245,0.));
#3606=CARTESIAN_POINT('',(136.625,14.9999990314245,0.));
#3607=CARTESIAN_POINT('Origin',(184.,16.9999990314246,0.));
#3608=CARTESIAN_POINT('',(140.2,55.25,0.));
#3609=CARTESIAN_POINT('Origin',(142.25,55.25,0.));
#3610=CARTESIAN_POINT('',(70.,14.9999990314245,0.));
#3611=CARTESIAN_POINT('',(68.,16.9999990314245,0.));
#3612=CARTESIAN_POINT('Origin',(70.,16.9999990314245,0.));
#3613=CARTESIAN_POINT('',(105.75,14.9999990314245,0.));
#3614=CARTESIAN_POINT('',(97.5000005066395,14.9999990314245,0.));
#3615=CARTESIAN_POINT('',(107.75,16.9999990314245,0.));
#3616=CARTESIAN_POINT('Origin',(105.75,16.9999990314245,0.));
#3617=CARTESIAN_POINT('',(107.75,63.0000009685755,0.));
#3618=CARTESIAN_POINT('',(107.75,70.,0.));
#3619=CARTESIAN_POINT('',(105.75,65.0000009685755,0.));
#3620=CARTESIAN_POINT('Origin',(105.75,63.0000009685755,0.));
#3621=CARTESIAN_POINT('',(70.,65.0000009685755,0.));
#3622=CARTESIAN_POINT('',(117.375,65.0000009685755,0.));
#3623=CARTESIAN_POINT('',(68.,63.0000009685755,0.));
#3624=CARTESIAN_POINT('Origin',(70.,63.0000009685755,0.));
#3625=CARTESIAN_POINT('',(68.,10.,0.));
#3626=CARTESIAN_POINT('',(138.25,12.,0.));
#3627=CARTESIAN_POINT('',(136.25,10.,0.));
#3628=CARTESIAN_POINT('Origin',(136.25,12.,0.));
#3629=CARTESIAN_POINT('',(138.25,68.,0.));
#3630=CARTESIAN_POINT('',(138.25,70.,0.));
#3631=CARTESIAN_POINT('',(136.25,70.,0.));
#3632=CARTESIAN_POINT('Origin',(136.25,68.,0.));
#3633=CARTESIAN_POINT('',(117.75,70.,0.));
#3634=CARTESIAN_POINT('',(244.,70.,0.));
#3635=CARTESIAN_POINT('',(115.75,68.,0.));
#3636=CARTESIAN_POINT('Origin',(117.75,68.,0.));
#3637=CARTESIAN_POINT('',(115.75,12.,0.));
#3638=CARTESIAN_POINT('',(115.75,10.,0.));
#3639=CARTESIAN_POINT('',(117.75,10.,0.));
#3640=CARTESIAN_POINT('Origin',(117.75,12.,0.));
#3641=CARTESIAN_POINT('',(10.,10.,0.));
#3642=CARTESIAN_POINT('',(109.7,55.25,0.));
#3643=CARTESIAN_POINT('Origin',(111.75,55.25,0.));
#3644=CARTESIAN_POINT('',(196.,15.,0.));
#3645=CARTESIAN_POINT('',(194.,17.,0.));
#3646=CARTESIAN_POINT('Origin',(196.,17.,0.));
#3647=CARTESIAN_POINT('',(227.,15.,0.));
#3648=CARTESIAN_POINT('',(160.5,15.,0.));
#3649=CARTESIAN_POINT('',(229.,17.,0.));
#3650=CARTESIAN_POINT('Origin',(227.,17.,0.));
#3651=CARTESIAN_POINT('',(229.,63.,0.));
#3652=CARTESIAN_POINT('',(229.,70.,0.));
#3653=CARTESIAN_POINT('',(227.,65.,0.));
#3654=CARTESIAN_POINT('Origin',(227.,63.,0.));
#3655=CARTESIAN_POINT('',(196.,65.,0.));
#3656=CARTESIAN_POINT('',(178.,65.,0.));
#3657=CARTESIAN_POINT('',(194.,63.,0.));
#3658=CARTESIAN_POINT('Origin',(196.,63.,0.));
#3659=CARTESIAN_POINT('',(194.,70.,0.));
#3660=CARTESIAN_POINT('',(140.2,24.75,0.));
#3661=CARTESIAN_POINT('Origin',(142.25,24.75,0.));
#3662=CARTESIAN_POINT('',(58.,65.,0.));
#3663=CARTESIAN_POINT('',(60.,63.,0.));
#3664=CARTESIAN_POINT('Origin',(58.,63.,0.));
#3665=CARTESIAN_POINT('',(27.,65.,0.));
#3666=CARTESIAN_POINT('',(93.5,65.,0.));
#3667=CARTESIAN_POINT('',(25.,63.,0.));
#3668=CARTESIAN_POINT('Origin',(27.,63.,0.));
#3669=CARTESIAN_POINT('',(25.,17.,0.));
#3670=CARTESIAN_POINT('',(25.,70.,0.));
#3671=CARTESIAN_POINT('',(27.,15.,0.));
#3672=CARTESIAN_POINT('Origin',(27.,17.,0.));
#3673=CARTESIAN_POINT('',(58.,15.,0.));
#3674=CARTESIAN_POINT('',(76.,15.,0.));
#3675=CARTESIAN_POINT('',(60.,17.,0.));
#3676=CARTESIAN_POINT('Origin',(58.,17.,0.));
#3677=CARTESIAN_POINT('',(60.,70.,0.));
#3678=CARTESIAN_POINT('',(109.7,24.75,0.));
#3679=CARTESIAN_POINT('Origin',(111.75,24.75,0.));
#3680=CARTESIAN_POINT('Origin',(254.,32.0000000000001,5.));
#3681=CARTESIAN_POINT('',(254.,32.0000000000001,5.));
#3682=CARTESIAN_POINT('',(249.,32.0000000000001,2.5));
#3683=CARTESIAN_POINT('Origin',(254.,48.0000000000001,5.));
#3684=CARTESIAN_POINT('',(254.,48.0000000000001,5.));
#3685=CARTESIAN_POINT('Origin',(249.,48.0000000000001,5.));
#3686=CARTESIAN_POINT('',(249.,48.0000000000001,2.5));
#3687=CARTESIAN_POINT('Origin',(249.,16.,0.));
#3688=CARTESIAN_POINT('',(249.,64.,0.));
#3689=CARTESIAN_POINT('Origin',(249.,16.,0.));
#3690=CARTESIAN_POINT('',(249.,16.,0.));
#3691=CARTESIAN_POINT('Origin',(0.,48.,5.));
#3692=CARTESIAN_POINT('',(0.,48.,5.));
#3693=CARTESIAN_POINT('',(5.,48.,2.5));
#3694=CARTESIAN_POINT('Origin',(0.,32.,5.));
#3695=CARTESIAN_POINT('',(0.,32.,5.));
#3696=CARTESIAN_POINT('Origin',(5.00000000000001,32.,5.));
#3697=CARTESIAN_POINT('',(5.,32.,2.5));
#3698=CARTESIAN_POINT('Origin',(5.,64.,0.));
#3699=CARTESIAN_POINT('',(5.,16.,0.));
#3700=CARTESIAN_POINT('Origin',(5.,64.,0.));
#3701=CARTESIAN_POINT('',(5.,64.,0.));
#3702=CARTESIAN_POINT('Origin',(27.,17.,2.5));
#3703=CARTESIAN_POINT('',(27.,15.,2.5));
#3704=CARTESIAN_POINT('',(25.,17.,2.5));
#3705=CARTESIAN_POINT('Origin',(25.,15.,5.));
#3706=CARTESIAN_POINT('',(58.,15.,2.5));
#3707=CARTESIAN_POINT('Origin',(70.,16.9999990314245,2.5));
#3708=CARTESIAN_POINT('',(70.,14.9999990314245,2.5));
#3709=CARTESIAN_POINT('',(68.,16.9999990314245,2.5));
#3710=CARTESIAN_POINT('Origin',(68.000001013279,14.9999990314245,5.));
#3711=CARTESIAN_POINT('',(105.75,14.9999990314245,2.5));
#3712=CARTESIAN_POINT('Origin',(148.25,16.9999990314245,2.5));
#3713=CARTESIAN_POINT('',(148.25,14.9999990314245,2.5));
#3714=CARTESIAN_POINT('',(146.25,16.9999990314245,2.5));
#3715=CARTESIAN_POINT('Origin',(146.25,14.9999990314245,5.));
#3716=CARTESIAN_POINT('',(184.,14.9999990314245,2.5));
#3717=CARTESIAN_POINT('Origin',(196.,17.,2.5));
#3718=CARTESIAN_POINT('',(196.,15.,2.5));
#3719=CARTESIAN_POINT('',(194.,17.,2.5));
#3720=CARTESIAN_POINT('Origin',(194.,15.,5.));
#3721=CARTESIAN_POINT('',(227.,15.,2.5));
#3722=CARTESIAN_POINT('Origin',(58.,17.,2.5));
#3723=CARTESIAN_POINT('',(60.,17.,2.5));
#3724=CARTESIAN_POINT('Origin',(105.75,16.9999990314245,2.5));
#3725=CARTESIAN_POINT('',(107.75,16.9999990314245,2.5));
#3726=CARTESIAN_POINT('Origin',(184.,16.9999990314246,2.5));
#3727=CARTESIAN_POINT('',(186.,16.9999990314246,2.5));
#3728=CARTESIAN_POINT('Origin',(227.,17.,2.5));
#3729=CARTESIAN_POINT('',(229.,17.,2.5));
#3730=CARTESIAN_POINT('Origin',(227.,63.,2.5));
#3731=CARTESIAN_POINT('',(227.,65.,2.5));
#3732=CARTESIAN_POINT('',(229.,63.,2.5));
#3733=CARTESIAN_POINT('Origin',(229.,65.,5.));
#3734=CARTESIAN_POINT('',(196.,65.,2.5));
#3735=CARTESIAN_POINT('Origin',(184.,63.0000009685755,2.5));
#3736=CARTESIAN_POINT('',(184.,65.0000009685755,2.5));
#3737=CARTESIAN_POINT('',(186.,63.0000009685755,2.5));
#3738=CARTESIAN_POINT('Origin',(185.999998986721,65.0000009685755,5.));
#3739=CARTESIAN_POINT('',(148.25,65.0000009685755,2.5));
#3740=CARTESIAN_POINT('Origin',(105.75,63.0000009685755,2.5));
#3741=CARTESIAN_POINT('',(105.75,65.0000009685755,2.5));
#3742=CARTESIAN_POINT('',(107.75,63.0000009685755,2.5));
#3743=CARTESIAN_POINT('Origin',(107.75,65.0000009685755,5.));
#3744=CARTESIAN_POINT('',(70.,65.0000009685755,2.5));
#3745=CARTESIAN_POINT('Origin',(58.,63.,2.5));
#3746=CARTESIAN_POINT('',(58.,65.,2.5));
#3747=CARTESIAN_POINT('',(60.,63.,2.5));
#3748=CARTESIAN_POINT('Origin',(60.,65.,5.));
#3749=CARTESIAN_POINT('',(27.,65.,2.5));
#3750=CARTESIAN_POINT('Origin',(196.,63.,2.5));
#3751=CARTESIAN_POINT('',(194.,63.,2.5));
#3752=CARTESIAN_POINT('Origin',(148.25,63.0000009685755,2.5));
#3753=CARTESIAN_POINT('',(146.25,63.0000009685755,2.5));
#3754=CARTESIAN_POINT('Origin',(70.,63.0000009685755,2.5));
#3755=CARTESIAN_POINT('',(68.,63.0000009685755,2.5));
#3756=CARTESIAN_POINT('Origin',(27.,63.,2.5));
#3757=CARTESIAN_POINT('',(25.,63.,2.5));
#3758=CARTESIAN_POINT('Origin',(60.,70.,0.));
#3759=CARTESIAN_POINT('Origin',(107.75,70.,0.));
#3760=CARTESIAN_POINT('Origin',(146.25,10.,0.));
#3761=CARTESIAN_POINT('Origin',(186.,70.,0.));
#3762=CARTESIAN_POINT('Origin',(25.,10.,0.));
#3763=CARTESIAN_POINT('Origin',(229.,70.,0.));
#3764=CARTESIAN_POINT('Origin',(252.,80.,0.));
#3765=CARTESIAN_POINT('Origin',(2.,0.,0.));
#3766=CARTESIAN_POINT('Origin',(194.,10.,0.));
#3767=CARTESIAN_POINT('Origin',(136.25,12.,0.));
#3768=CARTESIAN_POINT('',(136.25,10.,0.));
#3769=CARTESIAN_POINT('',(138.25,12.,0.));
#3770=CARTESIAN_POINT('Origin',(138.25,10.,0.));
#3771=CARTESIAN_POINT('',(117.75,10.,0.));
#3772=CARTESIAN_POINT('Origin',(136.25,68.,0.));
#3773=CARTESIAN_POINT('',(138.25,68.,0.));
#3774=CARTESIAN_POINT('',(136.25,70.,0.));
#3775=CARTESIAN_POINT('Origin',(138.25,70.,0.));
#3776=CARTESIAN_POINT('Origin',(117.75,12.,0.));
#3777=CARTESIAN_POINT('',(115.75,12.,0.));
#3778=CARTESIAN_POINT('Origin',(115.75,10.,0.));
#3779=CARTESIAN_POINT('',(115.75,68.,0.));
#3780=CARTESIAN_POINT('Origin',(117.75,68.,0.));
#3781=CARTESIAN_POINT('',(117.75,70.,0.));
#3782=CARTESIAN_POINT('Origin',(115.75,70.,0.));
#3783=CARTESIAN_POINT('Origin',(68.,10.,0.));
#3784=CARTESIAN_POINT('Origin',(111.75,24.75,0.));
#3785=CARTESIAN_POINT('',(109.7,24.75,0.));
#3786=CARTESIAN_POINT('Origin',(142.25,24.75,0.));
#3787=CARTESIAN_POINT('',(140.2,24.75,0.));
#3788=CARTESIAN_POINT('Origin',(111.75,55.25,0.));
#3789=CARTESIAN_POINT('',(109.7,55.25,0.));
#3790=CARTESIAN_POINT('Origin',(142.25,55.25,0.));
#3791=CARTESIAN_POINT('',(140.2,55.25,0.));
#3792=CARTESIAN_POINT('Origin',(254.,2.,0.));
#3793=CARTESIAN_POINT('',(254.,16.,0.));
#3794=CARTESIAN_POINT('Origin',(-6.86585291544505E-16,16.,0.));
#3795=CARTESIAN_POINT('',(-1.66533453693773E-15,16.,0.));
#3796=CARTESIAN_POINT('Origin',(5.,16.,0.));
#3797=CARTESIAN_POINT('Origin',(4.67462326157961E-16,64.,0.));
#3798=CARTESIAN_POINT('',(4.67462326157961E-16,64.,0.));
#3799=CARTESIAN_POINT('Origin',(-2.4980018054066E-15,78.,0.));
#3800=CARTESIAN_POINT('Origin',(254.,64.,0.));
#3801=CARTESIAN_POINT('',(254.,64.,0.));
#3802=CARTESIAN_POINT('Origin',(249.,64.,0.));
#3803=CARTESIAN_POINT('Origin',(254.,16.,0.));
#3804=UNCERTAINTY_MEASURE_WITH_UNIT(LENGTH_MEASURE(0.01),#3808,
'DISTANCE_ACCURACY_VALUE',
'Maximum model space distance between geometric entities at asserted c
onnectivities');
#3805=UNCERTAINTY_MEASURE_WITH_UNIT(LENGTH_MEASURE(0.01),#3808,
'DISTANCE_ACCURACY_VALUE',
'Maximum model space distance between geometric entities at asserted c
onnectivities');
#3806=(
GEOMETRIC_REPRESENTATION_CONTEXT(3)
GLOBAL_UNCERTAINTY_ASSIGNED_CONTEXT((#3804))
GLOBAL_UNIT_ASSIGNED_CONTEXT((#3808,#3810,#3811))
REPRESENTATION_CONTEXT('','3D')
);
#3807=(
GEOMETRIC_REPRESENTATION_CONTEXT(3)
GLOBAL_UNCERTAINTY_ASSIGNED_CONTEXT((#3805))
GLOBAL_UNIT_ASSIGNED_CONTEXT((#3808,#3810,#3811))
REPRESENTATION_CONTEXT('','3D')
);
#3808=(
LENGTH_UNIT()
NAMED_UNIT(*)
SI_UNIT(.MILLI.,.METRE.)
);
#3809=(
LENGTH_UNIT()
NAMED_UNIT(*)
SI_UNIT($,.METRE.)
);
#3810=(
NAMED_UNIT(*)
PLANE_ANGLE_UNIT()
SI_UNIT($,.RADIAN.)
);
#3811=(
NAMED_UNIT(*)
SI_UNIT($,.STERADIAN.)
SOLID_ANGLE_UNIT()
);
#3812=SHAPE_DEFINITION_REPRESENTATION(#3813,#3814);
#3813=PRODUCT_DEFINITION_SHAPE('',$,#3816);
#3814=SHAPE_REPRESENTATION('',(#2340),#3806);
#3815=PRODUCT_DEFINITION_CONTEXT('part definition',#3820,'design');
#3816=PRODUCT_DEFINITION('Top Plate','Top Plate v14',#3817,#3815);
#3817=PRODUCT_DEFINITION_FORMATION('',$,#3822);
#3818=PRODUCT_RELATED_PRODUCT_CATEGORY('Top Plate v14','Top Plate v14',
(#3822));
#3819=APPLICATION_PROTOCOL_DEFINITION('international standard',
'automotive_design',2009,#3820);
#3820=APPLICATION_CONTEXT(
'Core Data for Automotive Mechanical Design Process');
#3821=PRODUCT_CONTEXT('part definition',#3820,'mechanical');
#3822=PRODUCT('Top Plate','Top Plate v14',$,(#3821));
#3823=PRESENTATION_STYLE_ASSIGNMENT((#3824));
#3824=SURFACE_STYLE_USAGE(.BOTH.,#3825);
#3825=SURFACE_SIDE_STYLE('',(#3826));
#3826=SURFACE_STYLE_FILL_AREA(#3827);
#3827=FILL_AREA_STYLE('Steel - Satin',(#3828));
#3828=FILL_AREA_STYLE_COLOUR('Steel - Satin',#3829);
#3829=COLOUR_RGB('Steel - Satin',0.627450980392157,0.627450980392157,0.627450980392157);
ENDSEC;
END-ISO-10303-21;
