ISO-10303-21;
HEADER;
/* Generated by software containing ST-Developer
 * from STEP Tools, Inc. (www.steptools.com) 
 */

FILE_DESCRIPTION(
/* description */ (''),
/* implementation_level */ '2;1');

FILE_NAME(
/* name */ 'Side_Plate_v1.step',
/* time_stamp */ '2025-04-15T21:23:48+05:30',
/* author */ (''),
/* organization */ (''),
/* preprocessor_version */ 'ST-DEVELOPER v20.1',
/* originating_system */ 'Autodesk Translation Framework v14.4.0.0',
/* authorisation */ '');

FILE_SCHEMA (('AUTOMOTIVE_DESIGN { 1 0 10303 214 3 1 1 }'));
ENDSEC;

DATA;
#10=MECHANICAL_DESIGN_GEOMETRIC_PRESENTATION_REPRESENTATION('',(#13),#2507);
#11=SHAPE_REPRESENTATION_RELATIONSHIP('SRR','None',#2514,#12);
#12=ADVANCED_BREP_SHAPE_REPRESENTATION('',(#14),#2506);
#13=STYLED_ITEM('',(#2523),#14);
#14=MANIFOLD_SOLID_BREP('Body1',#1567);
#15=FACE_BOUND('',#252,.T.);
#16=FACE_BOUND('',#253,.T.);
#17=FACE_BOUND('',#254,.T.);
#18=FACE_BOUND('',#255,.T.);
#19=FACE_BOUND('',#256,.T.);
#20=FACE_BOUND('',#257,.T.);
#21=FACE_BOUND('',#258,.T.);
#22=FACE_BOUND('',#259,.T.);
#23=FACE_BOUND('',#260,.T.);
#24=FACE_BOUND('',#261,.T.);
#25=FACE_BOUND('',#262,.T.);
#26=FACE_BOUND('',#263,.T.);
#27=FACE_BOUND('',#264,.T.);
#28=FACE_BOUND('',#265,.T.);
#29=FACE_BOUND('',#267,.T.);
#30=FACE_BOUND('',#268,.T.);
#31=FACE_BOUND('',#269,.T.);
#32=FACE_BOUND('',#270,.T.);
#33=FACE_BOUND('',#271,.T.);
#34=FACE_BOUND('',#272,.T.);
#35=FACE_BOUND('',#273,.T.);
#36=FACE_BOUND('',#274,.T.);
#37=FACE_BOUND('',#275,.T.);
#38=FACE_BOUND('',#276,.T.);
#39=FACE_BOUND('',#277,.T.);
#40=FACE_BOUND('',#278,.T.);
#41=FACE_BOUND('',#279,.T.);
#42=FACE_BOUND('',#280,.T.);
#43=PLANE('',#1587);
#44=PLANE('',#1588);
#45=PLANE('',#1589);
#46=PLANE('',#1590);
#47=PLANE('',#1591);
#48=PLANE('',#1592);
#49=PLANE('',#1593);
#50=PLANE('',#1594);
#51=PLANE('',#1625);
#52=PLANE('',#1626);
#53=PLANE('',#1627);
#54=PLANE('',#1628);
#55=PLANE('',#1629);
#56=PLANE('',#1630);
#57=PLANE('',#1631);
#58=PLANE('',#1632);
#59=PLANE('',#1633);
#60=PLANE('',#1634);
#61=PLANE('',#1635);
#62=PLANE('',#1636);
#63=PLANE('',#1637);
#64=PLANE('',#1638);
#65=PLANE('',#1639);
#66=PLANE('',#1640);
#67=PLANE('',#1641);
#68=PLANE('',#1642);
#69=PLANE('',#1643);
#70=PLANE('',#1644);
#71=PLANE('',#1645);
#72=PLANE('',#1646);
#73=PLANE('',#1647);
#74=PLANE('',#1648);
#75=PLANE('',#1649);
#76=PLANE('',#1650);
#77=PLANE('',#1651);
#78=PLANE('',#1652);
#79=PLANE('',#1653);
#80=PLANE('',#1654);
#81=PLANE('',#1655);
#82=PLANE('',#1656);
#83=PLANE('',#1657);
#84=PLANE('',#1658);
#85=PLANE('',#1659);
#86=PLANE('',#1660);
#87=PLANE('',#1661);
#88=PLANE('',#1662);
#89=PLANE('',#1663);
#90=PLANE('',#1664);
#91=PLANE('',#1665);
#92=PLANE('',#1666);
#93=PLANE('',#1667);
#94=PLANE('',#1668);
#95=PLANE('',#1669);
#96=PLANE('',#1670);
#97=PLANE('',#1671);
#98=PLANE('',#1672);
#99=PLANE('',#1673);
#100=PLANE('',#1674);
#101=PLANE('',#1675);
#102=PLANE('',#1676);
#103=PLANE('',#1677);
#104=PLANE('',#1678);
#105=FACE_OUTER_BOUND('',#179,.T.);
#106=FACE_OUTER_BOUND('',#180,.T.);
#107=FACE_OUTER_BOUND('',#181,.T.);
#108=FACE_OUTER_BOUND('',#182,.T.);
#109=FACE_OUTER_BOUND('',#183,.T.);
#110=FACE_OUTER_BOUND('',#184,.T.);
#111=FACE_OUTER_BOUND('',#185,.T.);
#112=FACE_OUTER_BOUND('',#186,.T.);
#113=FACE_OUTER_BOUND('',#187,.T.);
#114=FACE_OUTER_BOUND('',#188,.T.);
#115=FACE_OUTER_BOUND('',#189,.T.);
#116=FACE_OUTER_BOUND('',#190,.T.);
#117=FACE_OUTER_BOUND('',#191,.T.);
#118=FACE_OUTER_BOUND('',#192,.T.);
#119=FACE_OUTER_BOUND('',#193,.T.);
#120=FACE_OUTER_BOUND('',#194,.T.);
#121=FACE_OUTER_BOUND('',#195,.T.);
#122=FACE_OUTER_BOUND('',#196,.T.);
#123=FACE_OUTER_BOUND('',#197,.T.);
#124=FACE_OUTER_BOUND('',#198,.T.);
#125=FACE_OUTER_BOUND('',#199,.T.);
#126=FACE_OUTER_BOUND('',#200,.T.);
#127=FACE_OUTER_BOUND('',#201,.T.);
#128=FACE_OUTER_BOUND('',#202,.T.);
#129=FACE_OUTER_BOUND('',#203,.T.);
#130=FACE_OUTER_BOUND('',#204,.T.);
#131=FACE_OUTER_BOUND('',#205,.T.);
#132=FACE_OUTER_BOUND('',#206,.T.);
#133=FACE_OUTER_BOUND('',#207,.T.);
#134=FACE_OUTER_BOUND('',#208,.T.);
#135=FACE_OUTER_BOUND('',#209,.T.);
#136=FACE_OUTER_BOUND('',#210,.T.);
#137=FACE_OUTER_BOUND('',#211,.T.);
#138=FACE_OUTER_BOUND('',#212,.T.);
#139=FACE_OUTER_BOUND('',#213,.T.);
#140=FACE_OUTER_BOUND('',#214,.T.);
#141=FACE_OUTER_BOUND('',#215,.T.);
#142=FACE_OUTER_BOUND('',#216,.T.);
#143=FACE_OUTER_BOUND('',#217,.T.);
#144=FACE_OUTER_BOUND('',#218,.T.);
#145=FACE_OUTER_BOUND('',#219,.T.);
#146=FACE_OUTER_BOUND('',#220,.T.);
#147=FACE_OUTER_BOUND('',#221,.T.);
#148=FACE_OUTER_BOUND('',#222,.T.);
#149=FACE_OUTER_BOUND('',#223,.T.);
#150=FACE_OUTER_BOUND('',#224,.T.);
#151=FACE_OUTER_BOUND('',#225,.T.);
#152=FACE_OUTER_BOUND('',#226,.T.);
#153=FACE_OUTER_BOUND('',#227,.T.);
#154=FACE_OUTER_BOUND('',#228,.T.);
#155=FACE_OUTER_BOUND('',#229,.T.);
#156=FACE_OUTER_BOUND('',#230,.T.);
#157=FACE_OUTER_BOUND('',#231,.T.);
#158=FACE_OUTER_BOUND('',#232,.T.);
#159=FACE_OUTER_BOUND('',#233,.T.);
#160=FACE_OUTER_BOUND('',#234,.T.);
#161=FACE_OUTER_BOUND('',#235,.T.);
#162=FACE_OUTER_BOUND('',#236,.T.);
#163=FACE_OUTER_BOUND('',#237,.T.);
#164=FACE_OUTER_BOUND('',#238,.T.);
#165=FACE_OUTER_BOUND('',#239,.T.);
#166=FACE_OUTER_BOUND('',#240,.T.);
#167=FACE_OUTER_BOUND('',#241,.T.);
#168=FACE_OUTER_BOUND('',#242,.T.);
#169=FACE_OUTER_BOUND('',#243,.T.);
#170=FACE_OUTER_BOUND('',#244,.T.);
#171=FACE_OUTER_BOUND('',#245,.T.);
#172=FACE_OUTER_BOUND('',#246,.T.);
#173=FACE_OUTER_BOUND('',#247,.T.);
#174=FACE_OUTER_BOUND('',#248,.T.);
#175=FACE_OUTER_BOUND('',#249,.T.);
#176=FACE_OUTER_BOUND('',#250,.T.);
#177=FACE_OUTER_BOUND('',#251,.T.);
#178=FACE_OUTER_BOUND('',#266,.T.);
#179=EDGE_LOOP('',(#1049,#1050,#1051,#1052));
#180=EDGE_LOOP('',(#1053,#1054,#1055,#1056));
#181=EDGE_LOOP('',(#1057,#1058,#1059,#1060));
#182=EDGE_LOOP('',(#1061,#1062,#1063,#1064));
#183=EDGE_LOOP('',(#1065,#1066,#1067,#1068));
#184=EDGE_LOOP('',(#1069,#1070,#1071,#1072));
#185=EDGE_LOOP('',(#1073,#1074,#1075,#1076));
#186=EDGE_LOOP('',(#1077,#1078,#1079,#1080));
#187=EDGE_LOOP('',(#1081,#1082,#1083,#1084));
#188=EDGE_LOOP('',(#1085,#1086,#1087,#1088));
#189=EDGE_LOOP('',(#1089,#1090,#1091,#1092));
#190=EDGE_LOOP('',(#1093,#1094,#1095,#1096));
#191=EDGE_LOOP('',(#1097,#1098,#1099,#1100));
#192=EDGE_LOOP('',(#1101,#1102,#1103,#1104));
#193=EDGE_LOOP('',(#1105,#1106,#1107,#1108));
#194=EDGE_LOOP('',(#1109,#1110,#1111,#1112));
#195=EDGE_LOOP('',(#1113,#1114,#1115,#1116));
#196=EDGE_LOOP('',(#1117,#1118,#1119,#1120));
#197=EDGE_LOOP('',(#1121,#1122,#1123,#1124));
#198=EDGE_LOOP('',(#1125,#1126,#1127,#1128));
#199=EDGE_LOOP('',(#1129,#1130,#1131,#1132));
#200=EDGE_LOOP('',(#1133,#1134,#1135,#1136));
#201=EDGE_LOOP('',(#1137,#1138,#1139,#1140));
#202=EDGE_LOOP('',(#1141,#1142,#1143,#1144));
#203=EDGE_LOOP('',(#1145,#1146,#1147,#1148));
#204=EDGE_LOOP('',(#1149,#1150,#1151,#1152));
#205=EDGE_LOOP('',(#1153,#1154,#1155,#1156));
#206=EDGE_LOOP('',(#1157,#1158,#1159,#1160));
#207=EDGE_LOOP('',(#1161,#1162,#1163,#1164));
#208=EDGE_LOOP('',(#1165,#1166,#1167,#1168));
#209=EDGE_LOOP('',(#1169,#1170,#1171,#1172));
#210=EDGE_LOOP('',(#1173,#1174,#1175,#1176));
#211=EDGE_LOOP('',(#1177,#1178,#1179,#1180));
#212=EDGE_LOOP('',(#1181,#1182,#1183,#1184));
#213=EDGE_LOOP('',(#1185,#1186,#1187,#1188));
#214=EDGE_LOOP('',(#1189,#1190,#1191,#1192));
#215=EDGE_LOOP('',(#1193,#1194,#1195,#1196));
#216=EDGE_LOOP('',(#1197,#1198,#1199,#1200));
#217=EDGE_LOOP('',(#1201,#1202,#1203,#1204));
#218=EDGE_LOOP('',(#1205,#1206,#1207,#1208));
#219=EDGE_LOOP('',(#1209,#1210,#1211,#1212));
#220=EDGE_LOOP('',(#1213,#1214,#1215,#1216));
#221=EDGE_LOOP('',(#1217,#1218,#1219,#1220));
#222=EDGE_LOOP('',(#1221,#1222,#1223,#1224));
#223=EDGE_LOOP('',(#1225,#1226,#1227,#1228));
#224=EDGE_LOOP('',(#1229,#1230,#1231,#1232));
#225=EDGE_LOOP('',(#1233,#1234,#1235,#1236));
#226=EDGE_LOOP('',(#1237,#1238,#1239,#1240));
#227=EDGE_LOOP('',(#1241,#1242,#1243,#1244));
#228=EDGE_LOOP('',(#1245,#1246,#1247,#1248));
#229=EDGE_LOOP('',(#1249,#1250,#1251,#1252));
#230=EDGE_LOOP('',(#1253,#1254,#1255,#1256));
#231=EDGE_LOOP('',(#1257,#1258,#1259,#1260));
#232=EDGE_LOOP('',(#1261,#1262,#1263,#1264));
#233=EDGE_LOOP('',(#1265,#1266,#1267,#1268));
#234=EDGE_LOOP('',(#1269,#1270,#1271,#1272));
#235=EDGE_LOOP('',(#1273,#1274,#1275,#1276));
#236=EDGE_LOOP('',(#1277,#1278,#1279,#1280));
#237=EDGE_LOOP('',(#1281,#1282,#1283,#1284));
#238=EDGE_LOOP('',(#1285,#1286,#1287,#1288));
#239=EDGE_LOOP('',(#1289,#1290,#1291,#1292));
#240=EDGE_LOOP('',(#1293,#1294,#1295,#1296));
#241=EDGE_LOOP('',(#1297,#1298,#1299,#1300));
#242=EDGE_LOOP('',(#1301,#1302,#1303,#1304));
#243=EDGE_LOOP('',(#1305,#1306,#1307,#1308));
#244=EDGE_LOOP('',(#1309,#1310,#1311,#1312));
#245=EDGE_LOOP('',(#1313,#1314,#1315,#1316));
#246=EDGE_LOOP('',(#1317,#1318,#1319,#1320));
#247=EDGE_LOOP('',(#1321,#1322,#1323,#1324));
#248=EDGE_LOOP('',(#1325,#1326,#1327,#1328));
#249=EDGE_LOOP('',(#1329,#1330,#1331,#1332));
#250=EDGE_LOOP('',(#1333,#1334,#1335,#1336));
#251=EDGE_LOOP('',(#1337,#1338,#1339,#1340,#1341,#1342,#1343,#1344,#1345,
#1346,#1347,#1348,#1349,#1350,#1351,#1352,#1353,#1354,#1355,#1356,#1357,
#1358,#1359,#1360,#1361,#1362,#1363,#1364,#1365,#1366,#1367,#1368,#1369,
#1370,#1371,#1372,#1373,#1374,#1375,#1376,#1377,#1378,#1379,#1380,#1381,
#1382,#1383,#1384,#1385,#1386,#1387,#1388));
#252=EDGE_LOOP('',(#1389));
#253=EDGE_LOOP('',(#1390));
#254=EDGE_LOOP('',(#1391));
#255=EDGE_LOOP('',(#1392));
#256=EDGE_LOOP('',(#1393));
#257=EDGE_LOOP('',(#1394));
#258=EDGE_LOOP('',(#1395));
#259=EDGE_LOOP('',(#1396));
#260=EDGE_LOOP('',(#1397));
#261=EDGE_LOOP('',(#1398));
#262=EDGE_LOOP('',(#1399,#1400,#1401,#1402));
#263=EDGE_LOOP('',(#1403,#1404,#1405,#1406));
#264=EDGE_LOOP('',(#1407));
#265=EDGE_LOOP('',(#1408));
#266=EDGE_LOOP('',(#1409,#1410,#1411,#1412,#1413,#1414,#1415,#1416,#1417,
#1418,#1419,#1420,#1421,#1422,#1423,#1424,#1425,#1426,#1427,#1428,#1429,
#1430,#1431,#1432,#1433,#1434,#1435,#1436,#1437,#1438,#1439,#1440,#1441,
#1442,#1443,#1444,#1445,#1446,#1447,#1448,#1449,#1450,#1451,#1452,#1453,
#1454,#1455,#1456,#1457,#1458,#1459,#1460));
#267=EDGE_LOOP('',(#1461));
#268=EDGE_LOOP('',(#1462));
#269=EDGE_LOOP('',(#1463));
#270=EDGE_LOOP('',(#1464));
#271=EDGE_LOOP('',(#1465));
#272=EDGE_LOOP('',(#1466));
#273=EDGE_LOOP('',(#1467));
#274=EDGE_LOOP('',(#1468));
#275=EDGE_LOOP('',(#1469));
#276=EDGE_LOOP('',(#1470));
#277=EDGE_LOOP('',(#1471,#1472,#1473,#1474));
#278=EDGE_LOOP('',(#1475,#1476,#1477,#1478));
#279=EDGE_LOOP('',(#1479));
#280=EDGE_LOOP('',(#1480));
#281=LINE('',#2074,#473);
#282=LINE('',#2080,#474);
#283=LINE('',#2085,#475);
#284=LINE('',#2087,#476);
#285=LINE('',#2089,#477);
#286=LINE('',#2090,#478);
#287=LINE('',#2093,#479);
#288=LINE('',#2095,#480);
#289=LINE('',#2096,#481);
#290=LINE('',#2099,#482);
#291=LINE('',#2101,#483);
#292=LINE('',#2102,#484);
#293=LINE('',#2104,#485);
#294=LINE('',#2105,#486);
#295=LINE('',#2109,#487);
#296=LINE('',#2111,#488);
#297=LINE('',#2113,#489);
#298=LINE('',#2114,#490);
#299=LINE('',#2117,#491);
#300=LINE('',#2119,#492);
#301=LINE('',#2120,#493);
#302=LINE('',#2123,#494);
#303=LINE('',#2125,#495);
#304=LINE('',#2126,#496);
#305=LINE('',#2128,#497);
#306=LINE('',#2129,#498);
#307=LINE('',#2134,#499);
#308=LINE('',#2140,#500);
#309=LINE('',#2146,#501);
#310=LINE('',#2152,#502);
#311=LINE('',#2158,#503);
#312=LINE('',#2164,#504);
#313=LINE('',#2170,#505);
#314=LINE('',#2176,#506);
#315=LINE('',#2182,#507);
#316=LINE('',#2188,#508);
#317=LINE('',#2193,#509);
#318=LINE('',#2195,#510);
#319=LINE('',#2197,#511);
#320=LINE('',#2198,#512);
#321=LINE('',#2201,#513);
#322=LINE('',#2203,#514);
#323=LINE('',#2204,#515);
#324=LINE('',#2207,#516);
#325=LINE('',#2209,#517);
#326=LINE('',#2210,#518);
#327=LINE('',#2213,#519);
#328=LINE('',#2215,#520);
#329=LINE('',#2216,#521);
#330=LINE('',#2219,#522);
#331=LINE('',#2221,#523);
#332=LINE('',#2222,#524);
#333=LINE('',#2225,#525);
#334=LINE('',#2227,#526);
#335=LINE('',#2228,#527);
#336=LINE('',#2231,#528);
#337=LINE('',#2233,#529);
#338=LINE('',#2234,#530);
#339=LINE('',#2237,#531);
#340=LINE('',#2239,#532);
#341=LINE('',#2240,#533);
#342=LINE('',#2243,#534);
#343=LINE('',#2245,#535);
#344=LINE('',#2246,#536);
#345=LINE('',#2249,#537);
#346=LINE('',#2251,#538);
#347=LINE('',#2252,#539);
#348=LINE('',#2255,#540);
#349=LINE('',#2257,#541);
#350=LINE('',#2258,#542);
#351=LINE('',#2261,#543);
#352=LINE('',#2263,#544);
#353=LINE('',#2264,#545);
#354=LINE('',#2267,#546);
#355=LINE('',#2269,#547);
#356=LINE('',#2270,#548);
#357=LINE('',#2273,#549);
#358=LINE('',#2275,#550);
#359=LINE('',#2276,#551);
#360=LINE('',#2279,#552);
#361=LINE('',#2281,#553);
#362=LINE('',#2282,#554);
#363=LINE('',#2285,#555);
#364=LINE('',#2287,#556);
#365=LINE('',#2288,#557);
#366=LINE('',#2291,#558);
#367=LINE('',#2293,#559);
#368=LINE('',#2294,#560);
#369=LINE('',#2297,#561);
#370=LINE('',#2299,#562);
#371=LINE('',#2300,#563);
#372=LINE('',#2303,#564);
#373=LINE('',#2305,#565);
#374=LINE('',#2306,#566);
#375=LINE('',#2309,#567);
#376=LINE('',#2311,#568);
#377=LINE('',#2312,#569);
#378=LINE('',#2315,#570);
#379=LINE('',#2317,#571);
#380=LINE('',#2318,#572);
#381=LINE('',#2321,#573);
#382=LINE('',#2323,#574);
#383=LINE('',#2324,#575);
#384=LINE('',#2327,#576);
#385=LINE('',#2329,#577);
#386=LINE('',#2330,#578);
#387=LINE('',#2333,#579);
#388=LINE('',#2335,#580);
#389=LINE('',#2336,#581);
#390=LINE('',#2339,#582);
#391=LINE('',#2341,#583);
#392=LINE('',#2342,#584);
#393=LINE('',#2345,#585);
#394=LINE('',#2347,#586);
#395=LINE('',#2348,#587);
#396=LINE('',#2351,#588);
#397=LINE('',#2353,#589);
#398=LINE('',#2354,#590);
#399=LINE('',#2357,#591);
#400=LINE('',#2359,#592);
#401=LINE('',#2360,#593);
#402=LINE('',#2363,#594);
#403=LINE('',#2365,#595);
#404=LINE('',#2366,#596);
#405=LINE('',#2369,#597);
#406=LINE('',#2371,#598);
#407=LINE('',#2372,#599);
#408=LINE('',#2375,#600);
#409=LINE('',#2377,#601);
#410=LINE('',#2378,#602);
#411=LINE('',#2381,#603);
#412=LINE('',#2383,#604);
#413=LINE('',#2384,#605);
#414=LINE('',#2387,#606);
#415=LINE('',#2389,#607);
#416=LINE('',#2390,#608);
#417=LINE('',#2393,#609);
#418=LINE('',#2395,#610);
#419=LINE('',#2396,#611);
#420=LINE('',#2399,#612);
#421=LINE('',#2401,#613);
#422=LINE('',#2402,#614);
#423=LINE('',#2405,#615);
#424=LINE('',#2407,#616);
#425=LINE('',#2408,#617);
#426=LINE('',#2411,#618);
#427=LINE('',#2413,#619);
#428=LINE('',#2414,#620);
#429=LINE('',#2417,#621);
#430=LINE('',#2419,#622);
#431=LINE('',#2420,#623);
#432=LINE('',#2423,#624);
#433=LINE('',#2425,#625);
#434=LINE('',#2426,#626);
#435=LINE('',#2429,#627);
#436=LINE('',#2431,#628);
#437=LINE('',#2432,#629);
#438=LINE('',#2435,#630);
#439=LINE('',#2437,#631);
#440=LINE('',#2438,#632);
#441=LINE('',#2441,#633);
#442=LINE('',#2443,#634);
#443=LINE('',#2444,#635);
#444=LINE('',#2447,#636);
#445=LINE('',#2449,#637);
#446=LINE('',#2450,#638);
#447=LINE('',#2453,#639);
#448=LINE('',#2455,#640);
#449=LINE('',#2456,#641);
#450=LINE('',#2459,#642);
#451=LINE('',#2461,#643);
#452=LINE('',#2462,#644);
#453=LINE('',#2465,#645);
#454=LINE('',#2467,#646);
#455=LINE('',#2468,#647);
#456=LINE('',#2471,#648);
#457=LINE('',#2473,#649);
#458=LINE('',#2474,#650);
#459=LINE('',#2477,#651);
#460=LINE('',#2479,#652);
#461=LINE('',#2480,#653);
#462=LINE('',#2483,#654);
#463=LINE('',#2485,#655);
#464=LINE('',#2486,#656);
#465=LINE('',#2489,#657);
#466=LINE('',#2491,#658);
#467=LINE('',#2492,#659);
#468=LINE('',#2495,#660);
#469=LINE('',#2497,#661);
#470=LINE('',#2498,#662);
#471=LINE('',#2500,#663);
#472=LINE('',#2501,#664);
#473=VECTOR('',#1685,1.55);
#474=VECTOR('',#1692,1.54999999999999);
#475=VECTOR('',#1697,10.);
#476=VECTOR('',#1698,10.);
#477=VECTOR('',#1699,10.);
#478=VECTOR('',#1700,10.);
#479=VECTOR('',#1703,10.);
#480=VECTOR('',#1704,10.);
#481=VECTOR('',#1705,10.);
#482=VECTOR('',#1708,10.);
#483=VECTOR('',#1709,10.);
#484=VECTOR('',#1710,10.);
#485=VECTOR('',#1713,10.);
#486=VECTOR('',#1714,10.);
#487=VECTOR('',#1717,10.);
#488=VECTOR('',#1718,10.);
#489=VECTOR('',#1719,10.);
#490=VECTOR('',#1720,10.);
#491=VECTOR('',#1723,10.);
#492=VECTOR('',#1724,10.);
#493=VECTOR('',#1725,10.);
#494=VECTOR('',#1728,10.);
#495=VECTOR('',#1729,10.);
#496=VECTOR('',#1730,10.);
#497=VECTOR('',#1733,10.);
#498=VECTOR('',#1734,10.);
#499=VECTOR('',#1739,1.54999999999999);
#500=VECTOR('',#1746,1.55);
#501=VECTOR('',#1753,1.54999999999999);
#502=VECTOR('',#1760,1.54999999999999);
#503=VECTOR('',#1767,1.54999999999999);
#504=VECTOR('',#1774,1.55);
#505=VECTOR('',#1781,1.55);
#506=VECTOR('',#1788,1.54999999999999);
#507=VECTOR('',#1795,1.54999999999999);
#508=VECTOR('',#1802,1.54999999999999);
#509=VECTOR('',#1807,10.);
#510=VECTOR('',#1808,10.);
#511=VECTOR('',#1809,10.);
#512=VECTOR('',#1810,10.);
#513=VECTOR('',#1813,10.);
#514=VECTOR('',#1814,10.);
#515=VECTOR('',#1815,10.);
#516=VECTOR('',#1818,10.);
#517=VECTOR('',#1819,10.);
#518=VECTOR('',#1820,10.);
#519=VECTOR('',#1823,10.);
#520=VECTOR('',#1824,10.);
#521=VECTOR('',#1825,10.);
#522=VECTOR('',#1828,10.);
#523=VECTOR('',#1829,10.);
#524=VECTOR('',#1830,10.);
#525=VECTOR('',#1833,10.);
#526=VECTOR('',#1834,10.);
#527=VECTOR('',#1835,10.);
#528=VECTOR('',#1838,10.);
#529=VECTOR('',#1839,10.);
#530=VECTOR('',#1840,10.);
#531=VECTOR('',#1843,10.);
#532=VECTOR('',#1844,10.);
#533=VECTOR('',#1845,10.);
#534=VECTOR('',#1848,10.);
#535=VECTOR('',#1849,10.);
#536=VECTOR('',#1850,10.);
#537=VECTOR('',#1853,10.);
#538=VECTOR('',#1854,10.);
#539=VECTOR('',#1855,10.);
#540=VECTOR('',#1858,10.);
#541=VECTOR('',#1859,10.);
#542=VECTOR('',#1860,10.);
#543=VECTOR('',#1863,10.);
#544=VECTOR('',#1864,10.);
#545=VECTOR('',#1865,10.);
#546=VECTOR('',#1868,10.);
#547=VECTOR('',#1869,10.);
#548=VECTOR('',#1870,10.);
#549=VECTOR('',#1873,10.);
#550=VECTOR('',#1874,10.);
#551=VECTOR('',#1875,10.);
#552=VECTOR('',#1878,10.);
#553=VECTOR('',#1879,10.);
#554=VECTOR('',#1880,10.);
#555=VECTOR('',#1883,10.);
#556=VECTOR('',#1884,10.);
#557=VECTOR('',#1885,10.);
#558=VECTOR('',#1888,10.);
#559=VECTOR('',#1889,10.);
#560=VECTOR('',#1890,10.);
#561=VECTOR('',#1893,10.);
#562=VECTOR('',#1894,10.);
#563=VECTOR('',#1895,10.);
#564=VECTOR('',#1898,10.);
#565=VECTOR('',#1899,10.);
#566=VECTOR('',#1900,10.);
#567=VECTOR('',#1903,10.);
#568=VECTOR('',#1904,10.);
#569=VECTOR('',#1905,10.);
#570=VECTOR('',#1908,10.);
#571=VECTOR('',#1909,10.);
#572=VECTOR('',#1910,10.);
#573=VECTOR('',#1913,10.);
#574=VECTOR('',#1914,10.);
#575=VECTOR('',#1915,10.);
#576=VECTOR('',#1918,10.);
#577=VECTOR('',#1919,10.);
#578=VECTOR('',#1920,10.);
#579=VECTOR('',#1923,10.);
#580=VECTOR('',#1924,10.);
#581=VECTOR('',#1925,10.);
#582=VECTOR('',#1928,10.);
#583=VECTOR('',#1929,10.);
#584=VECTOR('',#1930,10.);
#585=VECTOR('',#1933,10.);
#586=VECTOR('',#1934,10.);
#587=VECTOR('',#1935,10.);
#588=VECTOR('',#1938,10.);
#589=VECTOR('',#1939,10.);
#590=VECTOR('',#1940,10.);
#591=VECTOR('',#1943,10.);
#592=VECTOR('',#1944,10.);
#593=VECTOR('',#1945,10.);
#594=VECTOR('',#1948,10.);
#595=VECTOR('',#1949,10.);
#596=VECTOR('',#1950,10.);
#597=VECTOR('',#1953,10.);
#598=VECTOR('',#1954,10.);
#599=VECTOR('',#1955,10.);
#600=VECTOR('',#1958,10.);
#601=VECTOR('',#1959,10.);
#602=VECTOR('',#1960,10.);
#603=VECTOR('',#1963,10.);
#604=VECTOR('',#1964,10.);
#605=VECTOR('',#1965,10.);
#606=VECTOR('',#1968,10.);
#607=VECTOR('',#1969,10.);
#608=VECTOR('',#1970,10.);
#609=VECTOR('',#1973,10.);
#610=VECTOR('',#1974,10.);
#611=VECTOR('',#1975,10.);
#612=VECTOR('',#1978,10.);
#613=VECTOR('',#1979,10.);
#614=VECTOR('',#1980,10.);
#615=VECTOR('',#1983,10.);
#616=VECTOR('',#1984,10.);
#617=VECTOR('',#1985,10.);
#618=VECTOR('',#1988,10.);
#619=VECTOR('',#1989,10.);
#620=VECTOR('',#1990,10.);
#621=VECTOR('',#1993,10.);
#622=VECTOR('',#1994,10.);
#623=VECTOR('',#1995,10.);
#624=VECTOR('',#1998,10.);
#625=VECTOR('',#1999,10.);
#626=VECTOR('',#2000,10.);
#627=VECTOR('',#2003,10.);
#628=VECTOR('',#2004,10.);
#629=VECTOR('',#2005,10.);
#630=VECTOR('',#2008,10.);
#631=VECTOR('',#2009,10.);
#632=VECTOR('',#2010,10.);
#633=VECTOR('',#2013,10.);
#634=VECTOR('',#2014,10.);
#635=VECTOR('',#2015,10.);
#636=VECTOR('',#2018,10.);
#637=VECTOR('',#2019,10.);
#638=VECTOR('',#2020,10.);
#639=VECTOR('',#2023,10.);
#640=VECTOR('',#2024,10.);
#641=VECTOR('',#2025,10.);
#642=VECTOR('',#2028,10.);
#643=VECTOR('',#2029,10.);
#644=VECTOR('',#2030,10.);
#645=VECTOR('',#2033,10.);
#646=VECTOR('',#2034,10.);
#647=VECTOR('',#2035,10.);
#648=VECTOR('',#2038,10.);
#649=VECTOR('',#2039,10.);
#650=VECTOR('',#2040,10.);
#651=VECTOR('',#2043,10.);
#652=VECTOR('',#2044,10.);
#653=VECTOR('',#2045,10.);
#654=VECTOR('',#2048,10.);
#655=VECTOR('',#2049,10.);
#656=VECTOR('',#2050,10.);
#657=VECTOR('',#2053,10.);
#658=VECTOR('',#2054,10.);
#659=VECTOR('',#2055,10.);
#660=VECTOR('',#2058,10.);
#661=VECTOR('',#2059,10.);
#662=VECTOR('',#2060,10.);
#663=VECTOR('',#2063,10.);
#664=VECTOR('',#2064,10.);
#665=CIRCLE('',#1582,1.55);
#666=CIRCLE('',#1583,1.55);
#667=CIRCLE('',#1585,1.54999999999999);
#668=CIRCLE('',#1586,1.54999999999999);
#669=CIRCLE('',#1596,1.54999999999999);
#670=CIRCLE('',#1597,1.54999999999999);
#671=CIRCLE('',#1599,1.55);
#672=CIRCLE('',#1600,1.55);
#673=CIRCLE('',#1602,1.54999999999999);
#674=CIRCLE('',#1603,1.54999999999999);
#675=CIRCLE('',#1605,1.54999999999999);
#676=CIRCLE('',#1606,1.54999999999999);
#677=CIRCLE('',#1608,1.54999999999999);
#678=CIRCLE('',#1609,1.54999999999999);
#679=CIRCLE('',#1611,1.55);
#680=CIRCLE('',#1612,1.55);
#681=CIRCLE('',#1614,1.55);
#682=CIRCLE('',#1615,1.55);
#683=CIRCLE('',#1617,1.54999999999999);
#684=CIRCLE('',#1618,1.54999999999999);
#685=CIRCLE('',#1620,1.54999999999999);
#686=CIRCLE('',#1621,1.54999999999999);
#687=CIRCLE('',#1623,1.54999999999999);
#688=CIRCLE('',#1624,1.54999999999999);
#689=VERTEX_POINT('',#2071);
#690=VERTEX_POINT('',#2073);
#691=VERTEX_POINT('',#2077);
#692=VERTEX_POINT('',#2079);
#693=VERTEX_POINT('',#2083);
#694=VERTEX_POINT('',#2084);
#695=VERTEX_POINT('',#2086);
#696=VERTEX_POINT('',#2088);
#697=VERTEX_POINT('',#2092);
#698=VERTEX_POINT('',#2094);
#699=VERTEX_POINT('',#2098);
#700=VERTEX_POINT('',#2100);
#701=VERTEX_POINT('',#2107);
#702=VERTEX_POINT('',#2108);
#703=VERTEX_POINT('',#2110);
#704=VERTEX_POINT('',#2112);
#705=VERTEX_POINT('',#2116);
#706=VERTEX_POINT('',#2118);
#707=VERTEX_POINT('',#2122);
#708=VERTEX_POINT('',#2124);
#709=VERTEX_POINT('',#2131);
#710=VERTEX_POINT('',#2133);
#711=VERTEX_POINT('',#2137);
#712=VERTEX_POINT('',#2139);
#713=VERTEX_POINT('',#2143);
#714=VERTEX_POINT('',#2145);
#715=VERTEX_POINT('',#2149);
#716=VERTEX_POINT('',#2151);
#717=VERTEX_POINT('',#2155);
#718=VERTEX_POINT('',#2157);
#719=VERTEX_POINT('',#2161);
#720=VERTEX_POINT('',#2163);
#721=VERTEX_POINT('',#2167);
#722=VERTEX_POINT('',#2169);
#723=VERTEX_POINT('',#2173);
#724=VERTEX_POINT('',#2175);
#725=VERTEX_POINT('',#2179);
#726=VERTEX_POINT('',#2181);
#727=VERTEX_POINT('',#2185);
#728=VERTEX_POINT('',#2187);
#729=VERTEX_POINT('',#2191);
#730=VERTEX_POINT('',#2192);
#731=VERTEX_POINT('',#2194);
#732=VERTEX_POINT('',#2196);
#733=VERTEX_POINT('',#2200);
#734=VERTEX_POINT('',#2202);
#735=VERTEX_POINT('',#2206);
#736=VERTEX_POINT('',#2208);
#737=VERTEX_POINT('',#2212);
#738=VERTEX_POINT('',#2214);
#739=VERTEX_POINT('',#2218);
#740=VERTEX_POINT('',#2220);
#741=VERTEX_POINT('',#2224);
#742=VERTEX_POINT('',#2226);
#743=VERTEX_POINT('',#2230);
#744=VERTEX_POINT('',#2232);
#745=VERTEX_POINT('',#2236);
#746=VERTEX_POINT('',#2238);
#747=VERTEX_POINT('',#2242);
#748=VERTEX_POINT('',#2244);
#749=VERTEX_POINT('',#2248);
#750=VERTEX_POINT('',#2250);
#751=VERTEX_POINT('',#2254);
#752=VERTEX_POINT('',#2256);
#753=VERTEX_POINT('',#2260);
#754=VERTEX_POINT('',#2262);
#755=VERTEX_POINT('',#2266);
#756=VERTEX_POINT('',#2268);
#757=VERTEX_POINT('',#2272);
#758=VERTEX_POINT('',#2274);
#759=VERTEX_POINT('',#2278);
#760=VERTEX_POINT('',#2280);
#761=VERTEX_POINT('',#2284);
#762=VERTEX_POINT('',#2286);
#763=VERTEX_POINT('',#2290);
#764=VERTEX_POINT('',#2292);
#765=VERTEX_POINT('',#2296);
#766=VERTEX_POINT('',#2298);
#767=VERTEX_POINT('',#2302);
#768=VERTEX_POINT('',#2304);
#769=VERTEX_POINT('',#2308);
#770=VERTEX_POINT('',#2310);
#771=VERTEX_POINT('',#2314);
#772=VERTEX_POINT('',#2316);
#773=VERTEX_POINT('',#2320);
#774=VERTEX_POINT('',#2322);
#775=VERTEX_POINT('',#2326);
#776=VERTEX_POINT('',#2328);
#777=VERTEX_POINT('',#2332);
#778=VERTEX_POINT('',#2334);
#779=VERTEX_POINT('',#2338);
#780=VERTEX_POINT('',#2340);
#781=VERTEX_POINT('',#2344);
#782=VERTEX_POINT('',#2346);
#783=VERTEX_POINT('',#2350);
#784=VERTEX_POINT('',#2352);
#785=VERTEX_POINT('',#2356);
#786=VERTEX_POINT('',#2358);
#787=VERTEX_POINT('',#2362);
#788=VERTEX_POINT('',#2364);
#789=VERTEX_POINT('',#2368);
#790=VERTEX_POINT('',#2370);
#791=VERTEX_POINT('',#2374);
#792=VERTEX_POINT('',#2376);
#793=VERTEX_POINT('',#2380);
#794=VERTEX_POINT('',#2382);
#795=VERTEX_POINT('',#2386);
#796=VERTEX_POINT('',#2388);
#797=VERTEX_POINT('',#2392);
#798=VERTEX_POINT('',#2394);
#799=VERTEX_POINT('',#2398);
#800=VERTEX_POINT('',#2400);
#801=VERTEX_POINT('',#2404);
#802=VERTEX_POINT('',#2406);
#803=VERTEX_POINT('',#2410);
#804=VERTEX_POINT('',#2412);
#805=VERTEX_POINT('',#2416);
#806=VERTEX_POINT('',#2418);
#807=VERTEX_POINT('',#2422);
#808=VERTEX_POINT('',#2424);
#809=VERTEX_POINT('',#2428);
#810=VERTEX_POINT('',#2430);
#811=VERTEX_POINT('',#2434);
#812=VERTEX_POINT('',#2436);
#813=VERTEX_POINT('',#2440);
#814=VERTEX_POINT('',#2442);
#815=VERTEX_POINT('',#2446);
#816=VERTEX_POINT('',#2448);
#817=VERTEX_POINT('',#2452);
#818=VERTEX_POINT('',#2454);
#819=VERTEX_POINT('',#2458);
#820=VERTEX_POINT('',#2460);
#821=VERTEX_POINT('',#2464);
#822=VERTEX_POINT('',#2466);
#823=VERTEX_POINT('',#2470);
#824=VERTEX_POINT('',#2472);
#825=VERTEX_POINT('',#2476);
#826=VERTEX_POINT('',#2478);
#827=VERTEX_POINT('',#2482);
#828=VERTEX_POINT('',#2484);
#829=VERTEX_POINT('',#2488);
#830=VERTEX_POINT('',#2490);
#831=VERTEX_POINT('',#2494);
#832=VERTEX_POINT('',#2496);
#833=EDGE_CURVE('',#689,#689,#665,.T.);
#834=EDGE_CURVE('',#689,#690,#281,.T.);
#835=EDGE_CURVE('',#690,#690,#666,.T.);
#836=EDGE_CURVE('',#691,#691,#667,.T.);
#837=EDGE_CURVE('',#691,#692,#282,.T.);
#838=EDGE_CURVE('',#692,#692,#668,.T.);
#839=EDGE_CURVE('',#693,#694,#283,.T.);
#840=EDGE_CURVE('',#694,#695,#284,.T.);
#841=EDGE_CURVE('',#696,#695,#285,.T.);
#842=EDGE_CURVE('',#693,#696,#286,.T.);
#843=EDGE_CURVE('',#697,#693,#287,.T.);
#844=EDGE_CURVE('',#698,#696,#288,.T.);
#845=EDGE_CURVE('',#697,#698,#289,.T.);
#846=EDGE_CURVE('',#699,#697,#290,.T.);
#847=EDGE_CURVE('',#700,#698,#291,.T.);
#848=EDGE_CURVE('',#699,#700,#292,.T.);
#849=EDGE_CURVE('',#694,#699,#293,.T.);
#850=EDGE_CURVE('',#695,#700,#294,.T.);
#851=EDGE_CURVE('',#701,#702,#295,.T.);
#852=EDGE_CURVE('',#702,#703,#296,.T.);
#853=EDGE_CURVE('',#704,#703,#297,.T.);
#854=EDGE_CURVE('',#701,#704,#298,.T.);
#855=EDGE_CURVE('',#705,#701,#299,.T.);
#856=EDGE_CURVE('',#706,#704,#300,.T.);
#857=EDGE_CURVE('',#705,#706,#301,.T.);
#858=EDGE_CURVE('',#707,#705,#302,.T.);
#859=EDGE_CURVE('',#708,#706,#303,.T.);
#860=EDGE_CURVE('',#707,#708,#304,.T.);
#861=EDGE_CURVE('',#702,#707,#305,.T.);
#862=EDGE_CURVE('',#703,#708,#306,.T.);
#863=EDGE_CURVE('',#709,#709,#669,.T.);
#864=EDGE_CURVE('',#709,#710,#307,.T.);
#865=EDGE_CURVE('',#710,#710,#670,.T.);
#866=EDGE_CURVE('',#711,#711,#671,.T.);
#867=EDGE_CURVE('',#711,#712,#308,.T.);
#868=EDGE_CURVE('',#712,#712,#672,.T.);
#869=EDGE_CURVE('',#713,#713,#673,.T.);
#870=EDGE_CURVE('',#713,#714,#309,.T.);
#871=EDGE_CURVE('',#714,#714,#674,.T.);
#872=EDGE_CURVE('',#715,#715,#675,.T.);
#873=EDGE_CURVE('',#715,#716,#310,.T.);
#874=EDGE_CURVE('',#716,#716,#676,.T.);
#875=EDGE_CURVE('',#717,#717,#677,.T.);
#876=EDGE_CURVE('',#717,#718,#311,.T.);
#877=EDGE_CURVE('',#718,#718,#678,.T.);
#878=EDGE_CURVE('',#719,#719,#679,.T.);
#879=EDGE_CURVE('',#719,#720,#312,.T.);
#880=EDGE_CURVE('',#720,#720,#680,.T.);
#881=EDGE_CURVE('',#721,#721,#681,.T.);
#882=EDGE_CURVE('',#721,#722,#313,.T.);
#883=EDGE_CURVE('',#722,#722,#682,.T.);
#884=EDGE_CURVE('',#723,#723,#683,.T.);
#885=EDGE_CURVE('',#723,#724,#314,.T.);
#886=EDGE_CURVE('',#724,#724,#684,.T.);
#887=EDGE_CURVE('',#725,#725,#685,.T.);
#888=EDGE_CURVE('',#725,#726,#315,.T.);
#889=EDGE_CURVE('',#726,#726,#686,.T.);
#890=EDGE_CURVE('',#727,#727,#687,.T.);
#891=EDGE_CURVE('',#727,#728,#316,.T.);
#892=EDGE_CURVE('',#728,#728,#688,.T.);
#893=EDGE_CURVE('',#729,#730,#317,.T.);
#894=EDGE_CURVE('',#729,#731,#318,.T.);
#895=EDGE_CURVE('',#732,#731,#319,.T.);
#896=EDGE_CURVE('',#730,#732,#320,.T.);
#897=EDGE_CURVE('',#733,#730,#321,.T.);
#898=EDGE_CURVE('',#734,#732,#322,.T.);
#899=EDGE_CURVE('',#733,#734,#323,.T.);
#900=EDGE_CURVE('',#733,#735,#324,.T.);
#901=EDGE_CURVE('',#736,#734,#325,.T.);
#902=EDGE_CURVE('',#735,#736,#326,.T.);
#903=EDGE_CURVE('',#735,#737,#327,.T.);
#904=EDGE_CURVE('',#738,#736,#328,.T.);
#905=EDGE_CURVE('',#737,#738,#329,.T.);
#906=EDGE_CURVE('',#737,#739,#330,.T.);
#907=EDGE_CURVE('',#740,#738,#331,.T.);
#908=EDGE_CURVE('',#739,#740,#332,.T.);
#909=EDGE_CURVE('',#739,#741,#333,.T.);
#910=EDGE_CURVE('',#742,#740,#334,.T.);
#911=EDGE_CURVE('',#741,#742,#335,.T.);
#912=EDGE_CURVE('',#741,#743,#336,.T.);
#913=EDGE_CURVE('',#744,#742,#337,.T.);
#914=EDGE_CURVE('',#743,#744,#338,.T.);
#915=EDGE_CURVE('',#743,#745,#339,.T.);
#916=EDGE_CURVE('',#746,#744,#340,.T.);
#917=EDGE_CURVE('',#745,#746,#341,.T.);
#918=EDGE_CURVE('',#745,#747,#342,.T.);
#919=EDGE_CURVE('',#748,#746,#343,.T.);
#920=EDGE_CURVE('',#747,#748,#344,.T.);
#921=EDGE_CURVE('',#747,#749,#345,.T.);
#922=EDGE_CURVE('',#750,#748,#346,.T.);
#923=EDGE_CURVE('',#749,#750,#347,.T.);
#924=EDGE_CURVE('',#749,#751,#348,.T.);
#925=EDGE_CURVE('',#752,#750,#349,.T.);
#926=EDGE_CURVE('',#751,#752,#350,.T.);
#927=EDGE_CURVE('',#751,#753,#351,.T.);
#928=EDGE_CURVE('',#754,#752,#352,.T.);
#929=EDGE_CURVE('',#753,#754,#353,.T.);
#930=EDGE_CURVE('',#753,#755,#354,.T.);
#931=EDGE_CURVE('',#756,#754,#355,.T.);
#932=EDGE_CURVE('',#755,#756,#356,.T.);
#933=EDGE_CURVE('',#755,#757,#357,.T.);
#934=EDGE_CURVE('',#758,#756,#358,.T.);
#935=EDGE_CURVE('',#757,#758,#359,.T.);
#936=EDGE_CURVE('',#757,#759,#360,.T.);
#937=EDGE_CURVE('',#760,#758,#361,.T.);
#938=EDGE_CURVE('',#759,#760,#362,.T.);
#939=EDGE_CURVE('',#759,#761,#363,.T.);
#940=EDGE_CURVE('',#762,#760,#364,.T.);
#941=EDGE_CURVE('',#761,#762,#365,.T.);
#942=EDGE_CURVE('',#763,#761,#366,.T.);
#943=EDGE_CURVE('',#764,#762,#367,.T.);
#944=EDGE_CURVE('',#763,#764,#368,.T.);
#945=EDGE_CURVE('',#763,#765,#369,.T.);
#946=EDGE_CURVE('',#766,#764,#370,.T.);
#947=EDGE_CURVE('',#765,#766,#371,.T.);
#948=EDGE_CURVE('',#765,#767,#372,.T.);
#949=EDGE_CURVE('',#768,#766,#373,.T.);
#950=EDGE_CURVE('',#767,#768,#374,.T.);
#951=EDGE_CURVE('',#769,#767,#375,.T.);
#952=EDGE_CURVE('',#770,#768,#376,.T.);
#953=EDGE_CURVE('',#769,#770,#377,.T.);
#954=EDGE_CURVE('',#769,#771,#378,.T.);
#955=EDGE_CURVE('',#772,#770,#379,.T.);
#956=EDGE_CURVE('',#771,#772,#380,.T.);
#957=EDGE_CURVE('',#773,#771,#381,.T.);
#958=EDGE_CURVE('',#774,#772,#382,.T.);
#959=EDGE_CURVE('',#773,#774,#383,.T.);
#960=EDGE_CURVE('',#775,#773,#384,.T.);
#961=EDGE_CURVE('',#776,#774,#385,.T.);
#962=EDGE_CURVE('',#775,#776,#386,.T.);
#963=EDGE_CURVE('',#775,#777,#387,.T.);
#964=EDGE_CURVE('',#778,#776,#388,.T.);
#965=EDGE_CURVE('',#777,#778,#389,.T.);
#966=EDGE_CURVE('',#779,#777,#390,.T.);
#967=EDGE_CURVE('',#780,#778,#391,.T.);
#968=EDGE_CURVE('',#779,#780,#392,.T.);
#969=EDGE_CURVE('',#781,#779,#393,.T.);
#970=EDGE_CURVE('',#782,#780,#394,.T.);
#971=EDGE_CURVE('',#781,#782,#395,.T.);
#972=EDGE_CURVE('',#781,#783,#396,.T.);
#973=EDGE_CURVE('',#784,#782,#397,.T.);
#974=EDGE_CURVE('',#783,#784,#398,.T.);
#975=EDGE_CURVE('',#785,#783,#399,.T.);
#976=EDGE_CURVE('',#786,#784,#400,.T.);
#977=EDGE_CURVE('',#785,#786,#401,.T.);
#978=EDGE_CURVE('',#787,#785,#402,.T.);
#979=EDGE_CURVE('',#788,#786,#403,.T.);
#980=EDGE_CURVE('',#787,#788,#404,.T.);
#981=EDGE_CURVE('',#789,#787,#405,.T.);
#982=EDGE_CURVE('',#790,#788,#406,.T.);
#983=EDGE_CURVE('',#789,#790,#407,.T.);
#984=EDGE_CURVE('',#791,#789,#408,.T.);
#985=EDGE_CURVE('',#792,#790,#409,.T.);
#986=EDGE_CURVE('',#791,#792,#410,.T.);
#987=EDGE_CURVE('',#793,#791,#411,.T.);
#988=EDGE_CURVE('',#794,#792,#412,.T.);
#989=EDGE_CURVE('',#793,#794,#413,.T.);
#990=EDGE_CURVE('',#795,#793,#414,.T.);
#991=EDGE_CURVE('',#796,#794,#415,.T.);
#992=EDGE_CURVE('',#795,#796,#416,.T.);
#993=EDGE_CURVE('',#797,#795,#417,.T.);
#994=EDGE_CURVE('',#798,#796,#418,.T.);
#995=EDGE_CURVE('',#797,#798,#419,.T.);
#996=EDGE_CURVE('',#799,#797,#420,.T.);
#997=EDGE_CURVE('',#800,#798,#421,.T.);
#998=EDGE_CURVE('',#799,#800,#422,.T.);
#999=EDGE_CURVE('',#801,#799,#423,.T.);
#1000=EDGE_CURVE('',#802,#800,#424,.T.);
#1001=EDGE_CURVE('',#801,#802,#425,.T.);
#1002=EDGE_CURVE('',#803,#801,#426,.T.);
#1003=EDGE_CURVE('',#804,#802,#427,.T.);
#1004=EDGE_CURVE('',#803,#804,#428,.T.);
#1005=EDGE_CURVE('',#805,#803,#429,.T.);
#1006=EDGE_CURVE('',#806,#804,#430,.T.);
#1007=EDGE_CURVE('',#805,#806,#431,.T.);
#1008=EDGE_CURVE('',#807,#805,#432,.T.);
#1009=EDGE_CURVE('',#808,#806,#433,.T.);
#1010=EDGE_CURVE('',#807,#808,#434,.T.);
#1011=EDGE_CURVE('',#809,#807,#435,.T.);
#1012=EDGE_CURVE('',#810,#808,#436,.T.);
#1013=EDGE_CURVE('',#809,#810,#437,.T.);
#1014=EDGE_CURVE('',#811,#809,#438,.T.);
#1015=EDGE_CURVE('',#812,#810,#439,.T.);
#1016=EDGE_CURVE('',#811,#812,#440,.T.);
#1017=EDGE_CURVE('',#811,#813,#441,.T.);
#1018=EDGE_CURVE('',#814,#812,#442,.T.);
#1019=EDGE_CURVE('',#813,#814,#443,.T.);
#1020=EDGE_CURVE('',#815,#813,#444,.T.);
#1021=EDGE_CURVE('',#816,#814,#445,.T.);
#1022=EDGE_CURVE('',#815,#816,#446,.T.);
#1023=EDGE_CURVE('',#815,#817,#447,.T.);
#1024=EDGE_CURVE('',#818,#816,#448,.T.);
#1025=EDGE_CURVE('',#817,#818,#449,.T.);
#1026=EDGE_CURVE('',#819,#817,#450,.T.);
#1027=EDGE_CURVE('',#820,#818,#451,.T.);
#1028=EDGE_CURVE('',#819,#820,#452,.T.);
#1029=EDGE_CURVE('',#819,#821,#453,.T.);
#1030=EDGE_CURVE('',#822,#820,#454,.T.);
#1031=EDGE_CURVE('',#821,#822,#455,.T.);
#1032=EDGE_CURVE('',#821,#823,#456,.T.);
#1033=EDGE_CURVE('',#824,#822,#457,.T.);
#1034=EDGE_CURVE('',#823,#824,#458,.T.);
#1035=EDGE_CURVE('',#825,#823,#459,.T.);
#1036=EDGE_CURVE('',#826,#824,#460,.T.);
#1037=EDGE_CURVE('',#825,#826,#461,.T.);
#1038=EDGE_CURVE('',#827,#825,#462,.T.);
#1039=EDGE_CURVE('',#828,#826,#463,.T.);
#1040=EDGE_CURVE('',#827,#828,#464,.T.);
#1041=EDGE_CURVE('',#829,#827,#465,.T.);
#1042=EDGE_CURVE('',#830,#828,#466,.T.);
#1043=EDGE_CURVE('',#829,#830,#467,.T.);
#1044=EDGE_CURVE('',#829,#831,#468,.T.);
#1045=EDGE_CURVE('',#832,#830,#469,.T.);
#1046=EDGE_CURVE('',#831,#832,#470,.T.);
#1047=EDGE_CURVE('',#729,#831,#471,.T.);
#1048=EDGE_CURVE('',#731,#832,#472,.T.);
#1049=ORIENTED_EDGE('',*,*,#833,.F.);
#1050=ORIENTED_EDGE('',*,*,#834,.T.);
#1051=ORIENTED_EDGE('',*,*,#835,.T.);
#1052=ORIENTED_EDGE('',*,*,#834,.F.);
#1053=ORIENTED_EDGE('',*,*,#836,.F.);
#1054=ORIENTED_EDGE('',*,*,#837,.T.);
#1055=ORIENTED_EDGE('',*,*,#838,.T.);
#1056=ORIENTED_EDGE('',*,*,#837,.F.);
#1057=ORIENTED_EDGE('',*,*,#839,.T.);
#1058=ORIENTED_EDGE('',*,*,#840,.T.);
#1059=ORIENTED_EDGE('',*,*,#841,.F.);
#1060=ORIENTED_EDGE('',*,*,#842,.F.);
#1061=ORIENTED_EDGE('',*,*,#843,.T.);
#1062=ORIENTED_EDGE('',*,*,#842,.T.);
#1063=ORIENTED_EDGE('',*,*,#844,.F.);
#1064=ORIENTED_EDGE('',*,*,#845,.F.);
#1065=ORIENTED_EDGE('',*,*,#846,.T.);
#1066=ORIENTED_EDGE('',*,*,#845,.T.);
#1067=ORIENTED_EDGE('',*,*,#847,.F.);
#1068=ORIENTED_EDGE('',*,*,#848,.F.);
#1069=ORIENTED_EDGE('',*,*,#849,.T.);
#1070=ORIENTED_EDGE('',*,*,#848,.T.);
#1071=ORIENTED_EDGE('',*,*,#850,.F.);
#1072=ORIENTED_EDGE('',*,*,#840,.F.);
#1073=ORIENTED_EDGE('',*,*,#851,.T.);
#1074=ORIENTED_EDGE('',*,*,#852,.T.);
#1075=ORIENTED_EDGE('',*,*,#853,.F.);
#1076=ORIENTED_EDGE('',*,*,#854,.F.);
#1077=ORIENTED_EDGE('',*,*,#855,.T.);
#1078=ORIENTED_EDGE('',*,*,#854,.T.);
#1079=ORIENTED_EDGE('',*,*,#856,.F.);
#1080=ORIENTED_EDGE('',*,*,#857,.F.);
#1081=ORIENTED_EDGE('',*,*,#858,.T.);
#1082=ORIENTED_EDGE('',*,*,#857,.T.);
#1083=ORIENTED_EDGE('',*,*,#859,.F.);
#1084=ORIENTED_EDGE('',*,*,#860,.F.);
#1085=ORIENTED_EDGE('',*,*,#861,.T.);
#1086=ORIENTED_EDGE('',*,*,#860,.T.);
#1087=ORIENTED_EDGE('',*,*,#862,.F.);
#1088=ORIENTED_EDGE('',*,*,#852,.F.);
#1089=ORIENTED_EDGE('',*,*,#863,.F.);
#1090=ORIENTED_EDGE('',*,*,#864,.T.);
#1091=ORIENTED_EDGE('',*,*,#865,.T.);
#1092=ORIENTED_EDGE('',*,*,#864,.F.);
#1093=ORIENTED_EDGE('',*,*,#866,.F.);
#1094=ORIENTED_EDGE('',*,*,#867,.T.);
#1095=ORIENTED_EDGE('',*,*,#868,.T.);
#1096=ORIENTED_EDGE('',*,*,#867,.F.);
#1097=ORIENTED_EDGE('',*,*,#869,.F.);
#1098=ORIENTED_EDGE('',*,*,#870,.T.);
#1099=ORIENTED_EDGE('',*,*,#871,.T.);
#1100=ORIENTED_EDGE('',*,*,#870,.F.);
#1101=ORIENTED_EDGE('',*,*,#872,.F.);
#1102=ORIENTED_EDGE('',*,*,#873,.T.);
#1103=ORIENTED_EDGE('',*,*,#874,.T.);
#1104=ORIENTED_EDGE('',*,*,#873,.F.);
#1105=ORIENTED_EDGE('',*,*,#875,.F.);
#1106=ORIENTED_EDGE('',*,*,#876,.T.);
#1107=ORIENTED_EDGE('',*,*,#877,.T.);
#1108=ORIENTED_EDGE('',*,*,#876,.F.);
#1109=ORIENTED_EDGE('',*,*,#878,.F.);
#1110=ORIENTED_EDGE('',*,*,#879,.T.);
#1111=ORIENTED_EDGE('',*,*,#880,.T.);
#1112=ORIENTED_EDGE('',*,*,#879,.F.);
#1113=ORIENTED_EDGE('',*,*,#881,.F.);
#1114=ORIENTED_EDGE('',*,*,#882,.T.);
#1115=ORIENTED_EDGE('',*,*,#883,.T.);
#1116=ORIENTED_EDGE('',*,*,#882,.F.);
#1117=ORIENTED_EDGE('',*,*,#884,.F.);
#1118=ORIENTED_EDGE('',*,*,#885,.T.);
#1119=ORIENTED_EDGE('',*,*,#886,.T.);
#1120=ORIENTED_EDGE('',*,*,#885,.F.);
#1121=ORIENTED_EDGE('',*,*,#887,.F.);
#1122=ORIENTED_EDGE('',*,*,#888,.T.);
#1123=ORIENTED_EDGE('',*,*,#889,.T.);
#1124=ORIENTED_EDGE('',*,*,#888,.F.);
#1125=ORIENTED_EDGE('',*,*,#890,.F.);
#1126=ORIENTED_EDGE('',*,*,#891,.T.);
#1127=ORIENTED_EDGE('',*,*,#892,.T.);
#1128=ORIENTED_EDGE('',*,*,#891,.F.);
#1129=ORIENTED_EDGE('',*,*,#893,.F.);
#1130=ORIENTED_EDGE('',*,*,#894,.T.);
#1131=ORIENTED_EDGE('',*,*,#895,.F.);
#1132=ORIENTED_EDGE('',*,*,#896,.F.);
#1133=ORIENTED_EDGE('',*,*,#897,.T.);
#1134=ORIENTED_EDGE('',*,*,#896,.T.);
#1135=ORIENTED_EDGE('',*,*,#898,.F.);
#1136=ORIENTED_EDGE('',*,*,#899,.F.);
#1137=ORIENTED_EDGE('',*,*,#900,.F.);
#1138=ORIENTED_EDGE('',*,*,#899,.T.);
#1139=ORIENTED_EDGE('',*,*,#901,.F.);
#1140=ORIENTED_EDGE('',*,*,#902,.F.);
#1141=ORIENTED_EDGE('',*,*,#903,.F.);
#1142=ORIENTED_EDGE('',*,*,#902,.T.);
#1143=ORIENTED_EDGE('',*,*,#904,.F.);
#1144=ORIENTED_EDGE('',*,*,#905,.F.);
#1145=ORIENTED_EDGE('',*,*,#906,.F.);
#1146=ORIENTED_EDGE('',*,*,#905,.T.);
#1147=ORIENTED_EDGE('',*,*,#907,.F.);
#1148=ORIENTED_EDGE('',*,*,#908,.F.);
#1149=ORIENTED_EDGE('',*,*,#909,.F.);
#1150=ORIENTED_EDGE('',*,*,#908,.T.);
#1151=ORIENTED_EDGE('',*,*,#910,.F.);
#1152=ORIENTED_EDGE('',*,*,#911,.F.);
#1153=ORIENTED_EDGE('',*,*,#912,.F.);
#1154=ORIENTED_EDGE('',*,*,#911,.T.);
#1155=ORIENTED_EDGE('',*,*,#913,.F.);
#1156=ORIENTED_EDGE('',*,*,#914,.F.);
#1157=ORIENTED_EDGE('',*,*,#915,.F.);
#1158=ORIENTED_EDGE('',*,*,#914,.T.);
#1159=ORIENTED_EDGE('',*,*,#916,.F.);
#1160=ORIENTED_EDGE('',*,*,#917,.F.);
#1161=ORIENTED_EDGE('',*,*,#918,.F.);
#1162=ORIENTED_EDGE('',*,*,#917,.T.);
#1163=ORIENTED_EDGE('',*,*,#919,.F.);
#1164=ORIENTED_EDGE('',*,*,#920,.F.);
#1165=ORIENTED_EDGE('',*,*,#921,.F.);
#1166=ORIENTED_EDGE('',*,*,#920,.T.);
#1167=ORIENTED_EDGE('',*,*,#922,.F.);
#1168=ORIENTED_EDGE('',*,*,#923,.F.);
#1169=ORIENTED_EDGE('',*,*,#924,.F.);
#1170=ORIENTED_EDGE('',*,*,#923,.T.);
#1171=ORIENTED_EDGE('',*,*,#925,.F.);
#1172=ORIENTED_EDGE('',*,*,#926,.F.);
#1173=ORIENTED_EDGE('',*,*,#927,.F.);
#1174=ORIENTED_EDGE('',*,*,#926,.T.);
#1175=ORIENTED_EDGE('',*,*,#928,.F.);
#1176=ORIENTED_EDGE('',*,*,#929,.F.);
#1177=ORIENTED_EDGE('',*,*,#930,.F.);
#1178=ORIENTED_EDGE('',*,*,#929,.T.);
#1179=ORIENTED_EDGE('',*,*,#931,.F.);
#1180=ORIENTED_EDGE('',*,*,#932,.F.);
#1181=ORIENTED_EDGE('',*,*,#933,.F.);
#1182=ORIENTED_EDGE('',*,*,#932,.T.);
#1183=ORIENTED_EDGE('',*,*,#934,.F.);
#1184=ORIENTED_EDGE('',*,*,#935,.F.);
#1185=ORIENTED_EDGE('',*,*,#936,.F.);
#1186=ORIENTED_EDGE('',*,*,#935,.T.);
#1187=ORIENTED_EDGE('',*,*,#937,.F.);
#1188=ORIENTED_EDGE('',*,*,#938,.F.);
#1189=ORIENTED_EDGE('',*,*,#939,.F.);
#1190=ORIENTED_EDGE('',*,*,#938,.T.);
#1191=ORIENTED_EDGE('',*,*,#940,.F.);
#1192=ORIENTED_EDGE('',*,*,#941,.F.);
#1193=ORIENTED_EDGE('',*,*,#942,.T.);
#1194=ORIENTED_EDGE('',*,*,#941,.T.);
#1195=ORIENTED_EDGE('',*,*,#943,.F.);
#1196=ORIENTED_EDGE('',*,*,#944,.F.);
#1197=ORIENTED_EDGE('',*,*,#945,.F.);
#1198=ORIENTED_EDGE('',*,*,#944,.T.);
#1199=ORIENTED_EDGE('',*,*,#946,.F.);
#1200=ORIENTED_EDGE('',*,*,#947,.F.);
#1201=ORIENTED_EDGE('',*,*,#948,.F.);
#1202=ORIENTED_EDGE('',*,*,#947,.T.);
#1203=ORIENTED_EDGE('',*,*,#949,.F.);
#1204=ORIENTED_EDGE('',*,*,#950,.F.);
#1205=ORIENTED_EDGE('',*,*,#951,.T.);
#1206=ORIENTED_EDGE('',*,*,#950,.T.);
#1207=ORIENTED_EDGE('',*,*,#952,.F.);
#1208=ORIENTED_EDGE('',*,*,#953,.F.);
#1209=ORIENTED_EDGE('',*,*,#954,.F.);
#1210=ORIENTED_EDGE('',*,*,#953,.T.);
#1211=ORIENTED_EDGE('',*,*,#955,.F.);
#1212=ORIENTED_EDGE('',*,*,#956,.F.);
#1213=ORIENTED_EDGE('',*,*,#957,.T.);
#1214=ORIENTED_EDGE('',*,*,#956,.T.);
#1215=ORIENTED_EDGE('',*,*,#958,.F.);
#1216=ORIENTED_EDGE('',*,*,#959,.F.);
#1217=ORIENTED_EDGE('',*,*,#960,.T.);
#1218=ORIENTED_EDGE('',*,*,#959,.T.);
#1219=ORIENTED_EDGE('',*,*,#961,.F.);
#1220=ORIENTED_EDGE('',*,*,#962,.F.);
#1221=ORIENTED_EDGE('',*,*,#963,.F.);
#1222=ORIENTED_EDGE('',*,*,#962,.T.);
#1223=ORIENTED_EDGE('',*,*,#964,.F.);
#1224=ORIENTED_EDGE('',*,*,#965,.F.);
#1225=ORIENTED_EDGE('',*,*,#966,.T.);
#1226=ORIENTED_EDGE('',*,*,#965,.T.);
#1227=ORIENTED_EDGE('',*,*,#967,.F.);
#1228=ORIENTED_EDGE('',*,*,#968,.F.);
#1229=ORIENTED_EDGE('',*,*,#969,.T.);
#1230=ORIENTED_EDGE('',*,*,#968,.T.);
#1231=ORIENTED_EDGE('',*,*,#970,.F.);
#1232=ORIENTED_EDGE('',*,*,#971,.F.);
#1233=ORIENTED_EDGE('',*,*,#972,.F.);
#1234=ORIENTED_EDGE('',*,*,#971,.T.);
#1235=ORIENTED_EDGE('',*,*,#973,.F.);
#1236=ORIENTED_EDGE('',*,*,#974,.F.);
#1237=ORIENTED_EDGE('',*,*,#975,.T.);
#1238=ORIENTED_EDGE('',*,*,#974,.T.);
#1239=ORIENTED_EDGE('',*,*,#976,.F.);
#1240=ORIENTED_EDGE('',*,*,#977,.F.);
#1241=ORIENTED_EDGE('',*,*,#978,.T.);
#1242=ORIENTED_EDGE('',*,*,#977,.T.);
#1243=ORIENTED_EDGE('',*,*,#979,.F.);
#1244=ORIENTED_EDGE('',*,*,#980,.F.);
#1245=ORIENTED_EDGE('',*,*,#981,.T.);
#1246=ORIENTED_EDGE('',*,*,#980,.T.);
#1247=ORIENTED_EDGE('',*,*,#982,.F.);
#1248=ORIENTED_EDGE('',*,*,#983,.F.);
#1249=ORIENTED_EDGE('',*,*,#984,.T.);
#1250=ORIENTED_EDGE('',*,*,#983,.T.);
#1251=ORIENTED_EDGE('',*,*,#985,.F.);
#1252=ORIENTED_EDGE('',*,*,#986,.F.);
#1253=ORIENTED_EDGE('',*,*,#987,.T.);
#1254=ORIENTED_EDGE('',*,*,#986,.T.);
#1255=ORIENTED_EDGE('',*,*,#988,.F.);
#1256=ORIENTED_EDGE('',*,*,#989,.F.);
#1257=ORIENTED_EDGE('',*,*,#990,.T.);
#1258=ORIENTED_EDGE('',*,*,#989,.T.);
#1259=ORIENTED_EDGE('',*,*,#991,.F.);
#1260=ORIENTED_EDGE('',*,*,#992,.F.);
#1261=ORIENTED_EDGE('',*,*,#993,.T.);
#1262=ORIENTED_EDGE('',*,*,#992,.T.);
#1263=ORIENTED_EDGE('',*,*,#994,.F.);
#1264=ORIENTED_EDGE('',*,*,#995,.F.);
#1265=ORIENTED_EDGE('',*,*,#996,.T.);
#1266=ORIENTED_EDGE('',*,*,#995,.T.);
#1267=ORIENTED_EDGE('',*,*,#997,.F.);
#1268=ORIENTED_EDGE('',*,*,#998,.F.);
#1269=ORIENTED_EDGE('',*,*,#999,.T.);
#1270=ORIENTED_EDGE('',*,*,#998,.T.);
#1271=ORIENTED_EDGE('',*,*,#1000,.F.);
#1272=ORIENTED_EDGE('',*,*,#1001,.F.);
#1273=ORIENTED_EDGE('',*,*,#1002,.T.);
#1274=ORIENTED_EDGE('',*,*,#1001,.T.);
#1275=ORIENTED_EDGE('',*,*,#1003,.F.);
#1276=ORIENTED_EDGE('',*,*,#1004,.F.);
#1277=ORIENTED_EDGE('',*,*,#1005,.T.);
#1278=ORIENTED_EDGE('',*,*,#1004,.T.);
#1279=ORIENTED_EDGE('',*,*,#1006,.F.);
#1280=ORIENTED_EDGE('',*,*,#1007,.F.);
#1281=ORIENTED_EDGE('',*,*,#1008,.T.);
#1282=ORIENTED_EDGE('',*,*,#1007,.T.);
#1283=ORIENTED_EDGE('',*,*,#1009,.F.);
#1284=ORIENTED_EDGE('',*,*,#1010,.F.);
#1285=ORIENTED_EDGE('',*,*,#1011,.T.);
#1286=ORIENTED_EDGE('',*,*,#1010,.T.);
#1287=ORIENTED_EDGE('',*,*,#1012,.F.);
#1288=ORIENTED_EDGE('',*,*,#1013,.F.);
#1289=ORIENTED_EDGE('',*,*,#1014,.T.);
#1290=ORIENTED_EDGE('',*,*,#1013,.T.);
#1291=ORIENTED_EDGE('',*,*,#1015,.F.);
#1292=ORIENTED_EDGE('',*,*,#1016,.F.);
#1293=ORIENTED_EDGE('',*,*,#1017,.F.);
#1294=ORIENTED_EDGE('',*,*,#1016,.T.);
#1295=ORIENTED_EDGE('',*,*,#1018,.F.);
#1296=ORIENTED_EDGE('',*,*,#1019,.F.);
#1297=ORIENTED_EDGE('',*,*,#1020,.T.);
#1298=ORIENTED_EDGE('',*,*,#1019,.T.);
#1299=ORIENTED_EDGE('',*,*,#1021,.F.);
#1300=ORIENTED_EDGE('',*,*,#1022,.F.);
#1301=ORIENTED_EDGE('',*,*,#1023,.F.);
#1302=ORIENTED_EDGE('',*,*,#1022,.T.);
#1303=ORIENTED_EDGE('',*,*,#1024,.F.);
#1304=ORIENTED_EDGE('',*,*,#1025,.F.);
#1305=ORIENTED_EDGE('',*,*,#1026,.T.);
#1306=ORIENTED_EDGE('',*,*,#1025,.T.);
#1307=ORIENTED_EDGE('',*,*,#1027,.F.);
#1308=ORIENTED_EDGE('',*,*,#1028,.F.);
#1309=ORIENTED_EDGE('',*,*,#1029,.F.);
#1310=ORIENTED_EDGE('',*,*,#1028,.T.);
#1311=ORIENTED_EDGE('',*,*,#1030,.F.);
#1312=ORIENTED_EDGE('',*,*,#1031,.F.);
#1313=ORIENTED_EDGE('',*,*,#1032,.F.);
#1314=ORIENTED_EDGE('',*,*,#1031,.T.);
#1315=ORIENTED_EDGE('',*,*,#1033,.F.);
#1316=ORIENTED_EDGE('',*,*,#1034,.F.);
#1317=ORIENTED_EDGE('',*,*,#1035,.T.);
#1318=ORIENTED_EDGE('',*,*,#1034,.T.);
#1319=ORIENTED_EDGE('',*,*,#1036,.F.);
#1320=ORIENTED_EDGE('',*,*,#1037,.F.);
#1321=ORIENTED_EDGE('',*,*,#1038,.T.);
#1322=ORIENTED_EDGE('',*,*,#1037,.T.);
#1323=ORIENTED_EDGE('',*,*,#1039,.F.);
#1324=ORIENTED_EDGE('',*,*,#1040,.F.);
#1325=ORIENTED_EDGE('',*,*,#1041,.T.);
#1326=ORIENTED_EDGE('',*,*,#1040,.T.);
#1327=ORIENTED_EDGE('',*,*,#1042,.F.);
#1328=ORIENTED_EDGE('',*,*,#1043,.F.);
#1329=ORIENTED_EDGE('',*,*,#1044,.F.);
#1330=ORIENTED_EDGE('',*,*,#1043,.T.);
#1331=ORIENTED_EDGE('',*,*,#1045,.F.);
#1332=ORIENTED_EDGE('',*,*,#1046,.F.);
#1333=ORIENTED_EDGE('',*,*,#1047,.T.);
#1334=ORIENTED_EDGE('',*,*,#1046,.T.);
#1335=ORIENTED_EDGE('',*,*,#1048,.F.);
#1336=ORIENTED_EDGE('',*,*,#894,.F.);
#1337=ORIENTED_EDGE('',*,*,#1048,.T.);
#1338=ORIENTED_EDGE('',*,*,#1045,.T.);
#1339=ORIENTED_EDGE('',*,*,#1042,.T.);
#1340=ORIENTED_EDGE('',*,*,#1039,.T.);
#1341=ORIENTED_EDGE('',*,*,#1036,.T.);
#1342=ORIENTED_EDGE('',*,*,#1033,.T.);
#1343=ORIENTED_EDGE('',*,*,#1030,.T.);
#1344=ORIENTED_EDGE('',*,*,#1027,.T.);
#1345=ORIENTED_EDGE('',*,*,#1024,.T.);
#1346=ORIENTED_EDGE('',*,*,#1021,.T.);
#1347=ORIENTED_EDGE('',*,*,#1018,.T.);
#1348=ORIENTED_EDGE('',*,*,#1015,.T.);
#1349=ORIENTED_EDGE('',*,*,#1012,.T.);
#1350=ORIENTED_EDGE('',*,*,#1009,.T.);
#1351=ORIENTED_EDGE('',*,*,#1006,.T.);
#1352=ORIENTED_EDGE('',*,*,#1003,.T.);
#1353=ORIENTED_EDGE('',*,*,#1000,.T.);
#1354=ORIENTED_EDGE('',*,*,#997,.T.);
#1355=ORIENTED_EDGE('',*,*,#994,.T.);
#1356=ORIENTED_EDGE('',*,*,#991,.T.);
#1357=ORIENTED_EDGE('',*,*,#988,.T.);
#1358=ORIENTED_EDGE('',*,*,#985,.T.);
#1359=ORIENTED_EDGE('',*,*,#982,.T.);
#1360=ORIENTED_EDGE('',*,*,#979,.T.);
#1361=ORIENTED_EDGE('',*,*,#976,.T.);
#1362=ORIENTED_EDGE('',*,*,#973,.T.);
#1363=ORIENTED_EDGE('',*,*,#970,.T.);
#1364=ORIENTED_EDGE('',*,*,#967,.T.);
#1365=ORIENTED_EDGE('',*,*,#964,.T.);
#1366=ORIENTED_EDGE('',*,*,#961,.T.);
#1367=ORIENTED_EDGE('',*,*,#958,.T.);
#1368=ORIENTED_EDGE('',*,*,#955,.T.);
#1369=ORIENTED_EDGE('',*,*,#952,.T.);
#1370=ORIENTED_EDGE('',*,*,#949,.T.);
#1371=ORIENTED_EDGE('',*,*,#946,.T.);
#1372=ORIENTED_EDGE('',*,*,#943,.T.);
#1373=ORIENTED_EDGE('',*,*,#940,.T.);
#1374=ORIENTED_EDGE('',*,*,#937,.T.);
#1375=ORIENTED_EDGE('',*,*,#934,.T.);
#1376=ORIENTED_EDGE('',*,*,#931,.T.);
#1377=ORIENTED_EDGE('',*,*,#928,.T.);
#1378=ORIENTED_EDGE('',*,*,#925,.T.);
#1379=ORIENTED_EDGE('',*,*,#922,.T.);
#1380=ORIENTED_EDGE('',*,*,#919,.T.);
#1381=ORIENTED_EDGE('',*,*,#916,.T.);
#1382=ORIENTED_EDGE('',*,*,#913,.T.);
#1383=ORIENTED_EDGE('',*,*,#910,.T.);
#1384=ORIENTED_EDGE('',*,*,#907,.T.);
#1385=ORIENTED_EDGE('',*,*,#904,.T.);
#1386=ORIENTED_EDGE('',*,*,#901,.T.);
#1387=ORIENTED_EDGE('',*,*,#898,.T.);
#1388=ORIENTED_EDGE('',*,*,#895,.T.);
#1389=ORIENTED_EDGE('',*,*,#890,.T.);
#1390=ORIENTED_EDGE('',*,*,#887,.T.);
#1391=ORIENTED_EDGE('',*,*,#884,.T.);
#1392=ORIENTED_EDGE('',*,*,#881,.T.);
#1393=ORIENTED_EDGE('',*,*,#878,.T.);
#1394=ORIENTED_EDGE('',*,*,#875,.T.);
#1395=ORIENTED_EDGE('',*,*,#872,.T.);
#1396=ORIENTED_EDGE('',*,*,#869,.T.);
#1397=ORIENTED_EDGE('',*,*,#866,.T.);
#1398=ORIENTED_EDGE('',*,*,#863,.T.);
#1399=ORIENTED_EDGE('',*,*,#862,.T.);
#1400=ORIENTED_EDGE('',*,*,#859,.T.);
#1401=ORIENTED_EDGE('',*,*,#856,.T.);
#1402=ORIENTED_EDGE('',*,*,#853,.T.);
#1403=ORIENTED_EDGE('',*,*,#850,.T.);
#1404=ORIENTED_EDGE('',*,*,#847,.T.);
#1405=ORIENTED_EDGE('',*,*,#844,.T.);
#1406=ORIENTED_EDGE('',*,*,#841,.T.);
#1407=ORIENTED_EDGE('',*,*,#836,.T.);
#1408=ORIENTED_EDGE('',*,*,#833,.T.);
#1409=ORIENTED_EDGE('',*,*,#1047,.F.);
#1410=ORIENTED_EDGE('',*,*,#893,.T.);
#1411=ORIENTED_EDGE('',*,*,#897,.F.);
#1412=ORIENTED_EDGE('',*,*,#900,.T.);
#1413=ORIENTED_EDGE('',*,*,#903,.T.);
#1414=ORIENTED_EDGE('',*,*,#906,.T.);
#1415=ORIENTED_EDGE('',*,*,#909,.T.);
#1416=ORIENTED_EDGE('',*,*,#912,.T.);
#1417=ORIENTED_EDGE('',*,*,#915,.T.);
#1418=ORIENTED_EDGE('',*,*,#918,.T.);
#1419=ORIENTED_EDGE('',*,*,#921,.T.);
#1420=ORIENTED_EDGE('',*,*,#924,.T.);
#1421=ORIENTED_EDGE('',*,*,#927,.T.);
#1422=ORIENTED_EDGE('',*,*,#930,.T.);
#1423=ORIENTED_EDGE('',*,*,#933,.T.);
#1424=ORIENTED_EDGE('',*,*,#936,.T.);
#1425=ORIENTED_EDGE('',*,*,#939,.T.);
#1426=ORIENTED_EDGE('',*,*,#942,.F.);
#1427=ORIENTED_EDGE('',*,*,#945,.T.);
#1428=ORIENTED_EDGE('',*,*,#948,.T.);
#1429=ORIENTED_EDGE('',*,*,#951,.F.);
#1430=ORIENTED_EDGE('',*,*,#954,.T.);
#1431=ORIENTED_EDGE('',*,*,#957,.F.);
#1432=ORIENTED_EDGE('',*,*,#960,.F.);
#1433=ORIENTED_EDGE('',*,*,#963,.T.);
#1434=ORIENTED_EDGE('',*,*,#966,.F.);
#1435=ORIENTED_EDGE('',*,*,#969,.F.);
#1436=ORIENTED_EDGE('',*,*,#972,.T.);
#1437=ORIENTED_EDGE('',*,*,#975,.F.);
#1438=ORIENTED_EDGE('',*,*,#978,.F.);
#1439=ORIENTED_EDGE('',*,*,#981,.F.);
#1440=ORIENTED_EDGE('',*,*,#984,.F.);
#1441=ORIENTED_EDGE('',*,*,#987,.F.);
#1442=ORIENTED_EDGE('',*,*,#990,.F.);
#1443=ORIENTED_EDGE('',*,*,#993,.F.);
#1444=ORIENTED_EDGE('',*,*,#996,.F.);
#1445=ORIENTED_EDGE('',*,*,#999,.F.);
#1446=ORIENTED_EDGE('',*,*,#1002,.F.);
#1447=ORIENTED_EDGE('',*,*,#1005,.F.);
#1448=ORIENTED_EDGE('',*,*,#1008,.F.);
#1449=ORIENTED_EDGE('',*,*,#1011,.F.);
#1450=ORIENTED_EDGE('',*,*,#1014,.F.);
#1451=ORIENTED_EDGE('',*,*,#1017,.T.);
#1452=ORIENTED_EDGE('',*,*,#1020,.F.);
#1453=ORIENTED_EDGE('',*,*,#1023,.T.);
#1454=ORIENTED_EDGE('',*,*,#1026,.F.);
#1455=ORIENTED_EDGE('',*,*,#1029,.T.);
#1456=ORIENTED_EDGE('',*,*,#1032,.T.);
#1457=ORIENTED_EDGE('',*,*,#1035,.F.);
#1458=ORIENTED_EDGE('',*,*,#1038,.F.);
#1459=ORIENTED_EDGE('',*,*,#1041,.F.);
#1460=ORIENTED_EDGE('',*,*,#1044,.T.);
#1461=ORIENTED_EDGE('',*,*,#892,.F.);
#1462=ORIENTED_EDGE('',*,*,#889,.F.);
#1463=ORIENTED_EDGE('',*,*,#886,.F.);
#1464=ORIENTED_EDGE('',*,*,#883,.F.);
#1465=ORIENTED_EDGE('',*,*,#880,.F.);
#1466=ORIENTED_EDGE('',*,*,#877,.F.);
#1467=ORIENTED_EDGE('',*,*,#874,.F.);
#1468=ORIENTED_EDGE('',*,*,#871,.F.);
#1469=ORIENTED_EDGE('',*,*,#868,.F.);
#1470=ORIENTED_EDGE('',*,*,#865,.F.);
#1471=ORIENTED_EDGE('',*,*,#861,.F.);
#1472=ORIENTED_EDGE('',*,*,#851,.F.);
#1473=ORIENTED_EDGE('',*,*,#855,.F.);
#1474=ORIENTED_EDGE('',*,*,#858,.F.);
#1475=ORIENTED_EDGE('',*,*,#849,.F.);
#1476=ORIENTED_EDGE('',*,*,#839,.F.);
#1477=ORIENTED_EDGE('',*,*,#843,.F.);
#1478=ORIENTED_EDGE('',*,*,#846,.F.);
#1479=ORIENTED_EDGE('',*,*,#838,.F.);
#1480=ORIENTED_EDGE('',*,*,#835,.F.);
#1481=CYLINDRICAL_SURFACE('',#1581,1.55);
#1482=CYLINDRICAL_SURFACE('',#1584,1.54999999999999);
#1483=CYLINDRICAL_SURFACE('',#1595,1.54999999999999);
#1484=CYLINDRICAL_SURFACE('',#1598,1.55);
#1485=CYLINDRICAL_SURFACE('',#1601,1.54999999999999);
#1486=CYLINDRICAL_SURFACE('',#1604,1.54999999999999);
#1487=CYLINDRICAL_SURFACE('',#1607,1.54999999999999);
#1488=CYLINDRICAL_SURFACE('',#1610,1.55);
#1489=CYLINDRICAL_SURFACE('',#1613,1.55);
#1490=CYLINDRICAL_SURFACE('',#1616,1.54999999999999);
#1491=CYLINDRICAL_SURFACE('',#1619,1.54999999999999);
#1492=CYLINDRICAL_SURFACE('',#1622,1.54999999999999);
#1493=ADVANCED_FACE('',(#105),#1481,.F.);
#1494=ADVANCED_FACE('',(#106),#1482,.F.);
#1495=ADVANCED_FACE('',(#107),#43,.T.);
#1496=ADVANCED_FACE('',(#108),#44,.T.);
#1497=ADVANCED_FACE('',(#109),#45,.T.);
#1498=ADVANCED_FACE('',(#110),#46,.T.);
#1499=ADVANCED_FACE('',(#111),#47,.T.);
#1500=ADVANCED_FACE('',(#112),#48,.T.);
#1501=ADVANCED_FACE('',(#113),#49,.T.);
#1502=ADVANCED_FACE('',(#114),#50,.T.);
#1503=ADVANCED_FACE('',(#115),#1483,.F.);
#1504=ADVANCED_FACE('',(#116),#1484,.F.);
#1505=ADVANCED_FACE('',(#117),#1485,.F.);
#1506=ADVANCED_FACE('',(#118),#1486,.F.);
#1507=ADVANCED_FACE('',(#119),#1487,.F.);
#1508=ADVANCED_FACE('',(#120),#1488,.F.);
#1509=ADVANCED_FACE('',(#121),#1489,.F.);
#1510=ADVANCED_FACE('',(#122),#1490,.F.);
#1511=ADVANCED_FACE('',(#123),#1491,.F.);
#1512=ADVANCED_FACE('',(#124),#1492,.F.);
#1513=ADVANCED_FACE('',(#125),#51,.T.);
#1514=ADVANCED_FACE('',(#126),#52,.T.);
#1515=ADVANCED_FACE('',(#127),#53,.T.);
#1516=ADVANCED_FACE('',(#128),#54,.T.);
#1517=ADVANCED_FACE('',(#129),#55,.T.);
#1518=ADVANCED_FACE('',(#130),#56,.T.);
#1519=ADVANCED_FACE('',(#131),#57,.T.);
#1520=ADVANCED_FACE('',(#132),#58,.T.);
#1521=ADVANCED_FACE('',(#133),#59,.T.);
#1522=ADVANCED_FACE('',(#134),#60,.T.);
#1523=ADVANCED_FACE('',(#135),#61,.T.);
#1524=ADVANCED_FACE('',(#136),#62,.T.);
#1525=ADVANCED_FACE('',(#137),#63,.T.);
#1526=ADVANCED_FACE('',(#138),#64,.T.);
#1527=ADVANCED_FACE('',(#139),#65,.T.);
#1528=ADVANCED_FACE('',(#140),#66,.T.);
#1529=ADVANCED_FACE('',(#141),#67,.T.);
#1530=ADVANCED_FACE('',(#142),#68,.T.);
#1531=ADVANCED_FACE('',(#143),#69,.T.);
#1532=ADVANCED_FACE('',(#144),#70,.T.);
#1533=ADVANCED_FACE('',(#145),#71,.T.);
#1534=ADVANCED_FACE('',(#146),#72,.T.);
#1535=ADVANCED_FACE('',(#147),#73,.T.);
#1536=ADVANCED_FACE('',(#148),#74,.T.);
#1537=ADVANCED_FACE('',(#149),#75,.T.);
#1538=ADVANCED_FACE('',(#150),#76,.T.);
#1539=ADVANCED_FACE('',(#151),#77,.T.);
#1540=ADVANCED_FACE('',(#152),#78,.T.);
#1541=ADVANCED_FACE('',(#153),#79,.T.);
#1542=ADVANCED_FACE('',(#154),#80,.T.);
#1543=ADVANCED_FACE('',(#155),#81,.T.);
#1544=ADVANCED_FACE('',(#156),#82,.T.);
#1545=ADVANCED_FACE('',(#157),#83,.T.);
#1546=ADVANCED_FACE('',(#158),#84,.T.);
#1547=ADVANCED_FACE('',(#159),#85,.T.);
#1548=ADVANCED_FACE('',(#160),#86,.T.);
#1549=ADVANCED_FACE('',(#161),#87,.T.);
#1550=ADVANCED_FACE('',(#162),#88,.T.);
#1551=ADVANCED_FACE('',(#163),#89,.T.);
#1552=ADVANCED_FACE('',(#164),#90,.T.);
#1553=ADVANCED_FACE('',(#165),#91,.T.);
#1554=ADVANCED_FACE('',(#166),#92,.T.);
#1555=ADVANCED_FACE('',(#167),#93,.T.);
#1556=ADVANCED_FACE('',(#168),#94,.T.);
#1557=ADVANCED_FACE('',(#169),#95,.T.);
#1558=ADVANCED_FACE('',(#170),#96,.T.);
#1559=ADVANCED_FACE('',(#171),#97,.T.);
#1560=ADVANCED_FACE('',(#172),#98,.T.);
#1561=ADVANCED_FACE('',(#173),#99,.T.);
#1562=ADVANCED_FACE('',(#174),#100,.T.);
#1563=ADVANCED_FACE('',(#175),#101,.T.);
#1564=ADVANCED_FACE('',(#176),#102,.T.);
#1565=ADVANCED_FACE('',(#177,#15,#16,#17,#18,#19,#20,#21,#22,#23,#24,#25,
#26,#27,#28),#103,.T.);
#1566=ADVANCED_FACE('',(#178,#29,#30,#31,#32,#33,#34,#35,#36,#37,#38,#39,
#40,#41,#42),#104,.F.);
#1567=CLOSED_SHELL('',(#1493,#1494,#1495,#1496,#1497,#1498,#1499,#1500,
#1501,#1502,#1503,#1504,#1505,#1506,#1507,#1508,#1509,#1510,#1511,#1512,
#1513,#1514,#1515,#1516,#1517,#1518,#1519,#1520,#1521,#1522,#1523,#1524,
#1525,#1526,#1527,#1528,#1529,#1530,#1531,#1532,#1533,#1534,#1535,#1536,
#1537,#1538,#1539,#1540,#1541,#1542,#1543,#1544,#1545,#1546,#1547,#1548,
#1549,#1550,#1551,#1552,#1553,#1554,#1555,#1556,#1557,#1558,#1559,#1560,
#1561,#1562,#1563,#1564,#1565,#1566));
#1568=DERIVED_UNIT_ELEMENT(#1570,1.);
#1569=DERIVED_UNIT_ELEMENT(#2509,-3.);
#1570=(
MASS_UNIT()
NAMED_UNIT(*)
SI_UNIT(.KILO.,.GRAM.)
);
#1571=DERIVED_UNIT((#1568,#1569));
#1572=MEASURE_REPRESENTATION_ITEM('density measure',
POSITIVE_RATIO_MEASURE(7850.),#1571);
#1573=PROPERTY_DEFINITION_REPRESENTATION(#1578,#1575);
#1574=PROPERTY_DEFINITION_REPRESENTATION(#1579,#1576);
#1575=REPRESENTATION('material name',(#1577),#2506);
#1576=REPRESENTATION('density',(#1572),#2506);
#1577=DESCRIPTIVE_REPRESENTATION_ITEM('Steel','Steel');
#1578=PROPERTY_DEFINITION('material property','material name',#2516);
#1579=PROPERTY_DEFINITION('material property','density of part',#2516);
#1580=AXIS2_PLACEMENT_3D('',#2069,#1679,#1680);
#1581=AXIS2_PLACEMENT_3D('',#2070,#1681,#1682);
#1582=AXIS2_PLACEMENT_3D('',#2072,#1683,#1684);
#1583=AXIS2_PLACEMENT_3D('',#2075,#1686,#1687);
#1584=AXIS2_PLACEMENT_3D('',#2076,#1688,#1689);
#1585=AXIS2_PLACEMENT_3D('',#2078,#1690,#1691);
#1586=AXIS2_PLACEMENT_3D('',#2081,#1693,#1694);
#1587=AXIS2_PLACEMENT_3D('',#2082,#1695,#1696);
#1588=AXIS2_PLACEMENT_3D('',#2091,#1701,#1702);
#1589=AXIS2_PLACEMENT_3D('',#2097,#1706,#1707);
#1590=AXIS2_PLACEMENT_3D('',#2103,#1711,#1712);
#1591=AXIS2_PLACEMENT_3D('',#2106,#1715,#1716);
#1592=AXIS2_PLACEMENT_3D('',#2115,#1721,#1722);
#1593=AXIS2_PLACEMENT_3D('',#2121,#1726,#1727);
#1594=AXIS2_PLACEMENT_3D('',#2127,#1731,#1732);
#1595=AXIS2_PLACEMENT_3D('',#2130,#1735,#1736);
#1596=AXIS2_PLACEMENT_3D('',#2132,#1737,#1738);
#1597=AXIS2_PLACEMENT_3D('',#2135,#1740,#1741);
#1598=AXIS2_PLACEMENT_3D('',#2136,#1742,#1743);
#1599=AXIS2_PLACEMENT_3D('',#2138,#1744,#1745);
#1600=AXIS2_PLACEMENT_3D('',#2141,#1747,#1748);
#1601=AXIS2_PLACEMENT_3D('',#2142,#1749,#1750);
#1602=AXIS2_PLACEMENT_3D('',#2144,#1751,#1752);
#1603=AXIS2_PLACEMENT_3D('',#2147,#1754,#1755);
#1604=AXIS2_PLACEMENT_3D('',#2148,#1756,#1757);
#1605=AXIS2_PLACEMENT_3D('',#2150,#1758,#1759);
#1606=AXIS2_PLACEMENT_3D('',#2153,#1761,#1762);
#1607=AXIS2_PLACEMENT_3D('',#2154,#1763,#1764);
#1608=AXIS2_PLACEMENT_3D('',#2156,#1765,#1766);
#1609=AXIS2_PLACEMENT_3D('',#2159,#1768,#1769);
#1610=AXIS2_PLACEMENT_3D('',#2160,#1770,#1771);
#1611=AXIS2_PLACEMENT_3D('',#2162,#1772,#1773);
#1612=AXIS2_PLACEMENT_3D('',#2165,#1775,#1776);
#1613=AXIS2_PLACEMENT_3D('',#2166,#1777,#1778);
#1614=AXIS2_PLACEMENT_3D('',#2168,#1779,#1780);
#1615=AXIS2_PLACEMENT_3D('',#2171,#1782,#1783);
#1616=AXIS2_PLACEMENT_3D('',#2172,#1784,#1785);
#1617=AXIS2_PLACEMENT_3D('',#2174,#1786,#1787);
#1618=AXIS2_PLACEMENT_3D('',#2177,#1789,#1790);
#1619=AXIS2_PLACEMENT_3D('',#2178,#1791,#1792);
#1620=AXIS2_PLACEMENT_3D('',#2180,#1793,#1794);
#1621=AXIS2_PLACEMENT_3D('',#2183,#1796,#1797);
#1622=AXIS2_PLACEMENT_3D('',#2184,#1798,#1799);
#1623=AXIS2_PLACEMENT_3D('',#2186,#1800,#1801);
#1624=AXIS2_PLACEMENT_3D('',#2189,#1803,#1804);
#1625=AXIS2_PLACEMENT_3D('',#2190,#1805,#1806);
#1626=AXIS2_PLACEMENT_3D('',#2199,#1811,#1812);
#1627=AXIS2_PLACEMENT_3D('',#2205,#1816,#1817);
#1628=AXIS2_PLACEMENT_3D('',#2211,#1821,#1822);
#1629=AXIS2_PLACEMENT_3D('',#2217,#1826,#1827);
#1630=AXIS2_PLACEMENT_3D('',#2223,#1831,#1832);
#1631=AXIS2_PLACEMENT_3D('',#2229,#1836,#1837);
#1632=AXIS2_PLACEMENT_3D('',#2235,#1841,#1842);
#1633=AXIS2_PLACEMENT_3D('',#2241,#1846,#1847);
#1634=AXIS2_PLACEMENT_3D('',#2247,#1851,#1852);
#1635=AXIS2_PLACEMENT_3D('',#2253,#1856,#1857);
#1636=AXIS2_PLACEMENT_3D('',#2259,#1861,#1862);
#1637=AXIS2_PLACEMENT_3D('',#2265,#1866,#1867);
#1638=AXIS2_PLACEMENT_3D('',#2271,#1871,#1872);
#1639=AXIS2_PLACEMENT_3D('',#2277,#1876,#1877);
#1640=AXIS2_PLACEMENT_3D('',#2283,#1881,#1882);
#1641=AXIS2_PLACEMENT_3D('',#2289,#1886,#1887);
#1642=AXIS2_PLACEMENT_3D('',#2295,#1891,#1892);
#1643=AXIS2_PLACEMENT_3D('',#2301,#1896,#1897);
#1644=AXIS2_PLACEMENT_3D('',#2307,#1901,#1902);
#1645=AXIS2_PLACEMENT_3D('',#2313,#1906,#1907);
#1646=AXIS2_PLACEMENT_3D('',#2319,#1911,#1912);
#1647=AXIS2_PLACEMENT_3D('',#2325,#1916,#1917);
#1648=AXIS2_PLACEMENT_3D('',#2331,#1921,#1922);
#1649=AXIS2_PLACEMENT_3D('',#2337,#1926,#1927);
#1650=AXIS2_PLACEMENT_3D('',#2343,#1931,#1932);
#1651=AXIS2_PLACEMENT_3D('',#2349,#1936,#1937);
#1652=AXIS2_PLACEMENT_3D('',#2355,#1941,#1942);
#1653=AXIS2_PLACEMENT_3D('',#2361,#1946,#1947);
#1654=AXIS2_PLACEMENT_3D('',#2367,#1951,#1952);
#1655=AXIS2_PLACEMENT_3D('',#2373,#1956,#1957);
#1656=AXIS2_PLACEMENT_3D('',#2379,#1961,#1962);
#1657=AXIS2_PLACEMENT_3D('',#2385,#1966,#1967);
#1658=AXIS2_PLACEMENT_3D('',#2391,#1971,#1972);
#1659=AXIS2_PLACEMENT_3D('',#2397,#1976,#1977);
#1660=AXIS2_PLACEMENT_3D('',#2403,#1981,#1982);
#1661=AXIS2_PLACEMENT_3D('',#2409,#1986,#1987);
#1662=AXIS2_PLACEMENT_3D('',#2415,#1991,#1992);
#1663=AXIS2_PLACEMENT_3D('',#2421,#1996,#1997);
#1664=AXIS2_PLACEMENT_3D('',#2427,#2001,#2002);
#1665=AXIS2_PLACEMENT_3D('',#2433,#2006,#2007);
#1666=AXIS2_PLACEMENT_3D('',#2439,#2011,#2012);
#1667=AXIS2_PLACEMENT_3D('',#2445,#2016,#2017);
#1668=AXIS2_PLACEMENT_3D('',#2451,#2021,#2022);
#1669=AXIS2_PLACEMENT_3D('',#2457,#2026,#2027);
#1670=AXIS2_PLACEMENT_3D('',#2463,#2031,#2032);
#1671=AXIS2_PLACEMENT_3D('',#2469,#2036,#2037);
#1672=AXIS2_PLACEMENT_3D('',#2475,#2041,#2042);
#1673=AXIS2_PLACEMENT_3D('',#2481,#2046,#2047);
#1674=AXIS2_PLACEMENT_3D('',#2487,#2051,#2052);
#1675=AXIS2_PLACEMENT_3D('',#2493,#2056,#2057);
#1676=AXIS2_PLACEMENT_3D('',#2499,#2061,#2062);
#1677=AXIS2_PLACEMENT_3D('',#2502,#2065,#2066);
#1678=AXIS2_PLACEMENT_3D('',#2503,#2067,#2068);
#1679=DIRECTION('axis',(0.,0.,1.));
#1680=DIRECTION('refdir',(1.,0.,0.));
#1681=DIRECTION('center_axis',(0.,-1.,-2.22044604925031E-16));
#1682=DIRECTION('ref_axis',(1.,0.,-4.62223186652377E-33));
#1683=DIRECTION('center_axis',(-2.08166817116964E-17,1.,3.0106964163793E-16));
#1684=DIRECTION('ref_axis',(1.,2.08166817116964E-17,-1.3684555315672E-47));
#1685=DIRECTION('',(0.,1.,2.22044604925031E-16));
#1686=DIRECTION('center_axis',(-2.08166817116964E-17,1.,3.0106964163793E-16));
#1687=DIRECTION('ref_axis',(1.,2.08166817116964E-17,-1.3684555315672E-47));
#1688=DIRECTION('center_axis',(0.,-1.,-2.22044604925031E-16));
#1689=DIRECTION('ref_axis',(1.,0.,-4.62223186652377E-33));
#1690=DIRECTION('center_axis',(-2.08166817116964E-17,1.,3.0106964163793E-16));
#1691=DIRECTION('ref_axis',(1.,2.08166817116964E-17,-1.3684555315672E-47));
#1692=DIRECTION('',(0.,1.,2.22044604925031E-16));
#1693=DIRECTION('center_axis',(-2.08166817116964E-17,1.,3.0106964163793E-16));
#1694=DIRECTION('ref_axis',(1.,2.08166817116964E-17,-1.3684555315672E-47));
#1695=DIRECTION('center_axis',(-1.,-1.39161369162173E-48,6.26727090303132E-33));
#1696=DIRECTION('ref_axis',(-6.26727090303132E-33,3.0106964163793E-16,-1.));
#1697=DIRECTION('',(-6.26727090303132E-33,3.0106964163793E-16,-1.));
#1698=DIRECTION('',(0.,-1.,-2.22044604925031E-16));
#1699=DIRECTION('',(-6.26727090303132E-33,3.0106964163793E-16,-1.));
#1700=DIRECTION('',(0.,-1.,-2.22044604925031E-16));
#1701=DIRECTION('center_axis',(-4.62223186652377E-33,2.22044604925031E-16,
-1.));
#1702=DIRECTION('ref_axis',(1.,2.08166817116964E-17,-1.73955251600012E-47));
#1703=DIRECTION('',(1.,2.08166817116964E-17,-1.73955251600012E-47));
#1704=DIRECTION('',(1.,2.08166817116964E-17,-1.73955251600012E-47));
#1705=DIRECTION('',(0.,-1.,-2.22044604925031E-16));
#1706=DIRECTION('center_axis',(1.,1.39161369162173E-48,-6.26727090303132E-33));
#1707=DIRECTION('ref_axis',(6.26727090303132E-33,-3.0106964163793E-16,1.));
#1708=DIRECTION('',(6.26727090303132E-33,-3.0106964163793E-16,1.));
#1709=DIRECTION('',(6.26727090303132E-33,-3.0106964163793E-16,1.));
#1710=DIRECTION('',(0.,-1.,-2.22044604925031E-16));
#1711=DIRECTION('center_axis',(4.62223186652377E-33,-2.22044604925031E-16,
1.));
#1712=DIRECTION('ref_axis',(-1.,-2.08166817116964E-17,1.3684555315672E-47));
#1713=DIRECTION('',(-1.,-2.08166817116964E-17,1.3684555315672E-47));
#1714=DIRECTION('',(-1.,-2.08166817116964E-17,1.3684555315672E-47));
#1715=DIRECTION('center_axis',(4.62223186652377E-33,-2.22044604925031E-16,
1.));
#1716=DIRECTION('ref_axis',(-1.,-2.08166817116964E-17,1.3684555315672E-47));
#1717=DIRECTION('',(-1.,-2.08166817116964E-17,1.3684555315672E-47));
#1718=DIRECTION('',(0.,-1.,-2.22044604925031E-16));
#1719=DIRECTION('',(-1.,-2.08166817116964E-17,1.3684555315672E-47));
#1720=DIRECTION('',(0.,-1.,-2.22044604925031E-16));
#1721=DIRECTION('center_axis',(-1.,-1.39161369162173E-48,6.26727090303132E-33));
#1722=DIRECTION('ref_axis',(-6.26727090303132E-33,3.0106964163793E-16,-1.));
#1723=DIRECTION('',(-6.26727090303132E-33,3.0106964163793E-16,-1.));
#1724=DIRECTION('',(-6.26727090303132E-33,3.0106964163793E-16,-1.));
#1725=DIRECTION('',(0.,-1.,-2.22044604925031E-16));
#1726=DIRECTION('center_axis',(-4.62223186652377E-33,2.22044604925031E-16,
-1.));
#1727=DIRECTION('ref_axis',(1.,2.08166817116964E-17,-9.97358547134292E-48));
#1728=DIRECTION('',(1.,2.08166817116964E-17,-9.97358547134292E-48));
#1729=DIRECTION('',(1.,2.08166817116964E-17,-9.97358547134292E-48));
#1730=DIRECTION('',(0.,-1.,-2.22044604925031E-16));
#1731=DIRECTION('center_axis',(1.,1.39161369162173E-48,-6.26727090303132E-33));
#1732=DIRECTION('ref_axis',(6.26727090303132E-33,-3.0106964163793E-16,1.));
#1733=DIRECTION('',(6.26727090303132E-33,-3.0106964163793E-16,1.));
#1734=DIRECTION('',(6.26727090303132E-33,-3.0106964163793E-16,1.));
#1735=DIRECTION('center_axis',(0.,-1.,-2.22044604925031E-16));
#1736=DIRECTION('ref_axis',(1.,0.,-4.62223186652377E-33));
#1737=DIRECTION('center_axis',(-2.08166817116964E-17,1.,3.0106964163793E-16));
#1738=DIRECTION('ref_axis',(1.,2.08166817116964E-17,-1.3684555315672E-47));
#1739=DIRECTION('',(0.,1.,2.22044604925031E-16));
#1740=DIRECTION('center_axis',(-2.08166817116964E-17,1.,3.0106964163793E-16));
#1741=DIRECTION('ref_axis',(1.,2.08166817116964E-17,-1.3684555315672E-47));
#1742=DIRECTION('center_axis',(0.,-1.,-2.22044604925031E-16));
#1743=DIRECTION('ref_axis',(1.,0.,-4.62223186652377E-33));
#1744=DIRECTION('center_axis',(-2.08166817116964E-17,1.,3.0106964163793E-16));
#1745=DIRECTION('ref_axis',(1.,2.08166817116964E-17,-1.3684555315672E-47));
#1746=DIRECTION('',(0.,1.,2.22044604925031E-16));
#1747=DIRECTION('center_axis',(-2.08166817116964E-17,1.,3.0106964163793E-16));
#1748=DIRECTION('ref_axis',(1.,2.08166817116964E-17,-1.3684555315672E-47));
#1749=DIRECTION('center_axis',(0.,-1.,-2.22044604925031E-16));
#1750=DIRECTION('ref_axis',(1.,0.,-4.62223186652377E-33));
#1751=DIRECTION('center_axis',(-2.08166817116964E-17,1.,3.0106964163793E-16));
#1752=DIRECTION('ref_axis',(1.,2.08166817116964E-17,-1.3684555315672E-47));
#1753=DIRECTION('',(0.,1.,2.22044604925031E-16));
#1754=DIRECTION('center_axis',(-2.08166817116964E-17,1.,3.0106964163793E-16));
#1755=DIRECTION('ref_axis',(1.,2.08166817116964E-17,-1.3684555315672E-47));
#1756=DIRECTION('center_axis',(0.,-1.,-2.22044604925031E-16));
#1757=DIRECTION('ref_axis',(1.,0.,-4.62223186652377E-33));
#1758=DIRECTION('center_axis',(-2.08166817116964E-17,1.,3.0106964163793E-16));
#1759=DIRECTION('ref_axis',(1.,2.08166817116964E-17,-1.3684555315672E-47));
#1760=DIRECTION('',(0.,1.,2.22044604925031E-16));
#1761=DIRECTION('center_axis',(-2.08166817116964E-17,1.,3.0106964163793E-16));
#1762=DIRECTION('ref_axis',(1.,2.08166817116964E-17,-1.3684555315672E-47));
#1763=DIRECTION('center_axis',(0.,-1.,-2.22044604925031E-16));
#1764=DIRECTION('ref_axis',(1.,0.,-4.62223186652377E-33));
#1765=DIRECTION('center_axis',(-2.08166817116964E-17,1.,3.0106964163793E-16));
#1766=DIRECTION('ref_axis',(1.,2.08166817116964E-17,-1.3684555315672E-47));
#1767=DIRECTION('',(0.,1.,2.22044604925031E-16));
#1768=DIRECTION('center_axis',(-2.08166817116964E-17,1.,3.0106964163793E-16));
#1769=DIRECTION('ref_axis',(1.,2.08166817116964E-17,-1.3684555315672E-47));
#1770=DIRECTION('center_axis',(0.,-1.,-2.22044604925031E-16));
#1771=DIRECTION('ref_axis',(1.,0.,-4.62223186652377E-33));
#1772=DIRECTION('center_axis',(-2.08166817116964E-17,1.,3.0106964163793E-16));
#1773=DIRECTION('ref_axis',(1.,2.08166817116964E-17,-1.3684555315672E-47));
#1774=DIRECTION('',(0.,1.,2.22044604925031E-16));
#1775=DIRECTION('center_axis',(-2.08166817116964E-17,1.,3.0106964163793E-16));
#1776=DIRECTION('ref_axis',(1.,2.08166817116964E-17,-1.3684555315672E-47));
#1777=DIRECTION('center_axis',(0.,-1.,-2.22044604925031E-16));
#1778=DIRECTION('ref_axis',(1.,0.,-4.62223186652377E-33));
#1779=DIRECTION('center_axis',(-2.08166817116964E-17,1.,3.0106964163793E-16));
#1780=DIRECTION('ref_axis',(1.,2.08166817116964E-17,-1.3684555315672E-47));
#1781=DIRECTION('',(0.,1.,2.22044604925031E-16));
#1782=DIRECTION('center_axis',(-2.08166817116964E-17,1.,3.0106964163793E-16));
#1783=DIRECTION('ref_axis',(1.,2.08166817116964E-17,-1.3684555315672E-47));
#1784=DIRECTION('center_axis',(0.,-1.,-2.22044604925031E-16));
#1785=DIRECTION('ref_axis',(1.,0.,-4.62223186652377E-33));
#1786=DIRECTION('center_axis',(-2.08166817116964E-17,1.,3.0106964163793E-16));
#1787=DIRECTION('ref_axis',(1.,2.08166817116964E-17,-1.3684555315672E-47));
#1788=DIRECTION('',(0.,1.,2.22044604925031E-16));
#1789=DIRECTION('center_axis',(-2.08166817116964E-17,1.,3.0106964163793E-16));
#1790=DIRECTION('ref_axis',(1.,2.08166817116964E-17,-1.3684555315672E-47));
#1791=DIRECTION('center_axis',(0.,-1.,-2.22044604925031E-16));
#1792=DIRECTION('ref_axis',(1.,0.,-4.62223186652377E-33));
#1793=DIRECTION('center_axis',(-2.08166817116964E-17,1.,3.0106964163793E-16));
#1794=DIRECTION('ref_axis',(1.,2.08166817116964E-17,-1.3684555315672E-47));
#1795=DIRECTION('',(0.,1.,2.22044604925031E-16));
#1796=DIRECTION('center_axis',(-2.08166817116964E-17,1.,3.0106964163793E-16));
#1797=DIRECTION('ref_axis',(1.,2.08166817116964E-17,-1.3684555315672E-47));
#1798=DIRECTION('center_axis',(0.,-1.,-2.22044604925031E-16));
#1799=DIRECTION('ref_axis',(1.,0.,-4.62223186652377E-33));
#1800=DIRECTION('center_axis',(-2.08166817116964E-17,1.,3.0106964163793E-16));
#1801=DIRECTION('ref_axis',(1.,2.08166817116964E-17,-1.3684555315672E-47));
#1802=DIRECTION('',(0.,1.,2.22044604925031E-16));
#1803=DIRECTION('center_axis',(-2.08166817116964E-17,1.,3.0106964163793E-16));
#1804=DIRECTION('ref_axis',(1.,2.08166817116964E-17,-1.3684555315672E-47));
#1805=DIRECTION('center_axis',(-1.,-1.39161369162173E-48,6.26727090303131E-33));
#1806=DIRECTION('ref_axis',(-6.26727090303131E-33,3.0106964163793E-16,-1.));
#1807=DIRECTION('',(6.26727090303131E-33,-3.0106964163793E-16,1.));
#1808=DIRECTION('',(0.,-1.,-2.22044604925031E-16));
#1809=DIRECTION('',(-6.26727090303131E-33,3.0106964163793E-16,-1.));
#1810=DIRECTION('',(0.,-1.,-2.22044604925031E-16));
#1811=DIRECTION('center_axis',(5.55111512312579E-16,-2.22044604925031E-16,
1.));
#1812=DIRECTION('ref_axis',(-1.,-2.08166817116966E-17,5.55111512312579E-16));
#1813=DIRECTION('',(-1.,-2.08166817116966E-17,5.55111512312579E-16));
#1814=DIRECTION('',(-1.,-2.08166817116966E-17,5.55111512312579E-16));
#1815=DIRECTION('',(0.,-1.,-2.22044604925031E-16));
#1816=DIRECTION('center_axis',(1.,1.39161369162173E-48,-6.26727090303132E-33));
#1817=DIRECTION('ref_axis',(6.26727090303132E-33,-3.0106964163793E-16,1.));
#1818=DIRECTION('',(-6.26727090303132E-33,3.0106964163793E-16,-1.));
#1819=DIRECTION('',(6.26727090303132E-33,-3.0106964163793E-16,1.));
#1820=DIRECTION('',(0.,-1.,-2.22044604925031E-16));
#1821=DIRECTION('center_axis',(4.74127845157404E-8,-2.22044604925031E-16,
0.999999999999999));
#1822=DIRECTION('ref_axis',(-0.999999999999999,-2.08166959862464E-17,4.74127845157404E-8));
#1823=DIRECTION('',(0.999999999999999,2.08166959862464E-17,-4.74127845157404E-8));
#1824=DIRECTION('',(-0.999999999999999,-2.08166959862464E-17,4.74127845157404E-8));
#1825=DIRECTION('',(0.,-1.,-2.22044604925031E-16));
#1826=DIRECTION('center_axis',(0.999999999999999,-9.02378859837114E-24,
4.06395309690944E-8));
#1827=DIRECTION('ref_axis',(-4.06395309690944E-8,-3.0106964248391E-16,0.999999999999999));
#1828=DIRECTION('',(4.06395309690944E-8,3.0106964248391E-16,-0.999999999999999));
#1829=DIRECTION('',(-4.06395309690944E-8,-3.0106964248391E-16,0.999999999999999));
#1830=DIRECTION('',(0.,-1.,-2.22044604925031E-16));
#1831=DIRECTION('center_axis',(4.62223186652377E-33,-2.22044604925031E-16,
1.));
#1832=DIRECTION('ref_axis',(-1.,-2.08166817116964E-17,1.73955251600012E-47));
#1833=DIRECTION('',(1.,2.08166817116964E-17,-1.73955251600012E-47));
#1834=DIRECTION('',(-1.,-2.08166817116964E-17,1.73955251600012E-47));
#1835=DIRECTION('',(0.,-1.,-2.22044604925031E-16));
#1836=DIRECTION('center_axis',(1.,1.39161369162173E-48,-6.26727090303132E-33));
#1837=DIRECTION('ref_axis',(6.26727090303132E-33,-3.0106964163793E-16,1.));
#1838=DIRECTION('',(-6.26727090303132E-33,3.0106964163793E-16,-1.));
#1839=DIRECTION('',(6.26727090303132E-33,-3.0106964163793E-16,1.));
#1840=DIRECTION('',(0.,-1.,-2.22044604925031E-16));
#1841=DIRECTION('center_axis',(-1.77635683940025E-15,2.22044604925031E-16,
-1.));
#1842=DIRECTION('ref_axis',(1.,2.0816681711697E-17,-1.77635683940025E-15));
#1843=DIRECTION('',(-1.,-2.0816681711697E-17,1.77635683940025E-15));
#1844=DIRECTION('',(1.,2.0816681711697E-17,-1.77635683940025E-15));
#1845=DIRECTION('',(0.,-1.,-2.22044604925031E-16));
#1846=DIRECTION('center_axis',(1.,1.39161369162173E-48,-6.26727090303132E-33));
#1847=DIRECTION('ref_axis',(6.26727090303132E-33,-3.0106964163793E-16,1.));
#1848=DIRECTION('',(-6.26727090303132E-33,3.0106964163793E-16,-1.));
#1849=DIRECTION('',(6.26727090303132E-33,-3.0106964163793E-16,1.));
#1850=DIRECTION('',(0.,-1.,-2.22044604925031E-16));
#1851=DIRECTION('center_axis',(4.62223186652377E-33,-2.22044604925031E-16,
1.));
#1852=DIRECTION('ref_axis',(-1.,-2.08166817116964E-17,1.73955251600012E-47));
#1853=DIRECTION('',(1.,2.08166817116964E-17,-1.73955251600012E-47));
#1854=DIRECTION('',(-1.,-2.08166817116964E-17,1.73955251600012E-47));
#1855=DIRECTION('',(0.,-1.,-2.22044604925031E-16));
#1856=DIRECTION('center_axis',(1.,1.39161369162173E-48,-6.26727090303132E-33));
#1857=DIRECTION('ref_axis',(6.26727090303132E-33,-3.0106964163793E-16,1.));
#1858=DIRECTION('',(-6.26727090303132E-33,3.0106964163793E-16,-1.));
#1859=DIRECTION('',(6.26727090303132E-33,-3.0106964163793E-16,1.));
#1860=DIRECTION('',(0.,-1.,-2.22044604925031E-16));
#1861=DIRECTION('center_axis',(-4.62223186652377E-33,2.22044604925031E-16,
-1.));
#1862=DIRECTION('ref_axis',(1.,2.08166817116964E-17,-1.73955251600012E-47));
#1863=DIRECTION('',(-1.,-2.08166817116964E-17,1.73955251600012E-47));
#1864=DIRECTION('',(1.,2.08166817116964E-17,-1.73955251600012E-47));
#1865=DIRECTION('',(0.,-1.,-2.22044604925031E-16));
#1866=DIRECTION('center_axis',(0.999999999999999,9.02408024040591E-24,-4.06408444080535E-8));
#1867=DIRECTION('ref_axis',(4.06408444080535E-8,-3.01069640791922E-16,0.999999999999999));
#1868=DIRECTION('',(-4.06408444080535E-8,3.01069640791922E-16,-0.999999999999999));
#1869=DIRECTION('',(4.06408444080535E-8,-3.01069640791922E-16,0.999999999999999));
#1870=DIRECTION('',(0.,-1.,-2.22044604925031E-16));
#1871=DIRECTION('center_axis',(-4.62223186652377E-33,2.22044604925031E-16,
-1.));
#1872=DIRECTION('ref_axis',(1.,2.08166817116964E-17,-1.62147620277146E-47));
#1873=DIRECTION('',(-1.,-2.08166817116964E-17,1.62147620277146E-47));
#1874=DIRECTION('',(1.,2.08166817116964E-17,-1.62147620277146E-47));
#1875=DIRECTION('',(0.,-1.,-2.22044604925031E-16));
#1876=DIRECTION('center_axis',(1.,1.39161369162173E-48,-6.26727090303132E-33));
#1877=DIRECTION('ref_axis',(6.26727090303132E-33,-3.0106964163793E-16,1.));
#1878=DIRECTION('',(-6.26727090303132E-33,3.0106964163793E-16,-1.));
#1879=DIRECTION('',(6.26727090303132E-33,-3.0106964163793E-16,1.));
#1880=DIRECTION('',(0.,-1.,-2.22044604925031E-16));
#1881=DIRECTION('center_axis',(-4.62223186652377E-33,2.22044604925031E-16,
-1.));
#1882=DIRECTION('ref_axis',(1.,2.08166817116964E-17,-1.71635895447306E-47));
#1883=DIRECTION('',(-1.,-2.08166817116964E-17,1.71635895447306E-47));
#1884=DIRECTION('',(1.,2.08166817116964E-17,-1.71635895447306E-47));
#1885=DIRECTION('',(0.,-1.,-2.22044604925031E-16));
#1886=DIRECTION('center_axis',(-1.,-1.39161369162173E-48,6.26727090303132E-33));
#1887=DIRECTION('ref_axis',(-6.26727090303132E-33,3.0106964163793E-16,-1.));
#1888=DIRECTION('',(-6.26727090303132E-33,3.0106964163793E-16,-1.));
#1889=DIRECTION('',(-6.26727090303132E-33,3.0106964163793E-16,-1.));
#1890=DIRECTION('',(0.,-1.,-2.22044604925031E-16));
#1891=DIRECTION('center_axis',(-4.62223186652377E-33,2.22044604925031E-16,
-1.));
#1892=DIRECTION('ref_axis',(1.,2.08166817116964E-17,-1.60039114683777E-47));
#1893=DIRECTION('',(-1.,-2.08166817116964E-17,1.60039114683777E-47));
#1894=DIRECTION('',(1.,2.08166817116964E-17,-1.60039114683777E-47));
#1895=DIRECTION('',(0.,-1.,-2.22044604925031E-16));
#1896=DIRECTION('center_axis',(1.,1.39161369162173E-48,-6.26727090303132E-33));
#1897=DIRECTION('ref_axis',(6.26727090303132E-33,-3.0106964163793E-16,1.));
#1898=DIRECTION('',(-6.26727090303132E-33,3.0106964163793E-16,-1.));
#1899=DIRECTION('',(6.26727090303132E-33,-3.0106964163793E-16,1.));
#1900=DIRECTION('',(0.,-1.,-2.22044604925031E-16));
#1901=DIRECTION('center_axis',(-4.62223186652377E-33,2.22044604925031E-16,
-1.));
#1902=DIRECTION('ref_axis',(1.,2.08166817116964E-17,-1.71635895447306E-47));
#1903=DIRECTION('',(1.,2.08166817116964E-17,-1.71635895447306E-47));
#1904=DIRECTION('',(1.,2.08166817116964E-17,-1.71635895447306E-47));
#1905=DIRECTION('',(0.,-1.,-2.22044604925031E-16));
#1906=DIRECTION('center_axis',(-1.,-1.39161369162173E-48,6.26727090303132E-33));
#1907=DIRECTION('ref_axis',(-6.26727090303132E-33,3.0106964163793E-16,-1.));
#1908=DIRECTION('',(6.26727090303132E-33,-3.0106964163793E-16,1.));
#1909=DIRECTION('',(-6.26727090303132E-33,3.0106964163793E-16,-1.));
#1910=DIRECTION('',(0.,-1.,-2.22044604925031E-16));
#1911=DIRECTION('center_axis',(-4.62223186652377E-33,2.22044604925031E-16,
-1.));
#1912=DIRECTION('ref_axis',(1.,2.08166817116964E-17,-1.3684555315672E-47));
#1913=DIRECTION('',(1.,2.08166817116964E-17,-1.3684555315672E-47));
#1914=DIRECTION('',(1.,2.08166817116964E-17,-1.3684555315672E-47));
#1915=DIRECTION('',(0.,-1.,-2.22044604925031E-16));
#1916=DIRECTION('center_axis',(1.,1.39161369162173E-48,-6.26727090303132E-33));
#1917=DIRECTION('ref_axis',(6.26727090303132E-33,-3.0106964163793E-16,1.));
#1918=DIRECTION('',(6.26727090303132E-33,-3.0106964163793E-16,1.));
#1919=DIRECTION('',(6.26727090303132E-33,-3.0106964163793E-16,1.));
#1920=DIRECTION('',(0.,-1.,-2.22044604925031E-16));
#1921=DIRECTION('center_axis',(-4.62223186652377E-33,2.22044604925031E-16,
-1.));
#1922=DIRECTION('ref_axis',(1.,2.08166817116964E-17,-1.02055210866135E-47));
#1923=DIRECTION('',(-1.,-2.08166817116964E-17,1.02055210866135E-47));
#1924=DIRECTION('',(1.,2.08166817116964E-17,-1.02055210866135E-47));
#1925=DIRECTION('',(0.,-1.,-2.22044604925031E-16));
#1926=DIRECTION('center_axis',(-1.,-1.39161369162173E-48,6.26727090303132E-33));
#1927=DIRECTION('ref_axis',(-6.26727090303132E-33,3.0106964163793E-16,-1.));
#1928=DIRECTION('',(-6.26727090303132E-33,3.0106964163793E-16,-1.));
#1929=DIRECTION('',(-6.26727090303132E-33,3.0106964163793E-16,-1.));
#1930=DIRECTION('',(0.,-1.,-2.22044604925031E-16));
#1931=DIRECTION('center_axis',(-4.62223186652377E-33,2.22044604925031E-16,
-1.));
#1932=DIRECTION('ref_axis',(1.,2.08166817116964E-17,-1.13651991629663E-47));
#1933=DIRECTION('',(1.,2.08166817116964E-17,-1.13651991629663E-47));
#1934=DIRECTION('',(1.,2.08166817116964E-17,-1.13651991629663E-47));
#1935=DIRECTION('',(0.,-1.,-2.22044604925031E-16));
#1936=DIRECTION('center_axis',(1.,1.39161369162173E-48,-6.26727090303132E-33));
#1937=DIRECTION('ref_axis',(6.26727090303132E-33,-3.0106964163793E-16,1.));
#1938=DIRECTION('',(-6.26727090303132E-33,3.0106964163793E-16,-1.));
#1939=DIRECTION('',(6.26727090303132E-33,-3.0106964163793E-16,1.));
#1940=DIRECTION('',(0.,-1.,-2.22044604925031E-16));
#1941=DIRECTION('center_axis',(-4.62223186652377E-33,2.22044604925031E-16,
-1.));
#1942=DIRECTION('ref_axis',(1.,2.08166817116964E-17,-1.02055210866135E-47));
#1943=DIRECTION('',(1.,2.08166817116964E-17,-1.02055210866135E-47));
#1944=DIRECTION('',(1.,2.08166817116964E-17,-1.02055210866135E-47));
#1945=DIRECTION('',(0.,-1.,-2.22044604925031E-16));
#1946=DIRECTION('center_axis',(-1.,-1.39161369162173E-48,6.26727090303132E-33));
#1947=DIRECTION('ref_axis',(-6.26727090303132E-33,3.0106964163793E-16,-1.));
#1948=DIRECTION('',(-6.26727090303132E-33,3.0106964163793E-16,-1.));
#1949=DIRECTION('',(-6.26727090303132E-33,3.0106964163793E-16,-1.));
#1950=DIRECTION('',(0.,-1.,-2.22044604925031E-16));
#1951=DIRECTION('center_axis',(-4.62223186652377E-33,2.22044604925031E-16,
-1.));
#1952=DIRECTION('ref_axis',(1.,2.08166817116964E-17,-1.11543486036295E-47));
#1953=DIRECTION('',(1.,2.08166817116964E-17,-1.11543486036295E-47));
#1954=DIRECTION('',(1.,2.08166817116964E-17,-1.11543486036295E-47));
#1955=DIRECTION('',(0.,-1.,-2.22044604925031E-16));
#1956=DIRECTION('center_axis',(-0.999999999999999,9.0240802404059E-24,-4.06408444080535E-8));
#1957=DIRECTION('ref_axis',(4.06408444080535E-8,3.01069642483938E-16,-0.999999999999999));
#1958=DIRECTION('',(4.06408444080535E-8,3.01069642483938E-16,-0.999999999999999));
#1959=DIRECTION('',(4.06408444080535E-8,3.01069642483938E-16,-0.999999999999999));
#1960=DIRECTION('',(0.,-1.,-2.22044604925031E-16));
#1961=DIRECTION('center_axis',(8.88178419700125E-16,2.22044604925031E-16,
-1.));
#1962=DIRECTION('ref_axis',(1.,2.08166817116962E-17,8.88178419700125E-16));
#1963=DIRECTION('',(1.,2.08166817116962E-17,8.88178419700125E-16));
#1964=DIRECTION('',(1.,2.08166817116962E-17,8.88178419700125E-16));
#1965=DIRECTION('',(0.,-1.,-2.22044604925031E-16));
#1966=DIRECTION('center_axis',(-1.,-1.39161369162173E-48,6.26727090303132E-33));
#1967=DIRECTION('ref_axis',(-6.26727090303132E-33,3.0106964163793E-16,-1.));
#1968=DIRECTION('',(-6.26727090303132E-33,3.0106964163793E-16,-1.));
#1969=DIRECTION('',(-6.26727090303132E-33,3.0106964163793E-16,-1.));
#1970=DIRECTION('',(0.,-1.,-2.22044604925031E-16));
#1971=DIRECTION('center_axis',(4.62223186652377E-33,-2.22044604925031E-16,
1.));
#1972=DIRECTION('ref_axis',(-1.,-2.08166817116964E-17,9.97358547134292E-48));
#1973=DIRECTION('',(-1.,-2.08166817116964E-17,9.97358547134292E-48));
#1974=DIRECTION('',(-1.,-2.08166817116964E-17,9.97358547134292E-48));
#1975=DIRECTION('',(0.,-1.,-2.22044604925031E-16));
#1976=DIRECTION('center_axis',(-1.,-1.39161369162173E-48,6.26727090303132E-33));
#1977=DIRECTION('ref_axis',(-6.26727090303132E-33,3.0106964163793E-16,-1.));
#1978=DIRECTION('',(-6.26727090303132E-33,3.0106964163793E-16,-1.));
#1979=DIRECTION('',(-6.26727090303132E-33,3.0106964163793E-16,-1.));
#1980=DIRECTION('',(0.,-1.,-2.22044604925031E-16));
#1981=DIRECTION('center_axis',(1.77635683940025E-15,2.22044604925031E-16,
-1.));
#1982=DIRECTION('ref_axis',(1.,2.08166817116959E-17,1.77635683940025E-15));
#1983=DIRECTION('',(1.,2.08166817116959E-17,1.77635683940025E-15));
#1984=DIRECTION('',(1.,2.08166817116959E-17,1.77635683940025E-15));
#1985=DIRECTION('',(0.,-1.,-2.22044604925031E-16));
#1986=DIRECTION('center_axis',(-1.,-1.39161369162173E-48,6.26727090303132E-33));
#1987=DIRECTION('ref_axis',(-6.26727090303132E-33,3.0106964163793E-16,-1.));
#1988=DIRECTION('',(-6.26727090303132E-33,3.0106964163793E-16,-1.));
#1989=DIRECTION('',(-6.26727090303132E-33,3.0106964163793E-16,-1.));
#1990=DIRECTION('',(0.,-1.,-2.22044604925031E-16));
#1991=DIRECTION('center_axis',(4.62223186652377E-33,-2.22044604925031E-16,
1.));
#1992=DIRECTION('ref_axis',(-1.,-2.08166817116964E-17,9.97358547134292E-48));
#1993=DIRECTION('',(-1.,-2.08166817116964E-17,9.97358547134292E-48));
#1994=DIRECTION('',(-1.,-2.08166817116964E-17,9.97358547134292E-48));
#1995=DIRECTION('',(0.,-1.,-2.22044604925031E-16));
#1996=DIRECTION('center_axis',(-0.999999999999999,-9.02378859837114E-24,
4.06395309690944E-8));
#1997=DIRECTION('ref_axis',(-4.06395309690944E-8,3.0106964079195E-16,-0.999999999999999));
#1998=DIRECTION('',(-4.06395309690944E-8,3.0106964079195E-16,-0.999999999999999));
#1999=DIRECTION('',(-4.06395309690944E-8,3.0106964079195E-16,-0.999999999999999));
#2000=DIRECTION('',(0.,-1.,-2.22044604925031E-16));
#2001=DIRECTION('center_axis',(-4.74127845157404E-8,-2.22044604925031E-16,
0.999999999999999));
#2002=DIRECTION('ref_axis',(-0.999999999999999,-2.08166674371464E-17,-4.74127845157404E-8));
#2003=DIRECTION('',(-0.999999999999999,-2.08166674371464E-17,-4.74127845157404E-8));
#2004=DIRECTION('',(-0.999999999999999,-2.08166674371464E-17,-4.74127845157404E-8));
#2005=DIRECTION('',(0.,-1.,-2.22044604925031E-16));
#2006=DIRECTION('center_axis',(-1.,-1.39161369162173E-48,6.26727090303132E-33));
#2007=DIRECTION('ref_axis',(-6.26727090303132E-33,3.0106964163793E-16,-1.));
#2008=DIRECTION('',(-6.26727090303132E-33,3.0106964163793E-16,-1.));
#2009=DIRECTION('',(-6.26727090303132E-33,3.0106964163793E-16,-1.));
#2010=DIRECTION('',(0.,-1.,-2.22044604925031E-16));
#2011=DIRECTION('center_axis',(-5.55111512312579E-16,-2.22044604925031E-16,
1.));
#2012=DIRECTION('ref_axis',(-1.,-2.08166817116963E-17,-5.55111512312579E-16));
#2013=DIRECTION('',(1.,2.08166817116963E-17,5.55111512312579E-16));
#2014=DIRECTION('',(-1.,-2.08166817116963E-17,-5.55111512312579E-16));
#2015=DIRECTION('',(0.,-1.,-2.22044604925031E-16));
#2016=DIRECTION('center_axis',(1.,1.39161369162173E-48,-6.26727090303131E-33));
#2017=DIRECTION('ref_axis',(6.26727090303131E-33,-3.0106964163793E-16,1.));
#2018=DIRECTION('',(6.26727090303131E-33,-3.0106964163793E-16,1.));
#2019=DIRECTION('',(6.26727090303131E-33,-3.0106964163793E-16,1.));
#2020=DIRECTION('',(0.,-1.,-2.22044604925031E-16));
#2021=DIRECTION('center_axis',(4.62223186652377E-33,-2.22044604925031E-16,
1.));
#2022=DIRECTION('ref_axis',(-1.,-2.08166817116964E-17,9.04584307938283E-48));
#2023=DIRECTION('',(1.,2.08166817116964E-17,-9.04584307938283E-48));
#2024=DIRECTION('',(-1.,-2.08166817116964E-17,9.04584307938283E-48));
#2025=DIRECTION('',(0.,-1.,-2.22044604925031E-16));
#2026=DIRECTION('center_axis',(-1.,-1.39161369162173E-48,6.26727090303132E-33));
#2027=DIRECTION('ref_axis',(-6.26727090303132E-33,3.0106964163793E-16,-1.));
#2028=DIRECTION('',(-6.26727090303132E-33,3.0106964163793E-16,-1.));
#2029=DIRECTION('',(-6.26727090303132E-33,3.0106964163793E-16,-1.));
#2030=DIRECTION('',(0.,-1.,-2.22044604925031E-16));
#2031=DIRECTION('center_axis',(4.62223186652377E-33,-2.22044604925031E-16,
1.));
#2032=DIRECTION('ref_axis',(-1.,-2.08166817116964E-17,1.13651991629663E-47));
#2033=DIRECTION('',(1.,2.08166817116964E-17,-1.13651991629663E-47));
#2034=DIRECTION('',(-1.,-2.08166817116964E-17,1.13651991629663E-47));
#2035=DIRECTION('',(0.,-1.,-2.22044604925031E-16));
#2036=DIRECTION('center_axis',(1.,1.39161369162173E-48,-6.26727090303132E-33));
#2037=DIRECTION('ref_axis',(6.26727090303132E-33,-3.0106964163793E-16,1.));
#2038=DIRECTION('',(-6.26727090303132E-33,3.0106964163793E-16,-1.));
#2039=DIRECTION('',(6.26727090303132E-33,-3.0106964163793E-16,1.));
#2040=DIRECTION('',(0.,-1.,-2.22044604925031E-16));
#2041=DIRECTION('center_axis',(4.62223186652377E-33,-2.22044604925031E-16,
1.));
#2042=DIRECTION('ref_axis',(-1.,-2.08166817116964E-17,1.3684555315672E-47));
#2043=DIRECTION('',(-1.,-2.08166817116964E-17,1.3684555315672E-47));
#2044=DIRECTION('',(-1.,-2.08166817116964E-17,1.3684555315672E-47));
#2045=DIRECTION('',(0.,-1.,-2.22044604925031E-16));
#2046=DIRECTION('center_axis',(-1.,-1.39161369162173E-48,6.26727090303132E-33));
#2047=DIRECTION('ref_axis',(-6.26727090303132E-33,3.0106964163793E-16,-1.));
#2048=DIRECTION('',(-6.26727090303132E-33,3.0106964163793E-16,-1.));
#2049=DIRECTION('',(-6.26727090303132E-33,3.0106964163793E-16,-1.));
#2050=DIRECTION('',(0.,-1.,-2.22044604925031E-16));
#2051=DIRECTION('center_axis',(4.62223186652377E-33,-2.22044604925031E-16,
1.));
#2052=DIRECTION('ref_axis',(-1.,-2.08166817116964E-17,1.60039114683777E-47));
#2053=DIRECTION('',(-1.,-2.08166817116964E-17,1.60039114683777E-47));
#2054=DIRECTION('',(-1.,-2.08166817116964E-17,1.60039114683777E-47));
#2055=DIRECTION('',(0.,-1.,-2.22044604925031E-16));
#2056=DIRECTION('center_axis',(1.,1.39161369162173E-48,-6.26727090303132E-33));
#2057=DIRECTION('ref_axis',(6.26727090303132E-33,-3.0106964163793E-16,1.));
#2058=DIRECTION('',(-6.26727090303132E-33,3.0106964163793E-16,-1.));
#2059=DIRECTION('',(6.26727090303132E-33,-3.0106964163793E-16,1.));
#2060=DIRECTION('',(0.,-1.,-2.22044604925031E-16));
#2061=DIRECTION('center_axis',(4.62223186652377E-33,-2.22044604925031E-16,
1.));
#2062=DIRECTION('ref_axis',(-1.,-2.08166817116964E-17,1.83232675519612E-47));
#2063=DIRECTION('',(-1.,-2.08166817116964E-17,1.83232675519612E-47));
#2064=DIRECTION('',(-1.,-2.08166817116964E-17,1.83232675519612E-47));
#2065=DIRECTION('center_axis',(2.08166817116964E-17,-1.,-3.0106964163793E-16));
#2066=DIRECTION('ref_axis',(1.,2.08166817116964E-17,-1.17691179345111E-47));
#2067=DIRECTION('center_axis',(2.08166817116964E-17,-1.,-3.0106964163793E-16));
#2068=DIRECTION('ref_axis',(1.,2.08166817116964E-17,-1.17691179345111E-47));
#2069=CARTESIAN_POINT('',(0.,0.,0.));
#2070=CARTESIAN_POINT('Origin',(-74.9999993890526,-40.0000005587935,9.9999989420176));
#2071=CARTESIAN_POINT('',(-76.5499993890526,-45.0000005587935,9.9999989420176));
#2072=CARTESIAN_POINT('Origin',(-74.9999993890526,-45.0000005587935,9.9999989420176));
#2073=CARTESIAN_POINT('',(-76.5499993890526,-40.0000005587935,9.9999989420176));
#2074=CARTESIAN_POINT('',(-76.5499993890526,-40.0000005587935,9.9999989420176));
#2075=CARTESIAN_POINT('Origin',(-74.9999993890526,-40.0000005587935,9.9999989420176));
#2076=CARTESIAN_POINT('Origin',(117.000000104308,-40.0000005587935,51.9999996572733));
#2077=CARTESIAN_POINT('',(115.450000104308,-45.0000005587935,51.9999996572733));
#2078=CARTESIAN_POINT('Origin',(117.000000104308,-45.0000005587935,51.9999996572733));
#2079=CARTESIAN_POINT('',(115.450000104308,-40.0000005587935,51.9999996572733));
#2080=CARTESIAN_POINT('',(115.450000104308,-40.0000005587935,51.9999996572733));
#2081=CARTESIAN_POINT('Origin',(117.000000104308,-40.0000005587935,51.9999996572733));
#2082=CARTESIAN_POINT('Origin',(-80.,-40.0000005587935,65.));
#2083=CARTESIAN_POINT('',(-80.,-40.0000005587935,65.));
#2084=CARTESIAN_POINT('',(-80.,-40.0000005587935,35.));
#2085=CARTESIAN_POINT('',(-80.,-40.0000005587935,65.));
#2086=CARTESIAN_POINT('',(-80.,-45.0000005587935,35.));
#2087=CARTESIAN_POINT('',(-80.,-40.0000005587935,35.));
#2088=CARTESIAN_POINT('',(-80.,-45.0000005587935,65.));
#2089=CARTESIAN_POINT('',(-80.,-45.0000005587935,65.));
#2090=CARTESIAN_POINT('',(-80.,-40.0000005587935,65.));
#2091=CARTESIAN_POINT('Origin',(-95.,-40.0000005587935,65.));
#2092=CARTESIAN_POINT('',(-95.,-40.0000005587935,65.));
#2093=CARTESIAN_POINT('',(-95.,-40.0000005587935,65.));
#2094=CARTESIAN_POINT('',(-95.,-45.0000005587935,65.));
#2095=CARTESIAN_POINT('',(-95.,-45.0000005587935,65.));
#2096=CARTESIAN_POINT('',(-95.,-40.0000005587935,65.));
#2097=CARTESIAN_POINT('Origin',(-95.,-40.0000005587935,35.));
#2098=CARTESIAN_POINT('',(-95.,-40.0000005587935,35.));
#2099=CARTESIAN_POINT('',(-95.,-40.0000005587935,35.));
#2100=CARTESIAN_POINT('',(-95.,-45.0000005587935,35.));
#2101=CARTESIAN_POINT('',(-95.,-45.0000005587935,35.));
#2102=CARTESIAN_POINT('',(-95.,-40.0000005587935,35.));
#2103=CARTESIAN_POINT('Origin',(-80.,-40.0000005587935,35.));
#2104=CARTESIAN_POINT('',(-80.,-40.0000005587935,35.));
#2105=CARTESIAN_POINT('',(-80.,-45.0000005587935,35.));
#2106=CARTESIAN_POINT('Origin',(95.,-40.0000005587935,35.));
#2107=CARTESIAN_POINT('',(95.,-40.0000005587935,35.));
#2108=CARTESIAN_POINT('',(80.,-40.0000005587935,35.));
#2109=CARTESIAN_POINT('',(80.,-40.0000005587935,35.));
#2110=CARTESIAN_POINT('',(80.,-45.0000005587935,35.));
#2111=CARTESIAN_POINT('',(80.,-40.0000005587935,35.));
#2112=CARTESIAN_POINT('',(95.,-45.0000005587935,35.));
#2113=CARTESIAN_POINT('',(80.,-45.0000005587935,35.));
#2114=CARTESIAN_POINT('',(95.,-40.0000005587935,35.));
#2115=CARTESIAN_POINT('Origin',(95.,-40.0000005587935,65.));
#2116=CARTESIAN_POINT('',(95.,-40.0000005587935,65.));
#2117=CARTESIAN_POINT('',(95.,-40.0000005587935,35.));
#2118=CARTESIAN_POINT('',(95.,-45.0000005587935,65.));
#2119=CARTESIAN_POINT('',(95.,-45.0000005587935,35.));
#2120=CARTESIAN_POINT('',(95.,-40.0000005587935,65.));
#2121=CARTESIAN_POINT('Origin',(80.,-40.0000005587935,65.));
#2122=CARTESIAN_POINT('',(80.,-40.0000005587935,65.));
#2123=CARTESIAN_POINT('',(95.,-40.0000005587935,65.));
#2124=CARTESIAN_POINT('',(80.,-45.0000005587935,65.));
#2125=CARTESIAN_POINT('',(95.,-45.0000005587935,65.));
#2126=CARTESIAN_POINT('',(80.,-40.0000005587935,65.));
#2127=CARTESIAN_POINT('Origin',(80.,-40.0000005587935,35.));
#2128=CARTESIAN_POINT('',(80.,-40.0000005587935,65.));
#2129=CARTESIAN_POINT('',(80.,-45.0000005587935,65.));
#2130=CARTESIAN_POINT('Origin',(98.9999997466805,-40.0000005587935,9.99999894201759));
#2131=CARTESIAN_POINT('',(97.4499997466805,-45.0000005587935,9.99999894201759));
#2132=CARTESIAN_POINT('Origin',(98.9999997466805,-45.0000005587935,9.99999894201759));
#2133=CARTESIAN_POINT('',(97.4499997466805,-40.0000005587935,9.99999894201759));
#2134=CARTESIAN_POINT('',(97.4499997466805,-40.0000005587935,9.99999894201759));
#2135=CARTESIAN_POINT('Origin',(98.9999997466805,-40.0000005587935,9.99999894201759));
#2136=CARTESIAN_POINT('Origin',(74.9999993890526,-40.0000005587936,70.0000000149012));
#2137=CARTESIAN_POINT('',(73.4499993890526,-45.0000005587936,70.0000000149012));
#2138=CARTESIAN_POINT('Origin',(74.9999993890526,-45.0000005587936,70.0000000149012));
#2139=CARTESIAN_POINT('',(73.4499993890526,-40.0000005587936,70.0000000149012));
#2140=CARTESIAN_POINT('',(73.4499993890526,-40.0000005587936,70.0000000149012));
#2141=CARTESIAN_POINT('Origin',(74.9999993890526,-40.0000005587936,70.0000000149012));
#2142=CARTESIAN_POINT('Origin',(117.000000104308,-40.0000005587935,27.9999992996454));
#2143=CARTESIAN_POINT('',(115.450000104308,-45.0000005587935,27.9999992996454));
#2144=CARTESIAN_POINT('Origin',(117.000000104308,-45.0000005587935,27.9999992996454));
#2145=CARTESIAN_POINT('',(115.450000104308,-40.0000005587935,27.9999992996454));
#2146=CARTESIAN_POINT('',(115.450000104308,-40.0000005587935,27.9999992996454));
#2147=CARTESIAN_POINT('Origin',(117.000000104308,-40.0000005587935,27.9999992996454));
#2148=CARTESIAN_POINT('Origin',(98.9999997466805,-40.0000005587936,70.0000000149012));
#2149=CARTESIAN_POINT('',(97.4499997466805,-45.0000005587936,70.0000000149012));
#2150=CARTESIAN_POINT('Origin',(98.9999997466805,-45.0000005587936,70.0000000149012));
#2151=CARTESIAN_POINT('',(97.4499997466805,-40.0000005587936,70.0000000149012));
#2152=CARTESIAN_POINT('',(97.4499997466805,-40.0000005587936,70.0000000149012));
#2153=CARTESIAN_POINT('Origin',(98.9999997466805,-40.0000005587936,70.0000000149012));
#2154=CARTESIAN_POINT('Origin',(-98.9999997466805,-40.0000005587936,70.0000000149012));
#2155=CARTESIAN_POINT('',(-100.54999974668,-45.0000005587936,70.0000000149012));
#2156=CARTESIAN_POINT('Origin',(-98.9999997466805,-45.0000005587936,70.0000000149012));
#2157=CARTESIAN_POINT('',(-100.54999974668,-40.0000005587936,70.0000000149012));
#2158=CARTESIAN_POINT('',(-100.54999974668,-40.0000005587936,70.0000000149012));
#2159=CARTESIAN_POINT('Origin',(-98.9999997466805,-40.0000005587936,70.0000000149012));
#2160=CARTESIAN_POINT('Origin',(-74.9999993890526,-40.0000005587936,70.0000000149012));
#2161=CARTESIAN_POINT('',(-76.5499993890526,-45.0000005587936,70.0000000149012));
#2162=CARTESIAN_POINT('Origin',(-74.9999993890526,-45.0000005587936,70.0000000149012));
#2163=CARTESIAN_POINT('',(-76.5499993890526,-40.0000005587936,70.0000000149012));
#2164=CARTESIAN_POINT('',(-76.5499993890526,-40.0000005587936,70.0000000149012));
#2165=CARTESIAN_POINT('Origin',(-74.9999993890526,-40.0000005587936,70.0000000149012));
#2166=CARTESIAN_POINT('Origin',(74.9999993890526,-40.0000005587935,9.99999894201759));
#2167=CARTESIAN_POINT('',(73.4499993890526,-45.0000005587935,9.99999894201759));
#2168=CARTESIAN_POINT('Origin',(74.9999993890526,-45.0000005587935,9.99999894201759));
#2169=CARTESIAN_POINT('',(73.4499993890526,-40.0000005587935,9.99999894201759));
#2170=CARTESIAN_POINT('',(73.4499993890526,-40.0000005587935,9.99999894201759));
#2171=CARTESIAN_POINT('Origin',(74.9999993890526,-40.0000005587935,9.99999894201759));
#2172=CARTESIAN_POINT('Origin',(-117.000000104308,-40.0000005587935,51.9999996572733));
#2173=CARTESIAN_POINT('',(-118.550000104308,-45.0000005587935,51.9999996572733));
#2174=CARTESIAN_POINT('Origin',(-117.000000104308,-45.0000005587935,51.9999996572733));
#2175=CARTESIAN_POINT('',(-118.550000104308,-40.0000005587935,51.9999996572733));
#2176=CARTESIAN_POINT('',(-118.550000104308,-40.0000005587935,51.9999996572733));
#2177=CARTESIAN_POINT('Origin',(-117.000000104308,-40.0000005587935,51.9999996572733));
#2178=CARTESIAN_POINT('Origin',(-117.000000104308,-40.0000005587935,27.9999992996454));
#2179=CARTESIAN_POINT('',(-118.550000104308,-45.0000005587935,27.9999992996454));
#2180=CARTESIAN_POINT('Origin',(-117.000000104308,-45.0000005587935,27.9999992996454));
#2181=CARTESIAN_POINT('',(-118.550000104308,-40.0000005587935,27.9999992996454));
#2182=CARTESIAN_POINT('',(-118.550000104308,-40.0000005587935,27.9999992996454));
#2183=CARTESIAN_POINT('Origin',(-117.000000104308,-40.0000005587935,27.9999992996454));
#2184=CARTESIAN_POINT('Origin',(-98.9999997466804,-40.0000005587935,9.99999894201759));
#2185=CARTESIAN_POINT('',(-100.54999974668,-45.0000005587935,9.99999894201759));
#2186=CARTESIAN_POINT('Origin',(-98.9999997466804,-45.0000005587935,9.99999894201759));
#2187=CARTESIAN_POINT('',(-100.54999974668,-40.0000005587935,9.99999894201759));
#2188=CARTESIAN_POINT('',(-100.54999974668,-40.0000005587935,9.99999894201759));
#2189=CARTESIAN_POINT('Origin',(-98.9999997466804,-40.0000005587935,9.99999894201759));
#2190=CARTESIAN_POINT('Origin',(94.9999996870758,-40.0000005587935,80.));
#2191=CARTESIAN_POINT('',(94.9999996870758,-40.0000005587935,75.));
#2192=CARTESIAN_POINT('',(94.9999996870758,-40.0000005587935,80.));
#2193=CARTESIAN_POINT('',(94.9999996870758,-40.0000005587935,75.));
#2194=CARTESIAN_POINT('',(94.9999996870758,-45.0000005587935,75.));
#2195=CARTESIAN_POINT('',(94.9999996870758,-40.0000005587935,75.));
#2196=CARTESIAN_POINT('',(94.9999996870758,-45.0000005587935,80.));
#2197=CARTESIAN_POINT('',(94.9999996870758,-45.0000005587935,75.));
#2198=CARTESIAN_POINT('',(94.9999996870758,-40.0000005587935,80.));
#2199=CARTESIAN_POINT('Origin',(110.999999687076,-40.0000005587935,80.));
#2200=CARTESIAN_POINT('',(110.999999687076,-40.0000005587935,80.));
#2201=CARTESIAN_POINT('',(110.999999687076,-40.0000005587935,80.));
#2202=CARTESIAN_POINT('',(110.999999687076,-45.0000005587935,80.));
#2203=CARTESIAN_POINT('',(110.999999687076,-45.0000005587935,80.));
#2204=CARTESIAN_POINT('',(110.999999687076,-40.0000005587935,80.));
#2205=CARTESIAN_POINT('Origin',(110.999999687076,-40.0000005587935,75.));
#2206=CARTESIAN_POINT('',(110.999999687076,-40.0000005587935,75.));
#2207=CARTESIAN_POINT('',(110.999999687076,-40.0000005587935,80.));
#2208=CARTESIAN_POINT('',(110.999999687076,-45.0000005587935,75.));
#2209=CARTESIAN_POINT('',(110.999999687076,-45.0000005587935,80.));
#2210=CARTESIAN_POINT('',(110.999999687076,-40.0000005587935,75.));
#2211=CARTESIAN_POINT('Origin',(121.999999567866,-40.0000005587935,74.9999994784594));
#2212=CARTESIAN_POINT('',(121.999999567866,-40.0000005587935,74.9999994784594));
#2213=CARTESIAN_POINT('',(110.999999687076,-40.0000005587935,75.));
#2214=CARTESIAN_POINT('',(121.999999567866,-45.0000005587935,74.9999994784594));
#2215=CARTESIAN_POINT('',(110.999999687076,-45.0000005587935,75.));
#2216=CARTESIAN_POINT('',(121.999999567866,-40.0000005587935,74.9999994784594));
#2217=CARTESIAN_POINT('Origin',(122.000000014901,-40.0000005587935,63.9999995976686));
#2218=CARTESIAN_POINT('',(122.000000014901,-40.0000005587935,63.9999995976686));
#2219=CARTESIAN_POINT('',(121.999999567866,-40.0000005587935,74.9999994784594));
#2220=CARTESIAN_POINT('',(122.000000014901,-45.0000005587935,63.9999995976686));
#2221=CARTESIAN_POINT('',(121.999999567866,-45.0000005587935,74.9999994784594));
#2222=CARTESIAN_POINT('',(122.000000014901,-40.0000005587935,63.9999995976686));
#2223=CARTESIAN_POINT('Origin',(127.000000014901,-40.0000005587935,63.9999995976686));
#2224=CARTESIAN_POINT('',(127.000000014901,-40.0000005587935,63.9999995976686));
#2225=CARTESIAN_POINT('',(122.000000014901,-40.0000005587935,63.9999995976686));
#2226=CARTESIAN_POINT('',(127.000000014901,-45.0000005587935,63.9999995976686));
#2227=CARTESIAN_POINT('',(122.000000014901,-45.0000005587935,63.9999995976686));
#2228=CARTESIAN_POINT('',(127.000000014901,-40.0000005587935,63.9999995976686));
#2229=CARTESIAN_POINT('Origin',(127.000000014901,-40.0000005587935,47.9999995976687));
#2230=CARTESIAN_POINT('',(127.000000014901,-40.0000005587935,47.9999995976686));
#2231=CARTESIAN_POINT('',(127.000000014901,-40.0000005587935,63.9999995976686));
#2232=CARTESIAN_POINT('',(127.000000014901,-45.0000005587935,47.9999995976686));
#2233=CARTESIAN_POINT('',(127.000000014901,-45.0000005587935,63.9999995976686));
#2234=CARTESIAN_POINT('',(127.000000014901,-40.0000005587935,47.9999995976686));
#2235=CARTESIAN_POINT('Origin',(122.000000014901,-40.0000005587935,47.9999995976687));
#2236=CARTESIAN_POINT('',(122.000000014901,-40.0000005587935,47.9999995976687));
#2237=CARTESIAN_POINT('',(127.000000014901,-40.0000005587935,47.9999995976686));
#2238=CARTESIAN_POINT('',(122.000000014901,-45.0000005587935,47.9999995976687));
#2239=CARTESIAN_POINT('',(127.000000014901,-45.0000005587935,47.9999995976686));
#2240=CARTESIAN_POINT('',(122.000000014901,-40.0000005587935,47.9999995976687));
#2241=CARTESIAN_POINT('Origin',(122.000000014901,-40.0000005587935,31.9999993592501));
#2242=CARTESIAN_POINT('',(122.000000014901,-40.0000005587935,31.9999993592501));
#2243=CARTESIAN_POINT('',(122.000000014901,-40.0000005587935,47.9999995976687));
#2244=CARTESIAN_POINT('',(122.000000014901,-45.0000005587935,31.9999993592501));
#2245=CARTESIAN_POINT('',(122.000000014901,-45.0000005587935,47.9999995976687));
#2246=CARTESIAN_POINT('',(122.000000014901,-40.0000005587935,31.9999993592501));
#2247=CARTESIAN_POINT('Origin',(127.000000014901,-40.0000005587935,31.9999993592501));
#2248=CARTESIAN_POINT('',(127.000000014901,-40.0000005587935,31.9999993592501));
#2249=CARTESIAN_POINT('',(122.000000014901,-40.0000005587935,31.9999993592501));
#2250=CARTESIAN_POINT('',(127.000000014901,-45.0000005587935,31.9999993592501));
#2251=CARTESIAN_POINT('',(122.000000014901,-45.0000005587935,31.9999993592501));
#2252=CARTESIAN_POINT('',(127.000000014901,-40.0000005587935,31.9999993592501));
#2253=CARTESIAN_POINT('Origin',(127.000000014901,-40.0000005587935,15.9999993592501));
#2254=CARTESIAN_POINT('',(127.000000014901,-40.0000005587935,15.9999993592501));
#2255=CARTESIAN_POINT('',(127.000000014901,-40.0000005587935,31.9999993592501));
#2256=CARTESIAN_POINT('',(127.000000014901,-45.0000005587935,15.9999993592501));
#2257=CARTESIAN_POINT('',(127.000000014901,-45.0000005587935,31.9999993592501));
#2258=CARTESIAN_POINT('',(127.000000014901,-40.0000005587935,15.9999993592501));
#2259=CARTESIAN_POINT('Origin',(122.000000014901,-40.0000005587935,15.9999993592501));
#2260=CARTESIAN_POINT('',(122.000000014901,-40.0000005587935,15.9999993592501));
#2261=CARTESIAN_POINT('',(127.000000014901,-40.0000005587935,15.9999993592501));
#2262=CARTESIAN_POINT('',(122.000000014901,-45.0000005587935,15.9999993592501));
#2263=CARTESIAN_POINT('',(127.000000014901,-45.0000005587935,15.9999993592501));
#2264=CARTESIAN_POINT('',(122.000000014901,-40.0000005587935,15.9999993592501));
#2265=CARTESIAN_POINT('Origin',(121.999999567867,-40.0000005587935,5.00035541574791));
#2266=CARTESIAN_POINT('',(121.999999567867,-40.0000005587935,5.00035541574791));
#2267=CARTESIAN_POINT('',(122.000000014901,-40.0000005587935,15.9999993592501));
#2268=CARTESIAN_POINT('',(121.999999567867,-45.0000005587935,5.00035541574791));
#2269=CARTESIAN_POINT('',(122.000000014901,-45.0000005587935,15.9999993592501));
#2270=CARTESIAN_POINT('',(121.999999567867,-40.0000005587935,5.00035541574791));
#2271=CARTESIAN_POINT('Origin',(110.999999567867,-40.0000005587935,5.00035541574791));
#2272=CARTESIAN_POINT('',(110.999999567867,-40.0000005587935,5.00035541574791));
#2273=CARTESIAN_POINT('',(121.999999567867,-40.0000005587935,5.00035541574791));
#2274=CARTESIAN_POINT('',(110.999999567867,-45.0000005587935,5.00035541574791));
#2275=CARTESIAN_POINT('',(121.999999567867,-45.0000005587935,5.00035541574791));
#2276=CARTESIAN_POINT('',(110.999999567867,-40.0000005587935,5.00035541574791));
#2277=CARTESIAN_POINT('Origin',(110.999999567867,-40.0000005587935,0.000355415747912424));
#2278=CARTESIAN_POINT('',(110.999999567867,-40.0000005587935,0.000355415747912424));
#2279=CARTESIAN_POINT('',(110.999999567867,-40.0000005587935,5.00035541574791));
#2280=CARTESIAN_POINT('',(110.999999567867,-45.0000005587935,0.000355415747911314));
#2281=CARTESIAN_POINT('',(110.999999567867,-45.0000005587935,5.00035541574791));
#2282=CARTESIAN_POINT('',(110.999999567867,-40.0000005587935,0.000355415747912424));
#2283=CARTESIAN_POINT('Origin',(94.9999995678665,-40.0000005587935,0.000355415747912424));
#2284=CARTESIAN_POINT('',(94.9999995678665,-40.0000005587935,0.000355415747912424));
#2285=CARTESIAN_POINT('',(110.999999567867,-40.0000005587935,0.000355415747912424));
#2286=CARTESIAN_POINT('',(94.9999995678665,-45.0000005587935,0.000355415747911314));
#2287=CARTESIAN_POINT('',(110.999999567867,-45.0000005587935,0.000355415747911314));
#2288=CARTESIAN_POINT('',(94.9999995678665,-40.0000005587935,0.000355415747912424));
#2289=CARTESIAN_POINT('Origin',(94.9999995678665,-40.0000005587935,5.00035541574791));
#2290=CARTESIAN_POINT('',(94.9999995678665,-40.0000005587935,5.00035541574791));
#2291=CARTESIAN_POINT('',(94.9999995678665,-40.0000005587935,5.00035541574791));
#2292=CARTESIAN_POINT('',(94.9999995678665,-45.0000005587935,5.00035541574791));
#2293=CARTESIAN_POINT('',(94.9999995678665,-45.0000005587935,5.00035541574791));
#2294=CARTESIAN_POINT('',(94.9999995678665,-40.0000005587935,5.00035541574791));
#2295=CARTESIAN_POINT('Origin',(78.9999995678666,-40.0000005587935,5.00035541574791));
#2296=CARTESIAN_POINT('',(78.9999995678666,-40.0000005587935,5.00035541574791));
#2297=CARTESIAN_POINT('',(94.9999995678665,-40.0000005587935,5.00035541574791));
#2298=CARTESIAN_POINT('',(78.9999995678666,-45.0000005587935,5.00035541574791));
#2299=CARTESIAN_POINT('',(94.9999995678665,-45.0000005587935,5.00035541574791));
#2300=CARTESIAN_POINT('',(78.9999995678666,-40.0000005587935,5.00035541574791));
#2301=CARTESIAN_POINT('Origin',(78.9999995678666,-40.0000005587935,0.000355415747912424));
#2302=CARTESIAN_POINT('',(78.9999995678666,-40.0000005587935,0.000355415747912424));
#2303=CARTESIAN_POINT('',(78.9999995678666,-40.0000005587935,5.00035541574791));
#2304=CARTESIAN_POINT('',(78.9999995678666,-45.0000005587935,0.000355415747911314));
#2305=CARTESIAN_POINT('',(78.9999995678666,-45.0000005587935,5.00035541574791));
#2306=CARTESIAN_POINT('',(78.9999995678666,-40.0000005587935,0.000355415747912424));
#2307=CARTESIAN_POINT('Origin',(62.9999995678666,-40.0000005587935,0.000355415747912424));
#2308=CARTESIAN_POINT('',(62.9999995678666,-40.0000005587935,0.000355415747912424));
#2309=CARTESIAN_POINT('',(62.9999995678666,-40.0000005587935,0.000355415747912424));
#2310=CARTESIAN_POINT('',(62.9999995678666,-45.0000005587935,0.000355415747911314));
#2311=CARTESIAN_POINT('',(62.9999995678666,-45.0000005587935,0.000355415747911314));
#2312=CARTESIAN_POINT('',(62.9999995678666,-40.0000005587935,0.000355415747912424));
#2313=CARTESIAN_POINT('Origin',(62.9999995678666,-40.0000005587935,5.00035541574791));
#2314=CARTESIAN_POINT('',(62.9999995678666,-40.0000005587935,5.00035541574791));
#2315=CARTESIAN_POINT('',(62.9999995678666,-40.0000005587935,0.000355415747912424));
#2316=CARTESIAN_POINT('',(62.9999995678666,-45.0000005587935,5.00035541574791));
#2317=CARTESIAN_POINT('',(62.9999995678666,-45.0000005587935,0.000355415747911314));
#2318=CARTESIAN_POINT('',(62.9999995678666,-40.0000005587935,5.00035541574791));
#2319=CARTESIAN_POINT('Origin',(-62.9999995678666,-40.0000005587935,5.0003554157479));
#2320=CARTESIAN_POINT('',(-62.9999995678666,-40.0000005587935,5.0003554157479));
#2321=CARTESIAN_POINT('',(-62.9999995678666,-40.0000005587935,5.0003554157479));
#2322=CARTESIAN_POINT('',(-62.9999995678666,-45.0000005587935,5.0003554157479));
#2323=CARTESIAN_POINT('',(-62.9999995678666,-45.0000005587935,5.0003554157479));
#2324=CARTESIAN_POINT('',(-62.9999995678666,-40.0000005587935,5.0003554157479));
#2325=CARTESIAN_POINT('Origin',(-62.9999995678666,-40.0000005587935,0.000355415747907983));
#2326=CARTESIAN_POINT('',(-62.9999995678666,-40.0000005587935,0.000355415747907983));
#2327=CARTESIAN_POINT('',(-62.9999995678666,-40.0000005587935,0.000355415747907983));
#2328=CARTESIAN_POINT('',(-62.9999995678666,-45.0000005587935,0.000355415747906873));
#2329=CARTESIAN_POINT('',(-62.9999995678666,-45.0000005587935,0.000355415747906873));
#2330=CARTESIAN_POINT('',(-62.9999995678666,-40.0000005587935,0.000355415747907983));
#2331=CARTESIAN_POINT('Origin',(-78.9999995678665,-40.0000005587935,0.000355415747907983));
#2332=CARTESIAN_POINT('',(-78.9999995678665,-40.0000005587935,0.000355415747907983));
#2333=CARTESIAN_POINT('',(-62.9999995678666,-40.0000005587935,0.000355415747907983));
#2334=CARTESIAN_POINT('',(-78.9999995678665,-45.0000005587935,0.000355415747906873));
#2335=CARTESIAN_POINT('',(-62.9999995678666,-45.0000005587935,0.000355415747906873));
#2336=CARTESIAN_POINT('',(-78.9999995678665,-40.0000005587935,0.000355415747907983));
#2337=CARTESIAN_POINT('Origin',(-78.9999995678665,-40.0000005587935,5.0003554157479));
#2338=CARTESIAN_POINT('',(-78.9999995678665,-40.0000005587935,5.0003554157479));
#2339=CARTESIAN_POINT('',(-78.9999995678665,-40.0000005587935,5.0003554157479));
#2340=CARTESIAN_POINT('',(-78.9999995678665,-45.0000005587935,5.0003554157479));
#2341=CARTESIAN_POINT('',(-78.9999995678665,-45.0000005587935,5.0003554157479));
#2342=CARTESIAN_POINT('',(-78.9999995678665,-40.0000005587935,5.0003554157479));
#2343=CARTESIAN_POINT('Origin',(-94.9999995678665,-40.0000005587935,5.0003554157479));
#2344=CARTESIAN_POINT('',(-94.9999995678665,-40.0000005587935,5.0003554157479));
#2345=CARTESIAN_POINT('',(-94.9999995678665,-40.0000005587935,5.0003554157479));
#2346=CARTESIAN_POINT('',(-94.9999995678665,-45.0000005587935,5.0003554157479));
#2347=CARTESIAN_POINT('',(-94.9999995678665,-45.0000005587935,5.0003554157479));
#2348=CARTESIAN_POINT('',(-94.9999995678665,-40.0000005587935,5.0003554157479));
#2349=CARTESIAN_POINT('Origin',(-94.9999995678665,-40.0000005587935,0.000355415747907983));
#2350=CARTESIAN_POINT('',(-94.9999995678665,-40.0000005587935,0.000355415747907983));
#2351=CARTESIAN_POINT('',(-94.9999995678665,-40.0000005587935,5.0003554157479));
#2352=CARTESIAN_POINT('',(-94.9999995678665,-45.0000005587935,0.000355415747906873));
#2353=CARTESIAN_POINT('',(-94.9999995678665,-45.0000005587935,5.0003554157479));
#2354=CARTESIAN_POINT('',(-94.9999995678665,-40.0000005587935,0.000355415747907983));
#2355=CARTESIAN_POINT('Origin',(-110.999999567866,-40.0000005587935,0.000355415747907983));
#2356=CARTESIAN_POINT('',(-110.999999567866,-40.0000005587935,0.000355415747907983));
#2357=CARTESIAN_POINT('',(-110.999999567866,-40.0000005587935,0.000355415747907983));
#2358=CARTESIAN_POINT('',(-110.999999567866,-45.0000005587935,0.000355415747906873));
#2359=CARTESIAN_POINT('',(-110.999999567866,-45.0000005587935,0.000355415747906873));
#2360=CARTESIAN_POINT('',(-110.999999567866,-40.0000005587935,0.000355415747907983));
#2361=CARTESIAN_POINT('Origin',(-110.999999567866,-40.0000005587935,5.0003554157479));
#2362=CARTESIAN_POINT('',(-110.999999567866,-40.0000005587935,5.0003554157479));
#2363=CARTESIAN_POINT('',(-110.999999567866,-40.0000005587935,5.0003554157479));
#2364=CARTESIAN_POINT('',(-110.999999567866,-45.0000005587935,5.0003554157479));
#2365=CARTESIAN_POINT('',(-110.999999567866,-45.0000005587935,5.0003554157479));
#2366=CARTESIAN_POINT('',(-110.999999567866,-40.0000005587935,5.0003554157479));
#2367=CARTESIAN_POINT('Origin',(-121.999999567866,-40.0000005587935,5.0003554157479));
#2368=CARTESIAN_POINT('',(-121.999999567866,-40.0000005587935,5.0003554157479));
#2369=CARTESIAN_POINT('',(-121.999999567866,-40.0000005587935,5.0003554157479));
#2370=CARTESIAN_POINT('',(-121.999999567866,-45.0000005587935,5.0003554157479));
#2371=CARTESIAN_POINT('',(-121.999999567866,-45.0000005587935,5.0003554157479));
#2372=CARTESIAN_POINT('',(-121.999999567866,-40.0000005587935,5.0003554157479));
#2373=CARTESIAN_POINT('Origin',(-122.000000014901,-40.0000005587935,15.9999993592501));
#2374=CARTESIAN_POINT('',(-122.000000014901,-40.0000005587935,15.9999993592501));
#2375=CARTESIAN_POINT('',(-122.000000014901,-40.0000005587935,15.9999993592501));
#2376=CARTESIAN_POINT('',(-122.000000014901,-45.0000005587935,15.9999993592501));
#2377=CARTESIAN_POINT('',(-122.000000014901,-45.0000005587935,15.9999993592501));
#2378=CARTESIAN_POINT('',(-122.000000014901,-40.0000005587935,15.9999993592501));
#2379=CARTESIAN_POINT('Origin',(-127.000000014901,-40.0000005587935,15.9999993592501));
#2380=CARTESIAN_POINT('',(-127.000000014901,-40.0000005587935,15.9999993592501));
#2381=CARTESIAN_POINT('',(-127.000000014901,-40.0000005587935,15.9999993592501));
#2382=CARTESIAN_POINT('',(-127.000000014901,-45.0000005587935,15.9999993592501));
#2383=CARTESIAN_POINT('',(-127.000000014901,-45.0000005587935,15.9999993592501));
#2384=CARTESIAN_POINT('',(-127.000000014901,-40.0000005587935,15.9999993592501));
#2385=CARTESIAN_POINT('Origin',(-127.000000014901,-40.0000005587935,31.9999993592501));
#2386=CARTESIAN_POINT('',(-127.000000014901,-40.0000005587935,31.9999993592501));
#2387=CARTESIAN_POINT('',(-127.000000014901,-40.0000005587935,31.9999993592501));
#2388=CARTESIAN_POINT('',(-127.000000014901,-45.0000005587935,31.9999993592501));
#2389=CARTESIAN_POINT('',(-127.000000014901,-45.0000005587935,31.9999993592501));
#2390=CARTESIAN_POINT('',(-127.000000014901,-40.0000005587935,31.9999993592501));
#2391=CARTESIAN_POINT('Origin',(-122.000000014901,-40.0000005587935,31.9999993592501));
#2392=CARTESIAN_POINT('',(-122.000000014901,-40.0000005587935,31.9999993592501));
#2393=CARTESIAN_POINT('',(-122.000000014901,-40.0000005587935,31.9999993592501));
#2394=CARTESIAN_POINT('',(-122.000000014901,-45.0000005587935,31.9999993592501));
#2395=CARTESIAN_POINT('',(-122.000000014901,-45.0000005587935,31.9999993592501));
#2396=CARTESIAN_POINT('',(-122.000000014901,-40.0000005587935,31.9999993592501));
#2397=CARTESIAN_POINT('Origin',(-122.000000014901,-40.0000005587935,47.9999995976687));
#2398=CARTESIAN_POINT('',(-122.000000014901,-40.0000005587935,47.9999995976687));
#2399=CARTESIAN_POINT('',(-122.000000014901,-40.0000005587935,47.9999995976687));
#2400=CARTESIAN_POINT('',(-122.000000014901,-45.0000005587935,47.9999995976687));
#2401=CARTESIAN_POINT('',(-122.000000014901,-45.0000005587935,47.9999995976687));
#2402=CARTESIAN_POINT('',(-122.000000014901,-40.0000005587935,47.9999995976687));
#2403=CARTESIAN_POINT('Origin',(-127.000000014901,-40.0000005587935,47.9999995976686));
#2404=CARTESIAN_POINT('',(-127.000000014901,-40.0000005587935,47.9999995976686));
#2405=CARTESIAN_POINT('',(-127.000000014901,-40.0000005587935,47.9999995976686));
#2406=CARTESIAN_POINT('',(-127.000000014901,-45.0000005587935,47.9999995976686));
#2407=CARTESIAN_POINT('',(-127.000000014901,-45.0000005587935,47.9999995976686));
#2408=CARTESIAN_POINT('',(-127.000000014901,-40.0000005587935,47.9999995976686));
#2409=CARTESIAN_POINT('Origin',(-127.000000014901,-40.0000005587935,63.9999995976686));
#2410=CARTESIAN_POINT('',(-127.000000014901,-40.0000005587935,63.9999995976686));
#2411=CARTESIAN_POINT('',(-127.000000014901,-40.0000005587935,63.9999995976686));
#2412=CARTESIAN_POINT('',(-127.000000014901,-45.0000005587935,63.9999995976686));
#2413=CARTESIAN_POINT('',(-127.000000014901,-45.0000005587935,63.9999995976686));
#2414=CARTESIAN_POINT('',(-127.000000014901,-40.0000005587935,63.9999995976686));
#2415=CARTESIAN_POINT('Origin',(-122.000000014901,-40.0000005587935,63.9999995976686));
#2416=CARTESIAN_POINT('',(-122.000000014901,-40.0000005587935,63.9999995976686));
#2417=CARTESIAN_POINT('',(-122.000000014901,-40.0000005587935,63.9999995976686));
#2418=CARTESIAN_POINT('',(-122.000000014901,-45.0000005587935,63.9999995976686));
#2419=CARTESIAN_POINT('',(-122.000000014901,-45.0000005587935,63.9999995976686));
#2420=CARTESIAN_POINT('',(-122.000000014901,-40.0000005587935,63.9999995976686));
#2421=CARTESIAN_POINT('Origin',(-121.999999567866,-40.0000005587936,74.9999994784594));
#2422=CARTESIAN_POINT('',(-121.999999567866,-40.0000005587936,74.9999994784594));
#2423=CARTESIAN_POINT('',(-121.999999567866,-40.0000005587936,74.9999994784594));
#2424=CARTESIAN_POINT('',(-121.999999567866,-45.0000005587936,74.9999994784594));
#2425=CARTESIAN_POINT('',(-121.999999567866,-45.0000005587936,74.9999994784594));
#2426=CARTESIAN_POINT('',(-121.999999567866,-40.0000005587936,74.9999994784594));
#2427=CARTESIAN_POINT('Origin',(-110.999999687076,-40.0000005587936,75.));
#2428=CARTESIAN_POINT('',(-110.999999687076,-40.0000005587936,75.));
#2429=CARTESIAN_POINT('',(-110.999999687076,-40.0000005587936,75.));
#2430=CARTESIAN_POINT('',(-110.999999687076,-45.0000005587936,75.));
#2431=CARTESIAN_POINT('',(-110.999999687076,-45.0000005587936,75.));
#2432=CARTESIAN_POINT('',(-110.999999687076,-40.0000005587936,75.));
#2433=CARTESIAN_POINT('Origin',(-110.999999687076,-40.0000005587936,80.));
#2434=CARTESIAN_POINT('',(-110.999999687076,-40.0000005587936,80.));
#2435=CARTESIAN_POINT('',(-110.999999687076,-40.0000005587936,80.));
#2436=CARTESIAN_POINT('',(-110.999999687076,-45.0000005587936,80.));
#2437=CARTESIAN_POINT('',(-110.999999687076,-45.0000005587936,80.));
#2438=CARTESIAN_POINT('',(-110.999999687076,-40.0000005587936,80.));
#2439=CARTESIAN_POINT('Origin',(-94.9999996870758,-40.0000005587936,80.));
#2440=CARTESIAN_POINT('',(-94.9999996870758,-40.0000005587936,80.));
#2441=CARTESIAN_POINT('',(-110.999999687076,-40.0000005587936,80.));
#2442=CARTESIAN_POINT('',(-94.9999996870758,-45.0000005587936,80.));
#2443=CARTESIAN_POINT('',(-110.999999687076,-45.0000005587936,80.));
#2444=CARTESIAN_POINT('',(-94.9999996870758,-40.0000005587936,80.));
#2445=CARTESIAN_POINT('Origin',(-94.9999996870758,-40.0000005587936,75.));
#2446=CARTESIAN_POINT('',(-94.9999996870758,-40.0000005587936,75.));
#2447=CARTESIAN_POINT('',(-94.9999996870758,-40.0000005587936,75.));
#2448=CARTESIAN_POINT('',(-94.9999996870758,-45.0000005587936,75.));
#2449=CARTESIAN_POINT('',(-94.9999996870758,-45.0000005587936,75.));
#2450=CARTESIAN_POINT('',(-94.9999996870758,-40.0000005587936,75.));
#2451=CARTESIAN_POINT('Origin',(-78.9999994486572,-40.0000005587936,75.));
#2452=CARTESIAN_POINT('',(-78.9999994486572,-40.0000005587936,75.));
#2453=CARTESIAN_POINT('',(-94.9999996870758,-40.0000005587936,75.));
#2454=CARTESIAN_POINT('',(-78.9999994486572,-45.0000005587936,75.));
#2455=CARTESIAN_POINT('',(-94.9999996870758,-45.0000005587936,75.));
#2456=CARTESIAN_POINT('',(-78.9999994486572,-40.0000005587936,75.));
#2457=CARTESIAN_POINT('Origin',(-78.9999994486572,-40.0000005587936,80.0000000745058));
#2458=CARTESIAN_POINT('',(-78.9999994486572,-40.0000005587936,80.0000000745058));
#2459=CARTESIAN_POINT('',(-78.9999994486572,-40.0000005587936,80.0000000745058));
#2460=CARTESIAN_POINT('',(-78.9999994486572,-45.0000005587936,80.0000000745058));
#2461=CARTESIAN_POINT('',(-78.9999994486572,-45.0000005587936,80.0000000745058));
#2462=CARTESIAN_POINT('',(-78.9999994486572,-40.0000005587936,80.0000000745058));
#2463=CARTESIAN_POINT('Origin',(-62.9999994486573,-40.0000005587936,80.0000000745058));
#2464=CARTESIAN_POINT('',(-62.9999994486573,-40.0000005587936,80.0000000745058));
#2465=CARTESIAN_POINT('',(-78.9999994486572,-40.0000005587936,80.0000000745058));
#2466=CARTESIAN_POINT('',(-62.9999994486573,-45.0000005587936,80.0000000745058));
#2467=CARTESIAN_POINT('',(-78.9999994486572,-45.0000005587936,80.0000000745058));
#2468=CARTESIAN_POINT('',(-62.9999994486573,-40.0000005587936,80.0000000745058));
#2469=CARTESIAN_POINT('Origin',(-62.9999994486573,-40.0000005587936,75.));
#2470=CARTESIAN_POINT('',(-62.9999994486573,-40.0000005587936,75.));
#2471=CARTESIAN_POINT('',(-62.9999994486573,-40.0000005587936,80.0000000745058));
#2472=CARTESIAN_POINT('',(-62.9999994486573,-45.0000005587936,75.));
#2473=CARTESIAN_POINT('',(-62.9999994486573,-45.0000005587936,80.0000000745058));
#2474=CARTESIAN_POINT('',(-62.9999994486573,-40.0000005587936,75.));
#2475=CARTESIAN_POINT('Origin',(62.9999994486573,-40.0000005587935,75.));
#2476=CARTESIAN_POINT('',(62.9999994486573,-40.0000005587935,75.));
#2477=CARTESIAN_POINT('',(62.9999994486573,-40.0000005587935,75.));
#2478=CARTESIAN_POINT('',(62.9999994486573,-45.0000005587935,75.));
#2479=CARTESIAN_POINT('',(62.9999994486573,-45.0000005587935,75.));
#2480=CARTESIAN_POINT('',(62.9999994486573,-40.0000005587935,75.));
#2481=CARTESIAN_POINT('Origin',(62.9999994486573,-40.0000005587936,80.0000000745058));
#2482=CARTESIAN_POINT('',(62.9999994486573,-40.0000005587936,80.0000000745058));
#2483=CARTESIAN_POINT('',(62.9999994486573,-40.0000005587936,80.0000000745058));
#2484=CARTESIAN_POINT('',(62.9999994486573,-45.0000005587936,80.0000000745058));
#2485=CARTESIAN_POINT('',(62.9999994486573,-45.0000005587936,80.0000000745058));
#2486=CARTESIAN_POINT('',(62.9999994486573,-40.0000005587936,80.0000000745058));
#2487=CARTESIAN_POINT('Origin',(78.9999994486573,-40.0000005587936,80.0000000745058));
#2488=CARTESIAN_POINT('',(78.9999994486573,-40.0000005587936,80.0000000745058));
#2489=CARTESIAN_POINT('',(78.9999994486573,-40.0000005587936,80.0000000745058));
#2490=CARTESIAN_POINT('',(78.9999994486573,-45.0000005587936,80.0000000745058));
#2491=CARTESIAN_POINT('',(78.9999994486573,-45.0000005587936,80.0000000745058));
#2492=CARTESIAN_POINT('',(78.9999994486573,-40.0000005587936,80.0000000745058));
#2493=CARTESIAN_POINT('Origin',(78.9999994486573,-40.0000005587936,75.));
#2494=CARTESIAN_POINT('',(78.9999994486573,-40.0000005587935,75.));
#2495=CARTESIAN_POINT('',(78.9999994486573,-40.0000005587936,80.0000000745058));
#2496=CARTESIAN_POINT('',(78.9999994486573,-45.0000005587935,75.));
#2497=CARTESIAN_POINT('',(78.9999994486573,-45.0000005587936,80.0000000745058));
#2498=CARTESIAN_POINT('',(78.9999994486573,-40.0000005587935,75.));
#2499=CARTESIAN_POINT('Origin',(94.9999996870758,-40.0000005587935,75.));
#2500=CARTESIAN_POINT('',(94.9999996870758,-40.0000005587935,75.));
#2501=CARTESIAN_POINT('',(94.9999996870758,-45.0000005587935,75.));
#2502=CARTESIAN_POINT('Origin',(1.77635683940025E-14,-45.0000005587935,
40.0001777451268));
#2503=CARTESIAN_POINT('Origin',(1.77635683940025E-14,-40.0000005587935,
40.0001777451268));
#2504=UNCERTAINTY_MEASURE_WITH_UNIT(LENGTH_MEASURE(0.01),#2508,
'DISTANCE_ACCURACY_VALUE',
'Maximum model space distance between geometric entities at asserted c
onnectivities');
#2505=UNCERTAINTY_MEASURE_WITH_UNIT(LENGTH_MEASURE(0.01),#2508,
'DISTANCE_ACCURACY_VALUE',
'Maximum model space distance between geometric entities at asserted c
onnectivities');
#2506=(
GEOMETRIC_REPRESENTATION_CONTEXT(3)
GLOBAL_UNCERTAINTY_ASSIGNED_CONTEXT((#2504))
GLOBAL_UNIT_ASSIGNED_CONTEXT((#2508,#2510,#2511))
REPRESENTATION_CONTEXT('','3D')
);
#2507=(
GEOMETRIC_REPRESENTATION_CONTEXT(3)
GLOBAL_UNCERTAINTY_ASSIGNED_CONTEXT((#2505))
GLOBAL_UNIT_ASSIGNED_CONTEXT((#2508,#2510,#2511))
REPRESENTATION_CONTEXT('','3D')
);
#2508=(
LENGTH_UNIT()
NAMED_UNIT(*)
SI_UNIT(.MILLI.,.METRE.)
);
#2509=(
LENGTH_UNIT()
NAMED_UNIT(*)
SI_UNIT($,.METRE.)
);
#2510=(
NAMED_UNIT(*)
PLANE_ANGLE_UNIT()
SI_UNIT($,.RADIAN.)
);
#2511=(
NAMED_UNIT(*)
SI_UNIT($,.STERADIAN.)
SOLID_ANGLE_UNIT()
);
#2512=SHAPE_DEFINITION_REPRESENTATION(#2513,#2514);
#2513=PRODUCT_DEFINITION_SHAPE('',$,#2516);
#2514=SHAPE_REPRESENTATION('',(#1580),#2506);
#2515=PRODUCT_DEFINITION_CONTEXT('part definition',#2520,'design');
#2516=PRODUCT_DEFINITION('Side Plate','Side Plate v1',#2517,#2515);
#2517=PRODUCT_DEFINITION_FORMATION('',$,#2522);
#2518=PRODUCT_RELATED_PRODUCT_CATEGORY('Side Plate v1','Side Plate v1',
(#2522));
#2519=APPLICATION_PROTOCOL_DEFINITION('international standard',
'automotive_design',2009,#2520);
#2520=APPLICATION_CONTEXT(
'Core Data for Automotive Mechanical Design Process');
#2521=PRODUCT_CONTEXT('part definition',#2520,'mechanical');
#2522=PRODUCT('Side Plate','Side Plate v1',$,(#2521));
#2523=PRESENTATION_STYLE_ASSIGNMENT((#2524));
#2524=SURFACE_STYLE_USAGE(.BOTH.,#2525);
#2525=SURFACE_SIDE_STYLE('',(#2526));
#2526=SURFACE_STYLE_FILL_AREA(#2527);
#2527=FILL_AREA_STYLE('Steel - Satin',(#2528));
#2528=FILL_AREA_STYLE_COLOUR('Steel - Satin',#2529);
#2529=COLOUR_RGB('Steel - Satin',0.627450980392157,0.627450980392157,0.627450980392157);
ENDSEC;
END-ISO-10303-21;
