ISO-10303-21;
HEADER;
/* Generated by software containing ST-Developer
 * from STEP Tools, Inc. (www.steptools.com) 
 */

FILE_DESCRIPTION(
/* description */ (
'Spur Gear; Module: 2.3611111111; Num Teeth: 9; Pressure Angle: 20.0; 
Backlash: 0.00 mm'),
/* implementation_level */ '2;1');

FILE_NAME(
/* name */ 'Gear_small_v7.step',
/* time_stamp */ '2025-04-15T23:49:09+05:30',
/* author */ (''),
/* organization */ (''),
/* preprocessor_version */ 'ST-DEVELOPER v20.1',
/* originating_system */ 'Autodesk Translation Framework v14.4.0.0',
/* authorisation */ '');

FILE_SCHEMA (('AUTOMOTIVE_DESIGN { 1 0 10303 214 3 1 1 }'));
ENDSEC;

DATA;
#10=MECHANICAL_DESIGN_GEOMETRIC_PRESENTATION_REPRESENTATION('',(#13),#7215);
#11=SHAPE_REPRESENTATION_RELATIONSHIP('SRR','None',#7222,#12);
#12=ADVANCED_BREP_SHAPE_REPRESENTATION('',(#14),#7214);
#13=STYLED_ITEM('',(#7231),#14);
#14=MANIFOLD_SOLID_BREP('Body1',#1471);
#15=(
BOUNDED_CURVE()
B_SPLINE_CURVE(5,(#3067,#3068,#3069,#3070,#3071,#3072,#3073,#3074,#3075,
#3076,#3077,#3078,#3079,#3080,#3081,#3082,#3083,#3084,#3085,#3086,#3087,
#3088,#3089,#3090,#3091,#3092,#3093,#3094,#3095,#3096,#3097,#3098,#3099,
#3100,#3101,#3102,#3103,#3104,#3105,#3106,#3107,#3108,#3109,#3110,#3111,
#3112,#3113,#3114,#3115,#3116,#3117,#3118,#3119,#3120,#3121,#3122,#3123,
#3124,#3125,#3126,#3127,#3128,#3129,#3130,#3131,#3132,#3133,#3134,#3135,
#3136,#3137,#3138,#3139,#3140,#3141),.UNSPECIFIED.,.F.,.F.)
B_SPLINE_CURVE_WITH_KNOTS((6,1,1,1,1,1,1,1,1,1,1,1,1,1,1,1,1,1,1,1,1,1,
1,1,1,1,1,1,1,1,1,1,1,1,1,1,1,1,1,1,1,1,1,1,1,1,1,1,1,1,1,1,1,1,1,1,1,1,
1,1,1,1,1,1,1,1,1,1,1,1,6),(-1.,-0.985714285714284,-0.97142857142857,-0.957142857142856,
-0.942857142857141,-0.928571428571427,-0.914285714285713,-0.899999999999999,
-0.885714285714284,-0.87142857142857,-0.857142857142856,-0.842857142857142,
-0.828571428571428,-0.814285714285713,-0.799999999999999,-0.785714285714285,
-0.771428571428571,-0.757142857142856,-0.742857142857142,-0.728571428571428,
-0.714285714285714,-0.699999999999999,-0.685714285714285,-0.671428571428571,
-0.657142857142857,-0.642857142857142,-0.628571428571428,-0.614285714285714,
-0.6,-0.585714285714286,-0.571428571428571,-0.557142857142857,-0.542857142857143,
-0.528571428571429,-0.514285714285714,-0.5,-0.485714285714286,-0.471428571428572,
-0.457142857142857,-0.442857142857143,-0.428571428571429,-0.414285714285714,
-0.4,-0.385714285714286,-0.371428571428571,-0.357142857142857,-0.342857142857143,
-0.328571428571429,-0.314285714285714,-0.3,-0.285714285714286,-0.271428571428571,
-0.257142857142857,-0.242857142857143,-0.228571428571429,-0.214285714285714,
-0.2,-0.185714285714286,-0.171428571428571,-0.157142857142857,-0.142857142857143,
-0.128571428571429,-0.114285714285714,-0.1,-0.0857142857142857,-0.0714285714285714,
-0.0571428571428571,-0.0428571428571429,-0.0285714285714286,-0.0142857142857143,
0.),.UNSPECIFIED.)
CURVE()
GEOMETRIC_REPRESENTATION_ITEM()
RATIONAL_B_SPLINE_CURVE((1.,1.,1.,1.,1.,1.,1.,1.,1.,1.,1.,1.,1.,1.,1.,1.,
1.,1.,1.,1.,1.,1.,1.,1.,1.,1.,1.,1.,1.,1.,1.,1.,1.,1.,1.,1.,1.,1.,1.,1.,
1.,1.,1.,1.,1.,1.,1.,1.,1.,1.,1.,1.,1.,1.,1.,1.,1.,1.,1.,1.,1.,1.,1.,1.,
1.,1.,1.,1.,1.,1.,1.,1.,1.,1.,1.))
REPRESENTATION_ITEM('')
);
#16=(
BOUNDED_CURVE()
B_SPLINE_CURVE(5,(#3314,#3315,#3316,#3317,#3318,#3319,#3320,#3321,#3322,
#3323,#3324,#3325,#3326,#3327,#3328,#3329,#3330,#3331,#3332,#3333,#3334,
#3335,#3336,#3337,#3338,#3339,#3340,#3341,#3342,#3343,#3344,#3345,#3346,
#3347,#3348,#3349,#3350,#3351,#3352,#3353,#3354,#3355,#3356,#3357,#3358,
#3359,#3360,#3361,#3362,#3363,#3364,#3365,#3366,#3367,#3368,#3369,#3370,
#3371,#3372,#3373,#3374,#3375,#3376,#3377,#3378,#3379,#3380,#3381,#3382,
#3383,#3384,#3385,#3386,#3387,#3388),.UNSPECIFIED.,.F.,.F.)
B_SPLINE_CURVE_WITH_KNOTS((6,1,1,1,1,1,1,1,1,1,1,1,1,1,1,1,1,1,1,1,1,1,
1,1,1,1,1,1,1,1,1,1,1,1,1,1,1,1,1,1,1,1,1,1,1,1,1,1,1,1,1,1,1,1,1,1,1,1,
1,1,1,1,1,1,1,1,1,1,1,1,6),(0.,0.0142857142857143,0.0285714285714286,0.0428571428571429,
0.0571428571428571,0.0714285714285714,0.0857142857142857,0.1,0.114285714285714,
0.128571428571429,0.142857142857143,0.157142857142857,0.171428571428571,
0.185714285714286,0.2,0.214285714285714,0.228571428571429,0.242857142857143,
0.257142857142857,0.271428571428571,0.285714285714286,0.3,0.314285714285714,
0.328571428571429,0.342857142857143,0.357142857142857,0.371428571428571,
0.385714285714286,0.4,0.414285714285714,0.428571428571429,0.442857142857143,
0.457142857142857,0.471428571428572,0.485714285714286,0.5,0.514285714285714,
0.528571428571429,0.542857142857143,0.557142857142857,0.571428571428571,
0.585714285714286,0.6,0.614285714285714,0.628571428571428,0.642857142857142,
0.657142857142857,0.671428571428571,0.685714285714285,0.699999999999999,
0.714285714285714,0.728571428571428,0.742857142857142,0.757142857142856,
0.771428571428571,0.785714285714285,0.799999999999999,0.814285714285713,
0.828571428571428,0.842857142857142,0.857142857142856,0.87142857142857,
0.885714285714284,0.899999999999999,0.914285714285713,0.928571428571427,
0.942857142857141,0.957142857142856,0.97142857142857,0.985714285714284,
1.),.UNSPECIFIED.)
CURVE()
GEOMETRIC_REPRESENTATION_ITEM()
RATIONAL_B_SPLINE_CURVE((1.,1.,1.,1.,1.,1.,1.,1.,1.,1.,1.,1.,1.,1.,1.,1.,
1.,1.,1.,1.,1.,1.,1.,1.,1.,1.,1.,1.,1.,1.,1.,1.,1.,1.,1.,1.,1.,1.,1.,1.,
1.,1.,1.,1.,1.,1.,1.,1.,1.,1.,1.,1.,1.,1.,1.,1.,1.,1.,1.,1.,1.,1.,1.,1.,
1.,1.,1.,1.,1.,1.,1.,1.,1.,1.,1.))
REPRESENTATION_ITEM('')
);
#17=(
BOUNDED_CURVE()
B_SPLINE_CURVE(5,(#3545,#3546,#3547,#3548,#3549,#3550,#3551,#3552,#3553,
#3554,#3555,#3556,#3557,#3558,#3559,#3560,#3561,#3562,#3563,#3564,#3565,
#3566,#3567,#3568,#3569,#3570,#3571,#3572,#3573,#3574,#3575,#3576,#3577,
#3578,#3579,#3580,#3581,#3582,#3583,#3584,#3585,#3586,#3587,#3588,#3589,
#3590,#3591,#3592,#3593,#3594,#3595,#3596,#3597,#3598,#3599,#3600,#3601,
#3602,#3603,#3604,#3605,#3606,#3607,#3608,#3609,#3610,#3611,#3612,#3613,
#3614,#3615,#3616,#3617,#3618,#3619),.UNSPECIFIED.,.F.,.F.)
B_SPLINE_CURVE_WITH_KNOTS((6,1,1,1,1,1,1,1,1,1,1,1,1,1,1,1,1,1,1,1,1,1,
1,1,1,1,1,1,1,1,1,1,1,1,1,1,1,1,1,1,1,1,1,1,1,1,1,1,1,1,1,1,1,1,1,1,1,1,
1,1,1,1,1,1,1,1,1,1,1,1,6),(-1.,-0.985714285714284,-0.97142857142857,-0.957142857142856,
-0.942857142857141,-0.928571428571427,-0.914285714285713,-0.899999999999999,
-0.885714285714284,-0.87142857142857,-0.857142857142856,-0.842857142857142,
-0.828571428571428,-0.814285714285713,-0.799999999999999,-0.785714285714285,
-0.771428571428571,-0.757142857142856,-0.742857142857142,-0.728571428571428,
-0.714285714285714,-0.699999999999999,-0.685714285714285,-0.671428571428571,
-0.657142857142857,-0.642857142857142,-0.628571428571428,-0.614285714285714,
-0.6,-0.585714285714286,-0.571428571428571,-0.557142857142857,-0.542857142857143,
-0.528571428571429,-0.514285714285714,-0.5,-0.485714285714286,-0.471428571428572,
-0.457142857142857,-0.442857142857143,-0.428571428571429,-0.414285714285714,
-0.4,-0.385714285714286,-0.371428571428571,-0.357142857142857,-0.342857142857143,
-0.328571428571429,-0.314285714285714,-0.3,-0.285714285714286,-0.271428571428571,
-0.257142857142857,-0.242857142857143,-0.228571428571429,-0.214285714285714,
-0.2,-0.185714285714286,-0.171428571428571,-0.157142857142857,-0.142857142857143,
-0.128571428571429,-0.114285714285714,-0.1,-0.0857142857142857,-0.0714285714285714,
-0.0571428571428571,-0.0428571428571429,-0.0285714285714286,-0.0142857142857143,
0.),.UNSPECIFIED.)
CURVE()
GEOMETRIC_REPRESENTATION_ITEM()
RATIONAL_B_SPLINE_CURVE((1.,1.,1.,1.,1.,1.,1.,1.,1.,1.,1.,1.,1.,1.,1.,1.,
1.,1.,1.,1.,1.,1.,1.,1.,1.,1.,1.,1.,1.,1.,1.,1.,1.,1.,1.,1.,1.,1.,1.,1.,
1.,1.,1.,1.,1.,1.,1.,1.,1.,1.,1.,1.,1.,1.,1.,1.,1.,1.,1.,1.,1.,1.,1.,1.,
1.,1.,1.,1.,1.,1.,1.,1.,1.,1.,1.))
REPRESENTATION_ITEM('')
);
#18=(
BOUNDED_CURVE()
B_SPLINE_CURVE(5,(#3792,#3793,#3794,#3795,#3796,#3797,#3798,#3799,#3800,
#3801,#3802,#3803,#3804,#3805,#3806,#3807,#3808,#3809,#3810,#3811,#3812,
#3813,#3814,#3815,#3816,#3817,#3818,#3819,#3820,#3821,#3822,#3823,#3824,
#3825,#3826,#3827,#3828,#3829,#3830,#3831,#3832,#3833,#3834,#3835,#3836,
#3837,#3838,#3839,#3840,#3841,#3842,#3843,#3844,#3845,#3846,#3847,#3848,
#3849,#3850,#3851,#3852,#3853,#3854,#3855,#3856,#3857,#3858,#3859,#3860,
#3861,#3862,#3863,#3864,#3865,#3866),.UNSPECIFIED.,.F.,.F.)
B_SPLINE_CURVE_WITH_KNOTS((6,1,1,1,1,1,1,1,1,1,1,1,1,1,1,1,1,1,1,1,1,1,
1,1,1,1,1,1,1,1,1,1,1,1,1,1,1,1,1,1,1,1,1,1,1,1,1,1,1,1,1,1,1,1,1,1,1,1,
1,1,1,1,1,1,1,1,1,1,1,1,6),(0.,0.0142857142857143,0.0285714285714286,0.0428571428571429,
0.0571428571428571,0.0714285714285714,0.0857142857142857,0.1,0.114285714285714,
0.128571428571429,0.142857142857143,0.157142857142857,0.171428571428571,
0.185714285714286,0.2,0.214285714285714,0.228571428571429,0.242857142857143,
0.257142857142857,0.271428571428571,0.285714285714286,0.3,0.314285714285714,
0.328571428571429,0.342857142857143,0.357142857142857,0.371428571428571,
0.385714285714286,0.4,0.414285714285714,0.428571428571429,0.442857142857143,
0.457142857142857,0.471428571428572,0.485714285714286,0.5,0.514285714285714,
0.528571428571429,0.542857142857143,0.557142857142857,0.571428571428571,
0.585714285714286,0.6,0.614285714285714,0.628571428571428,0.642857142857142,
0.657142857142857,0.671428571428571,0.685714285714285,0.699999999999999,
0.714285714285714,0.728571428571428,0.742857142857142,0.757142857142856,
0.771428571428571,0.785714285714285,0.799999999999999,0.814285714285713,
0.828571428571428,0.842857142857142,0.857142857142856,0.87142857142857,
0.885714285714284,0.899999999999999,0.914285714285713,0.928571428571427,
0.942857142857141,0.957142857142856,0.97142857142857,0.985714285714284,
1.),.UNSPECIFIED.)
CURVE()
GEOMETRIC_REPRESENTATION_ITEM()
RATIONAL_B_SPLINE_CURVE((1.,1.,1.,1.,1.,1.,1.,1.,1.,1.,1.,1.,1.,1.,1.,1.,
1.,1.,1.,1.,1.,1.,1.,1.,1.,1.,1.,1.,1.,1.,1.,1.,1.,1.,1.,1.,1.,1.,1.,1.,
1.,1.,1.,1.,1.,1.,1.,1.,1.,1.,1.,1.,1.,1.,1.,1.,1.,1.,1.,1.,1.,1.,1.,1.,
1.,1.,1.,1.,1.,1.,1.,1.,1.,1.,1.))
REPRESENTATION_ITEM('')
);
#19=(
BOUNDED_CURVE()
B_SPLINE_CURVE(5,(#4023,#4024,#4025,#4026,#4027,#4028,#4029,#4030,#4031,
#4032,#4033,#4034,#4035,#4036,#4037,#4038,#4039,#4040,#4041,#4042,#4043,
#4044,#4045,#4046,#4047,#4048,#4049,#4050,#4051,#4052,#4053,#4054,#4055,
#4056,#4057,#4058,#4059,#4060,#4061,#4062,#4063,#4064,#4065,#4066,#4067,
#4068,#4069,#4070,#4071,#4072,#4073,#4074,#4075,#4076,#4077,#4078,#4079,
#4080,#4081,#4082,#4083,#4084,#4085,#4086,#4087,#4088,#4089,#4090,#4091,
#4092,#4093,#4094,#4095,#4096,#4097),.UNSPECIFIED.,.F.,.F.)
B_SPLINE_CURVE_WITH_KNOTS((6,1,1,1,1,1,1,1,1,1,1,1,1,1,1,1,1,1,1,1,1,1,
1,1,1,1,1,1,1,1,1,1,1,1,1,1,1,1,1,1,1,1,1,1,1,1,1,1,1,1,1,1,1,1,1,1,1,1,
1,1,1,1,1,1,1,1,1,1,1,1,6),(-1.,-0.985714285714284,-0.97142857142857,-0.957142857142856,
-0.942857142857141,-0.928571428571427,-0.914285714285713,-0.899999999999999,
-0.885714285714284,-0.87142857142857,-0.857142857142856,-0.842857142857142,
-0.828571428571428,-0.814285714285713,-0.799999999999999,-0.785714285714285,
-0.771428571428571,-0.757142857142856,-0.742857142857142,-0.728571428571428,
-0.714285714285714,-0.699999999999999,-0.685714285714285,-0.671428571428571,
-0.657142857142857,-0.642857142857142,-0.628571428571428,-0.614285714285714,
-0.6,-0.585714285714286,-0.571428571428571,-0.557142857142857,-0.542857142857143,
-0.528571428571429,-0.514285714285714,-0.5,-0.485714285714286,-0.471428571428572,
-0.457142857142857,-0.442857142857143,-0.428571428571429,-0.414285714285714,
-0.4,-0.385714285714286,-0.371428571428571,-0.357142857142857,-0.342857142857143,
-0.328571428571429,-0.314285714285714,-0.3,-0.285714285714286,-0.271428571428571,
-0.257142857142857,-0.242857142857143,-0.228571428571429,-0.214285714285714,
-0.2,-0.185714285714286,-0.171428571428571,-0.157142857142857,-0.142857142857143,
-0.128571428571429,-0.114285714285714,-0.1,-0.0857142857142857,-0.0714285714285714,
-0.0571428571428571,-0.0428571428571429,-0.0285714285714286,-0.0142857142857143,
0.),.UNSPECIFIED.)
CURVE()
GEOMETRIC_REPRESENTATION_ITEM()
RATIONAL_B_SPLINE_CURVE((1.,1.,1.,1.,1.,1.,1.,1.,1.,1.,1.,1.,1.,1.,1.,1.,
1.,1.,1.,1.,1.,1.,1.,1.,1.,1.,1.,1.,1.,1.,1.,1.,1.,1.,1.,1.,1.,1.,1.,1.,
1.,1.,1.,1.,1.,1.,1.,1.,1.,1.,1.,1.,1.,1.,1.,1.,1.,1.,1.,1.,1.,1.,1.,1.,
1.,1.,1.,1.,1.,1.,1.,1.,1.,1.,1.))
REPRESENTATION_ITEM('')
);
#20=(
BOUNDED_CURVE()
B_SPLINE_CURVE(5,(#4270,#4271,#4272,#4273,#4274,#4275,#4276,#4277,#4278,
#4279,#4280,#4281,#4282,#4283,#4284,#4285,#4286,#4287,#4288,#4289,#4290,
#4291,#4292,#4293,#4294,#4295,#4296,#4297,#4298,#4299,#4300,#4301,#4302,
#4303,#4304,#4305,#4306,#4307,#4308,#4309,#4310,#4311,#4312,#4313,#4314,
#4315,#4316,#4317,#4318,#4319,#4320,#4321,#4322,#4323,#4324,#4325,#4326,
#4327,#4328,#4329,#4330,#4331,#4332,#4333,#4334,#4335,#4336,#4337,#4338,
#4339,#4340,#4341,#4342,#4343,#4344),.UNSPECIFIED.,.F.,.F.)
B_SPLINE_CURVE_WITH_KNOTS((6,1,1,1,1,1,1,1,1,1,1,1,1,1,1,1,1,1,1,1,1,1,
1,1,1,1,1,1,1,1,1,1,1,1,1,1,1,1,1,1,1,1,1,1,1,1,1,1,1,1,1,1,1,1,1,1,1,1,
1,1,1,1,1,1,1,1,1,1,1,1,6),(0.,0.0142857142857143,0.0285714285714286,0.0428571428571429,
0.0571428571428571,0.0714285714285714,0.0857142857142857,0.1,0.114285714285714,
0.128571428571429,0.142857142857143,0.157142857142857,0.171428571428571,
0.185714285714286,0.2,0.214285714285714,0.228571428571429,0.242857142857143,
0.257142857142857,0.271428571428571,0.285714285714286,0.3,0.314285714285714,
0.328571428571429,0.342857142857143,0.357142857142857,0.371428571428571,
0.385714285714286,0.4,0.414285714285714,0.428571428571429,0.442857142857143,
0.457142857142857,0.471428571428572,0.485714285714286,0.5,0.514285714285714,
0.528571428571429,0.542857142857143,0.557142857142857,0.571428571428571,
0.585714285714286,0.6,0.614285714285714,0.628571428571428,0.642857142857142,
0.657142857142857,0.671428571428571,0.685714285714285,0.699999999999999,
0.714285714285714,0.728571428571428,0.742857142857142,0.757142857142856,
0.771428571428571,0.785714285714285,0.799999999999999,0.814285714285713,
0.828571428571428,0.842857142857142,0.857142857142856,0.87142857142857,
0.885714285714284,0.899999999999999,0.914285714285713,0.928571428571427,
0.942857142857141,0.957142857142856,0.97142857142857,0.985714285714284,
1.),.UNSPECIFIED.)
CURVE()
GEOMETRIC_REPRESENTATION_ITEM()
RATIONAL_B_SPLINE_CURVE((1.,1.,1.,1.,1.,1.,1.,1.,1.,1.,1.,1.,1.,1.,1.,1.,
1.,1.,1.,1.,1.,1.,1.,1.,1.,1.,1.,1.,1.,1.,1.,1.,1.,1.,1.,1.,1.,1.,1.,1.,
1.,1.,1.,1.,1.,1.,1.,1.,1.,1.,1.,1.,1.,1.,1.,1.,1.,1.,1.,1.,1.,1.,1.,1.,
1.,1.,1.,1.,1.,1.,1.,1.,1.,1.,1.))
REPRESENTATION_ITEM('')
);
#21=(
BOUNDED_CURVE()
B_SPLINE_CURVE(5,(#4501,#4502,#4503,#4504,#4505,#4506,#4507,#4508,#4509,
#4510,#4511,#4512,#4513,#4514,#4515,#4516,#4517,#4518,#4519,#4520,#4521,
#4522,#4523,#4524,#4525,#4526,#4527,#4528,#4529,#4530,#4531,#4532,#4533,
#4534,#4535,#4536,#4537,#4538,#4539,#4540,#4541,#4542,#4543,#4544,#4545,
#4546,#4547,#4548,#4549,#4550,#4551,#4552,#4553,#4554,#4555,#4556,#4557,
#4558,#4559,#4560,#4561,#4562,#4563,#4564,#4565,#4566,#4567,#4568,#4569,
#4570,#4571,#4572,#4573,#4574,#4575),.UNSPECIFIED.,.F.,.F.)
B_SPLINE_CURVE_WITH_KNOTS((6,1,1,1,1,1,1,1,1,1,1,1,1,1,1,1,1,1,1,1,1,1,
1,1,1,1,1,1,1,1,1,1,1,1,1,1,1,1,1,1,1,1,1,1,1,1,1,1,1,1,1,1,1,1,1,1,1,1,
1,1,1,1,1,1,1,1,1,1,1,1,6),(-1.,-0.985714285714284,-0.97142857142857,-0.957142857142856,
-0.942857142857141,-0.928571428571427,-0.914285714285713,-0.899999999999999,
-0.885714285714284,-0.87142857142857,-0.857142857142856,-0.842857142857142,
-0.828571428571428,-0.814285714285713,-0.799999999999999,-0.785714285714285,
-0.771428571428571,-0.757142857142856,-0.742857142857142,-0.728571428571428,
-0.714285714285714,-0.699999999999999,-0.685714285714285,-0.671428571428571,
-0.657142857142857,-0.642857142857142,-0.628571428571428,-0.614285714285714,
-0.6,-0.585714285714286,-0.571428571428571,-0.557142857142857,-0.542857142857143,
-0.528571428571429,-0.514285714285714,-0.5,-0.485714285714286,-0.471428571428572,
-0.457142857142857,-0.442857142857143,-0.428571428571429,-0.414285714285714,
-0.4,-0.385714285714286,-0.371428571428571,-0.357142857142857,-0.342857142857143,
-0.328571428571429,-0.314285714285714,-0.3,-0.285714285714286,-0.271428571428571,
-0.257142857142857,-0.242857142857143,-0.228571428571429,-0.214285714285714,
-0.2,-0.185714285714286,-0.171428571428571,-0.157142857142857,-0.142857142857143,
-0.128571428571429,-0.114285714285714,-0.1,-0.0857142857142857,-0.0714285714285714,
-0.0571428571428571,-0.0428571428571429,-0.0285714285714286,-0.0142857142857143,
0.),.UNSPECIFIED.)
CURVE()
GEOMETRIC_REPRESENTATION_ITEM()
RATIONAL_B_SPLINE_CURVE((1.,1.,1.,1.,1.,1.,1.,1.,1.,1.,1.,1.,1.,1.,1.,1.,
1.,1.,1.,1.,1.,1.,1.,1.,1.,1.,1.,1.,1.,1.,1.,1.,1.,1.,1.,1.,1.,1.,1.,1.,
1.,1.,1.,1.,1.,1.,1.,1.,1.,1.,1.,1.,1.,1.,1.,1.,1.,1.,1.,1.,1.,1.,1.,1.,
1.,1.,1.,1.,1.,1.,1.,1.,1.,1.,1.))
REPRESENTATION_ITEM('')
);
#22=(
BOUNDED_CURVE()
B_SPLINE_CURVE(5,(#4748,#4749,#4750,#4751,#4752,#4753,#4754,#4755,#4756,
#4757,#4758,#4759,#4760,#4761,#4762,#4763,#4764,#4765,#4766,#4767,#4768,
#4769,#4770,#4771,#4772,#4773,#4774,#4775,#4776,#4777,#4778,#4779,#4780,
#4781,#4782,#4783,#4784,#4785,#4786,#4787,#4788,#4789,#4790,#4791,#4792,
#4793,#4794,#4795,#4796,#4797,#4798,#4799,#4800,#4801,#4802,#4803,#4804,
#4805,#4806,#4807,#4808,#4809,#4810,#4811,#4812,#4813,#4814,#4815,#4816,
#4817,#4818,#4819,#4820,#4821,#4822),.UNSPECIFIED.,.F.,.F.)
B_SPLINE_CURVE_WITH_KNOTS((6,1,1,1,1,1,1,1,1,1,1,1,1,1,1,1,1,1,1,1,1,1,
1,1,1,1,1,1,1,1,1,1,1,1,1,1,1,1,1,1,1,1,1,1,1,1,1,1,1,1,1,1,1,1,1,1,1,1,
1,1,1,1,1,1,1,1,1,1,1,1,6),(0.,0.0142857142857143,0.0285714285714286,0.0428571428571429,
0.0571428571428571,0.0714285714285714,0.0857142857142857,0.1,0.114285714285714,
0.128571428571429,0.142857142857143,0.157142857142857,0.171428571428571,
0.185714285714286,0.2,0.214285714285714,0.228571428571429,0.242857142857143,
0.257142857142857,0.271428571428571,0.285714285714286,0.3,0.314285714285714,
0.328571428571429,0.342857142857143,0.357142857142857,0.371428571428571,
0.385714285714286,0.4,0.414285714285714,0.428571428571429,0.442857142857143,
0.457142857142857,0.471428571428572,0.485714285714286,0.5,0.514285714285714,
0.528571428571429,0.542857142857143,0.557142857142857,0.571428571428571,
0.585714285714286,0.6,0.614285714285714,0.628571428571428,0.642857142857142,
0.657142857142857,0.671428571428571,0.685714285714285,0.699999999999999,
0.714285714285714,0.728571428571428,0.742857142857142,0.757142857142856,
0.771428571428571,0.785714285714285,0.799999999999999,0.814285714285713,
0.828571428571428,0.842857142857142,0.857142857142856,0.87142857142857,
0.885714285714284,0.899999999999999,0.914285714285713,0.928571428571427,
0.942857142857141,0.957142857142856,0.97142857142857,0.985714285714284,
1.),.UNSPECIFIED.)
CURVE()
GEOMETRIC_REPRESENTATION_ITEM()
RATIONAL_B_SPLINE_CURVE((1.,1.,1.,1.,1.,1.,1.,1.,1.,1.,1.,1.,1.,1.,1.,1.,
1.,1.,1.,1.,1.,1.,1.,1.,1.,1.,1.,1.,1.,1.,1.,1.,1.,1.,1.,1.,1.,1.,1.,1.,
1.,1.,1.,1.,1.,1.,1.,1.,1.,1.,1.,1.,1.,1.,1.,1.,1.,1.,1.,1.,1.,1.,1.,1.,
1.,1.,1.,1.,1.,1.,1.,1.,1.,1.,1.))
REPRESENTATION_ITEM('')
);
#23=(
BOUNDED_CURVE()
B_SPLINE_CURVE(5,(#4979,#4980,#4981,#4982,#4983,#4984,#4985,#4986,#4987,
#4988,#4989,#4990,#4991,#4992,#4993,#4994,#4995,#4996,#4997,#4998,#4999,
#5000,#5001,#5002,#5003,#5004,#5005,#5006,#5007,#5008,#5009,#5010,#5011,
#5012,#5013,#5014,#5015,#5016,#5017,#5018,#5019,#5020,#5021,#5022,#5023,
#5024,#5025,#5026,#5027,#5028,#5029,#5030,#5031,#5032,#5033,#5034,#5035,
#5036,#5037,#5038,#5039,#5040,#5041,#5042,#5043,#5044,#5045,#5046,#5047,
#5048,#5049,#5050,#5051,#5052,#5053),.UNSPECIFIED.,.F.,.F.)
B_SPLINE_CURVE_WITH_KNOTS((6,1,1,1,1,1,1,1,1,1,1,1,1,1,1,1,1,1,1,1,1,1,
1,1,1,1,1,1,1,1,1,1,1,1,1,1,1,1,1,1,1,1,1,1,1,1,1,1,1,1,1,1,1,1,1,1,1,1,
1,1,1,1,1,1,1,1,1,1,1,1,6),(-1.,-0.985714285714284,-0.97142857142857,-0.957142857142856,
-0.942857142857141,-0.928571428571427,-0.914285714285713,-0.899999999999999,
-0.885714285714284,-0.87142857142857,-0.857142857142856,-0.842857142857142,
-0.828571428571428,-0.814285714285713,-0.799999999999999,-0.785714285714285,
-0.771428571428571,-0.757142857142856,-0.742857142857142,-0.728571428571428,
-0.714285714285714,-0.699999999999999,-0.685714285714285,-0.671428571428571,
-0.657142857142857,-0.642857142857142,-0.628571428571428,-0.614285714285714,
-0.6,-0.585714285714286,-0.571428571428571,-0.557142857142857,-0.542857142857143,
-0.528571428571429,-0.514285714285714,-0.5,-0.485714285714286,-0.471428571428572,
-0.457142857142857,-0.442857142857143,-0.428571428571429,-0.414285714285714,
-0.4,-0.385714285714286,-0.371428571428571,-0.357142857142857,-0.342857142857143,
-0.328571428571429,-0.314285714285714,-0.3,-0.285714285714286,-0.271428571428571,
-0.257142857142857,-0.242857142857143,-0.228571428571429,-0.214285714285714,
-0.2,-0.185714285714286,-0.171428571428571,-0.157142857142857,-0.142857142857143,
-0.128571428571429,-0.114285714285714,-0.1,-0.0857142857142857,-0.0714285714285714,
-0.0571428571428571,-0.0428571428571429,-0.0285714285714286,-0.0142857142857143,
0.),.UNSPECIFIED.)
CURVE()
GEOMETRIC_REPRESENTATION_ITEM()
RATIONAL_B_SPLINE_CURVE((1.,1.,1.,1.,1.,1.,1.,1.,1.,1.,1.,1.,1.,1.,1.,1.,
1.,1.,1.,1.,1.,1.,1.,1.,1.,1.,1.,1.,1.,1.,1.,1.,1.,1.,1.,1.,1.,1.,1.,1.,
1.,1.,1.,1.,1.,1.,1.,1.,1.,1.,1.,1.,1.,1.,1.,1.,1.,1.,1.,1.,1.,1.,1.,1.,
1.,1.,1.,1.,1.,1.,1.,1.,1.,1.,1.))
REPRESENTATION_ITEM('')
);
#24=(
BOUNDED_CURVE()
B_SPLINE_CURVE(5,(#5283,#5284,#5285,#5286,#5287,#5288,#5289,#5290,#5291,
#5292,#5293,#5294,#5295,#5296,#5297,#5298,#5299,#5300,#5301,#5302,#5303,
#5304,#5305,#5306,#5307,#5308,#5309,#5310,#5311,#5312,#5313,#5314,#5315,
#5316,#5317,#5318,#5319,#5320,#5321,#5322,#5323,#5324,#5325,#5326,#5327,
#5328,#5329,#5330,#5331,#5332,#5333,#5334,#5335,#5336,#5337,#5338,#5339,
#5340,#5341,#5342,#5343,#5344,#5345,#5346,#5347,#5348,#5349,#5350,#5351,
#5352,#5353,#5354,#5355,#5356,#5357),.UNSPECIFIED.,.F.,.F.)
B_SPLINE_CURVE_WITH_KNOTS((6,1,1,1,1,1,1,1,1,1,1,1,1,1,1,1,1,1,1,1,1,1,
1,1,1,1,1,1,1,1,1,1,1,1,1,1,1,1,1,1,1,1,1,1,1,1,1,1,1,1,1,1,1,1,1,1,1,1,
1,1,1,1,1,1,1,1,1,1,1,1,6),(-1.,-0.985714285714284,-0.97142857142857,-0.957142857142856,
-0.942857142857141,-0.928571428571427,-0.914285714285713,-0.899999999999999,
-0.885714285714284,-0.87142857142857,-0.857142857142856,-0.842857142857142,
-0.828571428571428,-0.814285714285713,-0.799999999999999,-0.785714285714285,
-0.771428571428571,-0.757142857142856,-0.742857142857142,-0.728571428571428,
-0.714285714285714,-0.699999999999999,-0.685714285714285,-0.671428571428571,
-0.657142857142857,-0.642857142857142,-0.628571428571428,-0.614285714285714,
-0.6,-0.585714285714286,-0.571428571428571,-0.557142857142857,-0.542857142857143,
-0.528571428571429,-0.514285714285714,-0.5,-0.485714285714286,-0.471428571428572,
-0.457142857142857,-0.442857142857143,-0.428571428571429,-0.414285714285714,
-0.4,-0.385714285714286,-0.371428571428571,-0.357142857142857,-0.342857142857143,
-0.328571428571429,-0.314285714285714,-0.3,-0.285714285714286,-0.271428571428571,
-0.257142857142857,-0.242857142857143,-0.228571428571429,-0.214285714285714,
-0.2,-0.185714285714286,-0.171428571428571,-0.157142857142857,-0.142857142857143,
-0.128571428571429,-0.114285714285714,-0.1,-0.0857142857142857,-0.0714285714285714,
-0.0571428571428571,-0.0428571428571429,-0.0285714285714286,-0.0142857142857143,
0.),.UNSPECIFIED.)
CURVE()
GEOMETRIC_REPRESENTATION_ITEM()
RATIONAL_B_SPLINE_CURVE((1.,1.,1.,1.,1.,1.,1.,1.,1.,1.,1.,1.,1.,1.,1.,1.,
1.,1.,1.,1.,1.,1.,1.,1.,1.,1.,1.,1.,1.,1.,1.,1.,1.,1.,1.,1.,1.,1.,1.,1.,
1.,1.,1.,1.,1.,1.,1.,1.,1.,1.,1.,1.,1.,1.,1.,1.,1.,1.,1.,1.,1.,1.,1.,1.,
1.,1.,1.,1.,1.,1.,1.,1.,1.,1.,1.))
REPRESENTATION_ITEM('')
);
#25=(
BOUNDED_CURVE()
B_SPLINE_CURVE(5,(#5513,#5514,#5515,#5516,#5517,#5518,#5519,#5520,#5521,
#5522,#5523,#5524,#5525,#5526,#5527,#5528,#5529,#5530,#5531,#5532,#5533,
#5534,#5535,#5536,#5537,#5538,#5539,#5540,#5541,#5542,#5543,#5544,#5545,
#5546,#5547,#5548,#5549,#5550,#5551,#5552,#5553,#5554,#5555,#5556,#5557,
#5558,#5559,#5560,#5561,#5562,#5563,#5564,#5565,#5566,#5567,#5568,#5569,
#5570,#5571,#5572,#5573,#5574,#5575,#5576,#5577,#5578,#5579,#5580,#5581,
#5582,#5583,#5584,#5585,#5586,#5587),.UNSPECIFIED.,.F.,.F.)
B_SPLINE_CURVE_WITH_KNOTS((6,1,1,1,1,1,1,1,1,1,1,1,1,1,1,1,1,1,1,1,1,1,
1,1,1,1,1,1,1,1,1,1,1,1,1,1,1,1,1,1,1,1,1,1,1,1,1,1,1,1,1,1,1,1,1,1,1,1,
1,1,1,1,1,1,1,1,1,1,1,1,6),(0.,0.0142857142857143,0.0285714285714286,0.0428571428571429,
0.0571428571428571,0.0714285714285714,0.0857142857142857,0.1,0.114285714285714,
0.128571428571429,0.142857142857143,0.157142857142857,0.171428571428571,
0.185714285714286,0.2,0.214285714285714,0.228571428571429,0.242857142857143,
0.257142857142857,0.271428571428571,0.285714285714286,0.3,0.314285714285714,
0.328571428571429,0.342857142857143,0.357142857142857,0.371428571428571,
0.385714285714286,0.4,0.414285714285714,0.428571428571429,0.442857142857143,
0.457142857142857,0.471428571428572,0.485714285714286,0.5,0.514285714285714,
0.528571428571429,0.542857142857143,0.557142857142857,0.571428571428571,
0.585714285714286,0.6,0.614285714285714,0.628571428571428,0.642857142857142,
0.657142857142857,0.671428571428571,0.685714285714285,0.699999999999999,
0.714285714285714,0.728571428571428,0.742857142857142,0.757142857142856,
0.771428571428571,0.785714285714285,0.799999999999999,0.814285714285713,
0.828571428571428,0.842857142857142,0.857142857142856,0.87142857142857,
0.885714285714284,0.899999999999999,0.914285714285713,0.928571428571427,
0.942857142857141,0.957142857142856,0.97142857142857,0.985714285714284,
1.),.UNSPECIFIED.)
CURVE()
GEOMETRIC_REPRESENTATION_ITEM()
RATIONAL_B_SPLINE_CURVE((1.,1.,1.,1.,1.,1.,1.,1.,1.,1.,1.,1.,1.,1.,1.,1.,
1.,1.,1.,1.,1.,1.,1.,1.,1.,1.,1.,1.,1.,1.,1.,1.,1.,1.,1.,1.,1.,1.,1.,1.,
1.,1.,1.,1.,1.,1.,1.,1.,1.,1.,1.,1.,1.,1.,1.,1.,1.,1.,1.,1.,1.,1.,1.,1.,
1.,1.,1.,1.,1.,1.,1.,1.,1.,1.,1.))
REPRESENTATION_ITEM('')
);
#26=(
BOUNDED_CURVE()
B_SPLINE_CURVE(5,(#5738,#5739,#5740,#5741,#5742,#5743,#5744,#5745,#5746,
#5747,#5748,#5749,#5750,#5751,#5752,#5753,#5754,#5755,#5756,#5757,#5758,
#5759,#5760,#5761,#5762,#5763,#5764,#5765,#5766,#5767,#5768,#5769,#5770,
#5771,#5772,#5773,#5774,#5775,#5776,#5777,#5778,#5779,#5780,#5781,#5782,
#5783,#5784,#5785,#5786,#5787,#5788,#5789,#5790,#5791,#5792,#5793,#5794,
#5795,#5796,#5797,#5798,#5799,#5800,#5801,#5802,#5803,#5804,#5805,#5806,
#5807,#5808,#5809,#5810,#5811,#5812),.UNSPECIFIED.,.F.,.F.)
B_SPLINE_CURVE_WITH_KNOTS((6,1,1,1,1,1,1,1,1,1,1,1,1,1,1,1,1,1,1,1,1,1,
1,1,1,1,1,1,1,1,1,1,1,1,1,1,1,1,1,1,1,1,1,1,1,1,1,1,1,1,1,1,1,1,1,1,1,1,
1,1,1,1,1,1,1,1,1,1,1,1,6),(0.,0.0142857142857143,0.0285714285714286,0.0428571428571429,
0.0571428571428571,0.0714285714285714,0.0857142857142857,0.1,0.114285714285714,
0.128571428571429,0.142857142857143,0.157142857142857,0.171428571428571,
0.185714285714286,0.2,0.214285714285714,0.228571428571429,0.242857142857143,
0.257142857142857,0.271428571428571,0.285714285714286,0.3,0.314285714285714,
0.328571428571429,0.342857142857143,0.357142857142857,0.371428571428571,
0.385714285714286,0.4,0.414285714285714,0.428571428571429,0.442857142857143,
0.457142857142857,0.471428571428572,0.485714285714286,0.5,0.514285714285714,
0.528571428571429,0.542857142857143,0.557142857142857,0.571428571428571,
0.585714285714286,0.6,0.614285714285714,0.628571428571428,0.642857142857142,
0.657142857142857,0.671428571428571,0.685714285714285,0.699999999999999,
0.714285714285714,0.728571428571428,0.742857142857142,0.757142857142856,
0.771428571428571,0.785714285714285,0.799999999999999,0.814285714285713,
0.828571428571428,0.842857142857142,0.857142857142856,0.87142857142857,
0.885714285714284,0.899999999999999,0.914285714285713,0.928571428571427,
0.942857142857141,0.957142857142856,0.97142857142857,0.985714285714284,
1.),.UNSPECIFIED.)
CURVE()
GEOMETRIC_REPRESENTATION_ITEM()
RATIONAL_B_SPLINE_CURVE((1.,1.,1.,1.,1.,1.,1.,1.,1.,1.,1.,1.,1.,1.,1.,1.,
1.,1.,1.,1.,1.,1.,1.,1.,1.,1.,1.,1.,1.,1.,1.,1.,1.,1.,1.,1.,1.,1.,1.,1.,
1.,1.,1.,1.,1.,1.,1.,1.,1.,1.,1.,1.,1.,1.,1.,1.,1.,1.,1.,1.,1.,1.,1.,1.,
1.,1.,1.,1.,1.,1.,1.,1.,1.,1.,1.))
REPRESENTATION_ITEM('')
);
#27=(
BOUNDED_CURVE()
B_SPLINE_CURVE(5,(#5964,#5965,#5966,#5967,#5968,#5969,#5970,#5971,#5972,
#5973,#5974,#5975,#5976,#5977,#5978,#5979,#5980,#5981,#5982,#5983,#5984,
#5985,#5986,#5987,#5988,#5989,#5990,#5991,#5992,#5993,#5994,#5995,#5996,
#5997,#5998,#5999,#6000,#6001,#6002,#6003,#6004,#6005,#6006,#6007,#6008,
#6009,#6010,#6011,#6012,#6013,#6014,#6015,#6016,#6017,#6018,#6019,#6020,
#6021,#6022,#6023,#6024,#6025,#6026,#6027,#6028,#6029,#6030,#6031,#6032,
#6033,#6034,#6035,#6036,#6037,#6038),.UNSPECIFIED.,.F.,.F.)
B_SPLINE_CURVE_WITH_KNOTS((6,1,1,1,1,1,1,1,1,1,1,1,1,1,1,1,1,1,1,1,1,1,
1,1,1,1,1,1,1,1,1,1,1,1,1,1,1,1,1,1,1,1,1,1,1,1,1,1,1,1,1,1,1,1,1,1,1,1,
1,1,1,1,1,1,1,1,1,1,1,1,6),(-1.,-0.985714285714284,-0.97142857142857,-0.957142857142856,
-0.942857142857141,-0.928571428571427,-0.914285714285713,-0.899999999999999,
-0.885714285714284,-0.87142857142857,-0.857142857142856,-0.842857142857142,
-0.828571428571428,-0.814285714285713,-0.799999999999999,-0.785714285714285,
-0.771428571428571,-0.757142857142856,-0.742857142857142,-0.728571428571428,
-0.714285714285714,-0.699999999999999,-0.685714285714285,-0.671428571428571,
-0.657142857142857,-0.642857142857142,-0.628571428571428,-0.614285714285714,
-0.6,-0.585714285714286,-0.571428571428571,-0.557142857142857,-0.542857142857143,
-0.528571428571429,-0.514285714285714,-0.5,-0.485714285714286,-0.471428571428572,
-0.457142857142857,-0.442857142857143,-0.428571428571429,-0.414285714285714,
-0.4,-0.385714285714286,-0.371428571428571,-0.357142857142857,-0.342857142857143,
-0.328571428571429,-0.314285714285714,-0.3,-0.285714285714286,-0.271428571428571,
-0.257142857142857,-0.242857142857143,-0.228571428571429,-0.214285714285714,
-0.2,-0.185714285714286,-0.171428571428571,-0.157142857142857,-0.142857142857143,
-0.128571428571429,-0.114285714285714,-0.1,-0.0857142857142857,-0.0714285714285714,
-0.0571428571428571,-0.0428571428571429,-0.0285714285714286,-0.0142857142857143,
0.),.UNSPECIFIED.)
CURVE()
GEOMETRIC_REPRESENTATION_ITEM()
RATIONAL_B_SPLINE_CURVE((1.,1.,1.,1.,1.,1.,1.,1.,1.,1.,1.,1.,1.,1.,1.,1.,
1.,1.,1.,1.,1.,1.,1.,1.,1.,1.,1.,1.,1.,1.,1.,1.,1.,1.,1.,1.,1.,1.,1.,1.,
1.,1.,1.,1.,1.,1.,1.,1.,1.,1.,1.,1.,1.,1.,1.,1.,1.,1.,1.,1.,1.,1.,1.,1.,
1.,1.,1.,1.,1.,1.,1.,1.,1.,1.,1.))
REPRESENTATION_ITEM('')
);
#28=(
BOUNDED_CURVE()
B_SPLINE_CURVE(5,(#6194,#6195,#6196,#6197,#6198,#6199,#6200,#6201,#6202,
#6203,#6204,#6205,#6206,#6207,#6208,#6209,#6210,#6211,#6212,#6213,#6214,
#6215,#6216,#6217,#6218,#6219,#6220,#6221,#6222,#6223,#6224,#6225,#6226,
#6227,#6228,#6229,#6230,#6231,#6232,#6233,#6234,#6235,#6236,#6237,#6238,
#6239,#6240,#6241,#6242,#6243,#6244,#6245,#6246,#6247,#6248,#6249,#6250,
#6251,#6252,#6253,#6254,#6255,#6256,#6257,#6258,#6259,#6260,#6261,#6262,
#6263,#6264,#6265,#6266,#6267,#6268),.UNSPECIFIED.,.F.,.F.)
B_SPLINE_CURVE_WITH_KNOTS((6,1,1,1,1,1,1,1,1,1,1,1,1,1,1,1,1,1,1,1,1,1,
1,1,1,1,1,1,1,1,1,1,1,1,1,1,1,1,1,1,1,1,1,1,1,1,1,1,1,1,1,1,1,1,1,1,1,1,
1,1,1,1,1,1,1,1,1,1,1,1,6),(0.,0.0142857142857143,0.0285714285714286,0.0428571428571429,
0.0571428571428571,0.0714285714285714,0.0857142857142857,0.1,0.114285714285714,
0.128571428571429,0.142857142857143,0.157142857142857,0.171428571428571,
0.185714285714286,0.2,0.214285714285714,0.228571428571429,0.242857142857143,
0.257142857142857,0.271428571428571,0.285714285714286,0.3,0.314285714285714,
0.328571428571429,0.342857142857143,0.357142857142857,0.371428571428571,
0.385714285714286,0.4,0.414285714285714,0.428571428571429,0.442857142857143,
0.457142857142857,0.471428571428572,0.485714285714286,0.5,0.514285714285714,
0.528571428571429,0.542857142857143,0.557142857142857,0.571428571428571,
0.585714285714286,0.6,0.614285714285714,0.628571428571428,0.642857142857142,
0.657142857142857,0.671428571428571,0.685714285714285,0.699999999999999,
0.714285714285714,0.728571428571428,0.742857142857142,0.757142857142856,
0.771428571428571,0.785714285714285,0.799999999999999,0.814285714285713,
0.828571428571428,0.842857142857142,0.857142857142856,0.87142857142857,
0.885714285714284,0.899999999999999,0.914285714285713,0.928571428571427,
0.942857142857141,0.957142857142856,0.97142857142857,0.985714285714284,
1.),.UNSPECIFIED.)
CURVE()
GEOMETRIC_REPRESENTATION_ITEM()
RATIONAL_B_SPLINE_CURVE((1.,1.,1.,1.,1.,1.,1.,1.,1.,1.,1.,1.,1.,1.,1.,1.,
1.,1.,1.,1.,1.,1.,1.,1.,1.,1.,1.,1.,1.,1.,1.,1.,1.,1.,1.,1.,1.,1.,1.,1.,
1.,1.,1.,1.,1.,1.,1.,1.,1.,1.,1.,1.,1.,1.,1.,1.,1.,1.,1.,1.,1.,1.,1.,1.,
1.,1.,1.,1.,1.,1.,1.,1.,1.,1.,1.))
REPRESENTATION_ITEM('')
);
#29=(
BOUNDED_CURVE()
B_SPLINE_CURVE(5,(#6420,#6421,#6422,#6423,#6424,#6425,#6426,#6427,#6428,
#6429,#6430,#6431,#6432,#6433,#6434,#6435,#6436,#6437,#6438,#6439,#6440,
#6441,#6442,#6443,#6444,#6445,#6446,#6447,#6448,#6449,#6450,#6451,#6452,
#6453,#6454,#6455,#6456,#6457,#6458,#6459,#6460,#6461,#6462,#6463,#6464,
#6465,#6466,#6467,#6468,#6469,#6470,#6471,#6472,#6473,#6474,#6475,#6476,
#6477,#6478,#6479,#6480,#6481,#6482,#6483,#6484,#6485,#6486,#6487,#6488,
#6489,#6490,#6491,#6492,#6493,#6494),.UNSPECIFIED.,.F.,.F.)
B_SPLINE_CURVE_WITH_KNOTS((6,1,1,1,1,1,1,1,1,1,1,1,1,1,1,1,1,1,1,1,1,1,
1,1,1,1,1,1,1,1,1,1,1,1,1,1,1,1,1,1,1,1,1,1,1,1,1,1,1,1,1,1,1,1,1,1,1,1,
1,1,1,1,1,1,1,1,1,1,1,1,6),(-1.,-0.985714285714284,-0.97142857142857,-0.957142857142856,
-0.942857142857141,-0.928571428571427,-0.914285714285713,-0.899999999999999,
-0.885714285714284,-0.87142857142857,-0.857142857142856,-0.842857142857142,
-0.828571428571428,-0.814285714285713,-0.799999999999999,-0.785714285714285,
-0.771428571428571,-0.757142857142856,-0.742857142857142,-0.728571428571428,
-0.714285714285714,-0.699999999999999,-0.685714285714285,-0.671428571428571,
-0.657142857142857,-0.642857142857142,-0.628571428571428,-0.614285714285714,
-0.6,-0.585714285714286,-0.571428571428571,-0.557142857142857,-0.542857142857143,
-0.528571428571429,-0.514285714285714,-0.5,-0.485714285714286,-0.471428571428572,
-0.457142857142857,-0.442857142857143,-0.428571428571429,-0.414285714285714,
-0.4,-0.385714285714286,-0.371428571428571,-0.357142857142857,-0.342857142857143,
-0.328571428571429,-0.314285714285714,-0.3,-0.285714285714286,-0.271428571428571,
-0.257142857142857,-0.242857142857143,-0.228571428571429,-0.214285714285714,
-0.2,-0.185714285714286,-0.171428571428571,-0.157142857142857,-0.142857142857143,
-0.128571428571429,-0.114285714285714,-0.1,-0.0857142857142857,-0.0714285714285714,
-0.0571428571428571,-0.0428571428571429,-0.0285714285714286,-0.0142857142857143,
0.),.UNSPECIFIED.)
CURVE()
GEOMETRIC_REPRESENTATION_ITEM()
RATIONAL_B_SPLINE_CURVE((1.,1.,1.,1.,1.,1.,1.,1.,1.,1.,1.,1.,1.,1.,1.,1.,
1.,1.,1.,1.,1.,1.,1.,1.,1.,1.,1.,1.,1.,1.,1.,1.,1.,1.,1.,1.,1.,1.,1.,1.,
1.,1.,1.,1.,1.,1.,1.,1.,1.,1.,1.,1.,1.,1.,1.,1.,1.,1.,1.,1.,1.,1.,1.,1.,
1.,1.,1.,1.,1.,1.,1.,1.,1.,1.,1.))
REPRESENTATION_ITEM('')
);
#30=(
BOUNDED_CURVE()
B_SPLINE_CURVE(5,(#6650,#6651,#6652,#6653,#6654,#6655,#6656,#6657,#6658,
#6659,#6660,#6661,#6662,#6663,#6664,#6665,#6666,#6667,#6668,#6669,#6670,
#6671,#6672,#6673,#6674,#6675,#6676,#6677,#6678,#6679,#6680,#6681,#6682,
#6683,#6684,#6685,#6686,#6687,#6688,#6689,#6690,#6691,#6692,#6693,#6694,
#6695,#6696,#6697,#6698,#6699,#6700,#6701,#6702,#6703,#6704,#6705,#6706,
#6707,#6708,#6709,#6710,#6711,#6712,#6713,#6714,#6715,#6716,#6717,#6718,
#6719,#6720,#6721,#6722,#6723,#6724),.UNSPECIFIED.,.F.,.F.)
B_SPLINE_CURVE_WITH_KNOTS((6,1,1,1,1,1,1,1,1,1,1,1,1,1,1,1,1,1,1,1,1,1,
1,1,1,1,1,1,1,1,1,1,1,1,1,1,1,1,1,1,1,1,1,1,1,1,1,1,1,1,1,1,1,1,1,1,1,1,
1,1,1,1,1,1,1,1,1,1,1,1,6),(0.,0.0142857142857143,0.0285714285714286,0.0428571428571429,
0.0571428571428571,0.0714285714285714,0.0857142857142857,0.1,0.114285714285714,
0.128571428571429,0.142857142857143,0.157142857142857,0.171428571428571,
0.185714285714286,0.2,0.214285714285714,0.228571428571429,0.242857142857143,
0.257142857142857,0.271428571428571,0.285714285714286,0.3,0.314285714285714,
0.328571428571429,0.342857142857143,0.357142857142857,0.371428571428571,
0.385714285714286,0.4,0.414285714285714,0.428571428571429,0.442857142857143,
0.457142857142857,0.471428571428572,0.485714285714286,0.5,0.514285714285714,
0.528571428571429,0.542857142857143,0.557142857142857,0.571428571428571,
0.585714285714286,0.6,0.614285714285714,0.628571428571428,0.642857142857142,
0.657142857142857,0.671428571428571,0.685714285714285,0.699999999999999,
0.714285714285714,0.728571428571428,0.742857142857142,0.757142857142856,
0.771428571428571,0.785714285714285,0.799999999999999,0.814285714285713,
0.828571428571428,0.842857142857142,0.857142857142856,0.87142857142857,
0.885714285714284,0.899999999999999,0.914285714285713,0.928571428571427,
0.942857142857141,0.957142857142856,0.97142857142857,0.985714285714284,
1.),.UNSPECIFIED.)
CURVE()
GEOMETRIC_REPRESENTATION_ITEM()
RATIONAL_B_SPLINE_CURVE((1.,1.,1.,1.,1.,1.,1.,1.,1.,1.,1.,1.,1.,1.,1.,1.,
1.,1.,1.,1.,1.,1.,1.,1.,1.,1.,1.,1.,1.,1.,1.,1.,1.,1.,1.,1.,1.,1.,1.,1.,
1.,1.,1.,1.,1.,1.,1.,1.,1.,1.,1.,1.,1.,1.,1.,1.,1.,1.,1.,1.,1.,1.,1.,1.,
1.,1.,1.,1.,1.,1.,1.,1.,1.,1.,1.))
REPRESENTATION_ITEM('')
);
#31=(
BOUNDED_CURVE()
B_SPLINE_CURVE(5,(#6904,#6905,#6906,#6907,#6908,#6909,#6910,#6911,#6912,
#6913,#6914,#6915,#6916,#6917,#6918,#6919,#6920,#6921,#6922,#6923,#6924,
#6925,#6926,#6927,#6928,#6929,#6930,#6931,#6932,#6933,#6934,#6935,#6936,
#6937,#6938,#6939,#6940,#6941,#6942,#6943,#6944,#6945,#6946,#6947,#6948,
#6949,#6950,#6951,#6952,#6953,#6954,#6955,#6956,#6957,#6958,#6959,#6960,
#6961,#6962,#6963,#6964,#6965,#6966,#6967,#6968,#6969,#6970,#6971,#6972,
#6973,#6974,#6975,#6976,#6977,#6978),.UNSPECIFIED.,.F.,.F.)
B_SPLINE_CURVE_WITH_KNOTS((6,1,1,1,1,1,1,1,1,1,1,1,1,1,1,1,1,1,1,1,1,1,
1,1,1,1,1,1,1,1,1,1,1,1,1,1,1,1,1,1,1,1,1,1,1,1,1,1,1,1,1,1,1,1,1,1,1,1,
1,1,1,1,1,1,1,1,1,1,1,1,6),(-1.,-0.985714285714284,-0.97142857142857,-0.957142857142856,
-0.942857142857141,-0.928571428571427,-0.914285714285713,-0.899999999999999,
-0.885714285714284,-0.87142857142857,-0.857142857142856,-0.842857142857142,
-0.828571428571428,-0.814285714285713,-0.799999999999999,-0.785714285714285,
-0.771428571428571,-0.757142857142856,-0.742857142857142,-0.728571428571428,
-0.714285714285714,-0.699999999999999,-0.685714285714285,-0.671428571428571,
-0.657142857142857,-0.642857142857142,-0.628571428571428,-0.614285714285714,
-0.6,-0.585714285714286,-0.571428571428571,-0.557142857142857,-0.542857142857143,
-0.528571428571429,-0.514285714285714,-0.5,-0.485714285714286,-0.471428571428572,
-0.457142857142857,-0.442857142857143,-0.428571428571429,-0.414285714285714,
-0.4,-0.385714285714286,-0.371428571428571,-0.357142857142857,-0.342857142857143,
-0.328571428571429,-0.314285714285714,-0.3,-0.285714285714286,-0.271428571428571,
-0.257142857142857,-0.242857142857143,-0.228571428571429,-0.214285714285714,
-0.2,-0.185714285714286,-0.171428571428571,-0.157142857142857,-0.142857142857143,
-0.128571428571429,-0.114285714285714,-0.1,-0.0857142857142857,-0.0714285714285714,
-0.0571428571428571,-0.0428571428571429,-0.0285714285714286,-0.0142857142857143,
0.),.UNSPECIFIED.)
CURVE()
GEOMETRIC_REPRESENTATION_ITEM()
RATIONAL_B_SPLINE_CURVE((1.,1.,1.,1.,1.,1.,1.,1.,1.,1.,1.,1.,1.,1.,1.,1.,
1.,1.,1.,1.,1.,1.,1.,1.,1.,1.,1.,1.,1.,1.,1.,1.,1.,1.,1.,1.,1.,1.,1.,1.,
1.,1.,1.,1.,1.,1.,1.,1.,1.,1.,1.,1.,1.,1.,1.,1.,1.,1.,1.,1.,1.,1.,1.,1.,
1.,1.,1.,1.,1.,1.,1.,1.,1.,1.,1.))
REPRESENTATION_ITEM('')
);
#32=(
BOUNDED_CURVE()
B_SPLINE_CURVE(5,(#7134,#7135,#7136,#7137,#7138,#7139,#7140,#7141,#7142,
#7143,#7144,#7145,#7146,#7147,#7148,#7149,#7150,#7151,#7152,#7153,#7154,
#7155,#7156,#7157,#7158,#7159,#7160,#7161,#7162,#7163,#7164,#7165,#7166,
#7167,#7168,#7169,#7170,#7171,#7172,#7173,#7174,#7175,#7176,#7177,#7178,
#7179,#7180,#7181,#7182,#7183,#7184,#7185,#7186,#7187,#7188,#7189,#7190,
#7191,#7192,#7193,#7194,#7195,#7196,#7197,#7198,#7199,#7200,#7201,#7202,
#7203,#7204,#7205,#7206,#7207,#7208),.UNSPECIFIED.,.F.,.F.)
B_SPLINE_CURVE_WITH_KNOTS((6,1,1,1,1,1,1,1,1,1,1,1,1,1,1,1,1,1,1,1,1,1,
1,1,1,1,1,1,1,1,1,1,1,1,1,1,1,1,1,1,1,1,1,1,1,1,1,1,1,1,1,1,1,1,1,1,1,1,
1,1,1,1,1,1,1,1,1,1,1,1,6),(0.,0.0142857142857143,0.0285714285714286,0.0428571428571429,
0.0571428571428571,0.0714285714285714,0.0857142857142857,0.1,0.114285714285714,
0.128571428571429,0.142857142857143,0.157142857142857,0.171428571428571,
0.185714285714286,0.2,0.214285714285714,0.228571428571429,0.242857142857143,
0.257142857142857,0.271428571428571,0.285714285714286,0.3,0.314285714285714,
0.328571428571429,0.342857142857143,0.357142857142857,0.371428571428571,
0.385714285714286,0.4,0.414285714285714,0.428571428571429,0.442857142857143,
0.457142857142857,0.471428571428572,0.485714285714286,0.5,0.514285714285714,
0.528571428571429,0.542857142857143,0.557142857142857,0.571428571428571,
0.585714285714286,0.6,0.614285714285714,0.628571428571428,0.642857142857142,
0.657142857142857,0.671428571428571,0.685714285714285,0.699999999999999,
0.714285714285714,0.728571428571428,0.742857142857142,0.757142857142856,
0.771428571428571,0.785714285714285,0.799999999999999,0.814285714285713,
0.828571428571428,0.842857142857142,0.857142857142856,0.87142857142857,
0.885714285714284,0.899999999999999,0.914285714285713,0.928571428571427,
0.942857142857141,0.957142857142856,0.97142857142857,0.985714285714284,
1.),.UNSPECIFIED.)
CURVE()
GEOMETRIC_REPRESENTATION_ITEM()
RATIONAL_B_SPLINE_CURVE((1.,1.,1.,1.,1.,1.,1.,1.,1.,1.,1.,1.,1.,1.,1.,1.,
1.,1.,1.,1.,1.,1.,1.,1.,1.,1.,1.,1.,1.,1.,1.,1.,1.,1.,1.,1.,1.,1.,1.,1.,
1.,1.,1.,1.,1.,1.,1.,1.,1.,1.,1.,1.,1.,1.,1.,1.,1.,1.,1.,1.,1.,1.,1.,1.,
1.,1.,1.,1.,1.,1.,1.,1.,1.,1.,1.))
REPRESENTATION_ITEM('')
);
#33=(
BOUNDED_SURFACE()
B_SPLINE_SURFACE(5,1,((#2915,#2916),(#2917,#2918),(#2919,#2920),(#2921,
#2922),(#2923,#2924),(#2925,#2926),(#2927,#2928),(#2929,#2930),(#2931,#2932),
(#2933,#2934),(#2935,#2936),(#2937,#2938),(#2939,#2940),(#2941,#2942),(#2943,
#2944),(#2945,#2946),(#2947,#2948),(#2949,#2950),(#2951,#2952),(#2953,#2954),
(#2955,#2956),(#2957,#2958),(#2959,#2960),(#2961,#2962),(#2963,#2964),(#2965,
#2966),(#2967,#2968),(#2969,#2970),(#2971,#2972),(#2973,#2974),(#2975,#2976),
(#2977,#2978),(#2979,#2980),(#2981,#2982),(#2983,#2984),(#2985,#2986),(#2987,
#2988),(#2989,#2990),(#2991,#2992),(#2993,#2994),(#2995,#2996),(#2997,#2998),
(#2999,#3000),(#3001,#3002),(#3003,#3004),(#3005,#3006),(#3007,#3008),(#3009,
#3010),(#3011,#3012),(#3013,#3014),(#3015,#3016),(#3017,#3018),(#3019,#3020),
(#3021,#3022),(#3023,#3024),(#3025,#3026),(#3027,#3028),(#3029,#3030),(#3031,
#3032),(#3033,#3034),(#3035,#3036),(#3037,#3038),(#3039,#3040),(#3041,#3042),
(#3043,#3044),(#3045,#3046),(#3047,#3048),(#3049,#3050),(#3051,#3052),(#3053,
#3054),(#3055,#3056),(#3057,#3058),(#3059,#3060),(#3061,#3062),(#3063,#3064)),
 .UNSPECIFIED.,.F.,.F.,.F.)
B_SPLINE_SURFACE_WITH_KNOTS((6,1,1,1,1,1,1,1,1,1,1,1,1,1,1,1,1,1,1,1,1,
1,1,1,1,1,1,1,1,1,1,1,1,1,1,1,1,1,1,1,1,1,1,1,1,1,1,1,1,1,1,1,1,1,1,1,1,
1,1,1,1,1,1,1,1,1,1,1,1,1,6),(2,2),(-1.,-0.985714285714284,-0.97142857142857,
-0.957142857142856,-0.942857142857141,-0.928571428571427,-0.914285714285713,
-0.899999999999999,-0.885714285714284,-0.87142857142857,-0.857142857142856,
-0.842857142857142,-0.828571428571428,-0.814285714285713,-0.799999999999999,
-0.785714285714285,-0.771428571428571,-0.757142857142856,-0.742857142857142,
-0.728571428571428,-0.714285714285714,-0.699999999999999,-0.685714285714285,
-0.671428571428571,-0.657142857142857,-0.642857142857142,-0.628571428571428,
-0.614285714285714,-0.6,-0.585714285714286,-0.571428571428571,-0.557142857142857,
-0.542857142857143,-0.528571428571429,-0.514285714285714,-0.5,-0.485714285714286,
-0.471428571428572,-0.457142857142857,-0.442857142857143,-0.428571428571429,
-0.414285714285714,-0.4,-0.385714285714286,-0.371428571428571,-0.357142857142857,
-0.342857142857143,-0.328571428571429,-0.314285714285714,-0.3,-0.285714285714286,
-0.271428571428571,-0.257142857142857,-0.242857142857143,-0.228571428571429,
-0.214285714285714,-0.2,-0.185714285714286,-0.171428571428571,-0.157142857142857,
-0.142857142857143,-0.128571428571429,-0.114285714285714,-0.1,-0.0857142857142857,
-0.0714285714285714,-0.0571428571428571,-0.0428571428571429,-0.0285714285714286,
-0.0142857142857143,0.),(0.,1.),.UNSPECIFIED.)
GEOMETRIC_REPRESENTATION_ITEM()
RATIONAL_B_SPLINE_SURFACE(((1.,1.),(1.,1.),(1.,1.),(1.,1.),(1.,1.),(1.,
1.),(1.,1.),(1.,1.),(1.,1.),(1.,1.),(1.,1.),(1.,1.),(1.,1.),(1.,1.),(1.,
1.),(1.,1.),(1.,1.),(1.,1.),(1.,1.),(1.,1.),(1.,1.),(1.,1.),(1.,1.),(1.,
1.),(1.,1.),(1.,1.),(1.,1.),(1.,1.),(1.,1.),(1.,1.),(1.,1.),(1.,1.),(1.,
1.),(1.,1.),(1.,1.),(1.,1.),(1.,1.),(1.,1.),(1.,1.),(1.,1.),(1.,1.),(1.,
1.),(1.,1.),(1.,1.),(1.,1.),(1.,1.),(1.,1.),(1.,1.),(1.,1.),(1.,1.),(1.,
1.),(1.,1.),(1.,1.),(1.,1.),(1.,1.),(1.,1.),(1.,1.),(1.,1.),(1.,1.),(1.,
1.),(1.,1.),(1.,1.),(1.,1.),(1.,1.),(1.,1.),(1.,1.),(1.,1.),(1.,1.),(1.,
1.),(1.,1.),(1.,1.),(1.,1.),(1.,1.),(1.,1.),(1.,1.)))
REPRESENTATION_ITEM('')
SURFACE()
);
#34=(
BOUNDED_SURFACE()
B_SPLINE_SURFACE(5,1,((#3162,#3163),(#3164,#3165),(#3166,#3167),(#3168,
#3169),(#3170,#3171),(#3172,#3173),(#3174,#3175),(#3176,#3177),(#3178,#3179),
(#3180,#3181),(#3182,#3183),(#3184,#3185),(#3186,#3187),(#3188,#3189),(#3190,
#3191),(#3192,#3193),(#3194,#3195),(#3196,#3197),(#3198,#3199),(#3200,#3201),
(#3202,#3203),(#3204,#3205),(#3206,#3207),(#3208,#3209),(#3210,#3211),(#3212,
#3213),(#3214,#3215),(#3216,#3217),(#3218,#3219),(#3220,#3221),(#3222,#3223),
(#3224,#3225),(#3226,#3227),(#3228,#3229),(#3230,#3231),(#3232,#3233),(#3234,
#3235),(#3236,#3237),(#3238,#3239),(#3240,#3241),(#3242,#3243),(#3244,#3245),
(#3246,#3247),(#3248,#3249),(#3250,#3251),(#3252,#3253),(#3254,#3255),(#3256,
#3257),(#3258,#3259),(#3260,#3261),(#3262,#3263),(#3264,#3265),(#3266,#3267),
(#3268,#3269),(#3270,#3271),(#3272,#3273),(#3274,#3275),(#3276,#3277),(#3278,
#3279),(#3280,#3281),(#3282,#3283),(#3284,#3285),(#3286,#3287),(#3288,#3289),
(#3290,#3291),(#3292,#3293),(#3294,#3295),(#3296,#3297),(#3298,#3299),(#3300,
#3301),(#3302,#3303),(#3304,#3305),(#3306,#3307),(#3308,#3309),(#3310,#3311)),
 .UNSPECIFIED.,.F.,.F.,.F.)
B_SPLINE_SURFACE_WITH_KNOTS((6,1,1,1,1,1,1,1,1,1,1,1,1,1,1,1,1,1,1,1,1,
1,1,1,1,1,1,1,1,1,1,1,1,1,1,1,1,1,1,1,1,1,1,1,1,1,1,1,1,1,1,1,1,1,1,1,1,
1,1,1,1,1,1,1,1,1,1,1,1,1,6),(2,2),(0.,0.0142857142857143,0.0285714285714286,
0.0428571428571429,0.0571428571428571,0.0714285714285714,0.0857142857142857,
0.1,0.114285714285714,0.128571428571429,0.142857142857143,0.157142857142857,
0.171428571428571,0.185714285714286,0.2,0.214285714285714,0.228571428571429,
0.242857142857143,0.257142857142857,0.271428571428571,0.285714285714286,
0.3,0.314285714285714,0.328571428571429,0.342857142857143,0.357142857142857,
0.371428571428571,0.385714285714286,0.4,0.414285714285714,0.428571428571429,
0.442857142857143,0.457142857142857,0.471428571428572,0.485714285714286,
0.5,0.514285714285714,0.528571428571429,0.542857142857143,0.557142857142857,
0.571428571428571,0.585714285714286,0.6,0.614285714285714,0.628571428571428,
0.642857142857142,0.657142857142857,0.671428571428571,0.685714285714285,
0.699999999999999,0.714285714285714,0.728571428571428,0.742857142857142,
0.757142857142856,0.771428571428571,0.785714285714285,0.799999999999999,
0.814285714285713,0.828571428571428,0.842857142857142,0.857142857142856,
0.87142857142857,0.885714285714284,0.899999999999999,0.914285714285713,
0.928571428571427,0.942857142857141,0.957142857142856,0.97142857142857,
0.985714285714284,1.),(0.,1.),.UNSPECIFIED.)
GEOMETRIC_REPRESENTATION_ITEM()
RATIONAL_B_SPLINE_SURFACE(((1.,1.),(1.,1.),(1.,1.),(1.,1.),(1.,1.),(1.,
1.),(1.,1.),(1.,1.),(1.,1.),(1.,1.),(1.,1.),(1.,1.),(1.,1.),(1.,1.),(1.,
1.),(1.,1.),(1.,1.),(1.,1.),(1.,1.),(1.,1.),(1.,1.),(1.,1.),(1.,1.),(1.,
1.),(1.,1.),(1.,1.),(1.,1.),(1.,1.),(1.,1.),(1.,1.),(1.,1.),(1.,1.),(1.,
1.),(1.,1.),(1.,1.),(1.,1.),(1.,1.),(1.,1.),(1.,1.),(1.,1.),(1.,1.),(1.,
1.),(1.,1.),(1.,1.),(1.,1.),(1.,1.),(1.,1.),(1.,1.),(1.,1.),(1.,1.),(1.,
1.),(1.,1.),(1.,1.),(1.,1.),(1.,1.),(1.,1.),(1.,1.),(1.,1.),(1.,1.),(1.,
1.),(1.,1.),(1.,1.),(1.,1.),(1.,1.),(1.,1.),(1.,1.),(1.,1.),(1.,1.),(1.,
1.),(1.,1.),(1.,1.),(1.,1.),(1.,1.),(1.,1.),(1.,1.)))
REPRESENTATION_ITEM('')
SURFACE()
);
#35=(
BOUNDED_SURFACE()
B_SPLINE_SURFACE(5,1,((#3393,#3394),(#3395,#3396),(#3397,#3398),(#3399,
#3400),(#3401,#3402),(#3403,#3404),(#3405,#3406),(#3407,#3408),(#3409,#3410),
(#3411,#3412),(#3413,#3414),(#3415,#3416),(#3417,#3418),(#3419,#3420),(#3421,
#3422),(#3423,#3424),(#3425,#3426),(#3427,#3428),(#3429,#3430),(#3431,#3432),
(#3433,#3434),(#3435,#3436),(#3437,#3438),(#3439,#3440),(#3441,#3442),(#3443,
#3444),(#3445,#3446),(#3447,#3448),(#3449,#3450),(#3451,#3452),(#3453,#3454),
(#3455,#3456),(#3457,#3458),(#3459,#3460),(#3461,#3462),(#3463,#3464),(#3465,
#3466),(#3467,#3468),(#3469,#3470),(#3471,#3472),(#3473,#3474),(#3475,#3476),
(#3477,#3478),(#3479,#3480),(#3481,#3482),(#3483,#3484),(#3485,#3486),(#3487,
#3488),(#3489,#3490),(#3491,#3492),(#3493,#3494),(#3495,#3496),(#3497,#3498),
(#3499,#3500),(#3501,#3502),(#3503,#3504),(#3505,#3506),(#3507,#3508),(#3509,
#3510),(#3511,#3512),(#3513,#3514),(#3515,#3516),(#3517,#3518),(#3519,#3520),
(#3521,#3522),(#3523,#3524),(#3525,#3526),(#3527,#3528),(#3529,#3530),(#3531,
#3532),(#3533,#3534),(#3535,#3536),(#3537,#3538),(#3539,#3540),(#3541,#3542)),
 .UNSPECIFIED.,.F.,.F.,.F.)
B_SPLINE_SURFACE_WITH_KNOTS((6,1,1,1,1,1,1,1,1,1,1,1,1,1,1,1,1,1,1,1,1,
1,1,1,1,1,1,1,1,1,1,1,1,1,1,1,1,1,1,1,1,1,1,1,1,1,1,1,1,1,1,1,1,1,1,1,1,
1,1,1,1,1,1,1,1,1,1,1,1,1,6),(2,2),(-1.,-0.985714285714284,-0.97142857142857,
-0.957142857142856,-0.942857142857141,-0.928571428571427,-0.914285714285713,
-0.899999999999999,-0.885714285714284,-0.87142857142857,-0.857142857142856,
-0.842857142857142,-0.828571428571428,-0.814285714285713,-0.799999999999999,
-0.785714285714285,-0.771428571428571,-0.757142857142856,-0.742857142857142,
-0.728571428571428,-0.714285714285714,-0.699999999999999,-0.685714285714285,
-0.671428571428571,-0.657142857142857,-0.642857142857142,-0.628571428571428,
-0.614285714285714,-0.6,-0.585714285714286,-0.571428571428571,-0.557142857142857,
-0.542857142857143,-0.528571428571429,-0.514285714285714,-0.5,-0.485714285714286,
-0.471428571428572,-0.457142857142857,-0.442857142857143,-0.428571428571429,
-0.414285714285714,-0.4,-0.385714285714286,-0.371428571428571,-0.357142857142857,
-0.342857142857143,-0.328571428571429,-0.314285714285714,-0.3,-0.285714285714286,
-0.271428571428571,-0.257142857142857,-0.242857142857143,-0.228571428571429,
-0.214285714285714,-0.2,-0.185714285714286,-0.171428571428571,-0.157142857142857,
-0.142857142857143,-0.128571428571429,-0.114285714285714,-0.1,-0.0857142857142857,
-0.0714285714285714,-0.0571428571428571,-0.0428571428571429,-0.0285714285714286,
-0.0142857142857143,0.),(0.,1.),.UNSPECIFIED.)
GEOMETRIC_REPRESENTATION_ITEM()
RATIONAL_B_SPLINE_SURFACE(((1.,1.),(1.,1.),(1.,1.),(1.,1.),(1.,1.),(1.,
1.),(1.,1.),(1.,1.),(1.,1.),(1.,1.),(1.,1.),(1.,1.),(1.,1.),(1.,1.),(1.,
1.),(1.,1.),(1.,1.),(1.,1.),(1.,1.),(1.,1.),(1.,1.),(1.,1.),(1.,1.),(1.,
1.),(1.,1.),(1.,1.),(1.,1.),(1.,1.),(1.,1.),(1.,1.),(1.,1.),(1.,1.),(1.,
1.),(1.,1.),(1.,1.),(1.,1.),(1.,1.),(1.,1.),(1.,1.),(1.,1.),(1.,1.),(1.,
1.),(1.,1.),(1.,1.),(1.,1.),(1.,1.),(1.,1.),(1.,1.),(1.,1.),(1.,1.),(1.,
1.),(1.,1.),(1.,1.),(1.,1.),(1.,1.),(1.,1.),(1.,1.),(1.,1.),(1.,1.),(1.,
1.),(1.,1.),(1.,1.),(1.,1.),(1.,1.),(1.,1.),(1.,1.),(1.,1.),(1.,1.),(1.,
1.),(1.,1.),(1.,1.),(1.,1.),(1.,1.),(1.,1.),(1.,1.)))
REPRESENTATION_ITEM('')
SURFACE()
);
#36=(
BOUNDED_SURFACE()
B_SPLINE_SURFACE(5,1,((#3640,#3641),(#3642,#3643),(#3644,#3645),(#3646,
#3647),(#3648,#3649),(#3650,#3651),(#3652,#3653),(#3654,#3655),(#3656,#3657),
(#3658,#3659),(#3660,#3661),(#3662,#3663),(#3664,#3665),(#3666,#3667),(#3668,
#3669),(#3670,#3671),(#3672,#3673),(#3674,#3675),(#3676,#3677),(#3678,#3679),
(#3680,#3681),(#3682,#3683),(#3684,#3685),(#3686,#3687),(#3688,#3689),(#3690,
#3691),(#3692,#3693),(#3694,#3695),(#3696,#3697),(#3698,#3699),(#3700,#3701),
(#3702,#3703),(#3704,#3705),(#3706,#3707),(#3708,#3709),(#3710,#3711),(#3712,
#3713),(#3714,#3715),(#3716,#3717),(#3718,#3719),(#3720,#3721),(#3722,#3723),
(#3724,#3725),(#3726,#3727),(#3728,#3729),(#3730,#3731),(#3732,#3733),(#3734,
#3735),(#3736,#3737),(#3738,#3739),(#3740,#3741),(#3742,#3743),(#3744,#3745),
(#3746,#3747),(#3748,#3749),(#3750,#3751),(#3752,#3753),(#3754,#3755),(#3756,
#3757),(#3758,#3759),(#3760,#3761),(#3762,#3763),(#3764,#3765),(#3766,#3767),
(#3768,#3769),(#3770,#3771),(#3772,#3773),(#3774,#3775),(#3776,#3777),(#3778,
#3779),(#3780,#3781),(#3782,#3783),(#3784,#3785),(#3786,#3787),(#3788,#3789)),
 .UNSPECIFIED.,.F.,.F.,.F.)
B_SPLINE_SURFACE_WITH_KNOTS((6,1,1,1,1,1,1,1,1,1,1,1,1,1,1,1,1,1,1,1,1,
1,1,1,1,1,1,1,1,1,1,1,1,1,1,1,1,1,1,1,1,1,1,1,1,1,1,1,1,1,1,1,1,1,1,1,1,
1,1,1,1,1,1,1,1,1,1,1,1,1,6),(2,2),(0.,0.0142857142857143,0.0285714285714286,
0.0428571428571429,0.0571428571428571,0.0714285714285714,0.0857142857142857,
0.1,0.114285714285714,0.128571428571429,0.142857142857143,0.157142857142857,
0.171428571428571,0.185714285714286,0.2,0.214285714285714,0.228571428571429,
0.242857142857143,0.257142857142857,0.271428571428571,0.285714285714286,
0.3,0.314285714285714,0.328571428571429,0.342857142857143,0.357142857142857,
0.371428571428571,0.385714285714286,0.4,0.414285714285714,0.428571428571429,
0.442857142857143,0.457142857142857,0.471428571428572,0.485714285714286,
0.5,0.514285714285714,0.528571428571429,0.542857142857143,0.557142857142857,
0.571428571428571,0.585714285714286,0.6,0.614285714285714,0.628571428571428,
0.642857142857142,0.657142857142857,0.671428571428571,0.685714285714285,
0.699999999999999,0.714285714285714,0.728571428571428,0.742857142857142,
0.757142857142856,0.771428571428571,0.785714285714285,0.799999999999999,
0.814285714285713,0.828571428571428,0.842857142857142,0.857142857142856,
0.87142857142857,0.885714285714284,0.899999999999999,0.914285714285713,
0.928571428571427,0.942857142857141,0.957142857142856,0.97142857142857,
0.985714285714284,1.),(0.,1.),.UNSPECIFIED.)
GEOMETRIC_REPRESENTATION_ITEM()
RATIONAL_B_SPLINE_SURFACE(((1.,1.),(1.,1.),(1.,1.),(1.,1.),(1.,1.),(1.,
1.),(1.,1.),(1.,1.),(1.,1.),(1.,1.),(1.,1.),(1.,1.),(1.,1.),(1.,1.),(1.,
1.),(1.,1.),(1.,1.),(1.,1.),(1.,1.),(1.,1.),(1.,1.),(1.,1.),(1.,1.),(1.,
1.),(1.,1.),(1.,1.),(1.,1.),(1.,1.),(1.,1.),(1.,1.),(1.,1.),(1.,1.),(1.,
1.),(1.,1.),(1.,1.),(1.,1.),(1.,1.),(1.,1.),(1.,1.),(1.,1.),(1.,1.),(1.,
1.),(1.,1.),(1.,1.),(1.,1.),(1.,1.),(1.,1.),(1.,1.),(1.,1.),(1.,1.),(1.,
1.),(1.,1.),(1.,1.),(1.,1.),(1.,1.),(1.,1.),(1.,1.),(1.,1.),(1.,1.),(1.,
1.),(1.,1.),(1.,1.),(1.,1.),(1.,1.),(1.,1.),(1.,1.),(1.,1.),(1.,1.),(1.,
1.),(1.,1.),(1.,1.),(1.,1.),(1.,1.),(1.,1.),(1.,1.)))
REPRESENTATION_ITEM('')
SURFACE()
);
#37=(
BOUNDED_SURFACE()
B_SPLINE_SURFACE(5,1,((#3871,#3872),(#3873,#3874),(#3875,#3876),(#3877,
#3878),(#3879,#3880),(#3881,#3882),(#3883,#3884),(#3885,#3886),(#3887,#3888),
(#3889,#3890),(#3891,#3892),(#3893,#3894),(#3895,#3896),(#3897,#3898),(#3899,
#3900),(#3901,#3902),(#3903,#3904),(#3905,#3906),(#3907,#3908),(#3909,#3910),
(#3911,#3912),(#3913,#3914),(#3915,#3916),(#3917,#3918),(#3919,#3920),(#3921,
#3922),(#3923,#3924),(#3925,#3926),(#3927,#3928),(#3929,#3930),(#3931,#3932),
(#3933,#3934),(#3935,#3936),(#3937,#3938),(#3939,#3940),(#3941,#3942),(#3943,
#3944),(#3945,#3946),(#3947,#3948),(#3949,#3950),(#3951,#3952),(#3953,#3954),
(#3955,#3956),(#3957,#3958),(#3959,#3960),(#3961,#3962),(#3963,#3964),(#3965,
#3966),(#3967,#3968),(#3969,#3970),(#3971,#3972),(#3973,#3974),(#3975,#3976),
(#3977,#3978),(#3979,#3980),(#3981,#3982),(#3983,#3984),(#3985,#3986),(#3987,
#3988),(#3989,#3990),(#3991,#3992),(#3993,#3994),(#3995,#3996),(#3997,#3998),
(#3999,#4000),(#4001,#4002),(#4003,#4004),(#4005,#4006),(#4007,#4008),(#4009,
#4010),(#4011,#4012),(#4013,#4014),(#4015,#4016),(#4017,#4018),(#4019,#4020)),
 .UNSPECIFIED.,.F.,.F.,.F.)
B_SPLINE_SURFACE_WITH_KNOTS((6,1,1,1,1,1,1,1,1,1,1,1,1,1,1,1,1,1,1,1,1,
1,1,1,1,1,1,1,1,1,1,1,1,1,1,1,1,1,1,1,1,1,1,1,1,1,1,1,1,1,1,1,1,1,1,1,1,
1,1,1,1,1,1,1,1,1,1,1,1,1,6),(2,2),(-1.,-0.985714285714284,-0.97142857142857,
-0.957142857142856,-0.942857142857141,-0.928571428571427,-0.914285714285713,
-0.899999999999999,-0.885714285714284,-0.87142857142857,-0.857142857142856,
-0.842857142857142,-0.828571428571428,-0.814285714285713,-0.799999999999999,
-0.785714285714285,-0.771428571428571,-0.757142857142856,-0.742857142857142,
-0.728571428571428,-0.714285714285714,-0.699999999999999,-0.685714285714285,
-0.671428571428571,-0.657142857142857,-0.642857142857142,-0.628571428571428,
-0.614285714285714,-0.6,-0.585714285714286,-0.571428571428571,-0.557142857142857,
-0.542857142857143,-0.528571428571429,-0.514285714285714,-0.5,-0.485714285714286,
-0.471428571428572,-0.457142857142857,-0.442857142857143,-0.428571428571429,
-0.414285714285714,-0.4,-0.385714285714286,-0.371428571428571,-0.357142857142857,
-0.342857142857143,-0.328571428571429,-0.314285714285714,-0.3,-0.285714285714286,
-0.271428571428571,-0.257142857142857,-0.242857142857143,-0.228571428571429,
-0.214285714285714,-0.2,-0.185714285714286,-0.171428571428571,-0.157142857142857,
-0.142857142857143,-0.128571428571429,-0.114285714285714,-0.1,-0.0857142857142857,
-0.0714285714285714,-0.0571428571428571,-0.0428571428571429,-0.0285714285714286,
-0.0142857142857143,0.),(0.,1.),.UNSPECIFIED.)
GEOMETRIC_REPRESENTATION_ITEM()
RATIONAL_B_SPLINE_SURFACE(((1.,1.),(1.,1.),(1.,1.),(1.,1.),(1.,1.),(1.,
1.),(1.,1.),(1.,1.),(1.,1.),(1.,1.),(1.,1.),(1.,1.),(1.,1.),(1.,1.),(1.,
1.),(1.,1.),(1.,1.),(1.,1.),(1.,1.),(1.,1.),(1.,1.),(1.,1.),(1.,1.),(1.,
1.),(1.,1.),(1.,1.),(1.,1.),(1.,1.),(1.,1.),(1.,1.),(1.,1.),(1.,1.),(1.,
1.),(1.,1.),(1.,1.),(1.,1.),(1.,1.),(1.,1.),(1.,1.),(1.,1.),(1.,1.),(1.,
1.),(1.,1.),(1.,1.),(1.,1.),(1.,1.),(1.,1.),(1.,1.),(1.,1.),(1.,1.),(1.,
1.),(1.,1.),(1.,1.),(1.,1.),(1.,1.),(1.,1.),(1.,1.),(1.,1.),(1.,1.),(1.,
1.),(1.,1.),(1.,1.),(1.,1.),(1.,1.),(1.,1.),(1.,1.),(1.,1.),(1.,1.),(1.,
1.),(1.,1.),(1.,1.),(1.,1.),(1.,1.),(1.,1.),(1.,1.)))
REPRESENTATION_ITEM('')
SURFACE()
);
#38=(
BOUNDED_SURFACE()
B_SPLINE_SURFACE(5,1,((#4118,#4119),(#4120,#4121),(#4122,#4123),(#4124,
#4125),(#4126,#4127),(#4128,#4129),(#4130,#4131),(#4132,#4133),(#4134,#4135),
(#4136,#4137),(#4138,#4139),(#4140,#4141),(#4142,#4143),(#4144,#4145),(#4146,
#4147),(#4148,#4149),(#4150,#4151),(#4152,#4153),(#4154,#4155),(#4156,#4157),
(#4158,#4159),(#4160,#4161),(#4162,#4163),(#4164,#4165),(#4166,#4167),(#4168,
#4169),(#4170,#4171),(#4172,#4173),(#4174,#4175),(#4176,#4177),(#4178,#4179),
(#4180,#4181),(#4182,#4183),(#4184,#4185),(#4186,#4187),(#4188,#4189),(#4190,
#4191),(#4192,#4193),(#4194,#4195),(#4196,#4197),(#4198,#4199),(#4200,#4201),
(#4202,#4203),(#4204,#4205),(#4206,#4207),(#4208,#4209),(#4210,#4211),(#4212,
#4213),(#4214,#4215),(#4216,#4217),(#4218,#4219),(#4220,#4221),(#4222,#4223),
(#4224,#4225),(#4226,#4227),(#4228,#4229),(#4230,#4231),(#4232,#4233),(#4234,
#4235),(#4236,#4237),(#4238,#4239),(#4240,#4241),(#4242,#4243),(#4244,#4245),
(#4246,#4247),(#4248,#4249),(#4250,#4251),(#4252,#4253),(#4254,#4255),(#4256,
#4257),(#4258,#4259),(#4260,#4261),(#4262,#4263),(#4264,#4265),(#4266,#4267)),
 .UNSPECIFIED.,.F.,.F.,.F.)
B_SPLINE_SURFACE_WITH_KNOTS((6,1,1,1,1,1,1,1,1,1,1,1,1,1,1,1,1,1,1,1,1,
1,1,1,1,1,1,1,1,1,1,1,1,1,1,1,1,1,1,1,1,1,1,1,1,1,1,1,1,1,1,1,1,1,1,1,1,
1,1,1,1,1,1,1,1,1,1,1,1,1,6),(2,2),(0.,0.0142857142857143,0.0285714285714286,
0.0428571428571429,0.0571428571428571,0.0714285714285714,0.0857142857142857,
0.1,0.114285714285714,0.128571428571429,0.142857142857143,0.157142857142857,
0.171428571428571,0.185714285714286,0.2,0.214285714285714,0.228571428571429,
0.242857142857143,0.257142857142857,0.271428571428571,0.285714285714286,
0.3,0.314285714285714,0.328571428571429,0.342857142857143,0.357142857142857,
0.371428571428571,0.385714285714286,0.4,0.414285714285714,0.428571428571429,
0.442857142857143,0.457142857142857,0.471428571428572,0.485714285714286,
0.5,0.514285714285714,0.528571428571429,0.542857142857143,0.557142857142857,
0.571428571428571,0.585714285714286,0.6,0.614285714285714,0.628571428571428,
0.642857142857142,0.657142857142857,0.671428571428571,0.685714285714285,
0.699999999999999,0.714285714285714,0.728571428571428,0.742857142857142,
0.757142857142856,0.771428571428571,0.785714285714285,0.799999999999999,
0.814285714285713,0.828571428571428,0.842857142857142,0.857142857142856,
0.87142857142857,0.885714285714284,0.899999999999999,0.914285714285713,
0.928571428571427,0.942857142857141,0.957142857142856,0.97142857142857,
0.985714285714284,1.),(0.,1.),.UNSPECIFIED.)
GEOMETRIC_REPRESENTATION_ITEM()
RATIONAL_B_SPLINE_SURFACE(((1.,1.),(1.,1.),(1.,1.),(1.,1.),(1.,1.),(1.,
1.),(1.,1.),(1.,1.),(1.,1.),(1.,1.),(1.,1.),(1.,1.),(1.,1.),(1.,1.),(1.,
1.),(1.,1.),(1.,1.),(1.,1.),(1.,1.),(1.,1.),(1.,1.),(1.,1.),(1.,1.),(1.,
1.),(1.,1.),(1.,1.),(1.,1.),(1.,1.),(1.,1.),(1.,1.),(1.,1.),(1.,1.),(1.,
1.),(1.,1.),(1.,1.),(1.,1.),(1.,1.),(1.,1.),(1.,1.),(1.,1.),(1.,1.),(1.,
1.),(1.,1.),(1.,1.),(1.,1.),(1.,1.),(1.,1.),(1.,1.),(1.,1.),(1.,1.),(1.,
1.),(1.,1.),(1.,1.),(1.,1.),(1.,1.),(1.,1.),(1.,1.),(1.,1.),(1.,1.),(1.,
1.),(1.,1.),(1.,1.),(1.,1.),(1.,1.),(1.,1.),(1.,1.),(1.,1.),(1.,1.),(1.,
1.),(1.,1.),(1.,1.),(1.,1.),(1.,1.),(1.,1.),(1.,1.)))
REPRESENTATION_ITEM('')
SURFACE()
);
#39=(
BOUNDED_SURFACE()
B_SPLINE_SURFACE(5,1,((#4349,#4350),(#4351,#4352),(#4353,#4354),(#4355,
#4356),(#4357,#4358),(#4359,#4360),(#4361,#4362),(#4363,#4364),(#4365,#4366),
(#4367,#4368),(#4369,#4370),(#4371,#4372),(#4373,#4374),(#4375,#4376),(#4377,
#4378),(#4379,#4380),(#4381,#4382),(#4383,#4384),(#4385,#4386),(#4387,#4388),
(#4389,#4390),(#4391,#4392),(#4393,#4394),(#4395,#4396),(#4397,#4398),(#4399,
#4400),(#4401,#4402),(#4403,#4404),(#4405,#4406),(#4407,#4408),(#4409,#4410),
(#4411,#4412),(#4413,#4414),(#4415,#4416),(#4417,#4418),(#4419,#4420),(#4421,
#4422),(#4423,#4424),(#4425,#4426),(#4427,#4428),(#4429,#4430),(#4431,#4432),
(#4433,#4434),(#4435,#4436),(#4437,#4438),(#4439,#4440),(#4441,#4442),(#4443,
#4444),(#4445,#4446),(#4447,#4448),(#4449,#4450),(#4451,#4452),(#4453,#4454),
(#4455,#4456),(#4457,#4458),(#4459,#4460),(#4461,#4462),(#4463,#4464),(#4465,
#4466),(#4467,#4468),(#4469,#4470),(#4471,#4472),(#4473,#4474),(#4475,#4476),
(#4477,#4478),(#4479,#4480),(#4481,#4482),(#4483,#4484),(#4485,#4486),(#4487,
#4488),(#4489,#4490),(#4491,#4492),(#4493,#4494),(#4495,#4496),(#4497,#4498)),
 .UNSPECIFIED.,.F.,.F.,.F.)
B_SPLINE_SURFACE_WITH_KNOTS((6,1,1,1,1,1,1,1,1,1,1,1,1,1,1,1,1,1,1,1,1,
1,1,1,1,1,1,1,1,1,1,1,1,1,1,1,1,1,1,1,1,1,1,1,1,1,1,1,1,1,1,1,1,1,1,1,1,
1,1,1,1,1,1,1,1,1,1,1,1,1,6),(2,2),(-1.,-0.985714285714284,-0.97142857142857,
-0.957142857142856,-0.942857142857141,-0.928571428571427,-0.914285714285713,
-0.899999999999999,-0.885714285714284,-0.87142857142857,-0.857142857142856,
-0.842857142857142,-0.828571428571428,-0.814285714285713,-0.799999999999999,
-0.785714285714285,-0.771428571428571,-0.757142857142856,-0.742857142857142,
-0.728571428571428,-0.714285714285714,-0.699999999999999,-0.685714285714285,
-0.671428571428571,-0.657142857142857,-0.642857142857142,-0.628571428571428,
-0.614285714285714,-0.6,-0.585714285714286,-0.571428571428571,-0.557142857142857,
-0.542857142857143,-0.528571428571429,-0.514285714285714,-0.5,-0.485714285714286,
-0.471428571428572,-0.457142857142857,-0.442857142857143,-0.428571428571429,
-0.414285714285714,-0.4,-0.385714285714286,-0.371428571428571,-0.357142857142857,
-0.342857142857143,-0.328571428571429,-0.314285714285714,-0.3,-0.285714285714286,
-0.271428571428571,-0.257142857142857,-0.242857142857143,-0.228571428571429,
-0.214285714285714,-0.2,-0.185714285714286,-0.171428571428571,-0.157142857142857,
-0.142857142857143,-0.128571428571429,-0.114285714285714,-0.1,-0.0857142857142857,
-0.0714285714285714,-0.0571428571428571,-0.0428571428571429,-0.0285714285714286,
-0.0142857142857143,0.),(0.,1.),.UNSPECIFIED.)
GEOMETRIC_REPRESENTATION_ITEM()
RATIONAL_B_SPLINE_SURFACE(((1.,1.),(1.,1.),(1.,1.),(1.,1.),(1.,1.),(1.,
1.),(1.,1.),(1.,1.),(1.,1.),(1.,1.),(1.,1.),(1.,1.),(1.,1.),(1.,1.),(1.,
1.),(1.,1.),(1.,1.),(1.,1.),(1.,1.),(1.,1.),(1.,1.),(1.,1.),(1.,1.),(1.,
1.),(1.,1.),(1.,1.),(1.,1.),(1.,1.),(1.,1.),(1.,1.),(1.,1.),(1.,1.),(1.,
1.),(1.,1.),(1.,1.),(1.,1.),(1.,1.),(1.,1.),(1.,1.),(1.,1.),(1.,1.),(1.,
1.),(1.,1.),(1.,1.),(1.,1.),(1.,1.),(1.,1.),(1.,1.),(1.,1.),(1.,1.),(1.,
1.),(1.,1.),(1.,1.),(1.,1.),(1.,1.),(1.,1.),(1.,1.),(1.,1.),(1.,1.),(1.,
1.),(1.,1.),(1.,1.),(1.,1.),(1.,1.),(1.,1.),(1.,1.),(1.,1.),(1.,1.),(1.,
1.),(1.,1.),(1.,1.),(1.,1.),(1.,1.),(1.,1.),(1.,1.)))
REPRESENTATION_ITEM('')
SURFACE()
);
#40=(
BOUNDED_SURFACE()
B_SPLINE_SURFACE(5,1,((#4596,#4597),(#4598,#4599),(#4600,#4601),(#4602,
#4603),(#4604,#4605),(#4606,#4607),(#4608,#4609),(#4610,#4611),(#4612,#4613),
(#4614,#4615),(#4616,#4617),(#4618,#4619),(#4620,#4621),(#4622,#4623),(#4624,
#4625),(#4626,#4627),(#4628,#4629),(#4630,#4631),(#4632,#4633),(#4634,#4635),
(#4636,#4637),(#4638,#4639),(#4640,#4641),(#4642,#4643),(#4644,#4645),(#4646,
#4647),(#4648,#4649),(#4650,#4651),(#4652,#4653),(#4654,#4655),(#4656,#4657),
(#4658,#4659),(#4660,#4661),(#4662,#4663),(#4664,#4665),(#4666,#4667),(#4668,
#4669),(#4670,#4671),(#4672,#4673),(#4674,#4675),(#4676,#4677),(#4678,#4679),
(#4680,#4681),(#4682,#4683),(#4684,#4685),(#4686,#4687),(#4688,#4689),(#4690,
#4691),(#4692,#4693),(#4694,#4695),(#4696,#4697),(#4698,#4699),(#4700,#4701),
(#4702,#4703),(#4704,#4705),(#4706,#4707),(#4708,#4709),(#4710,#4711),(#4712,
#4713),(#4714,#4715),(#4716,#4717),(#4718,#4719),(#4720,#4721),(#4722,#4723),
(#4724,#4725),(#4726,#4727),(#4728,#4729),(#4730,#4731),(#4732,#4733),(#4734,
#4735),(#4736,#4737),(#4738,#4739),(#4740,#4741),(#4742,#4743),(#4744,#4745)),
 .UNSPECIFIED.,.F.,.F.,.F.)
B_SPLINE_SURFACE_WITH_KNOTS((6,1,1,1,1,1,1,1,1,1,1,1,1,1,1,1,1,1,1,1,1,
1,1,1,1,1,1,1,1,1,1,1,1,1,1,1,1,1,1,1,1,1,1,1,1,1,1,1,1,1,1,1,1,1,1,1,1,
1,1,1,1,1,1,1,1,1,1,1,1,1,6),(2,2),(0.,0.0142857142857143,0.0285714285714286,
0.0428571428571429,0.0571428571428571,0.0714285714285714,0.0857142857142857,
0.1,0.114285714285714,0.128571428571429,0.142857142857143,0.157142857142857,
0.171428571428571,0.185714285714286,0.2,0.214285714285714,0.228571428571429,
0.242857142857143,0.257142857142857,0.271428571428571,0.285714285714286,
0.3,0.314285714285714,0.328571428571429,0.342857142857143,0.357142857142857,
0.371428571428571,0.385714285714286,0.4,0.414285714285714,0.428571428571429,
0.442857142857143,0.457142857142857,0.471428571428572,0.485714285714286,
0.5,0.514285714285714,0.528571428571429,0.542857142857143,0.557142857142857,
0.571428571428571,0.585714285714286,0.6,0.614285714285714,0.628571428571428,
0.642857142857142,0.657142857142857,0.671428571428571,0.685714285714285,
0.699999999999999,0.714285714285714,0.728571428571428,0.742857142857142,
0.757142857142856,0.771428571428571,0.785714285714285,0.799999999999999,
0.814285714285713,0.828571428571428,0.842857142857142,0.857142857142856,
0.87142857142857,0.885714285714284,0.899999999999999,0.914285714285713,
0.928571428571427,0.942857142857141,0.957142857142856,0.97142857142857,
0.985714285714284,1.),(0.,1.),.UNSPECIFIED.)
GEOMETRIC_REPRESENTATION_ITEM()
RATIONAL_B_SPLINE_SURFACE(((1.,1.),(1.,1.),(1.,1.),(1.,1.),(1.,1.),(1.,
1.),(1.,1.),(1.,1.),(1.,1.),(1.,1.),(1.,1.),(1.,1.),(1.,1.),(1.,1.),(1.,
1.),(1.,1.),(1.,1.),(1.,1.),(1.,1.),(1.,1.),(1.,1.),(1.,1.),(1.,1.),(1.,
1.),(1.,1.),(1.,1.),(1.,1.),(1.,1.),(1.,1.),(1.,1.),(1.,1.),(1.,1.),(1.,
1.),(1.,1.),(1.,1.),(1.,1.),(1.,1.),(1.,1.),(1.,1.),(1.,1.),(1.,1.),(1.,
1.),(1.,1.),(1.,1.),(1.,1.),(1.,1.),(1.,1.),(1.,1.),(1.,1.),(1.,1.),(1.,
1.),(1.,1.),(1.,1.),(1.,1.),(1.,1.),(1.,1.),(1.,1.),(1.,1.),(1.,1.),(1.,
1.),(1.,1.),(1.,1.),(1.,1.),(1.,1.),(1.,1.),(1.,1.),(1.,1.),(1.,1.),(1.,
1.),(1.,1.),(1.,1.),(1.,1.),(1.,1.),(1.,1.),(1.,1.)))
REPRESENTATION_ITEM('')
SURFACE()
);
#41=(
BOUNDED_SURFACE()
B_SPLINE_SURFACE(5,1,((#4827,#4828),(#4829,#4830),(#4831,#4832),(#4833,
#4834),(#4835,#4836),(#4837,#4838),(#4839,#4840),(#4841,#4842),(#4843,#4844),
(#4845,#4846),(#4847,#4848),(#4849,#4850),(#4851,#4852),(#4853,#4854),(#4855,
#4856),(#4857,#4858),(#4859,#4860),(#4861,#4862),(#4863,#4864),(#4865,#4866),
(#4867,#4868),(#4869,#4870),(#4871,#4872),(#4873,#4874),(#4875,#4876),(#4877,
#4878),(#4879,#4880),(#4881,#4882),(#4883,#4884),(#4885,#4886),(#4887,#4888),
(#4889,#4890),(#4891,#4892),(#4893,#4894),(#4895,#4896),(#4897,#4898),(#4899,
#4900),(#4901,#4902),(#4903,#4904),(#4905,#4906),(#4907,#4908),(#4909,#4910),
(#4911,#4912),(#4913,#4914),(#4915,#4916),(#4917,#4918),(#4919,#4920),(#4921,
#4922),(#4923,#4924),(#4925,#4926),(#4927,#4928),(#4929,#4930),(#4931,#4932),
(#4933,#4934),(#4935,#4936),(#4937,#4938),(#4939,#4940),(#4941,#4942),(#4943,
#4944),(#4945,#4946),(#4947,#4948),(#4949,#4950),(#4951,#4952),(#4953,#4954),
(#4955,#4956),(#4957,#4958),(#4959,#4960),(#4961,#4962),(#4963,#4964),(#4965,
#4966),(#4967,#4968),(#4969,#4970),(#4971,#4972),(#4973,#4974),(#4975,#4976)),
 .UNSPECIFIED.,.F.,.F.,.F.)
B_SPLINE_SURFACE_WITH_KNOTS((6,1,1,1,1,1,1,1,1,1,1,1,1,1,1,1,1,1,1,1,1,
1,1,1,1,1,1,1,1,1,1,1,1,1,1,1,1,1,1,1,1,1,1,1,1,1,1,1,1,1,1,1,1,1,1,1,1,
1,1,1,1,1,1,1,1,1,1,1,1,1,6),(2,2),(-1.,-0.985714285714284,-0.97142857142857,
-0.957142857142856,-0.942857142857141,-0.928571428571427,-0.914285714285713,
-0.899999999999999,-0.885714285714284,-0.87142857142857,-0.857142857142856,
-0.842857142857142,-0.828571428571428,-0.814285714285713,-0.799999999999999,
-0.785714285714285,-0.771428571428571,-0.757142857142856,-0.742857142857142,
-0.728571428571428,-0.714285714285714,-0.699999999999999,-0.685714285714285,
-0.671428571428571,-0.657142857142857,-0.642857142857142,-0.628571428571428,
-0.614285714285714,-0.6,-0.585714285714286,-0.571428571428571,-0.557142857142857,
-0.542857142857143,-0.528571428571429,-0.514285714285714,-0.5,-0.485714285714286,
-0.471428571428572,-0.457142857142857,-0.442857142857143,-0.428571428571429,
-0.414285714285714,-0.4,-0.385714285714286,-0.371428571428571,-0.357142857142857,
-0.342857142857143,-0.328571428571429,-0.314285714285714,-0.3,-0.285714285714286,
-0.271428571428571,-0.257142857142857,-0.242857142857143,-0.228571428571429,
-0.214285714285714,-0.2,-0.185714285714286,-0.171428571428571,-0.157142857142857,
-0.142857142857143,-0.128571428571429,-0.114285714285714,-0.1,-0.0857142857142857,
-0.0714285714285714,-0.0571428571428571,-0.0428571428571429,-0.0285714285714286,
-0.0142857142857143,0.),(0.,1.),.UNSPECIFIED.)
GEOMETRIC_REPRESENTATION_ITEM()
RATIONAL_B_SPLINE_SURFACE(((1.,1.),(1.,1.),(1.,1.),(1.,1.),(1.,1.),(1.,
1.),(1.,1.),(1.,1.),(1.,1.),(1.,1.),(1.,1.),(1.,1.),(1.,1.),(1.,1.),(1.,
1.),(1.,1.),(1.,1.),(1.,1.),(1.,1.),(1.,1.),(1.,1.),(1.,1.),(1.,1.),(1.,
1.),(1.,1.),(1.,1.),(1.,1.),(1.,1.),(1.,1.),(1.,1.),(1.,1.),(1.,1.),(1.,
1.),(1.,1.),(1.,1.),(1.,1.),(1.,1.),(1.,1.),(1.,1.),(1.,1.),(1.,1.),(1.,
1.),(1.,1.),(1.,1.),(1.,1.),(1.,1.),(1.,1.),(1.,1.),(1.,1.),(1.,1.),(1.,
1.),(1.,1.),(1.,1.),(1.,1.),(1.,1.),(1.,1.),(1.,1.),(1.,1.),(1.,1.),(1.,
1.),(1.,1.),(1.,1.),(1.,1.),(1.,1.),(1.,1.),(1.,1.),(1.,1.),(1.,1.),(1.,
1.),(1.,1.),(1.,1.),(1.,1.),(1.,1.),(1.,1.),(1.,1.)))
REPRESENTATION_ITEM('')
SURFACE()
);
#42=(
BOUNDED_SURFACE()
B_SPLINE_SURFACE(5,1,((#5132,#5133),(#5134,#5135),(#5136,#5137),(#5138,
#5139),(#5140,#5141),(#5142,#5143),(#5144,#5145),(#5146,#5147),(#5148,#5149),
(#5150,#5151),(#5152,#5153),(#5154,#5155),(#5156,#5157),(#5158,#5159),(#5160,
#5161),(#5162,#5163),(#5164,#5165),(#5166,#5167),(#5168,#5169),(#5170,#5171),
(#5172,#5173),(#5174,#5175),(#5176,#5177),(#5178,#5179),(#5180,#5181),(#5182,
#5183),(#5184,#5185),(#5186,#5187),(#5188,#5189),(#5190,#5191),(#5192,#5193),
(#5194,#5195),(#5196,#5197),(#5198,#5199),(#5200,#5201),(#5202,#5203),(#5204,
#5205),(#5206,#5207),(#5208,#5209),(#5210,#5211),(#5212,#5213),(#5214,#5215),
(#5216,#5217),(#5218,#5219),(#5220,#5221),(#5222,#5223),(#5224,#5225),(#5226,
#5227),(#5228,#5229),(#5230,#5231),(#5232,#5233),(#5234,#5235),(#5236,#5237),
(#5238,#5239),(#5240,#5241),(#5242,#5243),(#5244,#5245),(#5246,#5247),(#5248,
#5249),(#5250,#5251),(#5252,#5253),(#5254,#5255),(#5256,#5257),(#5258,#5259),
(#5260,#5261),(#5262,#5263),(#5264,#5265),(#5266,#5267),(#5268,#5269),(#5270,
#5271),(#5272,#5273),(#5274,#5275),(#5276,#5277),(#5278,#5279),(#5280,#5281)),
 .UNSPECIFIED.,.F.,.F.,.F.)
B_SPLINE_SURFACE_WITH_KNOTS((6,1,1,1,1,1,1,1,1,1,1,1,1,1,1,1,1,1,1,1,1,
1,1,1,1,1,1,1,1,1,1,1,1,1,1,1,1,1,1,1,1,1,1,1,1,1,1,1,1,1,1,1,1,1,1,1,1,
1,1,1,1,1,1,1,1,1,1,1,1,1,6),(2,2),(-1.,-0.985714285714284,-0.97142857142857,
-0.957142857142856,-0.942857142857141,-0.928571428571427,-0.914285714285713,
-0.899999999999999,-0.885714285714284,-0.87142857142857,-0.857142857142856,
-0.842857142857142,-0.828571428571428,-0.814285714285713,-0.799999999999999,
-0.785714285714285,-0.771428571428571,-0.757142857142856,-0.742857142857142,
-0.728571428571428,-0.714285714285714,-0.699999999999999,-0.685714285714285,
-0.671428571428571,-0.657142857142857,-0.642857142857142,-0.628571428571428,
-0.614285714285714,-0.6,-0.585714285714286,-0.571428571428571,-0.557142857142857,
-0.542857142857143,-0.528571428571429,-0.514285714285714,-0.5,-0.485714285714286,
-0.471428571428572,-0.457142857142857,-0.442857142857143,-0.428571428571429,
-0.414285714285714,-0.4,-0.385714285714286,-0.371428571428571,-0.357142857142857,
-0.342857142857143,-0.328571428571429,-0.314285714285714,-0.3,-0.285714285714286,
-0.271428571428571,-0.257142857142857,-0.242857142857143,-0.228571428571429,
-0.214285714285714,-0.2,-0.185714285714286,-0.171428571428571,-0.157142857142857,
-0.142857142857143,-0.128571428571429,-0.114285714285714,-0.1,-0.0857142857142857,
-0.0714285714285714,-0.0571428571428571,-0.0428571428571429,-0.0285714285714286,
-0.0142857142857143,0.),(0.,1.),.UNSPECIFIED.)
GEOMETRIC_REPRESENTATION_ITEM()
RATIONAL_B_SPLINE_SURFACE(((1.,1.),(1.,1.),(1.,1.),(1.,1.),(1.,1.),(1.,
1.),(1.,1.),(1.,1.),(1.,1.),(1.,1.),(1.,1.),(1.,1.),(1.,1.),(1.,1.),(1.,
1.),(1.,1.),(1.,1.),(1.,1.),(1.,1.),(1.,1.),(1.,1.),(1.,1.),(1.,1.),(1.,
1.),(1.,1.),(1.,1.),(1.,1.),(1.,1.),(1.,1.),(1.,1.),(1.,1.),(1.,1.),(1.,
1.),(1.,1.),(1.,1.),(1.,1.),(1.,1.),(1.,1.),(1.,1.),(1.,1.),(1.,1.),(1.,
1.),(1.,1.),(1.,1.),(1.,1.),(1.,1.),(1.,1.),(1.,1.),(1.,1.),(1.,1.),(1.,
1.),(1.,1.),(1.,1.),(1.,1.),(1.,1.),(1.,1.),(1.,1.),(1.,1.),(1.,1.),(1.,
1.),(1.,1.),(1.,1.),(1.,1.),(1.,1.),(1.,1.),(1.,1.),(1.,1.),(1.,1.),(1.,
1.),(1.,1.),(1.,1.),(1.,1.),(1.,1.),(1.,1.),(1.,1.)))
REPRESENTATION_ITEM('')
SURFACE()
);
#43=(
BOUNDED_SURFACE()
B_SPLINE_SURFACE(5,1,((#5363,#5364),(#5365,#5366),(#5367,#5368),(#5369,
#5370),(#5371,#5372),(#5373,#5374),(#5375,#5376),(#5377,#5378),(#5379,#5380),
(#5381,#5382),(#5383,#5384),(#5385,#5386),(#5387,#5388),(#5389,#5390),(#5391,
#5392),(#5393,#5394),(#5395,#5396),(#5397,#5398),(#5399,#5400),(#5401,#5402),
(#5403,#5404),(#5405,#5406),(#5407,#5408),(#5409,#5410),(#5411,#5412),(#5413,
#5414),(#5415,#5416),(#5417,#5418),(#5419,#5420),(#5421,#5422),(#5423,#5424),
(#5425,#5426),(#5427,#5428),(#5429,#5430),(#5431,#5432),(#5433,#5434),(#5435,
#5436),(#5437,#5438),(#5439,#5440),(#5441,#5442),(#5443,#5444),(#5445,#5446),
(#5447,#5448),(#5449,#5450),(#5451,#5452),(#5453,#5454),(#5455,#5456),(#5457,
#5458),(#5459,#5460),(#5461,#5462),(#5463,#5464),(#5465,#5466),(#5467,#5468),
(#5469,#5470),(#5471,#5472),(#5473,#5474),(#5475,#5476),(#5477,#5478),(#5479,
#5480),(#5481,#5482),(#5483,#5484),(#5485,#5486),(#5487,#5488),(#5489,#5490),
(#5491,#5492),(#5493,#5494),(#5495,#5496),(#5497,#5498),(#5499,#5500),(#5501,
#5502),(#5503,#5504),(#5505,#5506),(#5507,#5508),(#5509,#5510),(#5511,#5512)),
 .UNSPECIFIED.,.F.,.F.,.F.)
B_SPLINE_SURFACE_WITH_KNOTS((6,1,1,1,1,1,1,1,1,1,1,1,1,1,1,1,1,1,1,1,1,
1,1,1,1,1,1,1,1,1,1,1,1,1,1,1,1,1,1,1,1,1,1,1,1,1,1,1,1,1,1,1,1,1,1,1,1,
1,1,1,1,1,1,1,1,1,1,1,1,1,6),(2,2),(0.,0.0142857142857143,0.0285714285714286,
0.0428571428571429,0.0571428571428571,0.0714285714285714,0.0857142857142857,
0.1,0.114285714285714,0.128571428571429,0.142857142857143,0.157142857142857,
0.171428571428571,0.185714285714286,0.2,0.214285714285714,0.228571428571429,
0.242857142857143,0.257142857142857,0.271428571428571,0.285714285714286,
0.3,0.314285714285714,0.328571428571429,0.342857142857143,0.357142857142857,
0.371428571428571,0.385714285714286,0.4,0.414285714285714,0.428571428571429,
0.442857142857143,0.457142857142857,0.471428571428572,0.485714285714286,
0.5,0.514285714285714,0.528571428571429,0.542857142857143,0.557142857142857,
0.571428571428571,0.585714285714286,0.6,0.614285714285714,0.628571428571428,
0.642857142857142,0.657142857142857,0.671428571428571,0.685714285714285,
0.699999999999999,0.714285714285714,0.728571428571428,0.742857142857142,
0.757142857142856,0.771428571428571,0.785714285714285,0.799999999999999,
0.814285714285713,0.828571428571428,0.842857142857142,0.857142857142856,
0.87142857142857,0.885714285714284,0.899999999999999,0.914285714285713,
0.928571428571427,0.942857142857141,0.957142857142856,0.97142857142857,
0.985714285714284,1.),(0.,1.),.UNSPECIFIED.)
GEOMETRIC_REPRESENTATION_ITEM()
RATIONAL_B_SPLINE_SURFACE(((1.,1.),(1.,1.),(1.,1.),(1.,1.),(1.,1.),(1.,
1.),(1.,1.),(1.,1.),(1.,1.),(1.,1.),(1.,1.),(1.,1.),(1.,1.),(1.,1.),(1.,
1.),(1.,1.),(1.,1.),(1.,1.),(1.,1.),(1.,1.),(1.,1.),(1.,1.),(1.,1.),(1.,
1.),(1.,1.),(1.,1.),(1.,1.),(1.,1.),(1.,1.),(1.,1.),(1.,1.),(1.,1.),(1.,
1.),(1.,1.),(1.,1.),(1.,1.),(1.,1.),(1.,1.),(1.,1.),(1.,1.),(1.,1.),(1.,
1.),(1.,1.),(1.,1.),(1.,1.),(1.,1.),(1.,1.),(1.,1.),(1.,1.),(1.,1.),(1.,
1.),(1.,1.),(1.,1.),(1.,1.),(1.,1.),(1.,1.),(1.,1.),(1.,1.),(1.,1.),(1.,
1.),(1.,1.),(1.,1.),(1.,1.),(1.,1.),(1.,1.),(1.,1.),(1.,1.),(1.,1.),(1.,
1.),(1.,1.),(1.,1.),(1.,1.),(1.,1.),(1.,1.),(1.,1.)))
REPRESENTATION_ITEM('')
SURFACE()
);
#44=(
BOUNDED_SURFACE()
B_SPLINE_SURFACE(5,1,((#5588,#5589),(#5590,#5591),(#5592,#5593),(#5594,
#5595),(#5596,#5597),(#5598,#5599),(#5600,#5601),(#5602,#5603),(#5604,#5605),
(#5606,#5607),(#5608,#5609),(#5610,#5611),(#5612,#5613),(#5614,#5615),(#5616,
#5617),(#5618,#5619),(#5620,#5621),(#5622,#5623),(#5624,#5625),(#5626,#5627),
(#5628,#5629),(#5630,#5631),(#5632,#5633),(#5634,#5635),(#5636,#5637),(#5638,
#5639),(#5640,#5641),(#5642,#5643),(#5644,#5645),(#5646,#5647),(#5648,#5649),
(#5650,#5651),(#5652,#5653),(#5654,#5655),(#5656,#5657),(#5658,#5659),(#5660,
#5661),(#5662,#5663),(#5664,#5665),(#5666,#5667),(#5668,#5669),(#5670,#5671),
(#5672,#5673),(#5674,#5675),(#5676,#5677),(#5678,#5679),(#5680,#5681),(#5682,
#5683),(#5684,#5685),(#5686,#5687),(#5688,#5689),(#5690,#5691),(#5692,#5693),
(#5694,#5695),(#5696,#5697),(#5698,#5699),(#5700,#5701),(#5702,#5703),(#5704,
#5705),(#5706,#5707),(#5708,#5709),(#5710,#5711),(#5712,#5713),(#5714,#5715),
(#5716,#5717),(#5718,#5719),(#5720,#5721),(#5722,#5723),(#5724,#5725),(#5726,
#5727),(#5728,#5729),(#5730,#5731),(#5732,#5733),(#5734,#5735),(#5736,#5737)),
 .UNSPECIFIED.,.F.,.F.,.F.)
B_SPLINE_SURFACE_WITH_KNOTS((6,1,1,1,1,1,1,1,1,1,1,1,1,1,1,1,1,1,1,1,1,
1,1,1,1,1,1,1,1,1,1,1,1,1,1,1,1,1,1,1,1,1,1,1,1,1,1,1,1,1,1,1,1,1,1,1,1,
1,1,1,1,1,1,1,1,1,1,1,1,1,6),(2,2),(0.,0.0142857142857143,0.0285714285714286,
0.0428571428571429,0.0571428571428571,0.0714285714285714,0.0857142857142857,
0.1,0.114285714285714,0.128571428571429,0.142857142857143,0.157142857142857,
0.171428571428571,0.185714285714286,0.2,0.214285714285714,0.228571428571429,
0.242857142857143,0.257142857142857,0.271428571428571,0.285714285714286,
0.3,0.314285714285714,0.328571428571429,0.342857142857143,0.357142857142857,
0.371428571428571,0.385714285714286,0.4,0.414285714285714,0.428571428571429,
0.442857142857143,0.457142857142857,0.471428571428572,0.485714285714286,
0.5,0.514285714285714,0.528571428571429,0.542857142857143,0.557142857142857,
0.571428571428571,0.585714285714286,0.6,0.614285714285714,0.628571428571428,
0.642857142857142,0.657142857142857,0.671428571428571,0.685714285714285,
0.699999999999999,0.714285714285714,0.728571428571428,0.742857142857142,
0.757142857142856,0.771428571428571,0.785714285714285,0.799999999999999,
0.814285714285713,0.828571428571428,0.842857142857142,0.857142857142856,
0.87142857142857,0.885714285714284,0.899999999999999,0.914285714285713,
0.928571428571427,0.942857142857141,0.957142857142856,0.97142857142857,
0.985714285714284,1.),(0.,1.),.UNSPECIFIED.)
GEOMETRIC_REPRESENTATION_ITEM()
RATIONAL_B_SPLINE_SURFACE(((1.,1.),(1.,1.),(1.,1.),(1.,1.),(1.,1.),(1.,
1.),(1.,1.),(1.,1.),(1.,1.),(1.,1.),(1.,1.),(1.,1.),(1.,1.),(1.,1.),(1.,
1.),(1.,1.),(1.,1.),(1.,1.),(1.,1.),(1.,1.),(1.,1.),(1.,1.),(1.,1.),(1.,
1.),(1.,1.),(1.,1.),(1.,1.),(1.,1.),(1.,1.),(1.,1.),(1.,1.),(1.,1.),(1.,
1.),(1.,1.),(1.,1.),(1.,1.),(1.,1.),(1.,1.),(1.,1.),(1.,1.),(1.,1.),(1.,
1.),(1.,1.),(1.,1.),(1.,1.),(1.,1.),(1.,1.),(1.,1.),(1.,1.),(1.,1.),(1.,
1.),(1.,1.),(1.,1.),(1.,1.),(1.,1.),(1.,1.),(1.,1.),(1.,1.),(1.,1.),(1.,
1.),(1.,1.),(1.,1.),(1.,1.),(1.,1.),(1.,1.),(1.,1.),(1.,1.),(1.,1.),(1.,
1.),(1.,1.),(1.,1.),(1.,1.),(1.,1.),(1.,1.),(1.,1.)))
REPRESENTATION_ITEM('')
SURFACE()
);
#45=(
BOUNDED_SURFACE()
B_SPLINE_SURFACE(5,1,((#5813,#5814),(#5815,#5816),(#5817,#5818),(#5819,
#5820),(#5821,#5822),(#5823,#5824),(#5825,#5826),(#5827,#5828),(#5829,#5830),
(#5831,#5832),(#5833,#5834),(#5835,#5836),(#5837,#5838),(#5839,#5840),(#5841,
#5842),(#5843,#5844),(#5845,#5846),(#5847,#5848),(#5849,#5850),(#5851,#5852),
(#5853,#5854),(#5855,#5856),(#5857,#5858),(#5859,#5860),(#5861,#5862),(#5863,
#5864),(#5865,#5866),(#5867,#5868),(#5869,#5870),(#5871,#5872),(#5873,#5874),
(#5875,#5876),(#5877,#5878),(#5879,#5880),(#5881,#5882),(#5883,#5884),(#5885,
#5886),(#5887,#5888),(#5889,#5890),(#5891,#5892),(#5893,#5894),(#5895,#5896),
(#5897,#5898),(#5899,#5900),(#5901,#5902),(#5903,#5904),(#5905,#5906),(#5907,
#5908),(#5909,#5910),(#5911,#5912),(#5913,#5914),(#5915,#5916),(#5917,#5918),
(#5919,#5920),(#5921,#5922),(#5923,#5924),(#5925,#5926),(#5927,#5928),(#5929,
#5930),(#5931,#5932),(#5933,#5934),(#5935,#5936),(#5937,#5938),(#5939,#5940),
(#5941,#5942),(#5943,#5944),(#5945,#5946),(#5947,#5948),(#5949,#5950),(#5951,
#5952),(#5953,#5954),(#5955,#5956),(#5957,#5958),(#5959,#5960),(#5961,#5962)),
 .UNSPECIFIED.,.F.,.F.,.F.)
B_SPLINE_SURFACE_WITH_KNOTS((6,1,1,1,1,1,1,1,1,1,1,1,1,1,1,1,1,1,1,1,1,
1,1,1,1,1,1,1,1,1,1,1,1,1,1,1,1,1,1,1,1,1,1,1,1,1,1,1,1,1,1,1,1,1,1,1,1,
1,1,1,1,1,1,1,1,1,1,1,1,1,6),(2,2),(-1.,-0.985714285714284,-0.97142857142857,
-0.957142857142856,-0.942857142857141,-0.928571428571427,-0.914285714285713,
-0.899999999999999,-0.885714285714284,-0.87142857142857,-0.857142857142856,
-0.842857142857142,-0.828571428571428,-0.814285714285713,-0.799999999999999,
-0.785714285714285,-0.771428571428571,-0.757142857142856,-0.742857142857142,
-0.728571428571428,-0.714285714285714,-0.699999999999999,-0.685714285714285,
-0.671428571428571,-0.657142857142857,-0.642857142857142,-0.628571428571428,
-0.614285714285714,-0.6,-0.585714285714286,-0.571428571428571,-0.557142857142857,
-0.542857142857143,-0.528571428571429,-0.514285714285714,-0.5,-0.485714285714286,
-0.471428571428572,-0.457142857142857,-0.442857142857143,-0.428571428571429,
-0.414285714285714,-0.4,-0.385714285714286,-0.371428571428571,-0.357142857142857,
-0.342857142857143,-0.328571428571429,-0.314285714285714,-0.3,-0.285714285714286,
-0.271428571428571,-0.257142857142857,-0.242857142857143,-0.228571428571429,
-0.214285714285714,-0.2,-0.185714285714286,-0.171428571428571,-0.157142857142857,
-0.142857142857143,-0.128571428571429,-0.114285714285714,-0.1,-0.0857142857142857,
-0.0714285714285714,-0.0571428571428571,-0.0428571428571429,-0.0285714285714286,
-0.0142857142857143,0.),(0.,1.),.UNSPECIFIED.)
GEOMETRIC_REPRESENTATION_ITEM()
RATIONAL_B_SPLINE_SURFACE(((1.,1.),(1.,1.),(1.,1.),(1.,1.),(1.,1.),(1.,
1.),(1.,1.),(1.,1.),(1.,1.),(1.,1.),(1.,1.),(1.,1.),(1.,1.),(1.,1.),(1.,
1.),(1.,1.),(1.,1.),(1.,1.),(1.,1.),(1.,1.),(1.,1.),(1.,1.),(1.,1.),(1.,
1.),(1.,1.),(1.,1.),(1.,1.),(1.,1.),(1.,1.),(1.,1.),(1.,1.),(1.,1.),(1.,
1.),(1.,1.),(1.,1.),(1.,1.),(1.,1.),(1.,1.),(1.,1.),(1.,1.),(1.,1.),(1.,
1.),(1.,1.),(1.,1.),(1.,1.),(1.,1.),(1.,1.),(1.,1.),(1.,1.),(1.,1.),(1.,
1.),(1.,1.),(1.,1.),(1.,1.),(1.,1.),(1.,1.),(1.,1.),(1.,1.),(1.,1.),(1.,
1.),(1.,1.),(1.,1.),(1.,1.),(1.,1.),(1.,1.),(1.,1.),(1.,1.),(1.,1.),(1.,
1.),(1.,1.),(1.,1.),(1.,1.),(1.,1.),(1.,1.),(1.,1.)))
REPRESENTATION_ITEM('')
SURFACE()
);
#46=(
BOUNDED_SURFACE()
B_SPLINE_SURFACE(5,1,((#6044,#6045),(#6046,#6047),(#6048,#6049),(#6050,
#6051),(#6052,#6053),(#6054,#6055),(#6056,#6057),(#6058,#6059),(#6060,#6061),
(#6062,#6063),(#6064,#6065),(#6066,#6067),(#6068,#6069),(#6070,#6071),(#6072,
#6073),(#6074,#6075),(#6076,#6077),(#6078,#6079),(#6080,#6081),(#6082,#6083),
(#6084,#6085),(#6086,#6087),(#6088,#6089),(#6090,#6091),(#6092,#6093),(#6094,
#6095),(#6096,#6097),(#6098,#6099),(#6100,#6101),(#6102,#6103),(#6104,#6105),
(#6106,#6107),(#6108,#6109),(#6110,#6111),(#6112,#6113),(#6114,#6115),(#6116,
#6117),(#6118,#6119),(#6120,#6121),(#6122,#6123),(#6124,#6125),(#6126,#6127),
(#6128,#6129),(#6130,#6131),(#6132,#6133),(#6134,#6135),(#6136,#6137),(#6138,
#6139),(#6140,#6141),(#6142,#6143),(#6144,#6145),(#6146,#6147),(#6148,#6149),
(#6150,#6151),(#6152,#6153),(#6154,#6155),(#6156,#6157),(#6158,#6159),(#6160,
#6161),(#6162,#6163),(#6164,#6165),(#6166,#6167),(#6168,#6169),(#6170,#6171),
(#6172,#6173),(#6174,#6175),(#6176,#6177),(#6178,#6179),(#6180,#6181),(#6182,
#6183),(#6184,#6185),(#6186,#6187),(#6188,#6189),(#6190,#6191),(#6192,#6193)),
 .UNSPECIFIED.,.F.,.F.,.F.)
B_SPLINE_SURFACE_WITH_KNOTS((6,1,1,1,1,1,1,1,1,1,1,1,1,1,1,1,1,1,1,1,1,
1,1,1,1,1,1,1,1,1,1,1,1,1,1,1,1,1,1,1,1,1,1,1,1,1,1,1,1,1,1,1,1,1,1,1,1,
1,1,1,1,1,1,1,1,1,1,1,1,1,6),(2,2),(0.,0.0142857142857143,0.0285714285714286,
0.0428571428571429,0.0571428571428571,0.0714285714285714,0.0857142857142857,
0.1,0.114285714285714,0.128571428571429,0.142857142857143,0.157142857142857,
0.171428571428571,0.185714285714286,0.2,0.214285714285714,0.228571428571429,
0.242857142857143,0.257142857142857,0.271428571428571,0.285714285714286,
0.3,0.314285714285714,0.328571428571429,0.342857142857143,0.357142857142857,
0.371428571428571,0.385714285714286,0.4,0.414285714285714,0.428571428571429,
0.442857142857143,0.457142857142857,0.471428571428572,0.485714285714286,
0.5,0.514285714285714,0.528571428571429,0.542857142857143,0.557142857142857,
0.571428571428571,0.585714285714286,0.6,0.614285714285714,0.628571428571428,
0.642857142857142,0.657142857142857,0.671428571428571,0.685714285714285,
0.699999999999999,0.714285714285714,0.728571428571428,0.742857142857142,
0.757142857142856,0.771428571428571,0.785714285714285,0.799999999999999,
0.814285714285713,0.828571428571428,0.842857142857142,0.857142857142856,
0.87142857142857,0.885714285714284,0.899999999999999,0.914285714285713,
0.928571428571427,0.942857142857141,0.957142857142856,0.97142857142857,
0.985714285714284,1.),(0.,1.),.UNSPECIFIED.)
GEOMETRIC_REPRESENTATION_ITEM()
RATIONAL_B_SPLINE_SURFACE(((1.,1.),(1.,1.),(1.,1.),(1.,1.),(1.,1.),(1.,
1.),(1.,1.),(1.,1.),(1.,1.),(1.,1.),(1.,1.),(1.,1.),(1.,1.),(1.,1.),(1.,
1.),(1.,1.),(1.,1.),(1.,1.),(1.,1.),(1.,1.),(1.,1.),(1.,1.),(1.,1.),(1.,
1.),(1.,1.),(1.,1.),(1.,1.),(1.,1.),(1.,1.),(1.,1.),(1.,1.),(1.,1.),(1.,
1.),(1.,1.),(1.,1.),(1.,1.),(1.,1.),(1.,1.),(1.,1.),(1.,1.),(1.,1.),(1.,
1.),(1.,1.),(1.,1.),(1.,1.),(1.,1.),(1.,1.),(1.,1.),(1.,1.),(1.,1.),(1.,
1.),(1.,1.),(1.,1.),(1.,1.),(1.,1.),(1.,1.),(1.,1.),(1.,1.),(1.,1.),(1.,
1.),(1.,1.),(1.,1.),(1.,1.),(1.,1.),(1.,1.),(1.,1.),(1.,1.),(1.,1.),(1.,
1.),(1.,1.),(1.,1.),(1.,1.),(1.,1.),(1.,1.),(1.,1.)))
REPRESENTATION_ITEM('')
SURFACE()
);
#47=(
BOUNDED_SURFACE()
B_SPLINE_SURFACE(5,1,((#6269,#6270),(#6271,#6272),(#6273,#6274),(#6275,
#6276),(#6277,#6278),(#6279,#6280),(#6281,#6282),(#6283,#6284),(#6285,#6286),
(#6287,#6288),(#6289,#6290),(#6291,#6292),(#6293,#6294),(#6295,#6296),(#6297,
#6298),(#6299,#6300),(#6301,#6302),(#6303,#6304),(#6305,#6306),(#6307,#6308),
(#6309,#6310),(#6311,#6312),(#6313,#6314),(#6315,#6316),(#6317,#6318),(#6319,
#6320),(#6321,#6322),(#6323,#6324),(#6325,#6326),(#6327,#6328),(#6329,#6330),
(#6331,#6332),(#6333,#6334),(#6335,#6336),(#6337,#6338),(#6339,#6340),(#6341,
#6342),(#6343,#6344),(#6345,#6346),(#6347,#6348),(#6349,#6350),(#6351,#6352),
(#6353,#6354),(#6355,#6356),(#6357,#6358),(#6359,#6360),(#6361,#6362),(#6363,
#6364),(#6365,#6366),(#6367,#6368),(#6369,#6370),(#6371,#6372),(#6373,#6374),
(#6375,#6376),(#6377,#6378),(#6379,#6380),(#6381,#6382),(#6383,#6384),(#6385,
#6386),(#6387,#6388),(#6389,#6390),(#6391,#6392),(#6393,#6394),(#6395,#6396),
(#6397,#6398),(#6399,#6400),(#6401,#6402),(#6403,#6404),(#6405,#6406),(#6407,
#6408),(#6409,#6410),(#6411,#6412),(#6413,#6414),(#6415,#6416),(#6417,#6418)),
 .UNSPECIFIED.,.F.,.F.,.F.)
B_SPLINE_SURFACE_WITH_KNOTS((6,1,1,1,1,1,1,1,1,1,1,1,1,1,1,1,1,1,1,1,1,
1,1,1,1,1,1,1,1,1,1,1,1,1,1,1,1,1,1,1,1,1,1,1,1,1,1,1,1,1,1,1,1,1,1,1,1,
1,1,1,1,1,1,1,1,1,1,1,1,1,6),(2,2),(-1.,-0.985714285714284,-0.97142857142857,
-0.957142857142856,-0.942857142857141,-0.928571428571427,-0.914285714285713,
-0.899999999999999,-0.885714285714284,-0.87142857142857,-0.857142857142856,
-0.842857142857142,-0.828571428571428,-0.814285714285713,-0.799999999999999,
-0.785714285714285,-0.771428571428571,-0.757142857142856,-0.742857142857142,
-0.728571428571428,-0.714285714285714,-0.699999999999999,-0.685714285714285,
-0.671428571428571,-0.657142857142857,-0.642857142857142,-0.628571428571428,
-0.614285714285714,-0.6,-0.585714285714286,-0.571428571428571,-0.557142857142857,
-0.542857142857143,-0.528571428571429,-0.514285714285714,-0.5,-0.485714285714286,
-0.471428571428572,-0.457142857142857,-0.442857142857143,-0.428571428571429,
-0.414285714285714,-0.4,-0.385714285714286,-0.371428571428571,-0.357142857142857,
-0.342857142857143,-0.328571428571429,-0.314285714285714,-0.3,-0.285714285714286,
-0.271428571428571,-0.257142857142857,-0.242857142857143,-0.228571428571429,
-0.214285714285714,-0.2,-0.185714285714286,-0.171428571428571,-0.157142857142857,
-0.142857142857143,-0.128571428571429,-0.114285714285714,-0.1,-0.0857142857142857,
-0.0714285714285714,-0.0571428571428571,-0.0428571428571429,-0.0285714285714286,
-0.0142857142857143,0.),(0.,1.),.UNSPECIFIED.)
GEOMETRIC_REPRESENTATION_ITEM()
RATIONAL_B_SPLINE_SURFACE(((1.,1.),(1.,1.),(1.,1.),(1.,1.),(1.,1.),(1.,
1.),(1.,1.),(1.,1.),(1.,1.),(1.,1.),(1.,1.),(1.,1.),(1.,1.),(1.,1.),(1.,
1.),(1.,1.),(1.,1.),(1.,1.),(1.,1.),(1.,1.),(1.,1.),(1.,1.),(1.,1.),(1.,
1.),(1.,1.),(1.,1.),(1.,1.),(1.,1.),(1.,1.),(1.,1.),(1.,1.),(1.,1.),(1.,
1.),(1.,1.),(1.,1.),(1.,1.),(1.,1.),(1.,1.),(1.,1.),(1.,1.),(1.,1.),(1.,
1.),(1.,1.),(1.,1.),(1.,1.),(1.,1.),(1.,1.),(1.,1.),(1.,1.),(1.,1.),(1.,
1.),(1.,1.),(1.,1.),(1.,1.),(1.,1.),(1.,1.),(1.,1.),(1.,1.),(1.,1.),(1.,
1.),(1.,1.),(1.,1.),(1.,1.),(1.,1.),(1.,1.),(1.,1.),(1.,1.),(1.,1.),(1.,
1.),(1.,1.),(1.,1.),(1.,1.),(1.,1.),(1.,1.),(1.,1.)))
REPRESENTATION_ITEM('')
SURFACE()
);
#48=(
BOUNDED_SURFACE()
B_SPLINE_SURFACE(5,1,((#6500,#6501),(#6502,#6503),(#6504,#6505),(#6506,
#6507),(#6508,#6509),(#6510,#6511),(#6512,#6513),(#6514,#6515),(#6516,#6517),
(#6518,#6519),(#6520,#6521),(#6522,#6523),(#6524,#6525),(#6526,#6527),(#6528,
#6529),(#6530,#6531),(#6532,#6533),(#6534,#6535),(#6536,#6537),(#6538,#6539),
(#6540,#6541),(#6542,#6543),(#6544,#6545),(#6546,#6547),(#6548,#6549),(#6550,
#6551),(#6552,#6553),(#6554,#6555),(#6556,#6557),(#6558,#6559),(#6560,#6561),
(#6562,#6563),(#6564,#6565),(#6566,#6567),(#6568,#6569),(#6570,#6571),(#6572,
#6573),(#6574,#6575),(#6576,#6577),(#6578,#6579),(#6580,#6581),(#6582,#6583),
(#6584,#6585),(#6586,#6587),(#6588,#6589),(#6590,#6591),(#6592,#6593),(#6594,
#6595),(#6596,#6597),(#6598,#6599),(#6600,#6601),(#6602,#6603),(#6604,#6605),
(#6606,#6607),(#6608,#6609),(#6610,#6611),(#6612,#6613),(#6614,#6615),(#6616,
#6617),(#6618,#6619),(#6620,#6621),(#6622,#6623),(#6624,#6625),(#6626,#6627),
(#6628,#6629),(#6630,#6631),(#6632,#6633),(#6634,#6635),(#6636,#6637),(#6638,
#6639),(#6640,#6641),(#6642,#6643),(#6644,#6645),(#6646,#6647),(#6648,#6649)),
 .UNSPECIFIED.,.F.,.F.,.F.)
B_SPLINE_SURFACE_WITH_KNOTS((6,1,1,1,1,1,1,1,1,1,1,1,1,1,1,1,1,1,1,1,1,
1,1,1,1,1,1,1,1,1,1,1,1,1,1,1,1,1,1,1,1,1,1,1,1,1,1,1,1,1,1,1,1,1,1,1,1,
1,1,1,1,1,1,1,1,1,1,1,1,1,6),(2,2),(0.,0.0142857142857143,0.0285714285714286,
0.0428571428571429,0.0571428571428571,0.0714285714285714,0.0857142857142857,
0.1,0.114285714285714,0.128571428571429,0.142857142857143,0.157142857142857,
0.171428571428571,0.185714285714286,0.2,0.214285714285714,0.228571428571429,
0.242857142857143,0.257142857142857,0.271428571428571,0.285714285714286,
0.3,0.314285714285714,0.328571428571429,0.342857142857143,0.357142857142857,
0.371428571428571,0.385714285714286,0.4,0.414285714285714,0.428571428571429,
0.442857142857143,0.457142857142857,0.471428571428572,0.485714285714286,
0.5,0.514285714285714,0.528571428571429,0.542857142857143,0.557142857142857,
0.571428571428571,0.585714285714286,0.6,0.614285714285714,0.628571428571428,
0.642857142857142,0.657142857142857,0.671428571428571,0.685714285714285,
0.699999999999999,0.714285714285714,0.728571428571428,0.742857142857142,
0.757142857142856,0.771428571428571,0.785714285714285,0.799999999999999,
0.814285714285713,0.828571428571428,0.842857142857142,0.857142857142856,
0.87142857142857,0.885714285714284,0.899999999999999,0.914285714285713,
0.928571428571427,0.942857142857141,0.957142857142856,0.97142857142857,
0.985714285714284,1.),(0.,1.),.UNSPECIFIED.)
GEOMETRIC_REPRESENTATION_ITEM()
RATIONAL_B_SPLINE_SURFACE(((1.,1.),(1.,1.),(1.,1.),(1.,1.),(1.,1.),(1.,
1.),(1.,1.),(1.,1.),(1.,1.),(1.,1.),(1.,1.),(1.,1.),(1.,1.),(1.,1.),(1.,
1.),(1.,1.),(1.,1.),(1.,1.),(1.,1.),(1.,1.),(1.,1.),(1.,1.),(1.,1.),(1.,
1.),(1.,1.),(1.,1.),(1.,1.),(1.,1.),(1.,1.),(1.,1.),(1.,1.),(1.,1.),(1.,
1.),(1.,1.),(1.,1.),(1.,1.),(1.,1.),(1.,1.),(1.,1.),(1.,1.),(1.,1.),(1.,
1.),(1.,1.),(1.,1.),(1.,1.),(1.,1.),(1.,1.),(1.,1.),(1.,1.),(1.,1.),(1.,
1.),(1.,1.),(1.,1.),(1.,1.),(1.,1.),(1.,1.),(1.,1.),(1.,1.),(1.,1.),(1.,
1.),(1.,1.),(1.,1.),(1.,1.),(1.,1.),(1.,1.),(1.,1.),(1.,1.),(1.,1.),(1.,
1.),(1.,1.),(1.,1.),(1.,1.),(1.,1.),(1.,1.),(1.,1.)))
REPRESENTATION_ITEM('')
SURFACE()
);
#49=(
BOUNDED_SURFACE()
B_SPLINE_SURFACE(5,1,((#6753,#6754),(#6755,#6756),(#6757,#6758),(#6759,
#6760),(#6761,#6762),(#6763,#6764),(#6765,#6766),(#6767,#6768),(#6769,#6770),
(#6771,#6772),(#6773,#6774),(#6775,#6776),(#6777,#6778),(#6779,#6780),(#6781,
#6782),(#6783,#6784),(#6785,#6786),(#6787,#6788),(#6789,#6790),(#6791,#6792),
(#6793,#6794),(#6795,#6796),(#6797,#6798),(#6799,#6800),(#6801,#6802),(#6803,
#6804),(#6805,#6806),(#6807,#6808),(#6809,#6810),(#6811,#6812),(#6813,#6814),
(#6815,#6816),(#6817,#6818),(#6819,#6820),(#6821,#6822),(#6823,#6824),(#6825,
#6826),(#6827,#6828),(#6829,#6830),(#6831,#6832),(#6833,#6834),(#6835,#6836),
(#6837,#6838),(#6839,#6840),(#6841,#6842),(#6843,#6844),(#6845,#6846),(#6847,
#6848),(#6849,#6850),(#6851,#6852),(#6853,#6854),(#6855,#6856),(#6857,#6858),
(#6859,#6860),(#6861,#6862),(#6863,#6864),(#6865,#6866),(#6867,#6868),(#6869,
#6870),(#6871,#6872),(#6873,#6874),(#6875,#6876),(#6877,#6878),(#6879,#6880),
(#6881,#6882),(#6883,#6884),(#6885,#6886),(#6887,#6888),(#6889,#6890),(#6891,
#6892),(#6893,#6894),(#6895,#6896),(#6897,#6898),(#6899,#6900),(#6901,#6902)),
 .UNSPECIFIED.,.F.,.F.,.F.)
B_SPLINE_SURFACE_WITH_KNOTS((6,1,1,1,1,1,1,1,1,1,1,1,1,1,1,1,1,1,1,1,1,
1,1,1,1,1,1,1,1,1,1,1,1,1,1,1,1,1,1,1,1,1,1,1,1,1,1,1,1,1,1,1,1,1,1,1,1,
1,1,1,1,1,1,1,1,1,1,1,1,1,6),(2,2),(-1.,-0.985714285714284,-0.97142857142857,
-0.957142857142856,-0.942857142857141,-0.928571428571427,-0.914285714285713,
-0.899999999999999,-0.885714285714284,-0.87142857142857,-0.857142857142856,
-0.842857142857142,-0.828571428571428,-0.814285714285713,-0.799999999999999,
-0.785714285714285,-0.771428571428571,-0.757142857142856,-0.742857142857142,
-0.728571428571428,-0.714285714285714,-0.699999999999999,-0.685714285714285,
-0.671428571428571,-0.657142857142857,-0.642857142857142,-0.628571428571428,
-0.614285714285714,-0.6,-0.585714285714286,-0.571428571428571,-0.557142857142857,
-0.542857142857143,-0.528571428571429,-0.514285714285714,-0.5,-0.485714285714286,
-0.471428571428572,-0.457142857142857,-0.442857142857143,-0.428571428571429,
-0.414285714285714,-0.4,-0.385714285714286,-0.371428571428571,-0.357142857142857,
-0.342857142857143,-0.328571428571429,-0.314285714285714,-0.3,-0.285714285714286,
-0.271428571428571,-0.257142857142857,-0.242857142857143,-0.228571428571429,
-0.214285714285714,-0.2,-0.185714285714286,-0.171428571428571,-0.157142857142857,
-0.142857142857143,-0.128571428571429,-0.114285714285714,-0.1,-0.0857142857142857,
-0.0714285714285714,-0.0571428571428571,-0.0428571428571429,-0.0285714285714286,
-0.0142857142857143,0.),(0.,1.),.UNSPECIFIED.)
GEOMETRIC_REPRESENTATION_ITEM()
RATIONAL_B_SPLINE_SURFACE(((1.,1.),(1.,1.),(1.,1.),(1.,1.),(1.,1.),(1.,
1.),(1.,1.),(1.,1.),(1.,1.),(1.,1.),(1.,1.),(1.,1.),(1.,1.),(1.,1.),(1.,
1.),(1.,1.),(1.,1.),(1.,1.),(1.,1.),(1.,1.),(1.,1.),(1.,1.),(1.,1.),(1.,
1.),(1.,1.),(1.,1.),(1.,1.),(1.,1.),(1.,1.),(1.,1.),(1.,1.),(1.,1.),(1.,
1.),(1.,1.),(1.,1.),(1.,1.),(1.,1.),(1.,1.),(1.,1.),(1.,1.),(1.,1.),(1.,
1.),(1.,1.),(1.,1.),(1.,1.),(1.,1.),(1.,1.),(1.,1.),(1.,1.),(1.,1.),(1.,
1.),(1.,1.),(1.,1.),(1.,1.),(1.,1.),(1.,1.),(1.,1.),(1.,1.),(1.,1.),(1.,
1.),(1.,1.),(1.,1.),(1.,1.),(1.,1.),(1.,1.),(1.,1.),(1.,1.),(1.,1.),(1.,
1.),(1.,1.),(1.,1.),(1.,1.),(1.,1.),(1.,1.),(1.,1.)))
REPRESENTATION_ITEM('')
SURFACE()
);
#50=(
BOUNDED_SURFACE()
B_SPLINE_SURFACE(5,1,((#6984,#6985),(#6986,#6987),(#6988,#6989),(#6990,
#6991),(#6992,#6993),(#6994,#6995),(#6996,#6997),(#6998,#6999),(#7000,#7001),
(#7002,#7003),(#7004,#7005),(#7006,#7007),(#7008,#7009),(#7010,#7011),(#7012,
#7013),(#7014,#7015),(#7016,#7017),(#7018,#7019),(#7020,#7021),(#7022,#7023),
(#7024,#7025),(#7026,#7027),(#7028,#7029),(#7030,#7031),(#7032,#7033),(#7034,
#7035),(#7036,#7037),(#7038,#7039),(#7040,#7041),(#7042,#7043),(#7044,#7045),
(#7046,#7047),(#7048,#7049),(#7050,#7051),(#7052,#7053),(#7054,#7055),(#7056,
#7057),(#7058,#7059),(#7060,#7061),(#7062,#7063),(#7064,#7065),(#7066,#7067),
(#7068,#7069),(#7070,#7071),(#7072,#7073),(#7074,#7075),(#7076,#7077),(#7078,
#7079),(#7080,#7081),(#7082,#7083),(#7084,#7085),(#7086,#7087),(#7088,#7089),
(#7090,#7091),(#7092,#7093),(#7094,#7095),(#7096,#7097),(#7098,#7099),(#7100,
#7101),(#7102,#7103),(#7104,#7105),(#7106,#7107),(#7108,#7109),(#7110,#7111),
(#7112,#7113),(#7114,#7115),(#7116,#7117),(#7118,#7119),(#7120,#7121),(#7122,
#7123),(#7124,#7125),(#7126,#7127),(#7128,#7129),(#7130,#7131),(#7132,#7133)),
 .UNSPECIFIED.,.F.,.F.,.F.)
B_SPLINE_SURFACE_WITH_KNOTS((6,1,1,1,1,1,1,1,1,1,1,1,1,1,1,1,1,1,1,1,1,
1,1,1,1,1,1,1,1,1,1,1,1,1,1,1,1,1,1,1,1,1,1,1,1,1,1,1,1,1,1,1,1,1,1,1,1,
1,1,1,1,1,1,1,1,1,1,1,1,1,6),(2,2),(0.,0.0142857142857143,0.0285714285714286,
0.0428571428571429,0.0571428571428571,0.0714285714285714,0.0857142857142857,
0.1,0.114285714285714,0.128571428571429,0.142857142857143,0.157142857142857,
0.171428571428571,0.185714285714286,0.2,0.214285714285714,0.228571428571429,
0.242857142857143,0.257142857142857,0.271428571428571,0.285714285714286,
0.3,0.314285714285714,0.328571428571429,0.342857142857143,0.357142857142857,
0.371428571428571,0.385714285714286,0.4,0.414285714285714,0.428571428571429,
0.442857142857143,0.457142857142857,0.471428571428572,0.485714285714286,
0.5,0.514285714285714,0.528571428571429,0.542857142857143,0.557142857142857,
0.571428571428571,0.585714285714286,0.6,0.614285714285714,0.628571428571428,
0.642857142857142,0.657142857142857,0.671428571428571,0.685714285714285,
0.699999999999999,0.714285714285714,0.728571428571428,0.742857142857142,
0.757142857142856,0.771428571428571,0.785714285714285,0.799999999999999,
0.814285714285713,0.828571428571428,0.842857142857142,0.857142857142856,
0.87142857142857,0.885714285714284,0.899999999999999,0.914285714285713,
0.928571428571427,0.942857142857141,0.957142857142856,0.97142857142857,
0.985714285714284,1.),(0.,1.),.UNSPECIFIED.)
GEOMETRIC_REPRESENTATION_ITEM()
RATIONAL_B_SPLINE_SURFACE(((1.,1.),(1.,1.),(1.,1.),(1.,1.),(1.,1.),(1.,
1.),(1.,1.),(1.,1.),(1.,1.),(1.,1.),(1.,1.),(1.,1.),(1.,1.),(1.,1.),(1.,
1.),(1.,1.),(1.,1.),(1.,1.),(1.,1.),(1.,1.),(1.,1.),(1.,1.),(1.,1.),(1.,
1.),(1.,1.),(1.,1.),(1.,1.),(1.,1.),(1.,1.),(1.,1.),(1.,1.),(1.,1.),(1.,
1.),(1.,1.),(1.,1.),(1.,1.),(1.,1.),(1.,1.),(1.,1.),(1.,1.),(1.,1.),(1.,
1.),(1.,1.),(1.,1.),(1.,1.),(1.,1.),(1.,1.),(1.,1.),(1.,1.),(1.,1.),(1.,
1.),(1.,1.),(1.,1.),(1.,1.),(1.,1.),(1.,1.),(1.,1.),(1.,1.),(1.,1.),(1.,
1.),(1.,1.),(1.,1.),(1.,1.),(1.,1.),(1.,1.),(1.,1.),(1.,1.),(1.,1.),(1.,
1.),(1.,1.),(1.,1.),(1.,1.),(1.,1.),(1.,1.),(1.,1.)))
REPRESENTATION_ITEM('')
SURFACE()
);
#51=FACE_BOUND('',#261,.T.);
#52=FACE_BOUND('',#334,.T.);
#53=B_SPLINE_CURVE_WITH_KNOTS('',3,(#2015,#2016,#2017,#2018,#2019,#2020,
#2021,#2022,#2023,#2024,#2025,#2026,#2027,#2028,#2029,#2030,#2031,#2032,
#2033,#2034,#2035,#2036,#2037,#2038,#2039,#2040,#2041,#2042,#2043,#2044,
#2045,#2046,#2047,#2048,#2049,#2050,#2051,#2052,#2053,#2054,#2055,#2056,
#2057),.UNSPECIFIED.,.F.,.F.,(4,3,3,3,3,3,3,3,3,3,3,3,3,3,4),(-0.0918055549583931,
-0.0796657829387835,-0.0597493372040877,-0.0448120029030657,-0.0364138249288191,
-0.0301513975030198,-0.0248493106314273,-0.020406798666017,-0.0164141645596257,
-0.013066646315221,-0.00975779964919382,-0.00723273065613537,-0.00474257874135431,
-0.0020654677011692,0.),.UNSPECIFIED.);
#54=B_SPLINE_CURVE_WITH_KNOTS('',3,(#2061,#2062,#2063,#2064,#2065,#2066,
#2067,#2068,#2069,#2070,#2071,#2072,#2073,#2074,#2075,#2076,#2077,#2078,
#2079,#2080,#2081,#2082,#2083,#2084,#2085,#2086,#2087,#2088,#2089,#2090,
#2091,#2092,#2093,#2094,#2095,#2096,#2097,#2098,#2099,#2100,#2101,#2102,
#2103),.UNSPECIFIED.,.F.,.F.,(4,3,3,3,3,3,3,3,3,3,3,3,3,3,4),(-0.428315024703938,
-0.417237258502049,-0.404162805417851,-0.392896743454221,-0.378449954594003,
-0.363232250245355,-0.340530234605021,-0.32123722273509,-0.297405851283322,
-0.266608367817421,-0.228559141637986,-0.169616666358882,-0.0848083331794408,
-0.0194149678175057,0.),.UNSPECIFIED.);
#55=B_SPLINE_CURVE_WITH_KNOTS('',3,(#2115,#2116,#2117,#2118,#2119,#2120,
#2121,#2122,#2123,#2124,#2125,#2126,#2127,#2128,#2129,#2130,#2131,#2132,
#2133,#2134,#2135,#2136,#2137,#2138,#2139,#2140,#2141,#2142,#2143,#2144,
#2145,#2146,#2147,#2148,#2149,#2150,#2151,#2152,#2153,#2154,#2155,#2156,
#2157),.UNSPECIFIED.,.F.,.F.,(4,3,3,3,3,3,3,3,3,3,3,3,3,3,4),(-0.0918055549538635,
-0.079665782915264,-0.059749337186448,-0.044812002889836,-0.0364138249219795,
-0.0301513974968056,-0.0248493106249744,-0.0204067986642657,-0.0164141645571401,
-0.013066646313307,-0.00975779964809016,-0.00723273065520536,-0.00474257874043043,
-0.00206546770052161,0.),.UNSPECIFIED.);
#56=B_SPLINE_CURVE_WITH_KNOTS('',3,(#2161,#2162,#2163,#2164,#2165,#2166,
#2167,#2168,#2169,#2170,#2171,#2172,#2173,#2174,#2175,#2176,#2177,#2178,
#2179,#2180,#2181,#2182,#2183,#2184,#2185,#2186,#2187,#2188,#2189,#2190,
#2191,#2192,#2193,#2194,#2195,#2196,#2197,#2198,#2199,#2200,#2201,#2202,
#2203),.UNSPECIFIED.,.F.,.F.,(4,3,3,3,3,3,3,3,3,3,3,3,3,3,4),(-0.428315024664801,
-0.417237258463756,-0.404162805380848,-0.392896743418288,-0.378449954559675,
-0.363232250212341,-0.34053023457407,-0.321237222709921,-0.297405851262736,
-0.266608367795655,-0.228559141620315,-0.169616666349492,-0.0848083331747461,
-0.0194149676815381,0.),.UNSPECIFIED.);
#57=B_SPLINE_CURVE_WITH_KNOTS('',3,(#2215,#2216,#2217,#2218,#2219,#2220,
#2221,#2222,#2223,#2224,#2225,#2226,#2227,#2228,#2229,#2230,#2231,#2232,
#2233,#2234,#2235,#2236,#2237,#2238,#2239,#2240,#2241,#2242,#2243,#2244,
#2245,#2246,#2247,#2248,#2249,#2250,#2251,#2252,#2253,#2254,#2255,#2256,
#2257),.UNSPECIFIED.,.F.,.F.,(4,3,3,3,3,3,3,3,3,3,3,3,3,3,4),(-0.0918055549522446,
-0.0796657828850452,-0.0597493371637839,-0.044812002872838,-0.0364138249148524,
-0.0301513974912619,-0.0248493106207257,-0.0204067986634281,-0.0164141645558082,
-0.0130666463123485,-0.00975779964759283,-0.00723273065477155,-0.00474257874003537,
-0.00206546770027739,0.),.UNSPECIFIED.);
#58=B_SPLINE_CURVE_WITH_KNOTS('',3,(#2261,#2262,#2263,#2264,#2265,#2266,
#2267,#2268,#2269,#2270,#2271,#2272,#2273,#2274,#2275,#2276,#2277,#2278,
#2279,#2280,#2281,#2282,#2283,#2284,#2285,#2286,#2287,#2288,#2289,#2290,
#2291,#2292,#2293,#2294,#2295,#2296,#2297,#2298,#2299,#2300,#2301,#2302,
#2303),.UNSPECIFIED.,.F.,.F.,(4,3,3,3,3,3,3,3,3,3,3,3,3,3,4),(-0.428315024758963,
-0.417237258555592,-0.40416280546979,-0.392896743505002,-0.378449954643276,
-0.36323225029242,-0.340530234649144,-0.321237222778216,-0.297405851324242,
-0.266608367852268,-0.228559141669873,-0.169616666420709,-0.0848083332103543,
-0.0194149678219746,0.),.UNSPECIFIED.);
#59=B_SPLINE_CURVE_WITH_KNOTS('',3,(#2315,#2316,#2317,#2318,#2319,#2320,
#2321,#2322,#2323,#2324,#2325,#2326,#2327,#2328,#2329,#2330,#2331,#2332,
#2333,#2334,#2335,#2336,#2337,#2338,#2339,#2340,#2341,#2342,#2343,#2344,
#2345,#2346,#2347,#2348,#2349,#2350,#2351,#2352,#2353,#2354,#2355,#2356,
#2357),.UNSPECIFIED.,.F.,.F.,(4,3,3,3,3,3,3,3,3,3,3,3,3,3,4),(-0.0918055549753047,
-0.0796657829410623,-0.0597493372057967,-0.0448120029043475,-0.0364138249322405,
-0.0301513975057593,-0.0248493106333817,-0.0204067986692194,-0.0164141645612162,
-0.0130666463165291,-0.00975779965042428,-0.0072327306569494,-0.00474257874159895,
-0.00206546770107834,0.),.UNSPECIFIED.);
#60=B_SPLINE_CURVE_WITH_KNOTS('',3,(#2361,#2362,#2363,#2364,#2365,#2366,
#2367,#2368,#2369,#2370,#2371,#2372,#2373,#2374,#2375,#2376,#2377,#2378,
#2379,#2380,#2381,#2382,#2383,#2384,#2385,#2386,#2387,#2388,#2389,#2390,
#2391,#2392,#2393,#2394,#2395,#2396,#2397,#2398,#2399,#2400,#2401,#2402,
#2403),.UNSPECIFIED.,.F.,.F.,(4,3,3,3,3,3,3,3,3,3,3,3,3,3,4),(-0.428315024597181,
-0.417237258398167,-0.404162805317325,-0.392896743356837,-0.378449954500442,
-0.363232250155305,-0.340530234520598,-0.321237222666535,-0.297405851219434,
-0.266608367759647,-0.228559141584378,-0.169616666306632,-0.0848083331533161,
-0.0194149676443699,0.),.UNSPECIFIED.);
#61=B_SPLINE_CURVE_WITH_KNOTS('',3,(#2415,#2416,#2417,#2418,#2419,#2420,
#2421,#2422,#2423,#2424,#2425,#2426,#2427,#2428,#2429,#2430,#2431,#2432,
#2433,#2434,#2435,#2436,#2437,#2438,#2439,#2440,#2441,#2442,#2443,#2444,
#2445,#2446,#2447,#2448,#2449,#2450,#2451,#2452,#2453,#2454,#2455,#2456,
#2457),.UNSPECIFIED.,.F.,.F.,(4,3,3,3,3,3,3,3,3,3,3,3,3,3,4),(-0.0918055549231737,
-0.0796657828955918,-0.0597493371716939,-0.0448120028787704,-0.0364138249113733,
-0.0301513974889986,-0.0248493106198943,-0.0204067986575563,-0.0164141645519136,
-0.0130666463091222,-0.00975779964483095,-0.00723273065277996,-0.00474257873885835,
-0.0020654676998273,0.),.UNSPECIFIED.);
#62=B_SPLINE_CURVE_WITH_KNOTS('',3,(#2461,#2462,#2463,#2464,#2465,#2466,
#2467,#2468,#2469,#2470,#2471,#2472,#2473,#2474,#2475,#2476,#2477,#2478,
#2479,#2480,#2481,#2482,#2483,#2484,#2485,#2486,#2487,#2488,#2489,#2490,
#2491,#2492,#2493,#2494,#2495,#2496,#2497,#2498,#2499,#2500,#2501,#2502,
#2503),.UNSPECIFIED.,.F.,.F.,(4,3,3,3,3,3,3,3,3,3,3,3,3,3,4),(-0.4283150245912,
-0.417237258392251,-0.404162805311488,-0.392896743350952,-0.378449954494943,
-0.363232250150419,-0.340530234516017,-0.321237222654642,-0.297405851207578,
-0.266608367746851,-0.228559141575424,-0.169616666290733,-0.0848083331453666,
-0.0194149676150294,0.),.UNSPECIFIED.);
#63=B_SPLINE_CURVE_WITH_KNOTS('',3,(#2515,#2516,#2517,#2518,#2519,#2520,
#2521,#2522,#2523,#2524,#2525,#2526,#2527,#2528,#2529,#2530,#2531,#2532,
#2533,#2534,#2535,#2536,#2537,#2538,#2539,#2540,#2541,#2542,#2543,#2544,
#2545,#2546,#2547,#2548,#2549,#2550,#2551,#2552,#2553,#2554,#2555,#2556,
#2557),.UNSPECIFIED.,.F.,.F.,(4,3,3,3,3,3,3,3,3,3,3,3,3,3,4),(-0.0918055549060493,
-0.07966578283927,-0.0597493371294525,-0.0448120028470894,-0.0364138248946732,
-0.030151397473379,-0.0248493106050608,-0.0204067986526202,-0.0164141645461624,
-0.0130666463047033,-0.00975779964220977,-0.00723273065069826,-0.00474257873709977,
-0.00206546769878057,0.),.UNSPECIFIED.);
#64=B_SPLINE_CURVE_WITH_KNOTS('',3,(#2561,#2562,#2563,#2564,#2565,#2566,
#2567,#2568,#2569,#2570,#2571,#2572,#2573,#2574,#2575,#2576,#2577,#2578,
#2579,#2580,#2581,#2582,#2583,#2584,#2585,#2586,#2587,#2588,#2589,#2590,
#2591,#2592,#2593,#2594,#2595,#2596,#2597,#2598,#2599,#2600,#2601,#2602,
#2603),.UNSPECIFIED.,.F.,.F.,(4,3,3,3,3,3,3,3,3,3,3,3,3,3,4),(-0.428315024741522,
-0.417237258539117,-0.404162805453749,-0.39289674348924,-0.37844995462822,
-0.36323225027801,-0.340530234635634,-0.321237222757444,-0.297405851302349,
-0.266608367832634,-0.228559141650502,-0.169616666394332,-0.0848083331971658,
-0.0194149676835721,0.),.UNSPECIFIED.);
#65=B_SPLINE_CURVE_WITH_KNOTS('',3,(#2615,#2616,#2617,#2618,#2619,#2620,
#2621,#2622,#2623,#2624,#2625,#2626,#2627,#2628,#2629,#2630,#2631,#2632,
#2633,#2634,#2635,#2636,#2637,#2638,#2639,#2640,#2641,#2642,#2643,#2644,
#2645,#2646,#2647,#2648,#2649,#2650,#2651,#2652,#2653,#2654,#2655,#2656,
#2657),.UNSPECIFIED.,.F.,.F.,(4,3,3,3,3,3,3,3,3,3,3,3,3,3,4),(-0.0918055549532881,
-0.0796657829059058,-0.0597493371794293,-0.044812002884572,-0.0364138249198219,
-0.0301513974953456,-0.02484931062444,-0.0204067986641053,-0.0164141645567772,
-0.0130666463130936,-0.00975779964805922,-0.00723273065517567,-0.00474257874042054,
-0.00206546770050926,0.),.UNSPECIFIED.);
#66=B_SPLINE_CURVE_WITH_KNOTS('',3,(#2661,#2662,#2663,#2664,#2665,#2666,
#2667,#2668,#2669,#2670,#2671,#2672,#2673,#2674,#2675,#2676,#2677,#2678,
#2679,#2680,#2681,#2682,#2683,#2684,#2685,#2686,#2687,#2688,#2689,#2690,
#2691,#2692,#2693,#2694,#2695,#2696,#2697,#2698,#2699,#2700,#2701,#2702,
#2703),.UNSPECIFIED.,.F.,.F.,(4,3,3,3,3,3,3,3,3,3,3,3,3,3,4),(-0.428315024673314,
-0.417237258472428,-0.404162805389064,-0.39289674342623,-0.378449954567731,
-0.363232250220162,-0.340530234581402,-0.321237222707295,-0.297405851255263,
-0.266608367798598,-0.228559141618699,-0.169616666398011,-0.0848083331990053,
-0.0194149676345279,0.),.UNSPECIFIED.);
#67=B_SPLINE_CURVE_WITH_KNOTS('',3,(#2715,#2716,#2717,#2718,#2719,#2720,
#2721,#2722,#2723,#2724,#2725,#2726,#2727,#2728,#2729,#2730,#2731,#2732,
#2733,#2734,#2735,#2736,#2737,#2738,#2739,#2740,#2741,#2742,#2743,#2744,
#2745,#2746,#2747,#2748,#2749,#2750,#2751,#2752,#2753,#2754,#2755,#2756,
#2757),.UNSPECIFIED.,.F.,.F.,(4,3,3,3,3,3,3,3,3,3,3,3,3,3,4),(-0.0918055549795814,
-0.0796657829290506,-0.059749337196788,-0.044812002897591,-0.0364138249301881,
-0.0301513975036265,-0.0248493106311636,-0.0204067986698631,-0.0164141645614471,
-0.0130666463167795,-0.00975779965075285,-0.00723273065716329,-0.0047425787416918,
-0.00206546770108623,0.),.UNSPECIFIED.);
#68=B_SPLINE_CURVE_WITH_KNOTS('',3,(#2761,#2762,#2763,#2764,#2765,#2766,
#2767,#2768,#2769,#2770,#2771,#2772,#2773,#2774,#2775,#2776,#2777,#2778,
#2779,#2780,#2781,#2782,#2783,#2784,#2785,#2786,#2787,#2788,#2789,#2790,
#2791,#2792,#2793,#2794,#2795,#2796,#2797,#2798,#2799,#2800,#2801,#2802,
#2803),.UNSPECIFIED.,.F.,.F.,(4,3,3,3,3,3,3,3,3,3,3,3,3,3,4),(-0.428315024669759,
-0.417237258468818,-0.404162805385625,-0.392896743422803,-0.378449954563781,
-0.363232250216425,-0.340530234577898,-0.321237222716211,-0.297405851266434,
-0.266608367803076,-0.228559141622821,-0.169616666370928,-0.0848083331854642,
-0.0194149676553965,0.),.UNSPECIFIED.);
#69=B_SPLINE_CURVE_WITH_KNOTS('',3,(#2815,#2816,#2817,#2818,#2819,#2820,
#2821,#2822,#2823,#2824,#2825,#2826,#2827,#2828,#2829,#2830,#2831,#2832,
#2833,#2834,#2835,#2836,#2837,#2838,#2839,#2840,#2841,#2842,#2843,#2844,
#2845,#2846,#2847,#2848,#2849,#2850,#2851,#2852,#2853,#2854,#2855,#2856,
#2857),.UNSPECIFIED.,.F.,.F.,(4,3,3,3,3,3,3,3,3,3,3,3,3,3,4),(-0.0918055549240186,
-0.0796657828866556,-0.0597493371649917,-0.0448120028737438,-0.0364138249093546,
-0.0301513974868363,-0.0248493106176632,-0.0204067986577969,-0.016414164551827,
-0.0130666463091544,-0.00975779964495357,-0.00723273065288168,-0.00474257873893251,
-0.00206546769992881,0.),.UNSPECIFIED.);
#70=B_SPLINE_CURVE_WITH_KNOTS('',3,(#2861,#2862,#2863,#2864,#2865,#2866,
#2867,#2868,#2869,#2870,#2871,#2872,#2873,#2874,#2875,#2876,#2877,#2878,
#2879,#2880,#2881,#2882,#2883,#2884,#2885,#2886,#2887,#2888,#2889,#2890,
#2891,#2892,#2893,#2894,#2895,#2896,#2897,#2898,#2899,#2900,#2901,#2902,
#2903),.UNSPECIFIED.,.F.,.F.,(4,3,3,3,3,3,3,3,3,3,3,3,3,3,4),(-0.428315024596634,
-0.417237258397647,-0.404162805316611,-0.392896743355401,-0.378449954498252,
-0.363232250153649,-0.340530234519046,-0.321237222645467,-0.297405851201553,
-0.266608367745404,-0.228559141575761,-0.169616666316055,-0.0848083331580275,
-0.0194149676420452,0.),.UNSPECIFIED.);
#71=CIRCLE('',#1487,0.1425);
#72=CIRCLE('',#1488,0.1425);
#73=CIRCLE('',#1490,0.136);
#74=CIRCLE('',#1491,1.29861111110508);
#75=CIRCLE('',#1492,0.136);
#76=CIRCLE('',#1493,0.774086666663);
#77=CIRCLE('',#1494,0.136);
#78=CIRCLE('',#1495,1.29861111110508);
#79=CIRCLE('',#1496,0.136);
#80=CIRCLE('',#1497,0.774086666663);
#81=CIRCLE('',#1498,0.136);
#82=CIRCLE('',#1499,1.29861111110508);
#83=CIRCLE('',#1500,0.136);
#84=CIRCLE('',#1501,0.774086666663);
#85=CIRCLE('',#1502,0.136);
#86=CIRCLE('',#1503,1.29861111110508);
#87=CIRCLE('',#1504,0.136);
#88=CIRCLE('',#1505,0.774086666663);
#89=CIRCLE('',#1506,0.136);
#90=CIRCLE('',#1507,1.29861111110508);
#91=CIRCLE('',#1508,0.136);
#92=CIRCLE('',#1509,0.774086666663);
#93=CIRCLE('',#1510,0.136);
#94=CIRCLE('',#1511,1.29861111110508);
#95=CIRCLE('',#1512,0.136);
#96=CIRCLE('',#1513,0.774086666663);
#97=CIRCLE('',#1514,0.136);
#98=CIRCLE('',#1515,1.29861111110508);
#99=CIRCLE('',#1516,0.136);
#100=CIRCLE('',#1517,0.774086666663);
#101=CIRCLE('',#1518,0.136);
#102=CIRCLE('',#1519,1.29861111110508);
#103=CIRCLE('',#1520,0.136);
#104=CIRCLE('',#1521,0.774086666663);
#105=CIRCLE('',#1522,0.136);
#106=CIRCLE('',#1523,1.29861111110508);
#107=CIRCLE('',#1524,0.136);
#108=CIRCLE('',#1525,0.774086666663);
#109=CIRCLE('',#1527,1.29861111110508);
#110=CIRCLE('',#1530,0.136);
#111=CIRCLE('',#1532,0.774086666663);
#112=CIRCLE('',#1534,0.136);
#113=CIRCLE('',#1537,1.29861111110508);
#114=CIRCLE('',#1540,0.136);
#115=CIRCLE('',#1542,0.774086666663);
#116=CIRCLE('',#1544,0.136);
#117=CIRCLE('',#1547,1.29861111110508);
#118=CIRCLE('',#1550,0.136);
#119=CIRCLE('',#1552,0.774086666663);
#120=CIRCLE('',#1554,0.136);
#121=CIRCLE('',#1557,1.29861111110508);
#122=CIRCLE('',#1560,0.136);
#123=CIRCLE('',#1562,0.774086666663);
#124=CIRCLE('',#1564,0.136);
#125=CIRCLE('',#1567,1.29861111110508);
#126=CIRCLE('',#1570,0.136);
#127=CIRCLE('',#1572,0.136);
#128=CIRCLE('',#1575,0.136);
#129=CIRCLE('',#1578,0.136);
#130=CIRCLE('',#1581,0.136);
#131=CIRCLE('',#1584,0.136);
#132=CIRCLE('',#1587,0.136);
#133=CIRCLE('',#1590,0.136);
#134=CIRCLE('',#1593,1.29861111110508);
#135=CIRCLE('',#1595,1.29861111110508);
#136=CIRCLE('',#1597,1.29861111110508);
#137=CIRCLE('',#1599,0.774086666663);
#138=CIRCLE('',#1601,0.774086666663);
#139=CIRCLE('',#1603,0.774086666663);
#140=CIRCLE('',#1605,0.774086666663);
#141=CIRCLE('',#1607,0.136);
#142=CIRCLE('',#1610,0.136);
#143=CIRCLE('',#1613,1.29861111110508);
#144=CIRCLE('',#1615,0.774086666663);
#145=CYLINDRICAL_SURFACE('',#1486,0.1425);
#146=CYLINDRICAL_SURFACE('',#1526,1.29861111110508);
#147=CYLINDRICAL_SURFACE('',#1529,0.136);
#148=CYLINDRICAL_SURFACE('',#1531,0.774086666663);
#149=CYLINDRICAL_SURFACE('',#1533,0.136);
#150=CYLINDRICAL_SURFACE('',#1536,1.29861111110508);
#151=CYLINDRICAL_SURFACE('',#1539,0.136);
#152=CYLINDRICAL_SURFACE('',#1541,0.774086666663);
#153=CYLINDRICAL_SURFACE('',#1543,0.136);
#154=CYLINDRICAL_SURFACE('',#1546,1.29861111110508);
#155=CYLINDRICAL_SURFACE('',#1549,0.136);
#156=CYLINDRICAL_SURFACE('',#1551,0.774086666663);
#157=CYLINDRICAL_SURFACE('',#1553,0.136);
#158=CYLINDRICAL_SURFACE('',#1556,1.29861111110508);
#159=CYLINDRICAL_SURFACE('',#1559,0.136);
#160=CYLINDRICAL_SURFACE('',#1561,0.774086666663);
#161=CYLINDRICAL_SURFACE('',#1563,0.136);
#162=CYLINDRICAL_SURFACE('',#1566,1.29861111110508);
#163=CYLINDRICAL_SURFACE('',#1569,0.136);
#164=CYLINDRICAL_SURFACE('',#1571,0.136);
#165=CYLINDRICAL_SURFACE('',#1574,0.136);
#166=CYLINDRICAL_SURFACE('',#1577,0.136);
#167=CYLINDRICAL_SURFACE('',#1580,0.136);
#168=CYLINDRICAL_SURFACE('',#1583,0.136);
#169=CYLINDRICAL_SURFACE('',#1586,0.136);
#170=CYLINDRICAL_SURFACE('',#1589,0.136);
#171=CYLINDRICAL_SURFACE('',#1592,1.29861111110508);
#172=CYLINDRICAL_SURFACE('',#1594,1.29861111110508);
#173=CYLINDRICAL_SURFACE('',#1596,1.29861111110508);
#174=CYLINDRICAL_SURFACE('',#1598,0.774086666663);
#175=CYLINDRICAL_SURFACE('',#1600,0.774086666663);
#176=CYLINDRICAL_SURFACE('',#1602,0.774086666663);
#177=CYLINDRICAL_SURFACE('',#1604,0.774086666663);
#178=CYLINDRICAL_SURFACE('',#1606,0.136);
#179=CYLINDRICAL_SURFACE('',#1609,0.136);
#180=CYLINDRICAL_SURFACE('',#1612,1.29861111110508);
#181=CYLINDRICAL_SURFACE('',#1616,0.774086666663);
#182=FACE_OUTER_BOUND('',#258,.T.);
#183=FACE_OUTER_BOUND('',#259,.T.);
#184=FACE_OUTER_BOUND('',#260,.T.);
#185=FACE_OUTER_BOUND('',#262,.T.);
#186=FACE_OUTER_BOUND('',#263,.T.);
#187=FACE_OUTER_BOUND('',#264,.T.);
#188=FACE_OUTER_BOUND('',#265,.T.);
#189=FACE_OUTER_BOUND('',#266,.T.);
#190=FACE_OUTER_BOUND('',#267,.T.);
#191=FACE_OUTER_BOUND('',#268,.T.);
#192=FACE_OUTER_BOUND('',#269,.T.);
#193=FACE_OUTER_BOUND('',#270,.T.);
#194=FACE_OUTER_BOUND('',#271,.T.);
#195=FACE_OUTER_BOUND('',#272,.T.);
#196=FACE_OUTER_BOUND('',#273,.T.);
#197=FACE_OUTER_BOUND('',#274,.T.);
#198=FACE_OUTER_BOUND('',#275,.T.);
#199=FACE_OUTER_BOUND('',#276,.T.);
#200=FACE_OUTER_BOUND('',#277,.T.);
#201=FACE_OUTER_BOUND('',#278,.T.);
#202=FACE_OUTER_BOUND('',#279,.T.);
#203=FACE_OUTER_BOUND('',#280,.T.);
#204=FACE_OUTER_BOUND('',#281,.T.);
#205=FACE_OUTER_BOUND('',#282,.T.);
#206=FACE_OUTER_BOUND('',#283,.T.);
#207=FACE_OUTER_BOUND('',#284,.T.);
#208=FACE_OUTER_BOUND('',#285,.T.);
#209=FACE_OUTER_BOUND('',#286,.T.);
#210=FACE_OUTER_BOUND('',#287,.T.);
#211=FACE_OUTER_BOUND('',#288,.T.);
#212=FACE_OUTER_BOUND('',#289,.T.);
#213=FACE_OUTER_BOUND('',#290,.T.);
#214=FACE_OUTER_BOUND('',#291,.T.);
#215=FACE_OUTER_BOUND('',#292,.T.);
#216=FACE_OUTER_BOUND('',#293,.T.);
#217=FACE_OUTER_BOUND('',#294,.T.);
#218=FACE_OUTER_BOUND('',#295,.T.);
#219=FACE_OUTER_BOUND('',#296,.T.);
#220=FACE_OUTER_BOUND('',#297,.T.);
#221=FACE_OUTER_BOUND('',#298,.T.);
#222=FACE_OUTER_BOUND('',#299,.T.);
#223=FACE_OUTER_BOUND('',#300,.T.);
#224=FACE_OUTER_BOUND('',#301,.T.);
#225=FACE_OUTER_BOUND('',#302,.T.);
#226=FACE_OUTER_BOUND('',#303,.T.);
#227=FACE_OUTER_BOUND('',#304,.T.);
#228=FACE_OUTER_BOUND('',#305,.T.);
#229=FACE_OUTER_BOUND('',#306,.T.);
#230=FACE_OUTER_BOUND('',#307,.T.);
#231=FACE_OUTER_BOUND('',#308,.T.);
#232=FACE_OUTER_BOUND('',#309,.T.);
#233=FACE_OUTER_BOUND('',#310,.T.);
#234=FACE_OUTER_BOUND('',#311,.T.);
#235=FACE_OUTER_BOUND('',#312,.T.);
#236=FACE_OUTER_BOUND('',#313,.T.);
#237=FACE_OUTER_BOUND('',#314,.T.);
#238=FACE_OUTER_BOUND('',#315,.T.);
#239=FACE_OUTER_BOUND('',#316,.T.);
#240=FACE_OUTER_BOUND('',#317,.T.);
#241=FACE_OUTER_BOUND('',#318,.T.);
#242=FACE_OUTER_BOUND('',#319,.T.);
#243=FACE_OUTER_BOUND('',#320,.T.);
#244=FACE_OUTER_BOUND('',#321,.T.);
#245=FACE_OUTER_BOUND('',#322,.T.);
#246=FACE_OUTER_BOUND('',#323,.T.);
#247=FACE_OUTER_BOUND('',#324,.T.);
#248=FACE_OUTER_BOUND('',#325,.T.);
#249=FACE_OUTER_BOUND('',#326,.T.);
#250=FACE_OUTER_BOUND('',#327,.T.);
#251=FACE_OUTER_BOUND('',#328,.T.);
#252=FACE_OUTER_BOUND('',#329,.T.);
#253=FACE_OUTER_BOUND('',#330,.T.);
#254=FACE_OUTER_BOUND('',#331,.T.);
#255=FACE_OUTER_BOUND('',#332,.T.);
#256=FACE_OUTER_BOUND('',#333,.T.);
#257=FACE_OUTER_BOUND('',#335,.T.);
#258=EDGE_LOOP('',(#930,#931,#932,#933));
#259=EDGE_LOOP('',(#934,#935,#936,#937));
#260=EDGE_LOOP('',(#938,#939,#940,#941,#942,#943,#944,#945,#946,#947,#948,
#949,#950,#951,#952,#953,#954,#955,#956,#957,#958,#959,#960,#961,#962,#963,
#964,#965,#966,#967,#968,#969,#970,#971,#972,#973,#974,#975,#976,#977,#978,
#979,#980,#981,#982,#983,#984,#985,#986,#987,#988,#989,#990,#991,#992,#993,
#994,#995,#996,#997,#998,#999,#1000,#1001,#1002,#1003,#1004,#1005,#1006,
#1007,#1008,#1009));
#261=EDGE_LOOP('',(#1010,#1011));
#262=EDGE_LOOP('',(#1012,#1013,#1014,#1015));
#263=EDGE_LOOP('',(#1016,#1017,#1018,#1019));
#264=EDGE_LOOP('',(#1020,#1021,#1022,#1023));
#265=EDGE_LOOP('',(#1024,#1025,#1026,#1027));
#266=EDGE_LOOP('',(#1028,#1029,#1030,#1031));
#267=EDGE_LOOP('',(#1032,#1033,#1034,#1035));
#268=EDGE_LOOP('',(#1036,#1037,#1038,#1039));
#269=EDGE_LOOP('',(#1040,#1041,#1042,#1043));
#270=EDGE_LOOP('',(#1044,#1045,#1046,#1047));
#271=EDGE_LOOP('',(#1048,#1049,#1050,#1051));
#272=EDGE_LOOP('',(#1052,#1053,#1054,#1055));
#273=EDGE_LOOP('',(#1056,#1057,#1058,#1059));
#274=EDGE_LOOP('',(#1060,#1061,#1062,#1063));
#275=EDGE_LOOP('',(#1064,#1065,#1066,#1067));
#276=EDGE_LOOP('',(#1068,#1069,#1070,#1071));
#277=EDGE_LOOP('',(#1072,#1073,#1074,#1075));
#278=EDGE_LOOP('',(#1076,#1077,#1078,#1079));
#279=EDGE_LOOP('',(#1080,#1081,#1082,#1083));
#280=EDGE_LOOP('',(#1084,#1085,#1086,#1087));
#281=EDGE_LOOP('',(#1088,#1089,#1090,#1091));
#282=EDGE_LOOP('',(#1092,#1093,#1094,#1095));
#283=EDGE_LOOP('',(#1096,#1097,#1098,#1099));
#284=EDGE_LOOP('',(#1100,#1101,#1102,#1103));
#285=EDGE_LOOP('',(#1104,#1105,#1106,#1107));
#286=EDGE_LOOP('',(#1108,#1109,#1110,#1111));
#287=EDGE_LOOP('',(#1112,#1113,#1114,#1115));
#288=EDGE_LOOP('',(#1116,#1117,#1118,#1119));
#289=EDGE_LOOP('',(#1120,#1121,#1122,#1123));
#290=EDGE_LOOP('',(#1124,#1125,#1126,#1127));
#291=EDGE_LOOP('',(#1128,#1129,#1130,#1131));
#292=EDGE_LOOP('',(#1132,#1133,#1134,#1135));
#293=EDGE_LOOP('',(#1136,#1137,#1138,#1139));
#294=EDGE_LOOP('',(#1140,#1141,#1142,#1143));
#295=EDGE_LOOP('',(#1144,#1145,#1146,#1147));
#296=EDGE_LOOP('',(#1148,#1149,#1150,#1151));
#297=EDGE_LOOP('',(#1152,#1153,#1154,#1155));
#298=EDGE_LOOP('',(#1156,#1157,#1158,#1159));
#299=EDGE_LOOP('',(#1160,#1161,#1162,#1163));
#300=EDGE_LOOP('',(#1164,#1165,#1166,#1167));
#301=EDGE_LOOP('',(#1168,#1169,#1170,#1171));
#302=EDGE_LOOP('',(#1172,#1173,#1174,#1175));
#303=EDGE_LOOP('',(#1176,#1177,#1178,#1179));
#304=EDGE_LOOP('',(#1180,#1181,#1182,#1183));
#305=EDGE_LOOP('',(#1184,#1185,#1186,#1187));
#306=EDGE_LOOP('',(#1188,#1189,#1190,#1191));
#307=EDGE_LOOP('',(#1192,#1193,#1194,#1195));
#308=EDGE_LOOP('',(#1196,#1197,#1198,#1199));
#309=EDGE_LOOP('',(#1200,#1201,#1202,#1203));
#310=EDGE_LOOP('',(#1204,#1205,#1206,#1207));
#311=EDGE_LOOP('',(#1208,#1209,#1210,#1211));
#312=EDGE_LOOP('',(#1212,#1213,#1214,#1215));
#313=EDGE_LOOP('',(#1216,#1217,#1218,#1219));
#314=EDGE_LOOP('',(#1220,#1221,#1222,#1223));
#315=EDGE_LOOP('',(#1224,#1225,#1226,#1227));
#316=EDGE_LOOP('',(#1228,#1229,#1230,#1231));
#317=EDGE_LOOP('',(#1232,#1233,#1234,#1235));
#318=EDGE_LOOP('',(#1236,#1237,#1238,#1239));
#319=EDGE_LOOP('',(#1240,#1241,#1242,#1243));
#320=EDGE_LOOP('',(#1244,#1245,#1246,#1247));
#321=EDGE_LOOP('',(#1248,#1249,#1250,#1251));
#322=EDGE_LOOP('',(#1252,#1253,#1254,#1255));
#323=EDGE_LOOP('',(#1256,#1257,#1258,#1259));
#324=EDGE_LOOP('',(#1260,#1261,#1262,#1263));
#325=EDGE_LOOP('',(#1264,#1265,#1266,#1267));
#326=EDGE_LOOP('',(#1268,#1269,#1270,#1271));
#327=EDGE_LOOP('',(#1272,#1273,#1274,#1275));
#328=EDGE_LOOP('',(#1276,#1277,#1278,#1279));
#329=EDGE_LOOP('',(#1280,#1281,#1282,#1283));
#330=EDGE_LOOP('',(#1284,#1285,#1286,#1287));
#331=EDGE_LOOP('',(#1288,#1289,#1290,#1291));
#332=EDGE_LOOP('',(#1292,#1293,#1294,#1295));
#333=EDGE_LOOP('',(#1296,#1297,#1298,#1299,#1300,#1301,#1302,#1303,#1304,
#1305,#1306,#1307,#1308,#1309,#1310,#1311,#1312,#1313,#1314,#1315,#1316,
#1317,#1318,#1319,#1320,#1321,#1322,#1323,#1324,#1325,#1326,#1327,#1328,
#1329,#1330,#1331,#1332,#1333,#1334,#1335,#1336,#1337,#1338,#1339,#1340,
#1341,#1342,#1343,#1344,#1345,#1346,#1347,#1348,#1349,#1350,#1351,#1352,
#1353,#1354,#1355,#1356,#1357,#1358,#1359,#1360,#1361,#1362,#1363,#1364,
#1365,#1366,#1367));
#334=EDGE_LOOP('',(#1368,#1369));
#335=EDGE_LOOP('',(#1370,#1371,#1372,#1373));
#336=LINE('',#1999,#448);
#337=LINE('',#2001,#449);
#338=LINE('',#2003,#450);
#339=LINE('',#2004,#451);
#340=LINE('',#2013,#452);
#341=LINE('',#2105,#453);
#342=LINE('',#2113,#454);
#343=LINE('',#2205,#455);
#344=LINE('',#2213,#456);
#345=LINE('',#2305,#457);
#346=LINE('',#2313,#458);
#347=LINE('',#2405,#459);
#348=LINE('',#2413,#460);
#349=LINE('',#2505,#461);
#350=LINE('',#2513,#462);
#351=LINE('',#2605,#463);
#352=LINE('',#2613,#464);
#353=LINE('',#2705,#465);
#354=LINE('',#2713,#466);
#355=LINE('',#2805,#467);
#356=LINE('',#2813,#468);
#357=LINE('',#2905,#469);
#358=LINE('',#2911,#470);
#359=LINE('',#2914,#471);
#360=LINE('',#3066,#472);
#361=LINE('',#3144,#473);
#362=LINE('',#3145,#474);
#363=LINE('',#3148,#475);
#364=LINE('',#3152,#476);
#365=LINE('',#3156,#477);
#366=LINE('',#3160,#478);
#367=LINE('',#3161,#479);
#368=LINE('',#3313,#480);
#369=LINE('',#3391,#481);
#370=LINE('',#3544,#482);
#371=LINE('',#3622,#483);
#372=LINE('',#3623,#484);
#373=LINE('',#3626,#485);
#374=LINE('',#3630,#486);
#375=LINE('',#3634,#487);
#376=LINE('',#3638,#488);
#377=LINE('',#3639,#489);
#378=LINE('',#3791,#490);
#379=LINE('',#3869,#491);
#380=LINE('',#4022,#492);
#381=LINE('',#4100,#493);
#382=LINE('',#4101,#494);
#383=LINE('',#4104,#495);
#384=LINE('',#4108,#496);
#385=LINE('',#4112,#497);
#386=LINE('',#4116,#498);
#387=LINE('',#4117,#499);
#388=LINE('',#4269,#500);
#389=LINE('',#4347,#501);
#390=LINE('',#4500,#502);
#391=LINE('',#4578,#503);
#392=LINE('',#4579,#504);
#393=LINE('',#4582,#505);
#394=LINE('',#4586,#506);
#395=LINE('',#4590,#507);
#396=LINE('',#4594,#508);
#397=LINE('',#4595,#509);
#398=LINE('',#4747,#510);
#399=LINE('',#4825,#511);
#400=LINE('',#4978,#512);
#401=LINE('',#5056,#513);
#402=LINE('',#5057,#514);
#403=LINE('',#5060,#515);
#404=LINE('',#5064,#516);
#405=LINE('',#5067,#517);
#406=LINE('',#5070,#518);
#407=LINE('',#5071,#519);
#408=LINE('',#5074,#520);
#409=LINE('',#5077,#521);
#410=LINE('',#5080,#522);
#411=LINE('',#5081,#523);
#412=LINE('',#5084,#524);
#413=LINE('',#5087,#525);
#414=LINE('',#5090,#526);
#415=LINE('',#5091,#527);
#416=LINE('',#5094,#528);
#417=LINE('',#5097,#529);
#418=LINE('',#5100,#530);
#419=LINE('',#5101,#531);
#420=LINE('',#5104,#532);
#421=LINE('',#5107,#533);
#422=LINE('',#5110,#534);
#423=LINE('',#5111,#535);
#424=LINE('',#5114,#536);
#425=LINE('',#5117,#537);
#426=LINE('',#5120,#538);
#427=LINE('',#5121,#539);
#428=LINE('',#5124,#540);
#429=LINE('',#5127,#541);
#430=LINE('',#5130,#542);
#431=LINE('',#5131,#543);
#432=LINE('',#5358,#544);
#433=LINE('',#5362,#545);
#434=LINE('',#6039,#546);
#435=LINE('',#6043,#547);
#436=LINE('',#6495,#548);
#437=LINE('',#6499,#549);
#438=LINE('',#6728,#550);
#439=LINE('',#6738,#551);
#440=LINE('',#6741,#552);
#441=LINE('',#6742,#553);
#442=LINE('',#6745,#554);
#443=LINE('',#6748,#555);
#444=LINE('',#6751,#556);
#445=LINE('',#6752,#557);
#446=LINE('',#6979,#558);
#447=LINE('',#6983,#559);
#448=VECTOR('',#1621,1.);
#449=VECTOR('',#1622,1.);
#450=VECTOR('',#1623,1.);
#451=VECTOR('',#1624,1.);
#452=VECTOR('',#1635,1.);
#453=VECTOR('',#1638,1.);
#454=VECTOR('',#1645,1.);
#455=VECTOR('',#1648,1.);
#456=VECTOR('',#1655,1.);
#457=VECTOR('',#1658,1.);
#458=VECTOR('',#1665,1.);
#459=VECTOR('',#1668,1.);
#460=VECTOR('',#1675,1.);
#461=VECTOR('',#1678,1.);
#462=VECTOR('',#1685,1.);
#463=VECTOR('',#1688,1.);
#464=VECTOR('',#1695,1.);
#465=VECTOR('',#1698,1.);
#466=VECTOR('',#1705,1.);
#467=VECTOR('',#1708,1.);
#468=VECTOR('',#1715,1.);
#469=VECTOR('',#1718,1.);
#470=VECTOR('',#1725,1.);
#471=VECTOR('',#1728,1.);
#472=VECTOR('',#1729,1.);
#473=VECTOR('',#1732,1.);
#474=VECTOR('',#1733,1.);
#475=VECTOR('',#1736,1.);
#476=VECTOR('',#1741,1.);
#477=VECTOR('',#1746,1.);
#478=VECTOR('',#1751,1.);
#479=VECTOR('',#1752,1.);
#480=VECTOR('',#1753,1.);
#481=VECTOR('',#1756,1.);
#482=VECTOR('',#1759,1.);
#483=VECTOR('',#1762,1.);
#484=VECTOR('',#1763,1.);
#485=VECTOR('',#1766,1.);
#486=VECTOR('',#1771,1.);
#487=VECTOR('',#1776,1.);
#488=VECTOR('',#1781,1.);
#489=VECTOR('',#1782,1.);
#490=VECTOR('',#1783,1.);
#491=VECTOR('',#1786,1.);
#492=VECTOR('',#1789,1.);
#493=VECTOR('',#1792,1.);
#494=VECTOR('',#1793,1.);
#495=VECTOR('',#1796,1.);
#496=VECTOR('',#1801,1.);
#497=VECTOR('',#1806,1.);
#498=VECTOR('',#1811,1.);
#499=VECTOR('',#1812,1.);
#500=VECTOR('',#1813,1.);
#501=VECTOR('',#1816,1.);
#502=VECTOR('',#1819,1.);
#503=VECTOR('',#1822,1.);
#504=VECTOR('',#1823,1.);
#505=VECTOR('',#1826,1.);
#506=VECTOR('',#1831,1.);
#507=VECTOR('',#1836,1.);
#508=VECTOR('',#1841,1.);
#509=VECTOR('',#1842,1.);
#510=VECTOR('',#1843,1.);
#511=VECTOR('',#1846,1.);
#512=VECTOR('',#1849,1.);
#513=VECTOR('',#1852,1.);
#514=VECTOR('',#1853,1.);
#515=VECTOR('',#1856,1.);
#516=VECTOR('',#1861,1.);
#517=VECTOR('',#1864,1.);
#518=VECTOR('',#1867,1.);
#519=VECTOR('',#1868,1.);
#520=VECTOR('',#1871,1.);
#521=VECTOR('',#1874,1.);
#522=VECTOR('',#1877,1.);
#523=VECTOR('',#1878,1.);
#524=VECTOR('',#1881,1.);
#525=VECTOR('',#1884,1.);
#526=VECTOR('',#1887,1.);
#527=VECTOR('',#1888,1.);
#528=VECTOR('',#1891,1.);
#529=VECTOR('',#1894,1.);
#530=VECTOR('',#1897,1.);
#531=VECTOR('',#1898,1.);
#532=VECTOR('',#1901,1.);
#533=VECTOR('',#1904,1.);
#534=VECTOR('',#1907,1.);
#535=VECTOR('',#1908,1.);
#536=VECTOR('',#1911,1.);
#537=VECTOR('',#1914,1.);
#538=VECTOR('',#1917,1.);
#539=VECTOR('',#1918,1.);
#540=VECTOR('',#1921,1.);
#541=VECTOR('',#1924,1.);
#542=VECTOR('',#1927,1.);
#543=VECTOR('',#1928,1.);
#544=VECTOR('',#1929,1.);
#545=VECTOR('',#1934,1.);
#546=VECTOR('',#1935,1.);
#547=VECTOR('',#1940,1.);
#548=VECTOR('',#1941,1.);
#549=VECTOR('',#1946,1.);
#550=VECTOR('',#1951,1.);
#551=VECTOR('',#1968,1.);
#552=VECTOR('',#1971,1.);
#553=VECTOR('',#1972,1.);
#554=VECTOR('',#1975,1.);
#555=VECTOR('',#1978,1.);
#556=VECTOR('',#1981,1.);
#557=VECTOR('',#1982,1.);
#558=VECTOR('',#1983,1.);
#559=VECTOR('',#1988,1.);
#560=VERTEX_POINT('',#1997);
#561=VERTEX_POINT('',#1998);
#562=VERTEX_POINT('',#2000);
#563=VERTEX_POINT('',#2002);
#564=VERTEX_POINT('',#2009);
#565=VERTEX_POINT('',#2010);
#566=VERTEX_POINT('',#2012);
#567=VERTEX_POINT('',#2014);
#568=VERTEX_POINT('',#2058);
#569=VERTEX_POINT('',#2060);
#570=VERTEX_POINT('',#2104);
#571=VERTEX_POINT('',#2106);
#572=VERTEX_POINT('',#2108);
#573=VERTEX_POINT('',#2110);
#574=VERTEX_POINT('',#2112);
#575=VERTEX_POINT('',#2114);
#576=VERTEX_POINT('',#2158);
#577=VERTEX_POINT('',#2160);
#578=VERTEX_POINT('',#2204);
#579=VERTEX_POINT('',#2206);
#580=VERTEX_POINT('',#2208);
#581=VERTEX_POINT('',#2210);
#582=VERTEX_POINT('',#2212);
#583=VERTEX_POINT('',#2214);
#584=VERTEX_POINT('',#2258);
#585=VERTEX_POINT('',#2260);
#586=VERTEX_POINT('',#2304);
#587=VERTEX_POINT('',#2306);
#588=VERTEX_POINT('',#2308);
#589=VERTEX_POINT('',#2310);
#590=VERTEX_POINT('',#2312);
#591=VERTEX_POINT('',#2314);
#592=VERTEX_POINT('',#2358);
#593=VERTEX_POINT('',#2360);
#594=VERTEX_POINT('',#2404);
#595=VERTEX_POINT('',#2406);
#596=VERTEX_POINT('',#2408);
#597=VERTEX_POINT('',#2410);
#598=VERTEX_POINT('',#2412);
#599=VERTEX_POINT('',#2414);
#600=VERTEX_POINT('',#2458);
#601=VERTEX_POINT('',#2460);
#602=VERTEX_POINT('',#2504);
#603=VERTEX_POINT('',#2506);
#604=VERTEX_POINT('',#2508);
#605=VERTEX_POINT('',#2510);
#606=VERTEX_POINT('',#2512);
#607=VERTEX_POINT('',#2514);
#608=VERTEX_POINT('',#2558);
#609=VERTEX_POINT('',#2560);
#610=VERTEX_POINT('',#2604);
#611=VERTEX_POINT('',#2606);
#612=VERTEX_POINT('',#2608);
#613=VERTEX_POINT('',#2610);
#614=VERTEX_POINT('',#2612);
#615=VERTEX_POINT('',#2614);
#616=VERTEX_POINT('',#2658);
#617=VERTEX_POINT('',#2660);
#618=VERTEX_POINT('',#2704);
#619=VERTEX_POINT('',#2706);
#620=VERTEX_POINT('',#2708);
#621=VERTEX_POINT('',#2710);
#622=VERTEX_POINT('',#2712);
#623=VERTEX_POINT('',#2714);
#624=VERTEX_POINT('',#2758);
#625=VERTEX_POINT('',#2760);
#626=VERTEX_POINT('',#2804);
#627=VERTEX_POINT('',#2806);
#628=VERTEX_POINT('',#2808);
#629=VERTEX_POINT('',#2810);
#630=VERTEX_POINT('',#2812);
#631=VERTEX_POINT('',#2814);
#632=VERTEX_POINT('',#2858);
#633=VERTEX_POINT('',#2860);
#634=VERTEX_POINT('',#2904);
#635=VERTEX_POINT('',#2906);
#636=VERTEX_POINT('',#2910);
#637=VERTEX_POINT('',#2912);
#638=VERTEX_POINT('',#3065);
#639=VERTEX_POINT('',#3143);
#640=VERTEX_POINT('',#3147);
#641=VERTEX_POINT('',#3151);
#642=VERTEX_POINT('',#3155);
#643=VERTEX_POINT('',#3159);
#644=VERTEX_POINT('',#3312);
#645=VERTEX_POINT('',#3390);
#646=VERTEX_POINT('',#3543);
#647=VERTEX_POINT('',#3621);
#648=VERTEX_POINT('',#3625);
#649=VERTEX_POINT('',#3629);
#650=VERTEX_POINT('',#3633);
#651=VERTEX_POINT('',#3637);
#652=VERTEX_POINT('',#3790);
#653=VERTEX_POINT('',#3868);
#654=VERTEX_POINT('',#4021);
#655=VERTEX_POINT('',#4099);
#656=VERTEX_POINT('',#4103);
#657=VERTEX_POINT('',#4107);
#658=VERTEX_POINT('',#4111);
#659=VERTEX_POINT('',#4115);
#660=VERTEX_POINT('',#4268);
#661=VERTEX_POINT('',#4346);
#662=VERTEX_POINT('',#4499);
#663=VERTEX_POINT('',#4577);
#664=VERTEX_POINT('',#4581);
#665=VERTEX_POINT('',#4585);
#666=VERTEX_POINT('',#4589);
#667=VERTEX_POINT('',#4593);
#668=VERTEX_POINT('',#4746);
#669=VERTEX_POINT('',#4824);
#670=VERTEX_POINT('',#4977);
#671=VERTEX_POINT('',#5055);
#672=VERTEX_POINT('',#5059);
#673=VERTEX_POINT('',#5063);
#674=VERTEX_POINT('',#5065);
#675=VERTEX_POINT('',#5069);
#676=VERTEX_POINT('',#5073);
#677=VERTEX_POINT('',#5075);
#678=VERTEX_POINT('',#5079);
#679=VERTEX_POINT('',#5083);
#680=VERTEX_POINT('',#5085);
#681=VERTEX_POINT('',#5089);
#682=VERTEX_POINT('',#5093);
#683=VERTEX_POINT('',#5095);
#684=VERTEX_POINT('',#5099);
#685=VERTEX_POINT('',#5103);
#686=VERTEX_POINT('',#5105);
#687=VERTEX_POINT('',#5109);
#688=VERTEX_POINT('',#5113);
#689=VERTEX_POINT('',#5115);
#690=VERTEX_POINT('',#5119);
#691=VERTEX_POINT('',#5123);
#692=VERTEX_POINT('',#5125);
#693=VERTEX_POINT('',#5129);
#694=VERTEX_POINT('',#5282);
#695=VERTEX_POINT('',#5360);
#696=VERTEX_POINT('',#5963);
#697=VERTEX_POINT('',#6041);
#698=VERTEX_POINT('',#6419);
#699=VERTEX_POINT('',#6497);
#700=VERTEX_POINT('',#6726);
#701=VERTEX_POINT('',#6736);
#702=VERTEX_POINT('',#6740);
#703=VERTEX_POINT('',#6744);
#704=VERTEX_POINT('',#6746);
#705=VERTEX_POINT('',#6750);
#706=VERTEX_POINT('',#6903);
#707=VERTEX_POINT('',#6981);
#708=EDGE_CURVE('',#560,#561,#336,.T.);
#709=EDGE_CURVE('',#562,#560,#337,.T.);
#710=EDGE_CURVE('',#563,#562,#338,.T.);
#711=EDGE_CURVE('',#563,#561,#339,.T.);
#712=EDGE_CURVE('',#561,#560,#71,.T.);
#713=EDGE_CURVE('',#562,#563,#72,.T.);
#714=EDGE_CURVE('',#564,#565,#73,.T.);
#715=EDGE_CURVE('',#566,#564,#340,.T.);
#716=EDGE_CURVE('',#567,#566,#53,.T.);
#717=EDGE_CURVE('',#568,#567,#74,.T.);
#718=EDGE_CURVE('',#569,#568,#54,.T.);
#719=EDGE_CURVE('',#570,#569,#341,.T.);
#720=EDGE_CURVE('',#571,#570,#75,.T.);
#721=EDGE_CURVE('',#572,#571,#76,.T.);
#722=EDGE_CURVE('',#573,#572,#77,.T.);
#723=EDGE_CURVE('',#574,#573,#342,.T.);
#724=EDGE_CURVE('',#575,#574,#55,.T.);
#725=EDGE_CURVE('',#576,#575,#78,.T.);
#726=EDGE_CURVE('',#577,#576,#56,.T.);
#727=EDGE_CURVE('',#578,#577,#343,.T.);
#728=EDGE_CURVE('',#579,#578,#79,.T.);
#729=EDGE_CURVE('',#580,#579,#80,.T.);
#730=EDGE_CURVE('',#581,#580,#81,.T.);
#731=EDGE_CURVE('',#582,#581,#344,.T.);
#732=EDGE_CURVE('',#583,#582,#57,.T.);
#733=EDGE_CURVE('',#584,#583,#82,.T.);
#734=EDGE_CURVE('',#585,#584,#58,.T.);
#735=EDGE_CURVE('',#586,#585,#345,.T.);
#736=EDGE_CURVE('',#587,#586,#83,.T.);
#737=EDGE_CURVE('',#588,#587,#84,.T.);
#738=EDGE_CURVE('',#589,#588,#85,.T.);
#739=EDGE_CURVE('',#590,#589,#346,.T.);
#740=EDGE_CURVE('',#591,#590,#59,.T.);
#741=EDGE_CURVE('',#592,#591,#86,.T.);
#742=EDGE_CURVE('',#593,#592,#60,.T.);
#743=EDGE_CURVE('',#594,#593,#347,.T.);
#744=EDGE_CURVE('',#595,#594,#87,.T.);
#745=EDGE_CURVE('',#596,#595,#88,.T.);
#746=EDGE_CURVE('',#597,#596,#89,.T.);
#747=EDGE_CURVE('',#598,#597,#348,.T.);
#748=EDGE_CURVE('',#599,#598,#61,.T.);
#749=EDGE_CURVE('',#600,#599,#90,.T.);
#750=EDGE_CURVE('',#601,#600,#62,.T.);
#751=EDGE_CURVE('',#602,#601,#349,.T.);
#752=EDGE_CURVE('',#603,#602,#91,.T.);
#753=EDGE_CURVE('',#604,#603,#92,.T.);
#754=EDGE_CURVE('',#605,#604,#93,.T.);
#755=EDGE_CURVE('',#606,#605,#350,.T.);
#756=EDGE_CURVE('',#607,#606,#63,.T.);
#757=EDGE_CURVE('',#608,#607,#94,.T.);
#758=EDGE_CURVE('',#609,#608,#64,.T.);
#759=EDGE_CURVE('',#610,#609,#351,.T.);
#760=EDGE_CURVE('',#611,#610,#95,.T.);
#761=EDGE_CURVE('',#612,#611,#96,.T.);
#762=EDGE_CURVE('',#613,#612,#97,.T.);
#763=EDGE_CURVE('',#614,#613,#352,.T.);
#764=EDGE_CURVE('',#615,#614,#65,.T.);
#765=EDGE_CURVE('',#616,#615,#98,.T.);
#766=EDGE_CURVE('',#617,#616,#66,.T.);
#767=EDGE_CURVE('',#618,#617,#353,.T.);
#768=EDGE_CURVE('',#619,#618,#99,.T.);
#769=EDGE_CURVE('',#620,#619,#100,.T.);
#770=EDGE_CURVE('',#621,#620,#101,.T.);
#771=EDGE_CURVE('',#622,#621,#354,.T.);
#772=EDGE_CURVE('',#623,#622,#67,.T.);
#773=EDGE_CURVE('',#624,#623,#102,.T.);
#774=EDGE_CURVE('',#625,#624,#68,.T.);
#775=EDGE_CURVE('',#626,#625,#355,.T.);
#776=EDGE_CURVE('',#627,#626,#103,.T.);
#777=EDGE_CURVE('',#628,#627,#104,.T.);
#778=EDGE_CURVE('',#629,#628,#105,.T.);
#779=EDGE_CURVE('',#630,#629,#356,.T.);
#780=EDGE_CURVE('',#631,#630,#69,.T.);
#781=EDGE_CURVE('',#632,#631,#106,.T.);
#782=EDGE_CURVE('',#633,#632,#70,.T.);
#783=EDGE_CURVE('',#634,#633,#357,.T.);
#784=EDGE_CURVE('',#635,#634,#107,.T.);
#785=EDGE_CURVE('',#565,#635,#108,.T.);
#786=EDGE_CURVE('',#599,#636,#358,.T.);
#787=EDGE_CURVE('',#637,#636,#109,.T.);
#788=EDGE_CURVE('',#600,#637,#359,.T.);
#789=EDGE_CURVE('',#598,#638,#360,.T.);
#790=EDGE_CURVE('',#636,#638,#15,.T.);
#791=EDGE_CURVE('',#639,#597,#361,.T.);
#792=EDGE_CURVE('',#638,#639,#362,.T.);
#793=EDGE_CURVE('',#596,#640,#363,.T.);
#794=EDGE_CURVE('',#640,#639,#110,.T.);
#795=EDGE_CURVE('',#641,#595,#364,.T.);
#796=EDGE_CURVE('',#640,#641,#111,.T.);
#797=EDGE_CURVE('',#594,#642,#365,.T.);
#798=EDGE_CURVE('',#642,#641,#112,.T.);
#799=EDGE_CURVE('',#593,#643,#366,.T.);
#800=EDGE_CURVE('',#642,#643,#367,.T.);
#801=EDGE_CURVE('',#592,#644,#368,.T.);
#802=EDGE_CURVE('',#643,#644,#16,.T.);
#803=EDGE_CURVE('',#591,#645,#369,.T.);
#804=EDGE_CURVE('',#644,#645,#113,.T.);
#805=EDGE_CURVE('',#590,#646,#370,.T.);
#806=EDGE_CURVE('',#645,#646,#17,.T.);
#807=EDGE_CURVE('',#647,#589,#371,.T.);
#808=EDGE_CURVE('',#646,#647,#372,.T.);
#809=EDGE_CURVE('',#588,#648,#373,.T.);
#810=EDGE_CURVE('',#648,#647,#114,.T.);
#811=EDGE_CURVE('',#649,#587,#374,.T.);
#812=EDGE_CURVE('',#648,#649,#115,.T.);
#813=EDGE_CURVE('',#586,#650,#375,.T.);
#814=EDGE_CURVE('',#650,#649,#116,.T.);
#815=EDGE_CURVE('',#585,#651,#376,.T.);
#816=EDGE_CURVE('',#650,#651,#377,.T.);
#817=EDGE_CURVE('',#584,#652,#378,.T.);
#818=EDGE_CURVE('',#651,#652,#18,.T.);
#819=EDGE_CURVE('',#583,#653,#379,.T.);
#820=EDGE_CURVE('',#652,#653,#117,.T.);
#821=EDGE_CURVE('',#582,#654,#380,.T.);
#822=EDGE_CURVE('',#653,#654,#19,.T.);
#823=EDGE_CURVE('',#655,#581,#381,.T.);
#824=EDGE_CURVE('',#654,#655,#382,.T.);
#825=EDGE_CURVE('',#580,#656,#383,.T.);
#826=EDGE_CURVE('',#656,#655,#118,.T.);
#827=EDGE_CURVE('',#657,#579,#384,.T.);
#828=EDGE_CURVE('',#656,#657,#119,.T.);
#829=EDGE_CURVE('',#578,#658,#385,.T.);
#830=EDGE_CURVE('',#658,#657,#120,.T.);
#831=EDGE_CURVE('',#577,#659,#386,.T.);
#832=EDGE_CURVE('',#658,#659,#387,.T.);
#833=EDGE_CURVE('',#576,#660,#388,.T.);
#834=EDGE_CURVE('',#659,#660,#20,.T.);
#835=EDGE_CURVE('',#575,#661,#389,.T.);
#836=EDGE_CURVE('',#660,#661,#121,.T.);
#837=EDGE_CURVE('',#574,#662,#390,.T.);
#838=EDGE_CURVE('',#661,#662,#21,.T.);
#839=EDGE_CURVE('',#663,#573,#391,.T.);
#840=EDGE_CURVE('',#662,#663,#392,.T.);
#841=EDGE_CURVE('',#572,#664,#393,.T.);
#842=EDGE_CURVE('',#664,#663,#122,.T.);
#843=EDGE_CURVE('',#665,#571,#394,.T.);
#844=EDGE_CURVE('',#664,#665,#123,.T.);
#845=EDGE_CURVE('',#570,#666,#395,.T.);
#846=EDGE_CURVE('',#666,#665,#124,.T.);
#847=EDGE_CURVE('',#569,#667,#396,.T.);
#848=EDGE_CURVE('',#666,#667,#397,.T.);
#849=EDGE_CURVE('',#568,#668,#398,.T.);
#850=EDGE_CURVE('',#667,#668,#22,.T.);
#851=EDGE_CURVE('',#567,#669,#399,.T.);
#852=EDGE_CURVE('',#668,#669,#125,.T.);
#853=EDGE_CURVE('',#566,#670,#400,.T.);
#854=EDGE_CURVE('',#669,#670,#23,.T.);
#855=EDGE_CURVE('',#671,#564,#401,.T.);
#856=EDGE_CURVE('',#670,#671,#402,.T.);
#857=EDGE_CURVE('',#565,#672,#403,.T.);
#858=EDGE_CURVE('',#672,#671,#126,.T.);
#859=EDGE_CURVE('',#628,#673,#404,.T.);
#860=EDGE_CURVE('',#673,#674,#127,.T.);
#861=EDGE_CURVE('',#674,#629,#405,.T.);
#862=EDGE_CURVE('',#675,#674,#406,.T.);
#863=EDGE_CURVE('',#630,#675,#407,.T.);
#864=EDGE_CURVE('',#634,#676,#408,.T.);
#865=EDGE_CURVE('',#676,#677,#128,.T.);
#866=EDGE_CURVE('',#677,#635,#409,.T.);
#867=EDGE_CURVE('',#633,#678,#410,.T.);
#868=EDGE_CURVE('',#676,#678,#411,.T.);
#869=EDGE_CURVE('',#602,#679,#412,.T.);
#870=EDGE_CURVE('',#679,#680,#129,.T.);
#871=EDGE_CURVE('',#680,#603,#413,.T.);
#872=EDGE_CURVE('',#601,#681,#414,.T.);
#873=EDGE_CURVE('',#679,#681,#415,.T.);
#874=EDGE_CURVE('',#604,#682,#416,.T.);
#875=EDGE_CURVE('',#682,#683,#130,.T.);
#876=EDGE_CURVE('',#683,#605,#417,.T.);
#877=EDGE_CURVE('',#684,#683,#418,.T.);
#878=EDGE_CURVE('',#606,#684,#419,.T.);
#879=EDGE_CURVE('',#610,#685,#420,.T.);
#880=EDGE_CURVE('',#685,#686,#131,.T.);
#881=EDGE_CURVE('',#686,#611,#421,.T.);
#882=EDGE_CURVE('',#609,#687,#422,.T.);
#883=EDGE_CURVE('',#685,#687,#423,.T.);
#884=EDGE_CURVE('',#612,#688,#424,.T.);
#885=EDGE_CURVE('',#688,#689,#132,.T.);
#886=EDGE_CURVE('',#689,#613,#425,.T.);
#887=EDGE_CURVE('',#690,#689,#426,.T.);
#888=EDGE_CURVE('',#614,#690,#427,.T.);
#889=EDGE_CURVE('',#618,#691,#428,.T.);
#890=EDGE_CURVE('',#691,#692,#133,.T.);
#891=EDGE_CURVE('',#692,#619,#429,.T.);
#892=EDGE_CURVE('',#617,#693,#430,.T.);
#893=EDGE_CURVE('',#691,#693,#431,.T.);
#894=EDGE_CURVE('',#694,#675,#24,.T.);
#895=EDGE_CURVE('',#631,#694,#432,.T.);
#896=EDGE_CURVE('',#695,#694,#134,.T.);
#897=EDGE_CURVE('',#632,#695,#433,.T.);
#898=EDGE_CURVE('',#678,#695,#25,.T.);
#899=EDGE_CURVE('',#681,#637,#26,.T.);
#900=EDGE_CURVE('',#696,#684,#27,.T.);
#901=EDGE_CURVE('',#607,#696,#434,.T.);
#902=EDGE_CURVE('',#697,#696,#135,.T.);
#903=EDGE_CURVE('',#608,#697,#435,.T.);
#904=EDGE_CURVE('',#687,#697,#28,.T.);
#905=EDGE_CURVE('',#698,#690,#29,.T.);
#906=EDGE_CURVE('',#615,#698,#436,.T.);
#907=EDGE_CURVE('',#699,#698,#136,.T.);
#908=EDGE_CURVE('',#616,#699,#437,.T.);
#909=EDGE_CURVE('',#693,#699,#30,.T.);
#910=EDGE_CURVE('',#700,#692,#137,.T.);
#911=EDGE_CURVE('',#620,#700,#438,.T.);
#912=EDGE_CURVE('',#688,#686,#138,.T.);
#913=EDGE_CURVE('',#682,#680,#139,.T.);
#914=EDGE_CURVE('',#672,#677,#140,.T.);
#915=EDGE_CURVE('',#700,#701,#141,.T.);
#916=EDGE_CURVE('',#701,#621,#439,.T.);
#917=EDGE_CURVE('',#702,#701,#440,.T.);
#918=EDGE_CURVE('',#622,#702,#441,.T.);
#919=EDGE_CURVE('',#626,#703,#442,.T.);
#920=EDGE_CURVE('',#703,#704,#142,.T.);
#921=EDGE_CURVE('',#704,#627,#443,.T.);
#922=EDGE_CURVE('',#625,#705,#444,.T.);
#923=EDGE_CURVE('',#703,#705,#445,.T.);
#924=EDGE_CURVE('',#706,#702,#31,.T.);
#925=EDGE_CURVE('',#623,#706,#446,.T.);
#926=EDGE_CURVE('',#707,#706,#143,.T.);
#927=EDGE_CURVE('',#624,#707,#447,.T.);
#928=EDGE_CURVE('',#705,#707,#32,.T.);
#929=EDGE_CURVE('',#673,#704,#144,.T.);
#930=ORIENTED_EDGE('',*,*,#708,.F.);
#931=ORIENTED_EDGE('',*,*,#709,.F.);
#932=ORIENTED_EDGE('',*,*,#710,.F.);
#933=ORIENTED_EDGE('',*,*,#711,.T.);
#934=ORIENTED_EDGE('',*,*,#712,.F.);
#935=ORIENTED_EDGE('',*,*,#711,.F.);
#936=ORIENTED_EDGE('',*,*,#713,.F.);
#937=ORIENTED_EDGE('',*,*,#709,.T.);
#938=ORIENTED_EDGE('',*,*,#714,.F.);
#939=ORIENTED_EDGE('',*,*,#715,.F.);
#940=ORIENTED_EDGE('',*,*,#716,.F.);
#941=ORIENTED_EDGE('',*,*,#717,.F.);
#942=ORIENTED_EDGE('',*,*,#718,.F.);
#943=ORIENTED_EDGE('',*,*,#719,.F.);
#944=ORIENTED_EDGE('',*,*,#720,.F.);
#945=ORIENTED_EDGE('',*,*,#721,.F.);
#946=ORIENTED_EDGE('',*,*,#722,.F.);
#947=ORIENTED_EDGE('',*,*,#723,.F.);
#948=ORIENTED_EDGE('',*,*,#724,.F.);
#949=ORIENTED_EDGE('',*,*,#725,.F.);
#950=ORIENTED_EDGE('',*,*,#726,.F.);
#951=ORIENTED_EDGE('',*,*,#727,.F.);
#952=ORIENTED_EDGE('',*,*,#728,.F.);
#953=ORIENTED_EDGE('',*,*,#729,.F.);
#954=ORIENTED_EDGE('',*,*,#730,.F.);
#955=ORIENTED_EDGE('',*,*,#731,.F.);
#956=ORIENTED_EDGE('',*,*,#732,.F.);
#957=ORIENTED_EDGE('',*,*,#733,.F.);
#958=ORIENTED_EDGE('',*,*,#734,.F.);
#959=ORIENTED_EDGE('',*,*,#735,.F.);
#960=ORIENTED_EDGE('',*,*,#736,.F.);
#961=ORIENTED_EDGE('',*,*,#737,.F.);
#962=ORIENTED_EDGE('',*,*,#738,.F.);
#963=ORIENTED_EDGE('',*,*,#739,.F.);
#964=ORIENTED_EDGE('',*,*,#740,.F.);
#965=ORIENTED_EDGE('',*,*,#741,.F.);
#966=ORIENTED_EDGE('',*,*,#742,.F.);
#967=ORIENTED_EDGE('',*,*,#743,.F.);
#968=ORIENTED_EDGE('',*,*,#744,.F.);
#969=ORIENTED_EDGE('',*,*,#745,.F.);
#970=ORIENTED_EDGE('',*,*,#746,.F.);
#971=ORIENTED_EDGE('',*,*,#747,.F.);
#972=ORIENTED_EDGE('',*,*,#748,.F.);
#973=ORIENTED_EDGE('',*,*,#749,.F.);
#974=ORIENTED_EDGE('',*,*,#750,.F.);
#975=ORIENTED_EDGE('',*,*,#751,.F.);
#976=ORIENTED_EDGE('',*,*,#752,.F.);
#977=ORIENTED_EDGE('',*,*,#753,.F.);
#978=ORIENTED_EDGE('',*,*,#754,.F.);
#979=ORIENTED_EDGE('',*,*,#755,.F.);
#980=ORIENTED_EDGE('',*,*,#756,.F.);
#981=ORIENTED_EDGE('',*,*,#757,.F.);
#982=ORIENTED_EDGE('',*,*,#758,.F.);
#983=ORIENTED_EDGE('',*,*,#759,.F.);
#984=ORIENTED_EDGE('',*,*,#760,.F.);
#985=ORIENTED_EDGE('',*,*,#761,.F.);
#986=ORIENTED_EDGE('',*,*,#762,.F.);
#987=ORIENTED_EDGE('',*,*,#763,.F.);
#988=ORIENTED_EDGE('',*,*,#764,.F.);
#989=ORIENTED_EDGE('',*,*,#765,.F.);
#990=ORIENTED_EDGE('',*,*,#766,.F.);
#991=ORIENTED_EDGE('',*,*,#767,.F.);
#992=ORIENTED_EDGE('',*,*,#768,.F.);
#993=ORIENTED_EDGE('',*,*,#769,.F.);
#994=ORIENTED_EDGE('',*,*,#770,.F.);
#995=ORIENTED_EDGE('',*,*,#771,.F.);
#996=ORIENTED_EDGE('',*,*,#772,.F.);
#997=ORIENTED_EDGE('',*,*,#773,.F.);
#998=ORIENTED_EDGE('',*,*,#774,.F.);
#999=ORIENTED_EDGE('',*,*,#775,.F.);
#1000=ORIENTED_EDGE('',*,*,#776,.F.);
#1001=ORIENTED_EDGE('',*,*,#777,.F.);
#1002=ORIENTED_EDGE('',*,*,#778,.F.);
#1003=ORIENTED_EDGE('',*,*,#779,.F.);
#1004=ORIENTED_EDGE('',*,*,#780,.F.);
#1005=ORIENTED_EDGE('',*,*,#781,.F.);
#1006=ORIENTED_EDGE('',*,*,#782,.F.);
#1007=ORIENTED_EDGE('',*,*,#783,.F.);
#1008=ORIENTED_EDGE('',*,*,#784,.F.);
#1009=ORIENTED_EDGE('',*,*,#785,.F.);
#1010=ORIENTED_EDGE('',*,*,#713,.T.);
#1011=ORIENTED_EDGE('',*,*,#710,.T.);
#1012=ORIENTED_EDGE('',*,*,#749,.T.);
#1013=ORIENTED_EDGE('',*,*,#786,.T.);
#1014=ORIENTED_EDGE('',*,*,#787,.F.);
#1015=ORIENTED_EDGE('',*,*,#788,.F.);
#1016=ORIENTED_EDGE('',*,*,#748,.T.);
#1017=ORIENTED_EDGE('',*,*,#789,.T.);
#1018=ORIENTED_EDGE('',*,*,#790,.F.);
#1019=ORIENTED_EDGE('',*,*,#786,.F.);
#1020=ORIENTED_EDGE('',*,*,#747,.T.);
#1021=ORIENTED_EDGE('',*,*,#791,.F.);
#1022=ORIENTED_EDGE('',*,*,#792,.F.);
#1023=ORIENTED_EDGE('',*,*,#789,.F.);
#1024=ORIENTED_EDGE('',*,*,#746,.T.);
#1025=ORIENTED_EDGE('',*,*,#793,.T.);
#1026=ORIENTED_EDGE('',*,*,#794,.T.);
#1027=ORIENTED_EDGE('',*,*,#791,.T.);
#1028=ORIENTED_EDGE('',*,*,#745,.T.);
#1029=ORIENTED_EDGE('',*,*,#795,.F.);
#1030=ORIENTED_EDGE('',*,*,#796,.F.);
#1031=ORIENTED_EDGE('',*,*,#793,.F.);
#1032=ORIENTED_EDGE('',*,*,#744,.T.);
#1033=ORIENTED_EDGE('',*,*,#797,.T.);
#1034=ORIENTED_EDGE('',*,*,#798,.T.);
#1035=ORIENTED_EDGE('',*,*,#795,.T.);
#1036=ORIENTED_EDGE('',*,*,#743,.T.);
#1037=ORIENTED_EDGE('',*,*,#799,.T.);
#1038=ORIENTED_EDGE('',*,*,#800,.F.);
#1039=ORIENTED_EDGE('',*,*,#797,.F.);
#1040=ORIENTED_EDGE('',*,*,#742,.T.);
#1041=ORIENTED_EDGE('',*,*,#801,.T.);
#1042=ORIENTED_EDGE('',*,*,#802,.F.);
#1043=ORIENTED_EDGE('',*,*,#799,.F.);
#1044=ORIENTED_EDGE('',*,*,#741,.T.);
#1045=ORIENTED_EDGE('',*,*,#803,.T.);
#1046=ORIENTED_EDGE('',*,*,#804,.F.);
#1047=ORIENTED_EDGE('',*,*,#801,.F.);
#1048=ORIENTED_EDGE('',*,*,#740,.T.);
#1049=ORIENTED_EDGE('',*,*,#805,.T.);
#1050=ORIENTED_EDGE('',*,*,#806,.F.);
#1051=ORIENTED_EDGE('',*,*,#803,.F.);
#1052=ORIENTED_EDGE('',*,*,#739,.T.);
#1053=ORIENTED_EDGE('',*,*,#807,.F.);
#1054=ORIENTED_EDGE('',*,*,#808,.F.);
#1055=ORIENTED_EDGE('',*,*,#805,.F.);
#1056=ORIENTED_EDGE('',*,*,#738,.T.);
#1057=ORIENTED_EDGE('',*,*,#809,.T.);
#1058=ORIENTED_EDGE('',*,*,#810,.T.);
#1059=ORIENTED_EDGE('',*,*,#807,.T.);
#1060=ORIENTED_EDGE('',*,*,#737,.T.);
#1061=ORIENTED_EDGE('',*,*,#811,.F.);
#1062=ORIENTED_EDGE('',*,*,#812,.F.);
#1063=ORIENTED_EDGE('',*,*,#809,.F.);
#1064=ORIENTED_EDGE('',*,*,#736,.T.);
#1065=ORIENTED_EDGE('',*,*,#813,.T.);
#1066=ORIENTED_EDGE('',*,*,#814,.T.);
#1067=ORIENTED_EDGE('',*,*,#811,.T.);
#1068=ORIENTED_EDGE('',*,*,#735,.T.);
#1069=ORIENTED_EDGE('',*,*,#815,.T.);
#1070=ORIENTED_EDGE('',*,*,#816,.F.);
#1071=ORIENTED_EDGE('',*,*,#813,.F.);
#1072=ORIENTED_EDGE('',*,*,#734,.T.);
#1073=ORIENTED_EDGE('',*,*,#817,.T.);
#1074=ORIENTED_EDGE('',*,*,#818,.F.);
#1075=ORIENTED_EDGE('',*,*,#815,.F.);
#1076=ORIENTED_EDGE('',*,*,#733,.T.);
#1077=ORIENTED_EDGE('',*,*,#819,.T.);
#1078=ORIENTED_EDGE('',*,*,#820,.F.);
#1079=ORIENTED_EDGE('',*,*,#817,.F.);
#1080=ORIENTED_EDGE('',*,*,#732,.T.);
#1081=ORIENTED_EDGE('',*,*,#821,.T.);
#1082=ORIENTED_EDGE('',*,*,#822,.F.);
#1083=ORIENTED_EDGE('',*,*,#819,.F.);
#1084=ORIENTED_EDGE('',*,*,#731,.T.);
#1085=ORIENTED_EDGE('',*,*,#823,.F.);
#1086=ORIENTED_EDGE('',*,*,#824,.F.);
#1087=ORIENTED_EDGE('',*,*,#821,.F.);
#1088=ORIENTED_EDGE('',*,*,#730,.T.);
#1089=ORIENTED_EDGE('',*,*,#825,.T.);
#1090=ORIENTED_EDGE('',*,*,#826,.T.);
#1091=ORIENTED_EDGE('',*,*,#823,.T.);
#1092=ORIENTED_EDGE('',*,*,#729,.T.);
#1093=ORIENTED_EDGE('',*,*,#827,.F.);
#1094=ORIENTED_EDGE('',*,*,#828,.F.);
#1095=ORIENTED_EDGE('',*,*,#825,.F.);
#1096=ORIENTED_EDGE('',*,*,#728,.T.);
#1097=ORIENTED_EDGE('',*,*,#829,.T.);
#1098=ORIENTED_EDGE('',*,*,#830,.T.);
#1099=ORIENTED_EDGE('',*,*,#827,.T.);
#1100=ORIENTED_EDGE('',*,*,#727,.T.);
#1101=ORIENTED_EDGE('',*,*,#831,.T.);
#1102=ORIENTED_EDGE('',*,*,#832,.F.);
#1103=ORIENTED_EDGE('',*,*,#829,.F.);
#1104=ORIENTED_EDGE('',*,*,#726,.T.);
#1105=ORIENTED_EDGE('',*,*,#833,.T.);
#1106=ORIENTED_EDGE('',*,*,#834,.F.);
#1107=ORIENTED_EDGE('',*,*,#831,.F.);
#1108=ORIENTED_EDGE('',*,*,#725,.T.);
#1109=ORIENTED_EDGE('',*,*,#835,.T.);
#1110=ORIENTED_EDGE('',*,*,#836,.F.);
#1111=ORIENTED_EDGE('',*,*,#833,.F.);
#1112=ORIENTED_EDGE('',*,*,#724,.T.);
#1113=ORIENTED_EDGE('',*,*,#837,.T.);
#1114=ORIENTED_EDGE('',*,*,#838,.F.);
#1115=ORIENTED_EDGE('',*,*,#835,.F.);
#1116=ORIENTED_EDGE('',*,*,#723,.T.);
#1117=ORIENTED_EDGE('',*,*,#839,.F.);
#1118=ORIENTED_EDGE('',*,*,#840,.F.);
#1119=ORIENTED_EDGE('',*,*,#837,.F.);
#1120=ORIENTED_EDGE('',*,*,#722,.T.);
#1121=ORIENTED_EDGE('',*,*,#841,.T.);
#1122=ORIENTED_EDGE('',*,*,#842,.T.);
#1123=ORIENTED_EDGE('',*,*,#839,.T.);
#1124=ORIENTED_EDGE('',*,*,#721,.T.);
#1125=ORIENTED_EDGE('',*,*,#843,.F.);
#1126=ORIENTED_EDGE('',*,*,#844,.F.);
#1127=ORIENTED_EDGE('',*,*,#841,.F.);
#1128=ORIENTED_EDGE('',*,*,#720,.T.);
#1129=ORIENTED_EDGE('',*,*,#845,.T.);
#1130=ORIENTED_EDGE('',*,*,#846,.T.);
#1131=ORIENTED_EDGE('',*,*,#843,.T.);
#1132=ORIENTED_EDGE('',*,*,#719,.T.);
#1133=ORIENTED_EDGE('',*,*,#847,.T.);
#1134=ORIENTED_EDGE('',*,*,#848,.F.);
#1135=ORIENTED_EDGE('',*,*,#845,.F.);
#1136=ORIENTED_EDGE('',*,*,#718,.T.);
#1137=ORIENTED_EDGE('',*,*,#849,.T.);
#1138=ORIENTED_EDGE('',*,*,#850,.F.);
#1139=ORIENTED_EDGE('',*,*,#847,.F.);
#1140=ORIENTED_EDGE('',*,*,#717,.T.);
#1141=ORIENTED_EDGE('',*,*,#851,.T.);
#1142=ORIENTED_EDGE('',*,*,#852,.F.);
#1143=ORIENTED_EDGE('',*,*,#849,.F.);
#1144=ORIENTED_EDGE('',*,*,#716,.T.);
#1145=ORIENTED_EDGE('',*,*,#853,.T.);
#1146=ORIENTED_EDGE('',*,*,#854,.F.);
#1147=ORIENTED_EDGE('',*,*,#851,.F.);
#1148=ORIENTED_EDGE('',*,*,#715,.T.);
#1149=ORIENTED_EDGE('',*,*,#855,.F.);
#1150=ORIENTED_EDGE('',*,*,#856,.F.);
#1151=ORIENTED_EDGE('',*,*,#853,.F.);
#1152=ORIENTED_EDGE('',*,*,#714,.T.);
#1153=ORIENTED_EDGE('',*,*,#857,.T.);
#1154=ORIENTED_EDGE('',*,*,#858,.T.);
#1155=ORIENTED_EDGE('',*,*,#855,.T.);
#1156=ORIENTED_EDGE('',*,*,#778,.T.);
#1157=ORIENTED_EDGE('',*,*,#859,.T.);
#1158=ORIENTED_EDGE('',*,*,#860,.T.);
#1159=ORIENTED_EDGE('',*,*,#861,.T.);
#1160=ORIENTED_EDGE('',*,*,#779,.T.);
#1161=ORIENTED_EDGE('',*,*,#861,.F.);
#1162=ORIENTED_EDGE('',*,*,#862,.F.);
#1163=ORIENTED_EDGE('',*,*,#863,.F.);
#1164=ORIENTED_EDGE('',*,*,#784,.T.);
#1165=ORIENTED_EDGE('',*,*,#864,.T.);
#1166=ORIENTED_EDGE('',*,*,#865,.T.);
#1167=ORIENTED_EDGE('',*,*,#866,.T.);
#1168=ORIENTED_EDGE('',*,*,#783,.T.);
#1169=ORIENTED_EDGE('',*,*,#867,.T.);
#1170=ORIENTED_EDGE('',*,*,#868,.F.);
#1171=ORIENTED_EDGE('',*,*,#864,.F.);
#1172=ORIENTED_EDGE('',*,*,#752,.T.);
#1173=ORIENTED_EDGE('',*,*,#869,.T.);
#1174=ORIENTED_EDGE('',*,*,#870,.T.);
#1175=ORIENTED_EDGE('',*,*,#871,.T.);
#1176=ORIENTED_EDGE('',*,*,#751,.T.);
#1177=ORIENTED_EDGE('',*,*,#872,.T.);
#1178=ORIENTED_EDGE('',*,*,#873,.F.);
#1179=ORIENTED_EDGE('',*,*,#869,.F.);
#1180=ORIENTED_EDGE('',*,*,#754,.T.);
#1181=ORIENTED_EDGE('',*,*,#874,.T.);
#1182=ORIENTED_EDGE('',*,*,#875,.T.);
#1183=ORIENTED_EDGE('',*,*,#876,.T.);
#1184=ORIENTED_EDGE('',*,*,#755,.T.);
#1185=ORIENTED_EDGE('',*,*,#876,.F.);
#1186=ORIENTED_EDGE('',*,*,#877,.F.);
#1187=ORIENTED_EDGE('',*,*,#878,.F.);
#1188=ORIENTED_EDGE('',*,*,#760,.T.);
#1189=ORIENTED_EDGE('',*,*,#879,.T.);
#1190=ORIENTED_EDGE('',*,*,#880,.T.);
#1191=ORIENTED_EDGE('',*,*,#881,.T.);
#1192=ORIENTED_EDGE('',*,*,#759,.T.);
#1193=ORIENTED_EDGE('',*,*,#882,.T.);
#1194=ORIENTED_EDGE('',*,*,#883,.F.);
#1195=ORIENTED_EDGE('',*,*,#879,.F.);
#1196=ORIENTED_EDGE('',*,*,#762,.T.);
#1197=ORIENTED_EDGE('',*,*,#884,.T.);
#1198=ORIENTED_EDGE('',*,*,#885,.T.);
#1199=ORIENTED_EDGE('',*,*,#886,.T.);
#1200=ORIENTED_EDGE('',*,*,#763,.T.);
#1201=ORIENTED_EDGE('',*,*,#886,.F.);
#1202=ORIENTED_EDGE('',*,*,#887,.F.);
#1203=ORIENTED_EDGE('',*,*,#888,.F.);
#1204=ORIENTED_EDGE('',*,*,#768,.T.);
#1205=ORIENTED_EDGE('',*,*,#889,.T.);
#1206=ORIENTED_EDGE('',*,*,#890,.T.);
#1207=ORIENTED_EDGE('',*,*,#891,.T.);
#1208=ORIENTED_EDGE('',*,*,#767,.T.);
#1209=ORIENTED_EDGE('',*,*,#892,.T.);
#1210=ORIENTED_EDGE('',*,*,#893,.F.);
#1211=ORIENTED_EDGE('',*,*,#889,.F.);
#1212=ORIENTED_EDGE('',*,*,#780,.T.);
#1213=ORIENTED_EDGE('',*,*,#863,.T.);
#1214=ORIENTED_EDGE('',*,*,#894,.F.);
#1215=ORIENTED_EDGE('',*,*,#895,.F.);
#1216=ORIENTED_EDGE('',*,*,#781,.T.);
#1217=ORIENTED_EDGE('',*,*,#895,.T.);
#1218=ORIENTED_EDGE('',*,*,#896,.F.);
#1219=ORIENTED_EDGE('',*,*,#897,.F.);
#1220=ORIENTED_EDGE('',*,*,#782,.T.);
#1221=ORIENTED_EDGE('',*,*,#897,.T.);
#1222=ORIENTED_EDGE('',*,*,#898,.F.);
#1223=ORIENTED_EDGE('',*,*,#867,.F.);
#1224=ORIENTED_EDGE('',*,*,#750,.T.);
#1225=ORIENTED_EDGE('',*,*,#788,.T.);
#1226=ORIENTED_EDGE('',*,*,#899,.F.);
#1227=ORIENTED_EDGE('',*,*,#872,.F.);
#1228=ORIENTED_EDGE('',*,*,#756,.T.);
#1229=ORIENTED_EDGE('',*,*,#878,.T.);
#1230=ORIENTED_EDGE('',*,*,#900,.F.);
#1231=ORIENTED_EDGE('',*,*,#901,.F.);
#1232=ORIENTED_EDGE('',*,*,#757,.T.);
#1233=ORIENTED_EDGE('',*,*,#901,.T.);
#1234=ORIENTED_EDGE('',*,*,#902,.F.);
#1235=ORIENTED_EDGE('',*,*,#903,.F.);
#1236=ORIENTED_EDGE('',*,*,#758,.T.);
#1237=ORIENTED_EDGE('',*,*,#903,.T.);
#1238=ORIENTED_EDGE('',*,*,#904,.F.);
#1239=ORIENTED_EDGE('',*,*,#882,.F.);
#1240=ORIENTED_EDGE('',*,*,#764,.T.);
#1241=ORIENTED_EDGE('',*,*,#888,.T.);
#1242=ORIENTED_EDGE('',*,*,#905,.F.);
#1243=ORIENTED_EDGE('',*,*,#906,.F.);
#1244=ORIENTED_EDGE('',*,*,#765,.T.);
#1245=ORIENTED_EDGE('',*,*,#906,.T.);
#1246=ORIENTED_EDGE('',*,*,#907,.F.);
#1247=ORIENTED_EDGE('',*,*,#908,.F.);
#1248=ORIENTED_EDGE('',*,*,#766,.T.);
#1249=ORIENTED_EDGE('',*,*,#908,.T.);
#1250=ORIENTED_EDGE('',*,*,#909,.F.);
#1251=ORIENTED_EDGE('',*,*,#892,.F.);
#1252=ORIENTED_EDGE('',*,*,#769,.T.);
#1253=ORIENTED_EDGE('',*,*,#891,.F.);
#1254=ORIENTED_EDGE('',*,*,#910,.F.);
#1255=ORIENTED_EDGE('',*,*,#911,.F.);
#1256=ORIENTED_EDGE('',*,*,#761,.T.);
#1257=ORIENTED_EDGE('',*,*,#881,.F.);
#1258=ORIENTED_EDGE('',*,*,#912,.F.);
#1259=ORIENTED_EDGE('',*,*,#884,.F.);
#1260=ORIENTED_EDGE('',*,*,#753,.T.);
#1261=ORIENTED_EDGE('',*,*,#871,.F.);
#1262=ORIENTED_EDGE('',*,*,#913,.F.);
#1263=ORIENTED_EDGE('',*,*,#874,.F.);
#1264=ORIENTED_EDGE('',*,*,#785,.T.);
#1265=ORIENTED_EDGE('',*,*,#866,.F.);
#1266=ORIENTED_EDGE('',*,*,#914,.F.);
#1267=ORIENTED_EDGE('',*,*,#857,.F.);
#1268=ORIENTED_EDGE('',*,*,#770,.T.);
#1269=ORIENTED_EDGE('',*,*,#911,.T.);
#1270=ORIENTED_EDGE('',*,*,#915,.T.);
#1271=ORIENTED_EDGE('',*,*,#916,.T.);
#1272=ORIENTED_EDGE('',*,*,#771,.T.);
#1273=ORIENTED_EDGE('',*,*,#916,.F.);
#1274=ORIENTED_EDGE('',*,*,#917,.F.);
#1275=ORIENTED_EDGE('',*,*,#918,.F.);
#1276=ORIENTED_EDGE('',*,*,#776,.T.);
#1277=ORIENTED_EDGE('',*,*,#919,.T.);
#1278=ORIENTED_EDGE('',*,*,#920,.T.);
#1279=ORIENTED_EDGE('',*,*,#921,.T.);
#1280=ORIENTED_EDGE('',*,*,#775,.T.);
#1281=ORIENTED_EDGE('',*,*,#922,.T.);
#1282=ORIENTED_EDGE('',*,*,#923,.F.);
#1283=ORIENTED_EDGE('',*,*,#919,.F.);
#1284=ORIENTED_EDGE('',*,*,#772,.T.);
#1285=ORIENTED_EDGE('',*,*,#918,.T.);
#1286=ORIENTED_EDGE('',*,*,#924,.F.);
#1287=ORIENTED_EDGE('',*,*,#925,.F.);
#1288=ORIENTED_EDGE('',*,*,#773,.T.);
#1289=ORIENTED_EDGE('',*,*,#925,.T.);
#1290=ORIENTED_EDGE('',*,*,#926,.F.);
#1291=ORIENTED_EDGE('',*,*,#927,.F.);
#1292=ORIENTED_EDGE('',*,*,#774,.T.);
#1293=ORIENTED_EDGE('',*,*,#927,.T.);
#1294=ORIENTED_EDGE('',*,*,#928,.F.);
#1295=ORIENTED_EDGE('',*,*,#922,.F.);
#1296=ORIENTED_EDGE('',*,*,#929,.T.);
#1297=ORIENTED_EDGE('',*,*,#920,.F.);
#1298=ORIENTED_EDGE('',*,*,#923,.T.);
#1299=ORIENTED_EDGE('',*,*,#928,.T.);
#1300=ORIENTED_EDGE('',*,*,#926,.T.);
#1301=ORIENTED_EDGE('',*,*,#924,.T.);
#1302=ORIENTED_EDGE('',*,*,#917,.T.);
#1303=ORIENTED_EDGE('',*,*,#915,.F.);
#1304=ORIENTED_EDGE('',*,*,#910,.T.);
#1305=ORIENTED_EDGE('',*,*,#890,.F.);
#1306=ORIENTED_EDGE('',*,*,#893,.T.);
#1307=ORIENTED_EDGE('',*,*,#909,.T.);
#1308=ORIENTED_EDGE('',*,*,#907,.T.);
#1309=ORIENTED_EDGE('',*,*,#905,.T.);
#1310=ORIENTED_EDGE('',*,*,#887,.T.);
#1311=ORIENTED_EDGE('',*,*,#885,.F.);
#1312=ORIENTED_EDGE('',*,*,#912,.T.);
#1313=ORIENTED_EDGE('',*,*,#880,.F.);
#1314=ORIENTED_EDGE('',*,*,#883,.T.);
#1315=ORIENTED_EDGE('',*,*,#904,.T.);
#1316=ORIENTED_EDGE('',*,*,#902,.T.);
#1317=ORIENTED_EDGE('',*,*,#900,.T.);
#1318=ORIENTED_EDGE('',*,*,#877,.T.);
#1319=ORIENTED_EDGE('',*,*,#875,.F.);
#1320=ORIENTED_EDGE('',*,*,#913,.T.);
#1321=ORIENTED_EDGE('',*,*,#870,.F.);
#1322=ORIENTED_EDGE('',*,*,#873,.T.);
#1323=ORIENTED_EDGE('',*,*,#899,.T.);
#1324=ORIENTED_EDGE('',*,*,#787,.T.);
#1325=ORIENTED_EDGE('',*,*,#790,.T.);
#1326=ORIENTED_EDGE('',*,*,#792,.T.);
#1327=ORIENTED_EDGE('',*,*,#794,.F.);
#1328=ORIENTED_EDGE('',*,*,#796,.T.);
#1329=ORIENTED_EDGE('',*,*,#798,.F.);
#1330=ORIENTED_EDGE('',*,*,#800,.T.);
#1331=ORIENTED_EDGE('',*,*,#802,.T.);
#1332=ORIENTED_EDGE('',*,*,#804,.T.);
#1333=ORIENTED_EDGE('',*,*,#806,.T.);
#1334=ORIENTED_EDGE('',*,*,#808,.T.);
#1335=ORIENTED_EDGE('',*,*,#810,.F.);
#1336=ORIENTED_EDGE('',*,*,#812,.T.);
#1337=ORIENTED_EDGE('',*,*,#814,.F.);
#1338=ORIENTED_EDGE('',*,*,#816,.T.);
#1339=ORIENTED_EDGE('',*,*,#818,.T.);
#1340=ORIENTED_EDGE('',*,*,#820,.T.);
#1341=ORIENTED_EDGE('',*,*,#822,.T.);
#1342=ORIENTED_EDGE('',*,*,#824,.T.);
#1343=ORIENTED_EDGE('',*,*,#826,.F.);
#1344=ORIENTED_EDGE('',*,*,#828,.T.);
#1345=ORIENTED_EDGE('',*,*,#830,.F.);
#1346=ORIENTED_EDGE('',*,*,#832,.T.);
#1347=ORIENTED_EDGE('',*,*,#834,.T.);
#1348=ORIENTED_EDGE('',*,*,#836,.T.);
#1349=ORIENTED_EDGE('',*,*,#838,.T.);
#1350=ORIENTED_EDGE('',*,*,#840,.T.);
#1351=ORIENTED_EDGE('',*,*,#842,.F.);
#1352=ORIENTED_EDGE('',*,*,#844,.T.);
#1353=ORIENTED_EDGE('',*,*,#846,.F.);
#1354=ORIENTED_EDGE('',*,*,#848,.T.);
#1355=ORIENTED_EDGE('',*,*,#850,.T.);
#1356=ORIENTED_EDGE('',*,*,#852,.T.);
#1357=ORIENTED_EDGE('',*,*,#854,.T.);
#1358=ORIENTED_EDGE('',*,*,#856,.T.);
#1359=ORIENTED_EDGE('',*,*,#858,.F.);
#1360=ORIENTED_EDGE('',*,*,#914,.T.);
#1361=ORIENTED_EDGE('',*,*,#865,.F.);
#1362=ORIENTED_EDGE('',*,*,#868,.T.);
#1363=ORIENTED_EDGE('',*,*,#898,.T.);
#1364=ORIENTED_EDGE('',*,*,#896,.T.);
#1365=ORIENTED_EDGE('',*,*,#894,.T.);
#1366=ORIENTED_EDGE('',*,*,#862,.T.);
#1367=ORIENTED_EDGE('',*,*,#860,.F.);
#1368=ORIENTED_EDGE('',*,*,#712,.T.);
#1369=ORIENTED_EDGE('',*,*,#708,.T.);
#1370=ORIENTED_EDGE('',*,*,#777,.T.);
#1371=ORIENTED_EDGE('',*,*,#921,.F.);
#1372=ORIENTED_EDGE('',*,*,#929,.F.);
#1373=ORIENTED_EDGE('',*,*,#859,.F.);
#1374=PLANE('',#1485);
#1375=PLANE('',#1489);
#1376=PLANE('',#1528);
#1377=PLANE('',#1535);
#1378=PLANE('',#1538);
#1379=PLANE('',#1545);
#1380=PLANE('',#1548);
#1381=PLANE('',#1555);
#1382=PLANE('',#1558);
#1383=PLANE('',#1565);
#1384=PLANE('',#1568);
#1385=PLANE('',#1573);
#1386=PLANE('',#1576);
#1387=PLANE('',#1579);
#1388=PLANE('',#1582);
#1389=PLANE('',#1585);
#1390=PLANE('',#1588);
#1391=PLANE('',#1591);
#1392=PLANE('',#1608);
#1393=PLANE('',#1611);
#1394=PLANE('',#1614);
#1395=ADVANCED_FACE('',(#182),#1374,.F.);
#1396=ADVANCED_FACE('',(#183),#145,.F.);
#1397=ADVANCED_FACE('',(#184,#51),#1375,.F.);
#1398=ADVANCED_FACE('',(#185),#146,.T.);
#1399=ADVANCED_FACE('',(#186),#33,.T.);
#1400=ADVANCED_FACE('',(#187),#1376,.T.);
#1401=ADVANCED_FACE('',(#188),#147,.F.);
#1402=ADVANCED_FACE('',(#189),#148,.T.);
#1403=ADVANCED_FACE('',(#190),#149,.F.);
#1404=ADVANCED_FACE('',(#191),#1377,.T.);
#1405=ADVANCED_FACE('',(#192),#34,.T.);
#1406=ADVANCED_FACE('',(#193),#150,.T.);
#1407=ADVANCED_FACE('',(#194),#35,.T.);
#1408=ADVANCED_FACE('',(#195),#1378,.T.);
#1409=ADVANCED_FACE('',(#196),#151,.F.);
#1410=ADVANCED_FACE('',(#197),#152,.T.);
#1411=ADVANCED_FACE('',(#198),#153,.F.);
#1412=ADVANCED_FACE('',(#199),#1379,.T.);
#1413=ADVANCED_FACE('',(#200),#36,.T.);
#1414=ADVANCED_FACE('',(#201),#154,.T.);
#1415=ADVANCED_FACE('',(#202),#37,.T.);
#1416=ADVANCED_FACE('',(#203),#1380,.T.);
#1417=ADVANCED_FACE('',(#204),#155,.F.);
#1418=ADVANCED_FACE('',(#205),#156,.T.);
#1419=ADVANCED_FACE('',(#206),#157,.F.);
#1420=ADVANCED_FACE('',(#207),#1381,.T.);
#1421=ADVANCED_FACE('',(#208),#38,.T.);
#1422=ADVANCED_FACE('',(#209),#158,.T.);
#1423=ADVANCED_FACE('',(#210),#39,.T.);
#1424=ADVANCED_FACE('',(#211),#1382,.T.);
#1425=ADVANCED_FACE('',(#212),#159,.F.);
#1426=ADVANCED_FACE('',(#213),#160,.T.);
#1427=ADVANCED_FACE('',(#214),#161,.F.);
#1428=ADVANCED_FACE('',(#215),#1383,.T.);
#1429=ADVANCED_FACE('',(#216),#40,.T.);
#1430=ADVANCED_FACE('',(#217),#162,.T.);
#1431=ADVANCED_FACE('',(#218),#41,.T.);
#1432=ADVANCED_FACE('',(#219),#1384,.T.);
#1433=ADVANCED_FACE('',(#220),#163,.F.);
#1434=ADVANCED_FACE('',(#221),#164,.F.);
#1435=ADVANCED_FACE('',(#222),#1385,.T.);
#1436=ADVANCED_FACE('',(#223),#165,.F.);
#1437=ADVANCED_FACE('',(#224),#1386,.T.);
#1438=ADVANCED_FACE('',(#225),#166,.F.);
#1439=ADVANCED_FACE('',(#226),#1387,.T.);
#1440=ADVANCED_FACE('',(#227),#167,.F.);
#1441=ADVANCED_FACE('',(#228),#1388,.T.);
#1442=ADVANCED_FACE('',(#229),#168,.F.);
#1443=ADVANCED_FACE('',(#230),#1389,.T.);
#1444=ADVANCED_FACE('',(#231),#169,.F.);
#1445=ADVANCED_FACE('',(#232),#1390,.T.);
#1446=ADVANCED_FACE('',(#233),#170,.F.);
#1447=ADVANCED_FACE('',(#234),#1391,.T.);
#1448=ADVANCED_FACE('',(#235),#42,.T.);
#1449=ADVANCED_FACE('',(#236),#171,.T.);
#1450=ADVANCED_FACE('',(#237),#43,.T.);
#1451=ADVANCED_FACE('',(#238),#44,.T.);
#1452=ADVANCED_FACE('',(#239),#45,.T.);
#1453=ADVANCED_FACE('',(#240),#172,.T.);
#1454=ADVANCED_FACE('',(#241),#46,.T.);
#1455=ADVANCED_FACE('',(#242),#47,.T.);
#1456=ADVANCED_FACE('',(#243),#173,.T.);
#1457=ADVANCED_FACE('',(#244),#48,.T.);
#1458=ADVANCED_FACE('',(#245),#174,.T.);
#1459=ADVANCED_FACE('',(#246),#175,.T.);
#1460=ADVANCED_FACE('',(#247),#176,.T.);
#1461=ADVANCED_FACE('',(#248),#177,.T.);
#1462=ADVANCED_FACE('',(#249),#178,.F.);
#1463=ADVANCED_FACE('',(#250),#1392,.T.);
#1464=ADVANCED_FACE('',(#251),#179,.F.);
#1465=ADVANCED_FACE('',(#252),#1393,.T.);
#1466=ADVANCED_FACE('',(#253),#49,.T.);
#1467=ADVANCED_FACE('',(#254),#180,.T.);
#1468=ADVANCED_FACE('',(#255),#50,.T.);
#1469=ADVANCED_FACE('',(#256,#52),#1394,.T.);
#1470=ADVANCED_FACE('',(#257),#181,.T.);
#1471=CLOSED_SHELL('',(#1395,#1396,#1397,#1398,#1399,#1400,#1401,#1402,
#1403,#1404,#1405,#1406,#1407,#1408,#1409,#1410,#1411,#1412,#1413,#1414,
#1415,#1416,#1417,#1418,#1419,#1420,#1421,#1422,#1423,#1424,#1425,#1426,
#1427,#1428,#1429,#1430,#1431,#1432,#1433,#1434,#1435,#1436,#1437,#1438,
#1439,#1440,#1441,#1442,#1443,#1444,#1445,#1446,#1447,#1448,#1449,#1450,
#1451,#1452,#1453,#1454,#1455,#1456,#1457,#1458,#1459,#1460,#1461,#1462,
#1463,#1464,#1465,#1466,#1467,#1468,#1469,#1470));
#1472=DERIVED_UNIT_ELEMENT(#1474,1.);
#1473=DERIVED_UNIT_ELEMENT(#7217,-3.);
#1474=(
MASS_UNIT()
NAMED_UNIT(*)
SI_UNIT(.KILO.,.GRAM.)
);
#1475=DERIVED_UNIT((#1472,#1473));
#1476=MEASURE_REPRESENTATION_ITEM('density measure',
POSITIVE_RATIO_MEASURE(7850.),#1475);
#1477=PROPERTY_DEFINITION_REPRESENTATION(#1482,#1479);
#1478=PROPERTY_DEFINITION_REPRESENTATION(#1483,#1480);
#1479=REPRESENTATION('material name',(#1481),#7214);
#1480=REPRESENTATION('density',(#1476),#7214);
#1481=DESCRIPTIVE_REPRESENTATION_ITEM('Steel','Steel');
#1482=PROPERTY_DEFINITION('material property','material name',#7224);
#1483=PROPERTY_DEFINITION('material property','density of part',#7224);
#1484=AXIS2_PLACEMENT_3D('',#1995,#1617,#1618);
#1485=AXIS2_PLACEMENT_3D('',#1996,#1619,#1620);
#1486=AXIS2_PLACEMENT_3D('',#2005,#1625,#1626);
#1487=AXIS2_PLACEMENT_3D('',#2006,#1627,#1628);
#1488=AXIS2_PLACEMENT_3D('',#2007,#1629,#1630);
#1489=AXIS2_PLACEMENT_3D('',#2008,#1631,#1632);
#1490=AXIS2_PLACEMENT_3D('',#2011,#1633,#1634);
#1491=AXIS2_PLACEMENT_3D('',#2059,#1636,#1637);
#1492=AXIS2_PLACEMENT_3D('',#2107,#1639,#1640);
#1493=AXIS2_PLACEMENT_3D('',#2109,#1641,#1642);
#1494=AXIS2_PLACEMENT_3D('',#2111,#1643,#1644);
#1495=AXIS2_PLACEMENT_3D('',#2159,#1646,#1647);
#1496=AXIS2_PLACEMENT_3D('',#2207,#1649,#1650);
#1497=AXIS2_PLACEMENT_3D('',#2209,#1651,#1652);
#1498=AXIS2_PLACEMENT_3D('',#2211,#1653,#1654);
#1499=AXIS2_PLACEMENT_3D('',#2259,#1656,#1657);
#1500=AXIS2_PLACEMENT_3D('',#2307,#1659,#1660);
#1501=AXIS2_PLACEMENT_3D('',#2309,#1661,#1662);
#1502=AXIS2_PLACEMENT_3D('',#2311,#1663,#1664);
#1503=AXIS2_PLACEMENT_3D('',#2359,#1666,#1667);
#1504=AXIS2_PLACEMENT_3D('',#2407,#1669,#1670);
#1505=AXIS2_PLACEMENT_3D('',#2409,#1671,#1672);
#1506=AXIS2_PLACEMENT_3D('',#2411,#1673,#1674);
#1507=AXIS2_PLACEMENT_3D('',#2459,#1676,#1677);
#1508=AXIS2_PLACEMENT_3D('',#2507,#1679,#1680);
#1509=AXIS2_PLACEMENT_3D('',#2509,#1681,#1682);
#1510=AXIS2_PLACEMENT_3D('',#2511,#1683,#1684);
#1511=AXIS2_PLACEMENT_3D('',#2559,#1686,#1687);
#1512=AXIS2_PLACEMENT_3D('',#2607,#1689,#1690);
#1513=AXIS2_PLACEMENT_3D('',#2609,#1691,#1692);
#1514=AXIS2_PLACEMENT_3D('',#2611,#1693,#1694);
#1515=AXIS2_PLACEMENT_3D('',#2659,#1696,#1697);
#1516=AXIS2_PLACEMENT_3D('',#2707,#1699,#1700);
#1517=AXIS2_PLACEMENT_3D('',#2709,#1701,#1702);
#1518=AXIS2_PLACEMENT_3D('',#2711,#1703,#1704);
#1519=AXIS2_PLACEMENT_3D('',#2759,#1706,#1707);
#1520=AXIS2_PLACEMENT_3D('',#2807,#1709,#1710);
#1521=AXIS2_PLACEMENT_3D('',#2809,#1711,#1712);
#1522=AXIS2_PLACEMENT_3D('',#2811,#1713,#1714);
#1523=AXIS2_PLACEMENT_3D('',#2859,#1716,#1717);
#1524=AXIS2_PLACEMENT_3D('',#2907,#1719,#1720);
#1525=AXIS2_PLACEMENT_3D('',#2908,#1721,#1722);
#1526=AXIS2_PLACEMENT_3D('',#2909,#1723,#1724);
#1527=AXIS2_PLACEMENT_3D('',#2913,#1726,#1727);
#1528=AXIS2_PLACEMENT_3D('',#3142,#1730,#1731);
#1529=AXIS2_PLACEMENT_3D('',#3146,#1734,#1735);
#1530=AXIS2_PLACEMENT_3D('',#3149,#1737,#1738);
#1531=AXIS2_PLACEMENT_3D('',#3150,#1739,#1740);
#1532=AXIS2_PLACEMENT_3D('',#3153,#1742,#1743);
#1533=AXIS2_PLACEMENT_3D('',#3154,#1744,#1745);
#1534=AXIS2_PLACEMENT_3D('',#3157,#1747,#1748);
#1535=AXIS2_PLACEMENT_3D('',#3158,#1749,#1750);
#1536=AXIS2_PLACEMENT_3D('',#3389,#1754,#1755);
#1537=AXIS2_PLACEMENT_3D('',#3392,#1757,#1758);
#1538=AXIS2_PLACEMENT_3D('',#3620,#1760,#1761);
#1539=AXIS2_PLACEMENT_3D('',#3624,#1764,#1765);
#1540=AXIS2_PLACEMENT_3D('',#3627,#1767,#1768);
#1541=AXIS2_PLACEMENT_3D('',#3628,#1769,#1770);
#1542=AXIS2_PLACEMENT_3D('',#3631,#1772,#1773);
#1543=AXIS2_PLACEMENT_3D('',#3632,#1774,#1775);
#1544=AXIS2_PLACEMENT_3D('',#3635,#1777,#1778);
#1545=AXIS2_PLACEMENT_3D('',#3636,#1779,#1780);
#1546=AXIS2_PLACEMENT_3D('',#3867,#1784,#1785);
#1547=AXIS2_PLACEMENT_3D('',#3870,#1787,#1788);
#1548=AXIS2_PLACEMENT_3D('',#4098,#1790,#1791);
#1549=AXIS2_PLACEMENT_3D('',#4102,#1794,#1795);
#1550=AXIS2_PLACEMENT_3D('',#4105,#1797,#1798);
#1551=AXIS2_PLACEMENT_3D('',#4106,#1799,#1800);
#1552=AXIS2_PLACEMENT_3D('',#4109,#1802,#1803);
#1553=AXIS2_PLACEMENT_3D('',#4110,#1804,#1805);
#1554=AXIS2_PLACEMENT_3D('',#4113,#1807,#1808);
#1555=AXIS2_PLACEMENT_3D('',#4114,#1809,#1810);
#1556=AXIS2_PLACEMENT_3D('',#4345,#1814,#1815);
#1557=AXIS2_PLACEMENT_3D('',#4348,#1817,#1818);
#1558=AXIS2_PLACEMENT_3D('',#4576,#1820,#1821);
#1559=AXIS2_PLACEMENT_3D('',#4580,#1824,#1825);
#1560=AXIS2_PLACEMENT_3D('',#4583,#1827,#1828);
#1561=AXIS2_PLACEMENT_3D('',#4584,#1829,#1830);
#1562=AXIS2_PLACEMENT_3D('',#4587,#1832,#1833);
#1563=AXIS2_PLACEMENT_3D('',#4588,#1834,#1835);
#1564=AXIS2_PLACEMENT_3D('',#4591,#1837,#1838);
#1565=AXIS2_PLACEMENT_3D('',#4592,#1839,#1840);
#1566=AXIS2_PLACEMENT_3D('',#4823,#1844,#1845);
#1567=AXIS2_PLACEMENT_3D('',#4826,#1847,#1848);
#1568=AXIS2_PLACEMENT_3D('',#5054,#1850,#1851);
#1569=AXIS2_PLACEMENT_3D('',#5058,#1854,#1855);
#1570=AXIS2_PLACEMENT_3D('',#5061,#1857,#1858);
#1571=AXIS2_PLACEMENT_3D('',#5062,#1859,#1860);
#1572=AXIS2_PLACEMENT_3D('',#5066,#1862,#1863);
#1573=AXIS2_PLACEMENT_3D('',#5068,#1865,#1866);
#1574=AXIS2_PLACEMENT_3D('',#5072,#1869,#1870);
#1575=AXIS2_PLACEMENT_3D('',#5076,#1872,#1873);
#1576=AXIS2_PLACEMENT_3D('',#5078,#1875,#1876);
#1577=AXIS2_PLACEMENT_3D('',#5082,#1879,#1880);
#1578=AXIS2_PLACEMENT_3D('',#5086,#1882,#1883);
#1579=AXIS2_PLACEMENT_3D('',#5088,#1885,#1886);
#1580=AXIS2_PLACEMENT_3D('',#5092,#1889,#1890);
#1581=AXIS2_PLACEMENT_3D('',#5096,#1892,#1893);
#1582=AXIS2_PLACEMENT_3D('',#5098,#1895,#1896);
#1583=AXIS2_PLACEMENT_3D('',#5102,#1899,#1900);
#1584=AXIS2_PLACEMENT_3D('',#5106,#1902,#1903);
#1585=AXIS2_PLACEMENT_3D('',#5108,#1905,#1906);
#1586=AXIS2_PLACEMENT_3D('',#5112,#1909,#1910);
#1587=AXIS2_PLACEMENT_3D('',#5116,#1912,#1913);
#1588=AXIS2_PLACEMENT_3D('',#5118,#1915,#1916);
#1589=AXIS2_PLACEMENT_3D('',#5122,#1919,#1920);
#1590=AXIS2_PLACEMENT_3D('',#5126,#1922,#1923);
#1591=AXIS2_PLACEMENT_3D('',#5128,#1925,#1926);
#1592=AXIS2_PLACEMENT_3D('',#5359,#1930,#1931);
#1593=AXIS2_PLACEMENT_3D('',#5361,#1932,#1933);
#1594=AXIS2_PLACEMENT_3D('',#6040,#1936,#1937);
#1595=AXIS2_PLACEMENT_3D('',#6042,#1938,#1939);
#1596=AXIS2_PLACEMENT_3D('',#6496,#1942,#1943);
#1597=AXIS2_PLACEMENT_3D('',#6498,#1944,#1945);
#1598=AXIS2_PLACEMENT_3D('',#6725,#1947,#1948);
#1599=AXIS2_PLACEMENT_3D('',#6727,#1949,#1950);
#1600=AXIS2_PLACEMENT_3D('',#6729,#1952,#1953);
#1601=AXIS2_PLACEMENT_3D('',#6730,#1954,#1955);
#1602=AXIS2_PLACEMENT_3D('',#6731,#1956,#1957);
#1603=AXIS2_PLACEMENT_3D('',#6732,#1958,#1959);
#1604=AXIS2_PLACEMENT_3D('',#6733,#1960,#1961);
#1605=AXIS2_PLACEMENT_3D('',#6734,#1962,#1963);
#1606=AXIS2_PLACEMENT_3D('',#6735,#1964,#1965);
#1607=AXIS2_PLACEMENT_3D('',#6737,#1966,#1967);
#1608=AXIS2_PLACEMENT_3D('',#6739,#1969,#1970);
#1609=AXIS2_PLACEMENT_3D('',#6743,#1973,#1974);
#1610=AXIS2_PLACEMENT_3D('',#6747,#1976,#1977);
#1611=AXIS2_PLACEMENT_3D('',#6749,#1979,#1980);
#1612=AXIS2_PLACEMENT_3D('',#6980,#1984,#1985);
#1613=AXIS2_PLACEMENT_3D('',#6982,#1986,#1987);
#1614=AXIS2_PLACEMENT_3D('',#7209,#1989,#1990);
#1615=AXIS2_PLACEMENT_3D('',#7210,#1991,#1992);
#1616=AXIS2_PLACEMENT_3D('',#7211,#1993,#1994);
#1617=DIRECTION('axis',(0.,0.,1.));
#1618=DIRECTION('refdir',(1.,0.,0.));
#1619=DIRECTION('center_axis',(-0.939894549843392,0.34146483739133,0.));
#1620=DIRECTION('ref_axis',(-0.34146483739133,-0.939894549843392,0.));
#1621=DIRECTION('',(0.34146483739133,0.939894549843392,0.));
#1622=DIRECTION('',(0.,0.,1.));
#1623=DIRECTION('',(-0.34146483739133,-0.939894549843392,0.));
#1624=DIRECTION('',(0.,0.,1.));
#1625=DIRECTION('center_axis',(0.,0.,1.));
#1626=DIRECTION('ref_axis',(1.,0.,0.));
#1627=DIRECTION('center_axis',(0.,0.,-1.));
#1628=DIRECTION('ref_axis',(1.,0.,0.));
#1629=DIRECTION('center_axis',(0.,0.,1.));
#1630=DIRECTION('ref_axis',(1.,0.,0.));
#1631=DIRECTION('center_axis',(0.,0.,1.));
#1632=DIRECTION('ref_axis',(1.,0.,0.));
#1633=DIRECTION('center_axis',(0.,0.,-1.));
#1634=DIRECTION('ref_axis',(-0.940467115886865,0.339884692116961,0.));
#1635=DIRECTION('',(-0.355219984388126,0.934782735554792,0.));
#1636=DIRECTION('center_axis',(0.,0.,1.));
#1637=DIRECTION('ref_axis',(0.122711002646483,-0.992442446608112,0.));
#1638=DIRECTION('',(-0.014083072892398,-0.999900828611472,0.));
#1639=DIRECTION('center_axis',(0.,0.,-1.));
#1640=DIRECTION('ref_axis',(0.767502597778649,0.641045834869102,0.));
#1641=DIRECTION('center_axis',(0.,0.,1.));
#1642=DIRECTION('ref_axis',(1.,0.,0.));
#1643=DIRECTION('center_axis',(0.,0.,-1.));
#1644=DIRECTION('ref_axis',(-0.501965939246358,0.864887389107114,0.));
#1645=DIRECTION('',(0.328752465038175,0.944416124773039,0.));
#1646=DIRECTION('center_axis',(0.,0.,1.));
#1647=DIRECTION('ref_axis',(-0.543927626319793,-0.839132133412918,0.));
#1648=DIRECTION('',(-0.653512123278019,-0.756916048666334,0.));
#1649=DIRECTION('center_axis',(0.,0.,-1.));
#1650=DIRECTION('ref_axis',(0.999997420002737,-0.00227156066830595,0.));
#1651=DIRECTION('center_axis',(0.,0.,1.));
#1652=DIRECTION('ref_axis',(1.,0.,0.));
#1653=DIRECTION('center_axis',(0.,0.,-1.));
#1654=DIRECTION('ref_axis',(0.171410679097523,0.985199664581412,0.));
#1655=DIRECTION('',(0.858897982396446,0.5121467131939,0.));
#1656=DIRECTION('center_axis',(0.,0.,1.));
#1657=DIRECTION('ref_axis',(-0.956056473848829,-0.293182569078967,0.));
#1658=DIRECTION('',(-0.987155588203624,-0.159761837365366,0.));
#1659=DIRECTION('center_axis',(0.,0.,-1.));
#1660=DIRECTION('ref_axis',(0.764582335674173,-0.644526067723429,0.));
#1661=DIRECTION('center_axis',(0.,0.,1.));
#1662=DIRECTION('ref_axis',(1.,0.,0.));
#1663=DIRECTION('center_axis',(0.,0.,-1.));
#1664=DIRECTION('ref_axis',(0.764582335674174,0.644526067723428,0.));
#1665=DIRECTION('',(0.987155588203624,-0.159761837365366,0.));
#1666=DIRECTION('center_axis',(0.,0.,1.));
#1667=DIRECTION('ref_axis',(-0.920835871879848,0.389950377688342,0.));
#1668=DIRECTION('',(-0.858897982396446,0.5121467131939,0.));
#1669=DIRECTION('center_axis',(0.,0.,-1.));
#1670=DIRECTION('ref_axis',(0.171410679097523,-0.985199664581412,0.));
#1671=DIRECTION('center_axis',(0.,0.,1.));
#1672=DIRECTION('ref_axis',(1.,0.,0.));
#1673=DIRECTION('center_axis',(0.,0.,-1.));
#1674=DIRECTION('ref_axis',(0.999997420002737,0.00227156066830595,0.));
#1675=DIRECTION('',(0.653512123278019,-0.756916048666334,0.));
#1676=DIRECTION('center_axis',(0.,0.,1.));
#1677=DIRECTION('ref_axis',(-0.454745931507524,0.890621208919569,0.));
#1678=DIRECTION('',(-0.328752465038174,0.944416124773039,0.));
#1679=DIRECTION('center_axis',(0.,0.,-1.));
#1680=DIRECTION('ref_axis',(-0.501965939246359,-0.864887389107114,0.));
#1681=DIRECTION('center_axis',(0.,0.,1.));
#1682=DIRECTION('ref_axis',(1.,0.,0.));
#1683=DIRECTION('center_axis',(0.,0.,-1.));
#1684=DIRECTION('ref_axis',(0.76750259777865,-0.641045834869102,0.));
#1685=DIRECTION('',(0.0140830728923977,-0.999900828611472,0.));
#1686=DIRECTION('center_axis',(0.,0.,1.));
#1687=DIRECTION('ref_axis',(0.224124684155243,0.974560478345142,0.));
#1688=DIRECTION('',(0.355219984388127,0.934782735554792,0.));
#1689=DIRECTION('center_axis',(0.,0.,-1.));
#1690=DIRECTION('ref_axis',(-0.940467115886865,-0.339884692116961,0.));
#1691=DIRECTION('center_axis',(0.,0.,1.));
#1692=DIRECTION('ref_axis',(1.,0.,0.));
#1693=DIRECTION('center_axis',(0.,0.,-1.));
#1694=DIRECTION('ref_axis',(0.175884780212692,-0.98441075984039,0.));
#1695=DIRECTION('',(-0.631935603815497,-0.775020898189425,0.));
#1696=DIRECTION('center_axis',(0.,0.,1.));
#1697=DIRECTION('ref_axis',(0.798124869233365,0.60249206891977,0.));
#1698=DIRECTION('',(0.872981055288843,0.487754115417571,0.));
#1699=DIRECTION('center_axis',(0.,0.,-1.));
#1700=DIRECTION('ref_axis',(-0.938913276876172,0.344153829712309,0.));
#1701=DIRECTION('center_axis',(0.,0.,1.));
#1702=DIRECTION('ref_axis',(1.,0.,0.));
#1703=DIRECTION('center_axis',(0.,0.,-1.));
#1704=DIRECTION('ref_axis',(-0.498031480756379,-0.867158949775419,0.));
#1705=DIRECTION('',(-0.982264588316193,-0.187500076106705,0.));
#1706=DIRECTION('center_axis',(0.,0.,1.));
#1707=DIRECTION('ref_axis',(0.998673557827316,-0.0514890755066502,0.));
#1708=DIRECTION('',(0.982264588316193,-0.187500076106705,0.));
#1709=DIRECTION('center_axis',(0.,0.,-1.));
#1710=DIRECTION('ref_axis',(-0.498031480756379,0.867158949775419,0.));
#1711=DIRECTION('center_axis',(0.,0.,1.));
#1712=DIRECTION('ref_axis',(1.,0.,0.));
#1713=DIRECTION('center_axis',(0.,0.,-1.));
#1714=DIRECTION('ref_axis',(-0.938913276876172,-0.34415382971231,0.));
#1715=DIRECTION('',(-0.872981055288843,0.487754115417572,0.));
#1716=DIRECTION('center_axis',(0.,0.,1.));
#1717=DIRECTION('ref_axis',(0.731931789693586,-0.681377909266176,0.));
#1718=DIRECTION('',(0.631935603815497,-0.775020898189425,0.));
#1719=DIRECTION('center_axis',(0.,0.,-1.));
#1720=DIRECTION('ref_axis',(0.175884780212692,0.98441075984039,0.));
#1721=DIRECTION('center_axis',(0.,0.,1.));
#1722=DIRECTION('ref_axis',(1.,0.,0.));
#1723=DIRECTION('center_axis',(0.,0.,1.));
#1724=DIRECTION('ref_axis',(-0.454745931507524,0.890621208919569,0.));
#1725=DIRECTION('',(0.,0.,1.));
#1726=DIRECTION('center_axis',(0.,0.,1.));
#1727=DIRECTION('ref_axis',(-0.454745931507524,0.890621208919569,0.));
#1728=DIRECTION('',(0.,0.,1.));
#1729=DIRECTION('',(0.,0.,1.));
#1730=DIRECTION('center_axis',(-0.756916048666334,-0.653512123278019,0.));
#1731=DIRECTION('ref_axis',(0.653512123278018,-0.756916048666334,0.));
#1732=DIRECTION('',(0.,0.,-1.));
#1733=DIRECTION('',(0.653512123278018,-0.756916048666334,0.));
#1734=DIRECTION('center_axis',(0.,0.,-1.));
#1735=DIRECTION('ref_axis',(0.999997420002737,0.00227156066830595,0.));
#1736=DIRECTION('',(0.,0.,1.));
#1737=DIRECTION('center_axis',(0.,0.,1.));
#1738=DIRECTION('ref_axis',(0.999997420002737,0.00227156066830595,0.));
#1739=DIRECTION('center_axis',(0.,0.,1.));
#1740=DIRECTION('ref_axis',(1.,0.,0.));
#1741=DIRECTION('',(0.,0.,-1.));
#1742=DIRECTION('center_axis',(0.,0.,1.));
#1743=DIRECTION('ref_axis',(1.,0.,0.));
#1744=DIRECTION('center_axis',(0.,0.,1.));
#1745=DIRECTION('ref_axis',(0.171410679097523,-0.985199664581412,0.));
#1746=DIRECTION('',(0.,0.,1.));
#1747=DIRECTION('center_axis',(0.,0.,1.));
#1748=DIRECTION('ref_axis',(0.171410679097523,-0.985199664581412,0.));
#1749=DIRECTION('center_axis',(0.5121467131939,0.858897982396446,0.));
#1750=DIRECTION('ref_axis',(-0.858897982396446,0.5121467131939,0.));
#1751=DIRECTION('',(0.,0.,1.));
#1752=DIRECTION('',(-0.858897982396446,0.5121467131939,0.));
#1753=DIRECTION('',(0.,0.,1.));
#1754=DIRECTION('center_axis',(0.,0.,1.));
#1755=DIRECTION('ref_axis',(-0.920835871879848,0.389950377688342,0.));
#1756=DIRECTION('',(0.,0.,1.));
#1757=DIRECTION('center_axis',(0.,0.,1.));
#1758=DIRECTION('ref_axis',(-0.920835871879848,0.389950377688342,0.));
#1759=DIRECTION('',(0.,0.,1.));
#1760=DIRECTION('center_axis',(-0.159761837365366,-0.987155588203624,0.));
#1761=DIRECTION('ref_axis',(0.987155588203624,-0.159761837365366,0.));
#1762=DIRECTION('',(0.,0.,-1.));
#1763=DIRECTION('',(0.987155588203624,-0.159761837365366,0.));
#1764=DIRECTION('center_axis',(0.,0.,-1.));
#1765=DIRECTION('ref_axis',(0.764582335674174,0.644526067723428,0.));
#1766=DIRECTION('',(0.,0.,1.));
#1767=DIRECTION('center_axis',(0.,0.,1.));
#1768=DIRECTION('ref_axis',(0.764582335674174,0.644526067723428,0.));
#1769=DIRECTION('center_axis',(0.,0.,1.));
#1770=DIRECTION('ref_axis',(-1.,1.22464679914735E-16,0.));
#1771=DIRECTION('',(0.,0.,-1.));
#1772=DIRECTION('center_axis',(0.,0.,1.));
#1773=DIRECTION('ref_axis',(1.,0.,0.));
#1774=DIRECTION('center_axis',(0.,0.,1.));
#1775=DIRECTION('ref_axis',(0.764582335674173,-0.644526067723429,0.));
#1776=DIRECTION('',(0.,0.,1.));
#1777=DIRECTION('center_axis',(0.,0.,1.));
#1778=DIRECTION('ref_axis',(0.764582335674173,-0.644526067723429,0.));
#1779=DIRECTION('center_axis',(-0.159761837365366,0.987155588203624,0.));
#1780=DIRECTION('ref_axis',(-0.987155588203624,-0.159761837365366,0.));
#1781=DIRECTION('',(0.,0.,1.));
#1782=DIRECTION('',(-0.987155588203624,-0.159761837365366,0.));
#1783=DIRECTION('',(0.,0.,1.));
#1784=DIRECTION('center_axis',(0.,0.,1.));
#1785=DIRECTION('ref_axis',(-0.956056473848829,-0.293182569078967,0.));
#1786=DIRECTION('',(0.,0.,1.));
#1787=DIRECTION('center_axis',(0.,0.,1.));
#1788=DIRECTION('ref_axis',(-0.956056473848829,-0.293182569078967,0.));
#1789=DIRECTION('',(0.,0.,1.));
#1790=DIRECTION('center_axis',(0.5121467131939,-0.858897982396446,0.));
#1791=DIRECTION('ref_axis',(0.858897982396446,0.5121467131939,0.));
#1792=DIRECTION('',(0.,0.,-1.));
#1793=DIRECTION('',(0.858897982396446,0.5121467131939,0.));
#1794=DIRECTION('center_axis',(0.,0.,-1.));
#1795=DIRECTION('ref_axis',(0.171410679097523,0.985199664581412,0.));
#1796=DIRECTION('',(0.,0.,1.));
#1797=DIRECTION('center_axis',(0.,0.,1.));
#1798=DIRECTION('ref_axis',(0.171410679097523,0.985199664581412,0.));
#1799=DIRECTION('center_axis',(0.,0.,1.));
#1800=DIRECTION('ref_axis',(1.,0.,0.));
#1801=DIRECTION('',(0.,0.,-1.));
#1802=DIRECTION('center_axis',(0.,0.,1.));
#1803=DIRECTION('ref_axis',(1.,0.,0.));
#1804=DIRECTION('center_axis',(0.,0.,1.));
#1805=DIRECTION('ref_axis',(0.999997420002737,-0.00227156066830595,0.));
#1806=DIRECTION('',(0.,0.,1.));
#1807=DIRECTION('center_axis',(0.,0.,1.));
#1808=DIRECTION('ref_axis',(0.999997420002737,-0.00227156066830595,0.));
#1809=DIRECTION('center_axis',(-0.756916048666334,0.653512123278019,0.));
#1810=DIRECTION('ref_axis',(-0.653512123278019,-0.756916048666334,0.));
#1811=DIRECTION('',(0.,0.,1.));
#1812=DIRECTION('',(-0.653512123278019,-0.756916048666334,0.));
#1813=DIRECTION('',(0.,0.,1.));
#1814=DIRECTION('center_axis',(0.,0.,1.));
#1815=DIRECTION('ref_axis',(-0.543927626319793,-0.839132133412918,0.));
#1816=DIRECTION('',(0.,0.,1.));
#1817=DIRECTION('center_axis',(0.,0.,1.));
#1818=DIRECTION('ref_axis',(-0.543927626319793,-0.839132133412918,0.));
#1819=DIRECTION('',(0.,0.,1.));
#1820=DIRECTION('center_axis',(0.944416124773039,-0.328752465038175,0.));
#1821=DIRECTION('ref_axis',(0.328752465038175,0.944416124773039,0.));
#1822=DIRECTION('',(0.,0.,-1.));
#1823=DIRECTION('',(0.328752465038175,0.944416124773039,0.));
#1824=DIRECTION('center_axis',(0.,0.,-1.));
#1825=DIRECTION('ref_axis',(-0.501965939246358,0.864887389107114,0.));
#1826=DIRECTION('',(0.,0.,1.));
#1827=DIRECTION('center_axis',(0.,0.,1.));
#1828=DIRECTION('ref_axis',(-0.501965939246358,0.864887389107114,0.));
#1829=DIRECTION('center_axis',(0.,0.,1.));
#1830=DIRECTION('ref_axis',(1.,0.,0.));
#1831=DIRECTION('',(0.,0.,-1.));
#1832=DIRECTION('center_axis',(0.,0.,1.));
#1833=DIRECTION('ref_axis',(1.,0.,0.));
#1834=DIRECTION('center_axis',(0.,0.,1.));
#1835=DIRECTION('ref_axis',(0.767502597778649,0.641045834869102,0.));
#1836=DIRECTION('',(0.,0.,1.));
#1837=DIRECTION('center_axis',(0.,0.,1.));
#1838=DIRECTION('ref_axis',(0.767502597778649,0.641045834869102,0.));
#1839=DIRECTION('center_axis',(-0.999900828611472,0.014083072892398,0.));
#1840=DIRECTION('ref_axis',(-0.014083072892398,-0.999900828611472,0.));
#1841=DIRECTION('',(0.,0.,1.));
#1842=DIRECTION('',(-0.014083072892398,-0.999900828611472,0.));
#1843=DIRECTION('',(0.,0.,1.));
#1844=DIRECTION('center_axis',(0.,0.,1.));
#1845=DIRECTION('ref_axis',(0.122711002646483,-0.992442446608112,0.));
#1846=DIRECTION('',(0.,0.,1.));
#1847=DIRECTION('center_axis',(0.,0.,1.));
#1848=DIRECTION('ref_axis',(0.122711002646483,-0.992442446608112,0.));
#1849=DIRECTION('',(0.,0.,1.));
#1850=DIRECTION('center_axis',(0.934782735554792,0.355219984388126,0.));
#1851=DIRECTION('ref_axis',(-0.355219984388126,0.934782735554792,0.));
#1852=DIRECTION('',(0.,0.,-1.));
#1853=DIRECTION('',(-0.355219984388126,0.934782735554792,0.));
#1854=DIRECTION('center_axis',(0.,0.,-1.));
#1855=DIRECTION('ref_axis',(-0.940467115886865,0.339884692116961,0.));
#1856=DIRECTION('',(0.,0.,1.));
#1857=DIRECTION('center_axis',(0.,0.,1.));
#1858=DIRECTION('ref_axis',(-0.940467115886865,0.339884692116961,0.));
#1859=DIRECTION('center_axis',(0.,0.,-1.));
#1860=DIRECTION('ref_axis',(-0.938913276876172,-0.34415382971231,0.));
#1861=DIRECTION('',(0.,0.,1.));
#1862=DIRECTION('center_axis',(0.,0.,1.));
#1863=DIRECTION('ref_axis',(-0.938913276876172,-0.34415382971231,0.));
#1864=DIRECTION('',(0.,0.,-1.));
#1865=DIRECTION('center_axis',(0.487754115417572,0.872981055288843,0.));
#1866=DIRECTION('ref_axis',(-0.872981055288843,0.487754115417572,0.));
#1867=DIRECTION('',(-0.872981055288843,0.487754115417572,0.));
#1868=DIRECTION('',(0.,0.,1.));
#1869=DIRECTION('center_axis',(0.,0.,1.));
#1870=DIRECTION('ref_axis',(0.175884780212692,0.98441075984039,0.));
#1871=DIRECTION('',(0.,0.,1.));
#1872=DIRECTION('center_axis',(0.,0.,1.));
#1873=DIRECTION('ref_axis',(0.175884780212692,0.98441075984039,0.));
#1874=DIRECTION('',(0.,0.,-1.));
#1875=DIRECTION('center_axis',(-0.775020898189425,-0.631935603815497,0.));
#1876=DIRECTION('ref_axis',(0.631935603815497,-0.775020898189425,0.));
#1877=DIRECTION('',(0.,0.,1.));
#1878=DIRECTION('',(0.631935603815497,-0.775020898189425,0.));
#1879=DIRECTION('center_axis',(0.,0.,1.));
#1880=DIRECTION('ref_axis',(-0.501965939246359,-0.864887389107114,0.));
#1881=DIRECTION('',(0.,0.,1.));
#1882=DIRECTION('center_axis',(0.,0.,1.));
#1883=DIRECTION('ref_axis',(-0.501965939246359,-0.864887389107114,0.));
#1884=DIRECTION('',(0.,0.,-1.));
#1885=DIRECTION('center_axis',(0.944416124773039,0.328752465038174,0.));
#1886=DIRECTION('ref_axis',(-0.328752465038174,0.944416124773039,0.));
#1887=DIRECTION('',(0.,0.,1.));
#1888=DIRECTION('',(-0.328752465038174,0.944416124773039,0.));
#1889=DIRECTION('center_axis',(0.,0.,-1.));
#1890=DIRECTION('ref_axis',(0.76750259777865,-0.641045834869102,0.));
#1891=DIRECTION('',(0.,0.,1.));
#1892=DIRECTION('center_axis',(0.,0.,1.));
#1893=DIRECTION('ref_axis',(0.76750259777865,-0.641045834869102,0.));
#1894=DIRECTION('',(0.,0.,-1.));
#1895=DIRECTION('center_axis',(-0.999900828611472,-0.0140830728923977,0.));
#1896=DIRECTION('ref_axis',(0.0140830728923977,-0.999900828611472,0.));
#1897=DIRECTION('',(0.0140830728923977,-0.999900828611472,0.));
#1898=DIRECTION('',(0.,0.,1.));
#1899=DIRECTION('center_axis',(0.,0.,1.));
#1900=DIRECTION('ref_axis',(-0.940467115886865,-0.339884692116961,0.));
#1901=DIRECTION('',(0.,0.,1.));
#1902=DIRECTION('center_axis',(0.,0.,1.));
#1903=DIRECTION('ref_axis',(-0.940467115886865,-0.339884692116961,0.));
#1904=DIRECTION('',(0.,0.,-1.));
#1905=DIRECTION('center_axis',(0.934782735554792,-0.355219984388127,0.));
#1906=DIRECTION('ref_axis',(0.355219984388127,0.934782735554792,0.));
#1907=DIRECTION('',(0.,0.,1.));
#1908=DIRECTION('',(0.355219984388127,0.934782735554792,0.));
#1909=DIRECTION('center_axis',(0.,0.,-1.));
#1910=DIRECTION('ref_axis',(0.175884780212692,-0.98441075984039,0.));
#1911=DIRECTION('',(0.,0.,1.));
#1912=DIRECTION('center_axis',(0.,0.,1.));
#1913=DIRECTION('ref_axis',(0.175884780212692,-0.98441075984039,0.));
#1914=DIRECTION('',(0.,0.,-1.));
#1915=DIRECTION('center_axis',(-0.775020898189425,0.631935603815497,0.));
#1916=DIRECTION('ref_axis',(-0.631935603815497,-0.775020898189425,0.));
#1917=DIRECTION('',(-0.631935603815497,-0.775020898189425,0.));
#1918=DIRECTION('',(0.,0.,1.));
#1919=DIRECTION('center_axis',(0.,0.,1.));
#1920=DIRECTION('ref_axis',(-0.938913276876172,0.344153829712309,0.));
#1921=DIRECTION('',(0.,0.,1.));
#1922=DIRECTION('center_axis',(0.,0.,1.));
#1923=DIRECTION('ref_axis',(-0.938913276876172,0.344153829712309,0.));
#1924=DIRECTION('',(0.,0.,-1.));
#1925=DIRECTION('center_axis',(0.487754115417571,-0.872981055288843,0.));
#1926=DIRECTION('ref_axis',(0.872981055288843,0.487754115417571,0.));
#1927=DIRECTION('',(0.,0.,1.));
#1928=DIRECTION('',(0.872981055288843,0.487754115417571,0.));
#1929=DIRECTION('',(0.,0.,1.));
#1930=DIRECTION('center_axis',(0.,0.,1.));
#1931=DIRECTION('ref_axis',(0.731931789693586,-0.681377909266176,0.));
#1932=DIRECTION('center_axis',(0.,0.,1.));
#1933=DIRECTION('ref_axis',(0.731931789693586,-0.681377909266176,0.));
#1934=DIRECTION('',(0.,0.,1.));
#1935=DIRECTION('',(0.,0.,1.));
#1936=DIRECTION('center_axis',(0.,0.,1.));
#1937=DIRECTION('ref_axis',(0.224124684155243,0.974560478345142,0.));
#1938=DIRECTION('center_axis',(0.,0.,1.));
#1939=DIRECTION('ref_axis',(0.224124684155243,0.974560478345142,0.));
#1940=DIRECTION('',(0.,0.,1.));
#1941=DIRECTION('',(0.,0.,1.));
#1942=DIRECTION('center_axis',(0.,0.,1.));
#1943=DIRECTION('ref_axis',(0.798124869233365,0.60249206891977,0.));
#1944=DIRECTION('center_axis',(0.,0.,1.));
#1945=DIRECTION('ref_axis',(0.798124869233365,0.60249206891977,0.));
#1946=DIRECTION('',(0.,0.,1.));
#1947=DIRECTION('center_axis',(0.,0.,1.));
#1948=DIRECTION('ref_axis',(1.,0.,0.));
#1949=DIRECTION('center_axis',(0.,0.,1.));
#1950=DIRECTION('ref_axis',(1.,0.,0.));
#1951=DIRECTION('',(0.,0.,1.));
#1952=DIRECTION('center_axis',(0.,0.,1.));
#1953=DIRECTION('ref_axis',(1.,0.,0.));
#1954=DIRECTION('center_axis',(0.,0.,1.));
#1955=DIRECTION('ref_axis',(1.,0.,0.));
#1956=DIRECTION('center_axis',(0.,0.,1.));
#1957=DIRECTION('ref_axis',(1.,0.,0.));
#1958=DIRECTION('center_axis',(0.,0.,1.));
#1959=DIRECTION('ref_axis',(1.,0.,0.));
#1960=DIRECTION('center_axis',(0.,0.,1.));
#1961=DIRECTION('ref_axis',(1.,0.,0.));
#1962=DIRECTION('center_axis',(0.,0.,1.));
#1963=DIRECTION('ref_axis',(1.,0.,0.));
#1964=DIRECTION('center_axis',(0.,0.,-1.));
#1965=DIRECTION('ref_axis',(-0.498031480756379,-0.867158949775419,0.));
#1966=DIRECTION('center_axis',(0.,0.,1.));
#1967=DIRECTION('ref_axis',(-0.498031480756379,-0.867158949775419,0.));
#1968=DIRECTION('',(0.,0.,-1.));
#1969=DIRECTION('center_axis',(-0.187500076106705,0.982264588316193,0.));
#1970=DIRECTION('ref_axis',(-0.982264588316193,-0.187500076106705,0.));
#1971=DIRECTION('',(-0.982264588316193,-0.187500076106705,0.));
#1972=DIRECTION('',(0.,0.,1.));
#1973=DIRECTION('center_axis',(0.,0.,1.));
#1974=DIRECTION('ref_axis',(-0.498031480756379,0.867158949775419,0.));
#1975=DIRECTION('',(0.,0.,1.));
#1976=DIRECTION('center_axis',(0.,0.,1.));
#1977=DIRECTION('ref_axis',(-0.498031480756379,0.867158949775419,0.));
#1978=DIRECTION('',(0.,0.,-1.));
#1979=DIRECTION('center_axis',(-0.187500076106705,-0.982264588316193,0.));
#1980=DIRECTION('ref_axis',(0.982264588316193,-0.187500076106705,0.));
#1981=DIRECTION('',(0.,0.,1.));
#1982=DIRECTION('',(0.982264588316193,-0.187500076106705,0.));
#1983=DIRECTION('',(0.,0.,1.));
#1984=DIRECTION('center_axis',(0.,0.,1.));
#1985=DIRECTION('ref_axis',(0.998673557827316,-0.0514890755066502,0.));
#1986=DIRECTION('center_axis',(0.,0.,1.));
#1987=DIRECTION('ref_axis',(0.998673557827316,-0.0514890755066502,0.));
#1988=DIRECTION('',(0.,0.,1.));
#1989=DIRECTION('center_axis',(0.,0.,1.));
#1990=DIRECTION('ref_axis',(1.,0.,0.));
#1991=DIRECTION('center_axis',(0.,0.,1.));
#1992=DIRECTION('ref_axis',(1.,0.,0.));
#1993=DIRECTION('center_axis',(0.,0.,1.));
#1994=DIRECTION('ref_axis',(1.,0.,0.));
#1995=CARTESIAN_POINT('',(0.,0.,0.));
#1996=CARTESIAN_POINT('Origin',(-0.0860337942694387,0.128132344792668,0.5));
#1997=CARTESIAN_POINT('',(-0.14821684738385,-0.0430288007043618,1.));
#1998=CARTESIAN_POINT('',(-0.0860337942694387,0.128132344792668,1.));
#1999=CARTESIAN_POINT('',(-0.101579557548042,0.0853420584184104,1.));
#2000=CARTESIAN_POINT('',(-0.14821684738385,-0.0430288007043618,0.5));
#2001=CARTESIAN_POINT('',(-0.14821684738385,-0.0430288007043618,0.5));
#2002=CARTESIAN_POINT('',(-0.0860337942694387,0.128132344792668,0.5));
#2003=CARTESIAN_POINT('',(-0.101579557548042,0.0853420584184104,0.5));
#2004=CARTESIAN_POINT('',(-0.0860337942694387,0.128132344792668,0.5));
#2005=CARTESIAN_POINT('Origin',(-0.014098418247657,0.00512197256087273,
0.5));
#2006=CARTESIAN_POINT('Origin',(-0.014098418247657,0.00512197256087273,
1.));
#2007=CARTESIAN_POINT('Origin',(-0.014098418247657,0.00512197256087273,
0.5));
#2008=CARTESIAN_POINT('Origin',(0.,0.,0.5));
#2009=CARTESIAN_POINT('',(0.320372931968309,-0.840773457822286,0.5));
#2010=CARTESIAN_POINT('',(0.380630126264838,-0.674040706845698,0.5));
#2011=CARTESIAN_POINT('Origin',(0.44750338400376,-0.7924635399455,0.5));
#2012=CARTESIAN_POINT('',(0.355425930776541,-0.933017530665764,0.5));
#2013=CARTESIAN_POINT('',(0.178096016535937,-0.46636320485394,0.5));
#2014=CARTESIAN_POINT('',(0.291050805116901,-1.26557506562281,0.5));
#2015=CARTESIAN_POINT('Ctrl Pts',(0.291050805116901,-1.26557506562281,0.5));
#2016=CARTESIAN_POINT('Ctrl Pts',(0.298516763209574,-1.25079367480493,0.5));
#2017=CARTESIAN_POINT('Ctrl Pts',(0.305463577390743,-1.23594340926387,0.5));
#2018=CARTESIAN_POINT('Ctrl Pts',(0.311873721895666,-1.22104191726685,0.5));
#2019=CARTESIAN_POINT('Ctrl Pts',(0.32239017104954,-1.19659460835155,0.5));
#2020=CARTESIAN_POINT('Ctrl Pts',(0.331460066631391,-1.17201983647675,0.5));
#2021=CARTESIAN_POINT('Ctrl Pts',(0.338960906315689,-1.14745902958491,0.5));
#2022=CARTESIAN_POINT('Ctrl Pts',(0.344586536078913,-1.12903842441603,0.5));
#2023=CARTESIAN_POINT('Ctrl Pts',(0.349327138081391,-1.11062659598916,0.5));
#2024=CARTESIAN_POINT('Ctrl Pts',(0.353110854692051,-1.09229565140535,0.5));
#2025=CARTESIAN_POINT('Ctrl Pts',(0.355238163679054,-1.0819894928935,0.5));
#2026=CARTESIAN_POINT('Ctrl Pts',(0.357059281347293,-1.0717099593955,0.5));
#2027=CARTESIAN_POINT('Ctrl Pts',(0.358553636460005,-1.06147310133589,0.5));
#2028=CARTESIAN_POINT('Ctrl Pts',(0.359667960361025,-1.05383959072643,0.5));
#2029=CARTESIAN_POINT('Ctrl Pts',(0.360607185706607,-1.04622810494179,0.5));
#2030=CARTESIAN_POINT('Ctrl Pts',(0.361355298364159,-1.0386477362966,0.5));
#2031=CARTESIAN_POINT('Ctrl Pts',(0.361988688267209,-1.03222981392518,0.5));
#2032=CARTESIAN_POINT('Ctrl Pts',(0.362478242601761,-1.02583597675349,0.5));
#2033=CARTESIAN_POINT('Ctrl Pts',(0.362812020774253,-1.01947268594844,0.5));
#2034=CARTESIAN_POINT('Ctrl Pts',(0.363091686792748,-1.01414101254786,0.5));
#2035=CARTESIAN_POINT('Ctrl Pts',(0.363266753815944,-1.00882954377204,0.5));
#2036=CARTESIAN_POINT('Ctrl Pts',(0.363348683613651,-1.00353755152951,0.5));
#2037=CARTESIAN_POINT('Ctrl Pts',(0.363422316663422,-0.998781461082766,
0.5));
#2038=CARTESIAN_POINT('Ctrl Pts',(0.363422827686396,-0.994040551097386,
0.5));
#2039=CARTESIAN_POINT('Ctrl Pts',(0.363311955756166,-0.989326693700736,
0.5));
#2040=CARTESIAN_POINT('Ctrl Pts',(0.363218998124851,-0.985374484904155,
0.5));
#2041=CARTESIAN_POINT('Ctrl Pts',(0.363042667561728,-0.981442613538751,
0.5));
#2042=CARTESIAN_POINT('Ctrl Pts',(0.362769817902465,-0.977535856350953,
0.5));
#2043=CARTESIAN_POINT('Ctrl Pts',(0.362500120287854,-0.973674231244821,
0.5));
#2044=CARTESIAN_POINT('Ctrl Pts',(0.3621371614708,-0.969836839770477,0.5));
#2045=CARTESIAN_POINT('Ctrl Pts',(0.361719921251737,-0.966015244979738,
0.5));
#2046=CARTESIAN_POINT('Ctrl Pts',(0.361401514131023,-0.963098884240147,
0.5));
#2047=CARTESIAN_POINT('Ctrl Pts',(0.361054625235667,-0.960190901431822,
0.5));
#2048=CARTESIAN_POINT('Ctrl Pts',(0.360680431287899,-0.957292261044116,
0.5));
#2049=CARTESIAN_POINT('Ctrl Pts',(0.36031141175691,-0.954433703542698,0.5));
#2050=CARTESIAN_POINT('Ctrl Pts',(0.35991735246899,-0.951583831051119,0.5));
#2051=CARTESIAN_POINT('Ctrl Pts',(0.359448972053924,-0.94875740277086,0.5));
#2052=CARTESIAN_POINT('Ctrl Pts',(0.35894542591574,-0.945718767935589,0.5));
#2053=CARTESIAN_POINT('Ctrl Pts',(0.358350838822365,-0.942708673419042,
0.5));
#2054=CARTESIAN_POINT('Ctrl Pts',(0.357573960075,-0.939753321077593,0.5));
#2055=CARTESIAN_POINT('Ctrl Pts',(0.356974575911878,-0.937473182258093,
0.5));
#2056=CARTESIAN_POINT('Ctrl Pts',(0.356265170500958,-0.935226040433952,
0.5));
#2057=CARTESIAN_POINT('Ctrl Pts',(0.355425930776541,-0.933017530665764,
0.5));
#2058=CARTESIAN_POINT('',(0.159353871491554,-1.28879678829753,0.5));
#2059=CARTESIAN_POINT('Origin',(-1.34497832345819E-14,7.6317470633483E-14,
0.5));
#2060=CARTESIAN_POINT('',(-0.0148803348230127,-0.99831251641636,0.5));
#2061=CARTESIAN_POINT('Ctrl Pts',(-0.0148803348230127,-0.99831251641636,
0.5));
#2062=CARTESIAN_POINT('Ctrl Pts',(-0.0149185843005082,-1.00102823652474,
0.5));
#2063=CARTESIAN_POINT('Ctrl Pts',(-0.014777011334266,-1.00373316747648,
0.5));
#2064=CARTESIAN_POINT('Ctrl Pts',(-0.0144904514848053,-1.00642981601841,
0.5));
#2065=CARTESIAN_POINT('Ctrl Pts',(-0.014152241304223,-1.00961251586995,
0.5));
#2066=CARTESIAN_POINT('Ctrl Pts',(-0.0136171710780634,-1.01278408456835,
0.5));
#2067=CARTESIAN_POINT('Ctrl Pts',(-0.0129948306849937,-1.01595206776978,
0.5));
#2068=CARTESIAN_POINT('Ctrl Pts',(-0.0124585692149619,-1.01868187182484,
0.5));
#2069=CARTESIAN_POINT('Ctrl Pts',(-0.0118610633368321,-1.02140927436625,
0.5));
#2070=CARTESIAN_POINT('Ctrl Pts',(-0.0112408293343315,-1.02413630707617,
0.5));
#2071=CARTESIAN_POINT('Ctrl Pts',(-0.0104454857877594,-1.02763325799853,
0.5));
#2072=CARTESIAN_POINT('Ctrl Pts',(-0.00961154496053178,-1.0311294690677,
0.5));
#2073=CARTESIAN_POINT('Ctrl Pts',(-0.00872299445452478,-1.03462140925629,
0.5));
#2074=CARTESIAN_POINT('Ctrl Pts',(-0.00778702875099808,-1.03829968779329,
0.5));
#2075=CARTESIAN_POINT('Ctrl Pts',(-0.00678197673802291,-1.04197248395761,
0.5));
#2076=CARTESIAN_POINT('Ctrl Pts',(-0.00568038994849968,-1.04563576552538,
0.5));
#2077=CARTESIAN_POINT('Ctrl Pts',(-0.00403702509188351,-1.05110070777561,
0.5));
#2078=CARTESIAN_POINT('Ctrl Pts',(-0.00218167131667351,-1.05654473074836,
0.5));
#2079=CARTESIAN_POINT('Ctrl Pts',(-0.000194761542959136,-1.0619717439003,
0.5));
#2080=CARTESIAN_POINT('Ctrl Pts',(0.00149378781125085,-1.06658382023825,
0.5));
#2081=CARTESIAN_POINT('Ctrl Pts',(0.00327128507682365,-1.07118421416546,
0.5));
#2082=CARTESIAN_POINT('Ctrl Pts',(0.00513129082395708,-1.07577165847988,
0.5));
#2083=CARTESIAN_POINT('Ctrl Pts',(0.00742883193164938,-1.08143822263317,
0.5));
#2084=CARTESIAN_POINT('Ctrl Pts',(0.00986199269290526,-1.08708410492228,
0.5));
#2085=CARTESIAN_POINT('Ctrl Pts',(0.0124395957592472,-1.09270540677178,
0.5));
#2086=CARTESIAN_POINT('Ctrl Pts',(0.0157706540652278,-1.09996986283202,
0.5));
#2087=CARTESIAN_POINT('Ctrl Pts',(0.0193320175937307,-1.10719429433851,
0.5));
#2088=CARTESIAN_POINT('Ctrl Pts',(0.0230838245655718,-1.11437667491426,
0.5));
#2089=CARTESIAN_POINT('Ctrl Pts',(0.0277190523825205,-1.12325025782684,
0.5));
#2090=CARTESIAN_POINT('Ctrl Pts',(0.0326563197501685,-1.1320585756475,0.5));
#2091=CARTESIAN_POINT('Ctrl Pts',(0.0378829635412942,-1.14079307285383,
0.5));
#2092=CARTESIAN_POINT('Ctrl Pts',(0.0459796149948165,-1.15432377866194,
0.5));
#2093=CARTESIAN_POINT('Ctrl Pts',(0.0547518618760674,-1.16767899927934,
0.5));
#2094=CARTESIAN_POINT('Ctrl Pts',(0.0641391038738699,-1.18083219461933,
0.5));
#2095=CARTESIAN_POINT('Ctrl Pts',(0.077645770216196,-1.19975743600912,0.5));
#2096=CARTESIAN_POINT('Ctrl Pts',(0.0924217946425304,-1.21826462583651,
0.5));
#2097=CARTESIAN_POINT('Ctrl Pts',(0.108330391311763,-1.23628144950892,0.5));
#2098=CARTESIAN_POINT('Ctrl Pts',(0.120597071193157,-1.25017372505428,0.5));
#2099=CARTESIAN_POINT('Ctrl Pts',(0.13353901622711,-1.2637754239218,0.5));
#2100=CARTESIAN_POINT('Ctrl Pts',(0.147105215341349,-1.2770541410192,0.5));
#2101=CARTESIAN_POINT('Ctrl Pts',(0.151132952983403,-1.2809965266676,0.5));
#2102=CARTESIAN_POINT('Ctrl Pts',(0.155215936641463,-1.28491073193694,0.5));
#2103=CARTESIAN_POINT('Ctrl Pts',(0.159353871491554,-1.28879678829753,0.5));
#2104=CARTESIAN_POINT('',(-0.0134906215213701,-0.89964261017772,0.5));
#2105=CARTESIAN_POINT('',(-0.00626343462952265,-0.386510979254397,0.5));
#2106=CARTESIAN_POINT('',(-0.127139821737177,-0.763574248671387,0.5));
#2107=CARTESIAN_POINT('Origin',(-0.14947713421253,-0.897727312264354,0.5));
#2108=CARTESIAN_POINT('',(-0.141685421675917,-0.761009466951596,0.5));
#2109=CARTESIAN_POINT('Origin',(0.,0.,0.5));
#2110=CARTESIAN_POINT('',(-0.295018856981416,-0.850001586434868,0.5));
#2111=CARTESIAN_POINT('Origin',(-0.166578264012283,-0.89471192168006,0.5));
#2112=CARTESIAN_POINT('',(-0.327460049120525,-0.943196279163565,0.5));
#2113=CARTESIAN_POINT('',(-0.163343025884838,-0.471732854317348,0.5));
#2114=CARTESIAN_POINT('',(-0.590538119385462,-1.15657059768872,0.5));
#2115=CARTESIAN_POINT('Ctrl Pts',(-0.590538119385462,-1.15657059768872,
0.5));
#2116=CARTESIAN_POINT('Ctrl Pts',(-0.575317568779783,-1.150046420737,0.5));
#2117=CARTESIAN_POINT('Ctrl Pts',(-0.560450433665141,-1.1431357834111,0.5));
#2118=CARTESIAN_POINT('Ctrl Pts',(-0.54596148364388,-1.13584093972366,0.5));
#2119=CARTESIAN_POINT('Ctrl Pts',(-0.522190988955146,-1.12387305779481,
0.5));
#2120=CARTESIAN_POINT('Ctrl Pts',(-0.499446686980538,-1.11087770686183,
0.5));
#2121=CARTESIAN_POINT('Ctrl Pts',(-0.477913328074764,-1.0968844840371,0.5));
#2122=CARTESIAN_POINT('Ctrl Pts',(-0.461763308895433,-1.08638956691855,
0.5));
#2123=CARTESIAN_POINT('Ctrl Pts',(-0.446296901895001,-1.07533248829589,
0.5));
#2124=CARTESIAN_POINT('Ctrl Pts',(-0.431615502763522,-1.06372229621828,
0.5));
#2125=CARTESIAN_POINT('Ctrl Pts',(-0.423361218546875,-1.05719472862337,
0.5));
#2126=CARTESIAN_POINT('Ctrl Pts',(-0.4153586047172,-1.05049074098672,0.5));
#2127=CARTESIAN_POINT('Ctrl Pts',(-0.407633736770048,-1.04360940571077,
0.5));
#2128=CARTESIAN_POINT('Ctrl Pts',(-0.401873389100203,-1.03847807092376,
0.5));
#2129=CARTESIAN_POINT('Ctrl Pts',(-0.396261331990226,-1.03325105694952,
0.5));
#2130=CARTESIAN_POINT('Ctrl Pts',(-0.390815677404634,-1.02792503521912,
0.5));
#2131=CARTESIAN_POINT('Ctrl Pts',(-0.386205111608577,-1.02341575663135,
0.5));
#2132=CARTESIAN_POINT('Ctrl Pts',(-0.381720211918516,-1.01883247265571,
0.5));
#2133=CARTESIAN_POINT('Ctrl Pts',(-0.377374278517776,-1.01417245756762,
0.5));
#2134=CARTESIAN_POINT('Ctrl Pts',(-0.373732908321485,-1.01026792464194,
0.5));
#2135=CARTESIAN_POINT('Ctrl Pts',(-0.370184652886549,-1.00631163441873,
0.5));
#2136=CARTESIAN_POINT('Ctrl Pts',(-0.366720263979764,-1.00231039663117,
0.5));
#2137=CARTESIAN_POINT('Ctrl Pts',(-0.363606701780739,-0.998714350384668,
0.5));
#2138=CARTESIAN_POINT('Ctrl Pts',(-0.36055891211652,-0.995082931113406,
0.5));
#2139=CARTESIAN_POINT('Ctrl Pts',(-0.357613835813576,-0.991400639745131,
0.5));
#2140=CARTESIAN_POINT('Ctrl Pts',(-0.355144614645528,-0.988313320145168,
0.5));
#2141=CARTESIAN_POINT('Ctrl Pts',(-0.352752333497368,-0.985187988833797,
0.5));
#2142=CARTESIAN_POINT('Ctrl Pts',(-0.350450133348628,-0.982019854819541,
0.5));
#2143=CARTESIAN_POINT('Ctrl Pts',(-0.348174528936656,-0.978888320081129,
0.5));
#2144=CARTESIAN_POINT('Ctrl Pts',(-0.345985943828783,-0.97571540223631,
0.5));
#2145=CARTESIAN_POINT('Ctrl Pts',(-0.34384909459975,-0.972519693940551,
0.5));
#2146=CARTESIAN_POINT('Ctrl Pts',(-0.342218408056483,-0.970080963849867,
0.5));
#2147=CARTESIAN_POINT('Ctrl Pts',(-0.340614925048819,-0.967630343895034,
0.5));
#2148=CARTESIAN_POINT('Ctrl Pts',(-0.339038364117045,-0.96516932930023,
0.5));
#2149=CARTESIAN_POINT('Ctrl Pts',(-0.337483604134614,-0.962742346028561,
0.5));
#2150=CARTESIAN_POINT('Ctrl Pts',(-0.335953608335558,-0.960305920614912,
0.5));
#2151=CARTESIAN_POINT('Ctrl Pts',(-0.334495615471541,-0.957839681809387,
0.5));
#2152=CARTESIAN_POINT('Ctrl Pts',(-0.332928157370207,-0.955188279260753,
0.5));
#2153=CARTESIAN_POINT('Ctrl Pts',(-0.331448786049959,-0.952500219866707,
0.5));
#2154=CARTESIAN_POINT('Ctrl Pts',(-0.330144245830154,-0.949736920595164,
0.5));
#2155=CARTESIAN_POINT('Ctrl Pts',(-0.329137755756388,-0.947604956209989,
0.5));
#2156=CARTESIAN_POINT('Ctrl Pts',(-0.328236756907848,-0.945427548694883,
0.5));
#2157=CARTESIAN_POINT('Ctrl Pts',(-0.327460049120525,-0.943196279163565,
0.5));
#2158=CARTESIAN_POINT('',(-0.706350459175855,-1.08970631213526,0.5));
#2159=CARTESIAN_POINT('Origin',(3.8752792817813E-14,6.71079283078344E-14,
0.5));
#2160=CARTESIAN_POINT('',(-0.653101913950345,-0.755186860844657,0.5));
#2161=CARTESIAN_POINT('Ctrl Pts',(-0.653101913950345,-0.755186860844657,
0.5));
#2162=CARTESIAN_POINT('Ctrl Pts',(-0.654876845987104,-0.757242636852569,
0.5));
#2163=CARTESIAN_POINT('Ctrl Pts',(-0.656507090903876,-0.75940573552577,
0.5));
#2164=CARTESIAN_POINT('Ctrl Pts',(-0.658020945594028,-0.761655685277066,
0.5));
#2165=CARTESIAN_POINT('Ctrl Pts',(-0.659807661594487,-0.764311172125981,
0.5));
#2166=CARTESIAN_POINT('Ctrl Pts',(-0.661436419083648,-0.767084671215031,
0.5));
#2167=CARTESIAN_POINT('Ctrl Pts',(-0.66299601903337,-0.769911519836032,
0.5));
#2168=CARTESIAN_POINT('Ctrl Pts',(-0.664339903137657,-0.7723473732917,0.5));
#2169=CARTESIAN_POINT('Ctrl Pts',(-0.66563532764022,-0.774820754227857,
0.5));
#2170=CARTESIAN_POINT('Ctrl Pts',(-0.666913103666313,-0.777308461213401,
0.5));
#2171=CARTESIAN_POINT('Ctrl Pts',(-0.668551631886636,-0.780498518012456,
0.5));
#2172=CARTESIAN_POINT('Ctrl Pts',(-0.670160117306131,-0.783712817904858,
0.5));
#2173=CARTESIAN_POINT('Ctrl Pts',(-0.671724024015535,-0.786958948537805,
0.5));
#2174=CARTESIAN_POINT('Ctrl Pts',(-0.673371384557966,-0.79037830052865,
0.5));
#2175=CARTESIAN_POINT('Ctrl Pts',(-0.674962297915723,-0.793837860602087,
0.5));
#2176=CARTESIAN_POINT('Ctrl Pts',(-0.67647314547956,-0.797352183429972,
0.5));
#2177=CARTESIAN_POINT('Ctrl Pts',(-0.678727052129237,-0.802594906640755,
0.5));
#2178=CARTESIAN_POINT('Ctrl Pts',(-0.68080511919345,-0.80795786860553,0.5));
#2179=CARTESIAN_POINT('Ctrl Pts',(-0.682771474813992,-0.813392362857416,
0.5));
#2180=CARTESIAN_POINT('Ctrl Pts',(-0.684442556488885,-0.818010796909613,
0.5));
#2181=CARTESIAN_POINT('Ctrl Pts',(-0.686037990801706,-0.822677456331292,
0.5));
#2182=CARTESIAN_POINT('Ctrl Pts',(-0.687561896100094,-0.827387231203671,
0.5));
#2183=CARTESIAN_POINT('Ctrl Pts',(-0.689444274728789,-0.833204902141036,
0.5));
#2184=CARTESIAN_POINT('Ctrl Pts',(-0.691209468629484,-0.839093904484196,
0.5));
#2185=CARTESIAN_POINT('Ctrl Pts',(-0.692848213303012,-0.845056922842189,
0.5));
#2186=CARTESIAN_POINT('Ctrl Pts',(-0.694965976945007,-0.852762982046596,
0.5));
#2187=CARTESIAN_POINT('Ctrl Pts',(-0.696881589263777,-0.860586418007539,
0.5));
#2188=CARTESIAN_POINT('Ctrl Pts',(-0.698624283623744,-0.868500055772402,
0.5));
#2189=CARTESIAN_POINT('Ctrl Pts',(-0.700777322261713,-0.878277081661769,
0.5));
#2190=CARTESIAN_POINT('Ctrl Pts',(-0.702657033587842,-0.888198258870957,
0.5));
#2191=CARTESIAN_POINT('Ctrl Pts',(-0.704267618736583,-0.898248893788307,
0.5));
#2192=CARTESIAN_POINT('Ctrl Pts',(-0.706762593926453,-0.913818443017562,
0.5));
#2193=CARTESIAN_POINT('Ctrl Pts',(-0.708627233286903,-0.929687827161706,
0.5));
#2194=CARTESIAN_POINT('Ctrl Pts',(-0.70989089971067,-0.945797762205641,
0.5));
#2195=CARTESIAN_POINT('Ctrl Pts',(-0.711709103689994,-0.968977255980749,
0.5));
#2196=CARTESIAN_POINT('Ctrl Pts',(-0.712286204598125,-0.992652431328256,
0.5));
#2197=CARTESIAN_POINT('Ctrl Pts',(-0.711680503544434,-1.01667996781248,
0.5));
#2198=CARTESIAN_POINT('Ctrl Pts',(-0.711213464175766,-1.0352069381749,0.5));
#2199=CARTESIAN_POINT('Ctrl Pts',(-0.710042362598215,-1.05394536596215,
0.5));
#2200=CARTESIAN_POINT('Ctrl Pts',(-0.708185445968533,-1.07283763814783,
0.5));
#2201=CARTESIAN_POINT('Ctrl Pts',(-0.707634136579871,-1.07844666057923,
0.5));
#2202=CARTESIAN_POINT('Ctrl Pts',(-0.707022392289985,-1.08406960704222,
0.5));
#2203=CARTESIAN_POINT('Ctrl Pts',(-0.706350459175855,-1.08970631213526,
0.5));
#2204=CARTESIAN_POINT('',(-0.588613538618962,-0.680494617958788,0.5));
#2205=CARTESIAN_POINT('',(-0.253242537765322,-0.292058529688366,0.5));
#2206=CARTESIAN_POINT('',(-0.588210820062578,-0.503207907993052,0.5));
#2207=CARTESIAN_POINT('Origin',(-0.691554121237584,-0.591616969192977,0.5));
#2208=CARTESIAN_POINT('',(-0.597704786156449,-0.491893439792713,0.5));
#2209=CARTESIAN_POINT('Origin',(0.,0.,0.5));
#2210=CARTESIAN_POINT('',(-0.772368043980161,-0.461504526039207,0.5));
#2211=CARTESIAN_POINT('Origin',(-0.702716090985791,-0.578314651645124,0.5));
#2212=CARTESIAN_POINT('',(-0.857123832721031,-0.512043006181727,0.5));
#2213=CARTESIAN_POINT('',(-0.428352051138576,-0.256373458518977,0.5));
#2214=CARTESIAN_POINT('',(-1.19580769472723,-0.506393893245676,0.5));
#2215=CARTESIAN_POINT('Ctrl Pts',(-1.19580769472723,-0.506393893245676,
0.5));
#2216=CARTESIAN_POINT('Ctrl Pts',(-1.17995441636895,-0.511179665099184,
0.5));
#2217=CARTESIAN_POINT('Ctrl Pts',(-1.1641234580436,-0.515442220029373,0.5));
#2218=CARTESIAN_POINT('Ctrl Pts',(-1.14833524321905,-0.519167363116506,
0.5));
#2219=CARTESIAN_POINT('Ctrl Pts',(-1.12243318164423,-0.525278813124638,
0.5));
#2220=CARTESIAN_POINT('Ctrl Pts',(-1.09665678495058,-0.529943552250819,
0.5));
#2221=CARTESIAN_POINT('Ctrl Pts',(-1.07116660477765,-0.533065497959692,
0.5));
#2222=CARTESIAN_POINT('Ctrl Pts',(-1.05204896964796,-0.535406957241346,
0.5));
#2223=CARTESIAN_POINT('Ctrl Pts',(-1.03309366137966,-0.536878358388761,
0.5));
#2224=CARTESIAN_POINT('Ctrl Pts',(-1.01438416955152,-0.537421456716521,
0.5));
#2225=CARTESIAN_POINT('Ctrl Pts',(-1.00386518143652,-0.537726801453164,
0.5));
#2226=CARTESIAN_POINT('Ctrl Pts',(-0.993425583405885,-0.537735229991329,
0.5));
#2227=CARTESIAN_POINT('Ctrl Pts',(-0.983084754199781,-0.537429270744716,
0.5));
#2228=CARTESIAN_POINT('Ctrl Pts',(-0.975373713456545,-0.537201120354705,
0.5));
#2229=CARTESIAN_POINT('Ctrl Pts',(-0.967714768476581,-0.536804356120561,
0.5));
#2230=CARTESIAN_POINT('Ctrl Pts',(-0.960119654266814,-0.536224786064148,
0.5));
#2231=CARTESIAN_POINT('Ctrl Pts',(-0.953689247555811,-0.535734092826715,
0.5));
#2232=CARTESIAN_POINT('Ctrl Pts',(-0.94730753692062,-0.535105931557291,
0.5));
#2233=CARTESIAN_POINT('Ctrl Pts',(-0.940982958830755,-0.534329665036699,
0.5));
#2234=CARTESIAN_POINT('Ctrl Pts',(-0.935683722044345,-0.533679246930774,
0.5));
#2235=CARTESIAN_POINT('Ctrl Pts',(-0.930422546353824,-0.532929327419978,
0.5));
#2236=CARTESIAN_POINT('Ctrl Pts',(-0.925196724413652,-0.532091067712245,
0.5));
#2237=CARTESIAN_POINT('Ctrl Pts',(-0.920500103421017,-0.531337695671313,
0.5));
#2238=CARTESIAN_POINT('Ctrl Pts',(-0.915831129771154,-0.530514948550874,
0.5));
#2239=CARTESIAN_POINT('Ctrl Pts',(-0.91120813916731,-0.529587208267188,
0.5));
#2240=CARTESIAN_POINT('Ctrl Pts',(-0.907332115227081,-0.528809369015927,
0.5));
#2241=CARTESIAN_POINT('Ctrl Pts',(-0.903490597304423,-0.527952955012901,
0.5));
#2242=CARTESIAN_POINT('Ctrl Pts',(-0.899690572383717,-0.527005849286904,
0.5));
#2243=CARTESIAN_POINT('Ctrl Pts',(-0.895934446540509,-0.526069684822749,
0.5));
#2244=CARTESIAN_POINT('Ctrl Pts',(-0.892218380803589,-0.525045884129441,
0.5));
#2245=CARTESIAN_POINT('Ctrl Pts',(-0.888527297629673,-0.523971369755958,
0.5));
#2246=CARTESIAN_POINT('Ctrl Pts',(-0.885710533779098,-0.523151379227015,
0.5));
#2247=CARTESIAN_POINT('Ctrl Pts',(-0.882906966388448,-0.52230479443809,
0.5));
#2248=CARTESIAN_POINT('Ctrl Pts',(-0.880117340958651,-0.521432941716165,
0.5));
#2249=CARTESIAN_POINT('Ctrl Pts',(-0.877366290937779,-0.520573145120096,
0.5));
#2250=CARTESIAN_POINT('Ctrl Pts',(-0.874628142090097,-0.519690197313389,
0.5));
#2251=CARTESIAN_POINT('Ctrl Pts',(-0.871925987011794,-0.518738128528994,
0.5));
#2252=CARTESIAN_POINT('Ctrl Pts',(-0.869020955737014,-0.517714578986403,
0.5));
#2253=CARTESIAN_POINT('Ctrl Pts',(-0.866159840285358,-0.516606327579617,
0.5));
#2254=CARTESIAN_POINT('Ctrl Pts',(-0.863384289965669,-0.515328059817629,
0.5));
#2255=CARTESIAN_POINT('Ctrl Pts',(-0.861242873546748,-0.514341839696206,
0.5));
#2256=CARTESIAN_POINT('Ctrl Pts',(-0.859153057813836,-0.513252999665133,
0.5));
#2257=CARTESIAN_POINT('Ctrl Pts',(-0.857123832721031,-0.512043006181727,
0.5));
#2258=CARTESIAN_POINT('',(-1.24154555978396,-0.380730141788252,0.5));
#2259=CARTESIAN_POINT('Origin',(7.28225064214352E-14,2.64978405054037E-14,
0.5));
#2260=CARTESIAN_POINT('',(-0.985729849121049,-0.158700880116668,0.5));
#2261=CARTESIAN_POINT('Ctrl Pts',(-0.985729849121049,-0.158700880116668,
0.5));
#2262=CARTESIAN_POINT('Ctrl Pts',(-0.988410953290873,-0.159134791582558,
0.5));
#2263=CARTESIAN_POINT('Ctrl Pts',(-0.991050206375925,-0.159743920067819,
0.5));
#2264=CARTESIAN_POINT('Ctrl Pts',(-0.993656126171532,-0.16049439453439,
0.5));
#2265=CARTESIAN_POINT('Ctrl Pts',(-0.996731744079288,-0.161380136571651,
0.5));
#2266=CARTESIAN_POINT('Ctrl Pts',(-0.999762215552972,-0.162457815003596,
0.5));
#2267=CARTESIAN_POINT('Ctrl Pts',(-1.00277400169599,-0.163620815157505,
0.5));
#2268=CARTESIAN_POINT('Ctrl Pts',(-1.00536921306653,-0.164622955110358,
0.5));
#2269=CARTESIAN_POINT('Ctrl Pts',(-1.00795142442794,-0.16568499201266,0.5));
#2270=CARTESIAN_POINT('Ctrl Pts',(-1.01052932487906,-0.166769347527491,
0.5));
#2271=CARTESIAN_POINT('Ctrl Pts',(-1.01383503930175,-0.168159847173488,
0.5));
#2272=CARTESIAN_POINT('Ctrl Pts',(-1.01713332276383,-0.169588229246559,
0.5));
#2273=CARTESIAN_POINT('Ctrl Pts',(-1.02041791735839,-0.171069649724047,
0.5));
#2274=CARTESIAN_POINT('Ctrl Pts',(-1.02387778584065,-0.172630122370355,
0.5));
#2275=CARTESIAN_POINT('Ctrl Pts',(-1.02732025852805,-0.174257679745811,
0.5));
#2276=CARTESIAN_POINT('Ctrl Pts',(-1.03073659807898,-0.175978653125297,
0.5));
#2277=CARTESIAN_POINT('Ctrl Pts',(-1.03583314826418,-0.178546028839924,
0.5));
#2278=CARTESIAN_POINT('Ctrl Pts',(-1.04087228549333,-0.181318540290723,
0.5));
#2279=CARTESIAN_POINT('Ctrl Pts',(-1.04587182685967,-0.18421765538442,0.5));
#2280=CARTESIAN_POINT('Ctrl Pts',(-1.05012062187619,-0.186681430530943,
0.5));
#2281=CARTESIAN_POINT('Ctrl Pts',(-1.05434246632132,-0.189230773640843,
0.5));
#2282=CARTESIAN_POINT('Ctrl Pts',(-1.05853723043991,-0.191859123066397,
0.5));
#2283=CARTESIAN_POINT('Ctrl Pts',(-1.06371874292437,-0.195105747900832,
0.5));
#2284=CARTESIAN_POINT('Ctrl Pts',(-1.06885633764295,-0.19848234065352,0.5));
#2285=CARTESIAN_POINT('Ctrl Pts',(-1.07394464321096,-0.201996912959565,
0.5));
#2286=CARTESIAN_POINT('Ctrl Pts',(-1.08052030365643,-0.206538824561906,
0.5));
#2287=CARTESIAN_POINT('Ctrl Pts',(-1.08701655552886,-0.211300592342161,
0.5));
#2288=CARTESIAN_POINT('Ctrl Pts',(-1.09343832516176,-0.216242608234457,
0.5));
#2289=CARTESIAN_POINT('Ctrl Pts',(-1.10137219954719,-0.222348298027393,
0.5));
#2290=CARTESIAN_POINT('Ctrl Pts',(-1.10918935174653,-0.228740105547267,
0.5));
#2291=CARTESIAN_POINT('Ctrl Pts',(-1.11688355514398,-0.235404074397346,
0.5));
#2292=CARTESIAN_POINT('Ctrl Pts',(-1.12880273034986,-0.245727301921712,
0.5));
#2293=CARTESIAN_POINT('Ctrl Pts',(-1.1404317704649,-0.256685388376829,0.5));
#2294=CARTESIAN_POINT('Ctrl Pts',(-1.15175506173958,-0.26821404546884,0.5));
#2295=CARTESIAN_POINT('Ctrl Pts',(-1.16804737819561,-0.284801848882151,
0.5));
#2296=CARTESIAN_POINT('Ctrl Pts',(-1.18370757251346,-0.302567132086603,
0.5));
#2297=CARTESIAN_POINT('Ctrl Pts',(-1.19868818133371,-0.321362630028016,
0.5));
#2298=CARTESIAN_POINT('Ctrl Pts',(-1.21023931539377,-0.335855319814653,
0.5));
#2299=CARTESIAN_POINT('Ctrl Pts',(-1.22138702872525,-0.350962557848647,
0.5));
#2300=CARTESIAN_POINT('Ctrl Pts',(-1.23210826652175,-0.366628480945263,
0.5));
#2301=CARTESIAN_POINT('Ctrl Pts',(-1.23529134917233,-0.371279616286225,
0.5));
#2302=CARTESIAN_POINT('Ctrl Pts',(-1.23843708619712,-0.375980264860614,
0.5));
#2303=CARTESIAN_POINT('Ctrl Pts',(-1.24154555978396,-0.380730141788252,
0.5));
#2304=CARTESIAN_POINT('',(-0.888317639285938,-0.142935631141683,0.5));
#2305=CARTESIAN_POINT('',(-0.381726643003423,-0.0609486482121478,0.5));
#2306=CARTESIAN_POINT('',(-0.774051438445613,-0.00738499463182007,0.5));
#2307=CARTESIAN_POINT('Origin',(-0.910045249167628,-0.00868247114599027,
0.5));
#2308=CARTESIAN_POINT('',(-0.774051438445613,0.00738499463182042,0.5));
#2309=CARTESIAN_POINT('Origin',(0.,0.,0.5));
#2310=CARTESIAN_POINT('',(-0.888317639285938,0.142935631141684,0.5));
#2311=CARTESIAN_POINT('Origin',(-0.910045249167628,0.00868247114599067,
0.5));
#2312=CARTESIAN_POINT('',(-0.985729849121049,0.158700880116668,0.5));
#2313=CARTESIAN_POINT('',(-0.492930391061807,0.0789459277940349,0.5));
#2314=CARTESIAN_POINT('',(-1.24154555978396,0.380730141788252,0.5));
#2315=CARTESIAN_POINT('Ctrl Pts',(-1.24154555978396,0.380730141788252,0.5));
#2316=CARTESIAN_POINT('Ctrl Pts',(-1.23247747886949,0.366873736993318,0.5));
#2317=CARTESIAN_POINT('Ctrl Pts',(-1.22309017873866,0.35343248665322,0.5));
#2318=CARTESIAN_POINT('Ctrl Pts',(-1.21339018035687,0.340430392659143,0.5));
#2319=CARTESIAN_POINT('Ctrl Pts',(-1.19747641436042,0.319099226081433,0.5));
#2320=CARTESIAN_POINT('Ctrl Pts',(-1.18072898541731,0.298957080165014,0.5));
#2321=CARTESIAN_POINT('Ctrl Pts',(-1.16320912255568,0.280180759006977,0.5));
#2322=CARTESIAN_POINT('Ctrl Pts',(-1.15006922540947,0.26609851813845,0.5));
#2323=CARTESIAN_POINT('Ctrl Pts',(-1.13649441526457,0.252787122164604,0.5));
#2324=CARTESIAN_POINT('Ctrl Pts',(-1.12251120988675,0.240344855169901,0.5));
#2325=CARTESIAN_POINT('Ctrl Pts',(-1.1146494692968,0.233349472293061,0.5));
#2326=CARTESIAN_POINT('Ctrl Pts',(-1.10665769098594,0.2266325713834,0.5));
#2327=CARTESIAN_POINT('Ctrl Pts',(-1.0985394894112,0.220219992866761,0.5));
#2328=CARTESIAN_POINT('Ctrl Pts',(-1.09248583725425,0.21543820475624,0.5));
#2329=CARTESIAN_POINT('Ctrl Pts',(-1.08636370987739,0.210819068855273,0.5));
#2330=CARTESIAN_POINT('Ctrl Pts',(-1.08017297438979,0.20638099996685,0.5));
#2331=CARTESIAN_POINT('Ctrl Pts',(-1.07493158552828,0.202623507034873,0.5));
#2332=CARTESIAN_POINT('Ctrl Pts',(-1.06963913727735,0.199002621959063,0.5));
#2333=CARTESIAN_POINT('Ctrl Pts',(-1.0642952548749,0.195531916180197,0.5));
#2334=CARTESIAN_POINT('Ctrl Pts',(-1.0598177232766,0.192623881604787,0.5));
#2335=CARTESIAN_POINT('Ctrl Pts',(-1.05530538989901,0.189816534728794,0.5));
#2336=CARTESIAN_POINT('Ctrl Pts',(-1.05076335508131,0.187099585322679,0.5));
#2337=CARTESIAN_POINT('Ctrl Pts',(-1.04668127645571,0.184657772007131,0.5));
#2338=CARTESIAN_POINT('Ctrl Pts',(-1.04257578348189,0.18228687445508,0.5));
#2339=CARTESIAN_POINT('Ctrl Pts',(-1.03843802726053,0.180025963664485,0.5));
#2340=CARTESIAN_POINT('Ctrl Pts',(-1.0349688352263,0.178130362936646,0.5));
#2341=CARTESIAN_POINT('Ctrl Pts',(-1.03147556945821,0.176317134001327,0.5));
#2342=CARTESIAN_POINT('Ctrl Pts',(-1.02795579365787,0.174600050143996,0.5));
#2343=CARTESIAN_POINT('Ctrl Pts',(-1.0244766794093,0.172902802576855,0.5));
#2344=CARTESIAN_POINT('Ctrl Pts',(-1.02097192150028,0.171298438396073,0.5));
#2345=CARTESIAN_POINT('Ctrl Pts',(-1.01745370321956,0.169748981630161,0.5));
#2346=CARTESIAN_POINT('Ctrl Pts',(-1.01476885717217,0.168566549915687,0.5));
#2347=CARTESIAN_POINT('Ctrl Pts',(-1.01207702573876,0.167412973107226,0.5));
#2348=CARTESIAN_POINT('Ctrl Pts',(-1.00937963255274,0.166287714378117,0.5));
#2349=CARTESIAN_POINT('Ctrl Pts',(-1.00671953937272,0.1651780159157,0.5));
#2350=CARTESIAN_POINT('Ctrl Pts',(-1.00405444775338,0.164094345023816,0.5));
#2351=CARTESIAN_POINT('Ctrl Pts',(-1.00137249885304,0.163086760221765,0.5));
#2352=CARTESIAN_POINT('Ctrl Pts',(-0.998489190823938,0.162003526551882,
0.5));
#2353=CARTESIAN_POINT('Ctrl Pts',(-0.995585078958286,0.161013406821352,
0.5));
#2354=CARTESIAN_POINT('Ctrl Pts',(-0.992637229379933,0.160208527381618,
0.5));
#2355=CARTESIAN_POINT('Ctrl Pts',(-0.990362879157037,0.15958753988395,0.5));
#2356=CARTESIAN_POINT('Ctrl Pts',(-0.988062094546482,0.159078332079466,
0.5));
#2357=CARTESIAN_POINT('Ctrl Pts',(-0.985729849121049,0.158700880116668,
0.5));
#2358=CARTESIAN_POINT('',(-1.19580769472723,0.506393893245676,0.5));
#2359=CARTESIAN_POINT('Origin',(7.28177599384601E-14,-2.65108813601995E-14,
0.5));
#2360=CARTESIAN_POINT('',(-0.857123832721031,0.512043006181727,0.5));
#2361=CARTESIAN_POINT('Ctrl Pts',(-0.857123832721031,0.512043006181727,
0.5));
#2362=CARTESIAN_POINT('Ctrl Pts',(-0.859456590585687,0.513433991255097,
0.5));
#2363=CARTESIAN_POINT('Ctrl Pts',(-0.86186991598847,0.514663850945699,0.5));
#2364=CARTESIAN_POINT('Ctrl Pts',(-0.864348562055565,0.51576400710732,0.5));
#2365=CARTESIAN_POINT('Ctrl Pts',(-0.867273966069882,0.517062458424877,
0.5));
#2366=CARTESIAN_POINT('Ctrl Pts',(-0.870288160245602,0.518184858365411,
0.5));
#2367=CARTESIAN_POINT('Ctrl Pts',(-0.873342884373312,0.51922988737592,0.5));
#2368=CARTESIAN_POINT('Ctrl Pts',(-0.875975094767291,0.52013037334731,0.5));
#2369=CARTESIAN_POINT('Ctrl Pts',(-0.878635847593475,0.520976619348617,
0.5));
#2370=CARTESIAN_POINT('Ctrl Pts',(-0.881307644198387,0.521802997301099,
0.5));
#2371=CARTESIAN_POINT('Ctrl Pts',(-0.884733764306174,0.522862685046201,
0.5));
#2372=CARTESIAN_POINT('Ctrl Pts',(-0.88817854232263,0.523888576639143,0.5));
#2373=CARTESIAN_POINT('Ctrl Pts',(-0.89164692648739,0.524865039422679,0.5));
#2374=CARTESIAN_POINT('Ctrl Pts',(-0.895300391994453,0.525893608614878,
0.5));
#2375=CARTESIAN_POINT('Ctrl Pts',(-0.898983652782233,0.526859606121704,
0.5));
#2376=CARTESIAN_POINT('Ctrl Pts',(-0.902706941075965,0.52773724476141,0.5));
#2377=CARTESIAN_POINT('Ctrl Pts',(-0.908261402323191,0.529046520173018,
0.5));
#2378=CARTESIAN_POINT('Ctrl Pts',(-0.913903741403984,0.53016174815706,0.5));
#2379=CARTESIAN_POINT('Ctrl Pts',(-0.919597127547098,0.531154540393971,
0.5));
#2380=CARTESIAN_POINT('Ctrl Pts',(-0.924435577494288,0.531998251926178,
0.5));
#2381=CARTESIAN_POINT('Ctrl Pts',(-0.929308384132642,0.532759091102252,
0.5));
#2382=CARTESIAN_POINT('Ctrl Pts',(-0.934211230318093,0.533442001030963,
0.5));
#2383=CARTESIAN_POINT('Ctrl Pts',(-0.940267389381141,0.534285554142274,
0.5));
#2384=CARTESIAN_POINT('Ctrl Pts',(-0.946373447251194,0.535001316256258,
0.5));
#2385=CARTESIAN_POINT('Ctrl Pts',(-0.952530438988655,0.535579697444826,
0.5));
#2386=CARTESIAN_POINT('Ctrl Pts',(-0.960487171634839,0.536327144360665,
0.5));
#2387=CARTESIAN_POINT('Ctrl Pts',(-0.968524394611985,0.536855128826265,
0.5));
#2388=CARTESIAN_POINT('Ctrl Pts',(-0.976620422136528,0.537197158966554,
0.5));
#2389=CARTESIAN_POINT('Ctrl Pts',(-0.986622784271238,0.53761972538123,0.5));
#2390=CARTESIAN_POINT('Ctrl Pts',(-0.996719644953739,0.537748085326008,
0.5));
#2391=CARTESIAN_POINT('Ctrl Pts',(-1.00689726332068,0.537588927629559,0.5));
#2392=CARTESIAN_POINT('Ctrl Pts',(-1.02266352401194,0.537342374689296,0.5));
#2393=CARTESIAN_POINT('Ctrl Pts',(-1.03861560778401,0.536422996350277,0.5));
#2394=CARTESIAN_POINT('Ctrl Pts',(-1.05470023009197,0.534870003978138,0.5));
#2395=CARTESIAN_POINT('Ctrl Pts',(-1.07784330307815,0.532635508499957,0.5));
#2396=CARTESIAN_POINT('Ctrl Pts',(-1.10125901183315,0.529092690893498,0.5));
#2397=CARTESIAN_POINT('Ctrl Pts',(-1.12481633716221,0.524323853875723,0.5));
#2398=CARTESIAN_POINT('Ctrl Pts',(-1.14298074068694,0.520646735241729,0.5));
#2399=CARTESIAN_POINT('Ctrl Pts',(-1.16123113000359,0.516239531488771,0.5));
#2400=CARTESIAN_POINT('Ctrl Pts',(-1.17951393594257,0.511130216955361,0.5));
#2401=CARTESIAN_POINT('Ctrl Pts',(-1.18494201083964,0.50961328667384,0.5));
#2402=CARTESIAN_POINT('Ctrl Pts',(-1.19037330382049,0.508034421750548,0.5));
#2403=CARTESIAN_POINT('Ctrl Pts',(-1.19580769472723,0.506393893245676,0.5));
#2404=CARTESIAN_POINT('',(-0.772368043980161,0.461504526039207,0.5));
#2405=CARTESIAN_POINT('',(-0.331596609561146,0.198679783131308,0.5));
#2406=CARTESIAN_POINT('',(-0.597704786156449,0.491893439792714,0.5));
#2407=CARTESIAN_POINT('Origin',(-0.702716090985791,0.578314651645124,0.5));
#2408=CARTESIAN_POINT('',(-0.588210820062578,0.503207907993052,0.5));
#2409=CARTESIAN_POINT('Origin',(0.,0.,0.5));
#2410=CARTESIAN_POINT('',(-0.588613538618962,0.680494617958788,0.5));
#2411=CARTESIAN_POINT('Origin',(-0.691554121237584,0.591616969192977,0.5));
#2412=CARTESIAN_POINT('',(-0.653101913950345,0.755186860844657,0.5));
#2413=CARTESIAN_POINT('',(-0.326861122696148,0.377325637105963,0.5));
#2414=CARTESIAN_POINT('',(-0.706350459175854,1.08970631213526,0.5));
#2415=CARTESIAN_POINT('Ctrl Pts',(-0.706350459175855,1.08970631213526,0.5));
#2416=CARTESIAN_POINT('Ctrl Pts',(-0.708310631498595,1.07326284018472,0.5));
#2417=CARTESIAN_POINT('Ctrl Pts',(-0.709759411574808,1.0569322048403,0.5));
#2418=CARTESIAN_POINT('Ctrl Pts',(-0.710686366635544,1.04073698421313,0.5));
#2419=CARTESIAN_POINT('Ctrl Pts',(-0.712207124201147,1.01416719098515,0.5));
#2420=CARTESIAN_POINT('Ctrl Pts',(-0.712324971150288,0.987972372214727,
0.5));
#2421=CARTESIAN_POINT('Ctrl Pts',(-0.710973164156793,0.962327324958623,
0.5));
#2422=CARTESIAN_POINT('Ctrl Pts',(-0.709959308911673,0.943093539516545,
0.5));
#2423=CARTESIAN_POINT('Ctrl Pts',(-0.708116801433384,0.924170698835696,
0.5));
#2424=CARTESIAN_POINT('Ctrl Pts',(-0.705402779717317,0.905651138184101,
0.5));
#2425=CARTESIAN_POINT('Ctrl Pts',(-0.703876882463367,0.895238934561947,
0.5));
#2426=CARTESIAN_POINT('Ctrl Pts',(-0.702072365777895,0.884956473867473,
0.5));
#2427=CARTESIAN_POINT('Ctrl Pts',(-0.699975388590058,0.874825874343495,
0.5));
#2428=CARTESIAN_POINT('Ctrl Pts',(-0.698411696144365,0.867271599534085,
0.5));
#2429=CARTESIAN_POINT('Ctrl Pts',(-0.696690997812012,0.859797908523026,
0.5));
#2430=CARTESIAN_POINT('Ctrl Pts',(-0.694801354985515,0.85241882244723,0.5));
#2431=CARTESIAN_POINT('Ctrl Pts',(-0.693201488074184,0.846171316049204,
0.5));
#2432=CARTESIAN_POINT('Ctrl Pts',(-0.691474697564008,0.839995636997395,
0.5));
#2433=CARTESIAN_POINT('Ctrl Pts',(-0.689611972816571,0.833901940726155,
0.5));
#2434=CARTESIAN_POINT('Ctrl Pts',(-0.688051233210199,0.828796155165081,
0.5));
#2435=CARTESIAN_POINT('Ctrl Pts',(-0.686399113088526,0.823745130704128,
0.5));
#2436=CARTESIAN_POINT('Ctrl Pts',(-0.684666133970097,0.818744263004974,
0.5));
#2437=CARTESIAN_POINT('Ctrl Pts',(-0.683108647667019,0.81424981592127,0.5));
#2438=CARTESIAN_POINT('Ctrl Pts',(-0.68148764115849,0.809794643011196,0.5));
#2439=CARTESIAN_POINT('Ctrl Pts',(-0.679771221440977,0.80540298643278,0.5));
#2440=CARTESIAN_POINT('Ctrl Pts',(-0.678332134821808,0.801720918373614,
0.5));
#2441=CARTESIAN_POINT('Ctrl Pts',(-0.676821659084975,0.798086476470536,
0.5));
#2442=CARTESIAN_POINT('Ctrl Pts',(-0.675229074620377,0.794508645649914,
0.5));
#2443=CARTESIAN_POINT('Ctrl Pts',(-0.673654888189987,0.790972147050777,
0.5));
#2444=CARTESIAN_POINT('Ctrl Pts',(-0.672001353286101,0.787490317826413,
0.5));
#2445=CARTESIAN_POINT('Ctrl Pts',(-0.670302213333314,0.784041897961945,
0.5));
#2446=CARTESIAN_POINT('Ctrl Pts',(-0.669005554393436,0.781410316944514,
0.5));
#2447=CARTESIAN_POINT('Ctrl Pts',(-0.667684996761357,0.778796349947914,
0.5));
#2448=CARTESIAN_POINT('Ctrl Pts',(-0.666341976069053,0.776200500832971,
0.5));
#2449=CARTESIAN_POINT('Ctrl Pts',(-0.665017526892455,0.773640547555585,
0.5));
#2450=CARTESIAN_POINT('Ctrl Pts',(-0.663672518489347,0.771097319619116,
0.5));
#2451=CARTESIAN_POINT('Ctrl Pts',(-0.662265689463985,0.768601541357599,
0.5));
#2452=CARTESIAN_POINT('Ctrl Pts',(-0.660753236551868,0.765918381548141,
0.5));
#2453=CARTESIAN_POINT('Ctrl Pts',(-0.659164994489856,0.763293178706136,
0.5));
#2454=CARTESIAN_POINT('Ctrl Pts',(-0.657424177232332,0.760781764099739,
0.5));
#2455=CARTESIAN_POINT('Ctrl Pts',(-0.656081086951692,0.758844135934617,
0.5));
#2456=CARTESIAN_POINT('Ctrl Pts',(-0.654645896153491,0.756975144285451,
0.5));
#2457=CARTESIAN_POINT('Ctrl Pts',(-0.653101913950345,0.755186860844657,
0.5));
#2458=CARTESIAN_POINT('',(-0.590538119385461,1.15657059768872,0.5));
#2459=CARTESIAN_POINT('Origin',(3.8740774301023E-14,-6.71148672017384E-14,
0.5));
#2460=CARTESIAN_POINT('',(-0.327460049120524,0.943196279163566,0.5));
#2461=CARTESIAN_POINT('Ctrl Pts',(-0.327460049120524,0.943196279163566,
0.5));
#2462=CARTESIAN_POINT('Ctrl Pts',(-0.328352937349472,0.945761303401302,
0.5));
#2463=CARTESIAN_POINT('Ctrl Pts',(-0.329411113292949,0.948254686250174,
0.5));
#2464=CARTESIAN_POINT('Ctrl Pts',(-0.330602699589709,0.950690697745093,
0.5));
#2465=CARTESIAN_POINT('Ctrl Pts',(-0.33200906066006,0.95356578261532,0.5));
#2466=CARTESIAN_POINT('Ctrl Pts',(-0.33359660258398,0.956363077522086,0.5));
#2467=CARTESIAN_POINT('Ctrl Pts',(-0.335264925327571,0.959127155008808,
0.5));
#2468=CARTESIAN_POINT('Ctrl Pts',(-0.336702494247921,0.961508919510679,
0.5));
#2469=CARTESIAN_POINT('Ctrl Pts',(-0.338196792720574,0.963867480506643,
0.5));
#2470=CARTESIAN_POINT('Ctrl Pts',(-0.339712322154168,0.96621792049834,0.5));
#2471=CARTESIAN_POINT('Ctrl Pts',(-0.341655728271486,0.969231955961461,
0.5));
#2472=CARTESIAN_POINT('Ctrl Pts',(-0.343635150923922,0.972232095142536,
0.5));
#2473=CARTESIAN_POINT('Ctrl Pts',(-0.345664429161336,0.975209543398478,
0.5));
#2474=CARTESIAN_POINT('Ctrl Pts',(-0.347801994578643,0.978345875472799,
0.5));
#2475=CARTESIAN_POINT('Ctrl Pts',(-0.350002604809247,0.981453426892517,
0.5));
#2476=CARTESIAN_POINT('Ctrl Pts',(-0.352290673873343,0.984519020677952,
0.5));
#2477=CARTESIAN_POINT('Ctrl Pts',(-0.35570405203405,0.989092322699732,0.5));
#2478=CARTESIAN_POINT('Ctrl Pts',(-0.359309479802965,0.993573462550505,
0.5));
#2479=CARTESIAN_POINT('Ctrl Pts',(-0.363032712071549,0.997993623596721,
0.5));
#2480=CARTESIAN_POINT('Ctrl Pts',(-0.366196852449093,1.00175003980518,0.5));
#2481=CARTESIAN_POINT('Ctrl Pts',(-0.369440580902756,1.0054650561611,0.5));
#2482=CARTESIAN_POINT('Ctrl Pts',(-0.372757412939242,1.00913968429876,0.5));
#2483=CARTESIAN_POINT('Ctrl Pts',(-0.376854474448195,1.01367870748019,0.5));
#2484=CARTESIAN_POINT('Ctrl Pts',(-0.381071903130696,1.01815191141311,0.5));
#2485=CARTESIAN_POINT('Ctrl Pts',(-0.385416656175953,1.02255261511041,0.5));
#2486=CARTESIAN_POINT('Ctrl Pts',(-0.391031417388898,1.02823968182556,0.5));
#2487=CARTESIAN_POINT('Ctrl Pts',(-0.39684890551641,1.03381036873767,0.5));
#2488=CARTESIAN_POINT('Ctrl Pts',(-0.402830969676974,1.03927640520666,0.5));
#2489=CARTESIAN_POINT('Ctrl Pts',(-0.41022160315219,1.0460295043076,0.5));
#2490=CARTESIAN_POINT('Ctrl Pts',(-0.417873738988316,1.05261797067281,0.5));
#2491=CARTESIAN_POINT('Ctrl Pts',(-0.425772551577151,1.05903809578565,0.5));
#2492=CARTESIAN_POINT('Ctrl Pts',(-0.438008689145315,1.06898358230049,0.5));
#2493=CARTESIAN_POINT('Ctrl Pts',(-0.450819659281882,1.07853309943126,0.5));
#2494=CARTESIAN_POINT('Ctrl Pts',(-0.464139439077299,1.08768243418144,0.5));
#2495=CARTESIAN_POINT('Ctrl Pts',(-0.483304367541137,1.10084679190148,0.5));
#2496=CARTESIAN_POINT('Ctrl Pts',(-0.503519120374023,1.11318416361962,0.5));
#2497=CARTESIAN_POINT('Ctrl Pts',(-0.524630427883196,1.12467337935984,0.5));
#2498=CARTESIAN_POINT('Ctrl Pts',(-0.540908774568826,1.13353239658954,0.5));
#2499=CARTESIAN_POINT('Ctrl Pts',(-0.557722279861391,1.14188740677216,0.5));
#2500=CARTESIAN_POINT('Ctrl Pts',(-0.57501192583796,1.14972540589579,0.5));
#2501=CARTESIAN_POINT('Ctrl Pts',(-0.58014513643185,1.1520524691677,0.5));
#2502=CARTESIAN_POINT('Ctrl Pts',(-0.585320623041159,1.15433415629596,0.5));
#2503=CARTESIAN_POINT('Ctrl Pts',(-0.590538119385461,1.15657059768872,0.5));
#2504=CARTESIAN_POINT('',(-0.295018856981416,0.850001586434868,0.5));
#2505=CARTESIAN_POINT('',(-0.126308837219396,0.365343735867792,0.5));
#2506=CARTESIAN_POINT('',(-0.141685421675917,0.761009466951596,0.5));
#2507=CARTESIAN_POINT('Origin',(-0.166578264012282,0.89471192168006,0.5));
#2508=CARTESIAN_POINT('',(-0.127139821737177,0.763574248671387,0.5));
#2509=CARTESIAN_POINT('Origin',(0.,0.,0.5));
#2510=CARTESIAN_POINT('',(-0.0134906215213697,0.89964261017772,0.5));
#2511=CARTESIAN_POINT('Origin',(-0.14947713421253,0.897727312264354,0.5));
#2512=CARTESIAN_POINT('',(-0.0148803348230123,0.998312516416361,0.5));
#2513=CARTESIAN_POINT('',(-0.00784990236422261,0.499150487308666,0.5));
#2514=CARTESIAN_POINT('',(0.159353871491554,1.28879678829753,0.5));
#2515=CARTESIAN_POINT('Ctrl Pts',(0.159353871491554,1.28879678829753,0.5));
#2516=CARTESIAN_POINT('Ctrl Pts',(0.147282632304905,1.27746033242743,0.5));
#2517=CARTESIAN_POINT('Ctrl Pts',(0.135675672282435,1.26588159781098,0.5));
#2518=CARTESIAN_POINT('Ctrl Pts',(0.124555496319218,1.25407117423033,0.5));
#2519=CARTESIAN_POINT('Ctrl Pts',(0.106311794572865,1.23469505590125,0.5));
#2520=CARTESIAN_POINT('Ctrl Pts',(0.0893838136426472,1.21470441111076,0.5));
#2521=CARTESIAN_POINT('Ctrl Pts',(0.0739350392648034,1.19419024038964,0.5));
#2522=CARTESIAN_POINT('Ctrl Pts',(0.0623484584814205,1.1788046123488,0.5));
#2523=CARTESIAN_POINT('Ctrl Pts',(0.0515965335756649,1.16312453442658,0.5));
#2524=CARTESIAN_POINT('Ctrl Pts',(0.0417714507140995,1.14719318837642,0.5));
#2525=CARTESIAN_POINT('Ctrl Pts',(0.036247520358863,1.13823614981642,0.5));
#2526=CARTESIAN_POINT('Ctrl Pts',(0.0310204220164054,1.12919940698707,0.5));
#2527=CARTESIAN_POINT('Ctrl Pts',(0.0261149758943686,1.12009100657651,0.5));
#2528=CARTESIAN_POINT('Ctrl Pts',(0.0224570395559887,1.11329897420729,0.5));
#2529=CARTESIAN_POINT('Ctrl Pts',(0.0189711749717363,1.10646775117043,0.5));
#2530=CARTESIAN_POINT('Ctrl Pts',(0.0156755402586991,1.09960040429095,0.5));
#2531=CARTESIAN_POINT('Ctrl Pts',(0.0128852897121853,1.09378616210332,0.5));
#2532=CARTESIAN_POINT('Ctrl Pts',(0.0102384380115362,1.0879453579384,0.5));
#2533=CARTESIAN_POINT('Ctrl Pts',(0.00774841549351304,1.08207997938354,
0.5));
#2534=CARTESIAN_POINT('Ctrl Pts',(0.00566207570450227,1.07716549665575,
0.5));
#2535=CARTESIAN_POINT('Ctrl Pts',(0.00368093720763122,1.07223422510149,
0.5));
#2536=CARTESIAN_POINT('Ctrl Pts',(0.00179398044054805,1.06728940069469,
0.5));
#2537=CARTESIAN_POINT('Ctrl Pts',(9.81092698405302E-5,1.06284532158171,
0.5));
#2538=CARTESIAN_POINT('Ctrl Pts',(-0.00152385764820718,1.05839049823016,
0.5));
#2539=CARTESIAN_POINT('Ctrl Pts',(-0.0030319062965814,1.05392300078298,
0.5));
#2540=CARTESIAN_POINT('Ctrl Pts',(-0.00429628971485543,1.05017734595978,
0.5));
#2541=CARTESIAN_POINT('Ctrl Pts',(-0.00547537239322245,1.0464222868485,
0.5));
#2542=CARTESIAN_POINT('Ctrl Pts',(-0.00655516723462954,1.0426578158695,
0.5));
#2543=CARTESIAN_POINT('Ctrl Pts',(-0.00762248794790226,1.03893683323806,
0.5));
#2544=CARTESIAN_POINT('Ctrl Pts',(-0.00859388340733624,1.03520672556177,
0.5));
#2545=CARTESIAN_POINT('Ctrl Pts',(-0.00950886824994507,1.03147289657961,
0.5));
#2546=CARTESIAN_POINT('Ctrl Pts',(-0.0102071175462825,1.02862351226412,
0.5));
#2547=CARTESIAN_POINT('Ctrl Pts',(-0.010875737307922,1.02577225928818,0.5));
#2548=CARTESIAN_POINT('Ctrl Pts',(-0.011515503417254,1.02292044643802,0.5));
#2549=CARTESIAN_POINT('Ctrl Pts',(-0.0121464227334248,1.02010806893469,
0.5));
#2550=CARTESIAN_POINT('Ctrl Pts',(-0.0127508419264545,1.01729528856977,
0.5));
#2551=CARTESIAN_POINT('Ctrl Pts',(-0.0132774037121579,1.01447911923467,
0.5));
#2552=CARTESIAN_POINT('Ctrl Pts',(-0.0138434994435732,1.01145151358073,
0.5));
#2553=CARTESIAN_POINT('Ctrl Pts',(-0.0143142832972725,1.00841958921314,
0.5));
#2554=CARTESIAN_POINT('Ctrl Pts',(-0.0145950461023226,1.00537675824591,
0.5));
#2555=CARTESIAN_POINT('Ctrl Pts',(-0.0148116626328099,1.00302912716685,
0.5));
#2556=CARTESIAN_POINT('Ctrl Pts',(-0.0149136073716463,1.00067487363791,
0.5));
#2557=CARTESIAN_POINT('Ctrl Pts',(-0.0148803348230123,0.998312516416361,
0.5));
#2558=CARTESIAN_POINT('',(0.291050805116902,1.26557506562281,0.5));
#2559=CARTESIAN_POINT('Origin',(-1.34634501876097E-14,-7.63150607809201E-14,
0.5));
#2560=CARTESIAN_POINT('',(0.355425930776541,0.933017530665764,0.5));
#2561=CARTESIAN_POINT('Ctrl Pts',(0.355425930776541,0.933017530665764,0.5));
#2562=CARTESIAN_POINT('Ctrl Pts',(0.356390704508954,0.935556390719852,0.5));
#2563=CARTESIAN_POINT('Ctrl Pts',(0.357182810309047,0.93814661518103,0.5));
#2564=CARTESIAN_POINT('Ctrl Pts',(0.357835840253891,0.94077864515741,0.5));
#2565=CARTESIAN_POINT('Ctrl Pts',(0.358606574102321,0.943885079416511,0.5));
#2566=CARTESIAN_POINT('Ctrl Pts',(0.359188512940002,0.947048383914158,0.5));
#2567=CARTESIAN_POINT('Ctrl Pts',(0.35968721833363,0.950238167301753,0.5));
#2568=CARTESIAN_POINT('Ctrl Pts',(0.360116945361595,0.952986756253304,0.5));
#2569=CARTESIAN_POINT('Ctrl Pts',(0.360488300105156,0.955754035341419,0.5));
#2570=CARTESIAN_POINT('Ctrl Pts',(0.360838170908146,0.958528740377976,0.5));
#2571=CARTESIAN_POINT('Ctrl Pts',(0.361286820102101,0.962086822868649,0.5));
#2572=CARTESIAN_POINT('Ctrl Pts',(0.361698946671549,0.965657411172199,0.5));
#2573=CARTESIAN_POINT('Ctrl Pts',(0.36205829620164,0.969242663770938,0.5));
#2574=CARTESIAN_POINT('Ctrl Pts',(0.362436821489157,0.973019234093472,0.5));
#2575=CARTESIAN_POINT('Ctrl Pts',(0.362748551799601,0.97681428158032,0.5));
#2576=CARTESIAN_POINT('Ctrl Pts',(0.362966314909194,0.980633405109107,0.5));
#2577=CARTESIAN_POINT('Ctrl Pts',(0.363291177411878,0.986330834898474,0.5));
#2578=CARTESIAN_POINT('Ctrl Pts',(0.363409680677784,0.992081111477478,0.5));
#2579=CARTESIAN_POINT('Ctrl Pts',(0.363398744041322,0.997860398854855,0.5));
#2580=CARTESIAN_POINT('Ctrl Pts',(0.363389449683477,1.00277185084994,0.5));
#2581=CARTESIAN_POINT('Ctrl Pts',(0.363292576009837,1.00770274694726,0.5));
#2582=CARTESIAN_POINT('Ctrl Pts',(0.363113740696439,1.0126496939517,0.5));
#2583=CARTESIAN_POINT('Ctrl Pts',(0.362892837355385,1.01876032781104,0.5));
#2584=CARTESIAN_POINT('Ctrl Pts',(0.362537419612471,1.02489791172858,0.5));
#2585=CARTESIAN_POINT('Ctrl Pts',(0.362037863495847,1.03106179976628,0.5));
#2586=CARTESIAN_POINT('Ctrl Pts',(0.361392282889086,1.03902744455966,0.5));
#2587=CARTESIAN_POINT('Ctrl Pts',(0.360516596960582,1.04703424760044,0.5));
#2588=CARTESIAN_POINT('Ctrl Pts',(0.359447570468322,1.05506667118569,0.5));
#2589=CARTESIAN_POINT('Ctrl Pts',(0.358126825192538,1.06499045285073,0.5));
#2590=CARTESIAN_POINT('Ctrl Pts',(0.35649993360369,1.0749562090009,0.5));
#2591=CARTESIAN_POINT('Ctrl Pts',(0.354575868987999,1.08495156903037,0.5));
#2592=CARTESIAN_POINT('Ctrl Pts',(0.351595279305076,1.1004354913155,0.5));
#2593=CARTESIAN_POINT('Ctrl Pts',(0.347919818114674,1.11598557870681,0.5));
#2594=CARTESIAN_POINT('Ctrl Pts',(0.343597353837696,1.13155616515364,0.5));
#2595=CARTESIAN_POINT('Ctrl Pts',(0.337378052916899,1.15395962679516,0.5));
#2596=CARTESIAN_POINT('Ctrl Pts',(0.329822963515779,1.17640439450226,0.5));
#2597=CARTESIAN_POINT('Ctrl Pts',(0.321035889232588,1.19877573127288,0.5));
#2598=CARTESIAN_POINT('Ctrl Pts',(0.314260418724756,1.21602565173845,0.5));
#2599=CARTESIAN_POINT('Ctrl Pts',(0.306751023455712,1.23323347372814,0.5));
#2600=CARTESIAN_POINT('Ctrl Pts',(0.298544554959571,1.25035129960134,0.5));
#2601=CARTESIAN_POINT('Ctrl Pts',(0.296108094939544,1.25543349767344,0.5));
#2602=CARTESIAN_POINT('Ctrl Pts',(0.293610082389526,1.26050811010171,0.5));
#2603=CARTESIAN_POINT('Ctrl Pts',(0.291050805116902,1.26557506562281,0.5));
#2604=CARTESIAN_POINT('',(0.320372931968309,0.840773457822286,0.5));
#2605=CARTESIAN_POINT('',(0.13808024382367,0.361059294248392,0.5));
#2606=CARTESIAN_POINT('',(0.380630126264838,0.674040706845698,0.5));
#2607=CARTESIAN_POINT('Origin',(0.447503384003761,0.7924635399455,0.5));
#2608=CARTESIAN_POINT('',(0.393421312180775,0.666655712213877,0.5));
#2609=CARTESIAN_POINT('Origin',(0.,0.,0.5));
#2610=CARTESIAN_POINT('',(0.567944707317629,0.697837826680602,0.5));
#2611=CARTESIAN_POINT('Origin',(0.462541865163867,0.783781068799509,0.5));
#2612=CARTESIAN_POINT('',(0.630303918344508,0.774316650549096,0.5));
#2613=CARTESIAN_POINT('',(0.31483437452587,0.387417277059905,0.5));
#2614=CARTESIAN_POINT('',(0.950494754667056,0.884844923834553,0.5));
#2615=CARTESIAN_POINT('Ctrl Pts',(0.950494754667056,0.884844923834553,0.5));
#2616=CARTESIAN_POINT('Ctrl Pts',(0.93396071563043,0.883919937795297,0.5));
#2617=CARTESIAN_POINT('Ctrl Pts',(0.917626601290515,0.882510922576589,0.5));
#2618=CARTESIAN_POINT('Ctrl Pts',(0.90151645837766,0.880611524554522,0.5));
#2619=CARTESIAN_POINT('Ctrl Pts',(0.875086243237101,0.877495382219078,0.5));
#2620=CARTESIAN_POINT('Ctrl Pts',(0.849268918721395,0.873062756263488,0.5));
#2621=CARTESIAN_POINT('Ctrl Pts',(0.824248216184119,0.867278270533051,0.5));
#2622=CARTESIAN_POINT('Ctrl Pts',(0.805482689281162,0.862939906235224,0.5));
#2623=CARTESIAN_POINT('Ctrl Pts',(0.787167277139926,0.857839473785045,0.5));
#2624=CARTESIAN_POINT('Ctrl Pts',(0.769400355157184,0.851950796199104,0.5));
#2625=CARTESIAN_POINT('Ctrl Pts',(0.759411305588395,0.848640020570229,0.5));
#2626=CARTESIAN_POINT('Ctrl Pts',(0.74959840961704,0.845077387988313,0.5));
#2627=CARTESIAN_POINT('Ctrl Pts',(0.739985852936788,0.841253108452074,0.5));
#2628=CARTESIAN_POINT('Ctrl Pts',(0.73281787687979,0.838401385953797,0.5));
#2629=CARTESIAN_POINT('Ctrl Pts',(0.725756524158277,0.835409036070805,0.5));
#2630=CARTESIAN_POINT('Ctrl Pts',(0.718817676014042,0.832266736314741,0.5));
#2631=CARTESIAN_POINT('Ctrl Pts',(0.712942897249986,0.829606306875517,0.5));
#2632=CARTESIAN_POINT('Ctrl Pts',(0.707160894665027,0.826833354779867,0.5));
#2633=CARTESIAN_POINT('Ctrl Pts',(0.701483234090568,0.823940769753916,0.5));
#2634=CARTESIAN_POINT('Ctrl Pts',(0.696726036477083,0.821517130932645,0.5));
#2635=CARTESIAN_POINT('Ctrl Pts',(0.692038636079402,0.81901300903681,0.5));
#2636=CARTESIAN_POINT('Ctrl Pts',(0.687414671466942,0.816437966204463,0.5));
#2637=CARTESIAN_POINT('Ctrl Pts',(0.683258959791291,0.814123689072053,0.5));
#2638=CARTESIAN_POINT('Ctrl Pts',(0.679152955794254,0.811753676637513,0.5));
#2639=CARTESIAN_POINT('Ctrl Pts',(0.675126071502963,0.809300730030248,0.5));
#2640=CARTESIAN_POINT('Ctrl Pts',(0.671749837100327,0.807244121962023,0.5));
#2641=CARTESIAN_POINT('Ctrl Pts',(0.668432901895636,0.805125479532459,0.5));
#2642=CARTESIAN_POINT('Ctrl Pts',(0.665185975754792,0.802935806202517,0.5));
#2643=CARTESIAN_POINT('Ctrl Pts',(0.661976559121136,0.800771428664331,0.5));
#2644=CARTESIAN_POINT('Ctrl Pts',(0.658834760029414,0.798538401371578,0.5));
#2645=CARTESIAN_POINT('Ctrl Pts',(0.655733781967968,0.79626626334756,0.5));
#2646=CARTESIAN_POINT('Ctrl Pts',(0.653367343041283,0.794532334322494,0.5));
#2647=CARTESIAN_POINT('Ctrl Pts',(0.651022400503223,0.792777928322679,0.5));
#2648=CARTESIAN_POINT('Ctrl Pts',(0.64869920126496,0.791004546664132,0.5));
#2649=CARTESIAN_POINT('Ctrl Pts',(0.646408127615955,0.789255687625005,0.5));
#2650=CARTESIAN_POINT('Ctrl Pts',(0.644137095284574,0.787489486025187,0.5));
#2651=CARTESIAN_POINT('Ctrl Pts',(0.64192352679936,0.785670642546863,0.5));
#2652=CARTESIAN_POINT('Ctrl Pts',(0.639543764908429,0.783715241381641,0.5));
#2653=CARTESIAN_POINT('Ctrl Pts',(0.637234240136152,0.781695266595791,0.5));
#2654=CARTESIAN_POINT('Ctrl Pts',(0.635063269305163,0.779544793694236,0.5));
#2655=CARTESIAN_POINT('Ctrl Pts',(0.633388303245367,0.777885642372993,0.5));
#2656=CARTESIAN_POINT('Ctrl Pts',(0.631796924045662,0.776147708353917,0.5));
#2657=CARTESIAN_POINT('Ctrl Pts',(0.630303918344508,0.774316650549096,0.5));
#2658=CARTESIAN_POINT('',(1.03645382323568,0.78240289505185,0.5));
#2659=CARTESIAN_POINT('Origin',(-5.93679767038782E-14,-4.98065892732835E-14,
0.5));
#2660=CARTESIAN_POINT('',(0.872004167544044,0.486269510234633,0.5));
#2661=CARTESIAN_POINT('Ctrl Pts',(0.872004167544044,0.486269510234633,0.5));
#2662=CARTESIAN_POINT('Ctrl Pts',(0.874375174886174,0.487594245269607,0.5));
#2663=CARTESIAN_POINT('Ctrl Pts',(0.876646927322698,0.489069316530699,0.5));
#2664=CARTESIAN_POINT('Ctrl Pts',(0.878839013540321,0.490665808910968,0.5));
#2665=CARTESIAN_POINT('Ctrl Pts',(0.881426207374102,0.492550057444947,0.5));
#2666=CARTESIAN_POINT('Ctrl Pts',(0.883905331323708,0.494599226202824,0.5));
#2667=CARTESIAN_POINT('Ctrl Pts',(0.886337715058392,0.496722180393753,0.5));
#2668=CARTESIAN_POINT('Ctrl Pts',(0.88843366398242,0.498551498477405,0.5));
#2669=CARTESIAN_POINT('Ctrl Pts',(0.890496910930557,0.500432655017478,0.5));
#2670=CARTESIAN_POINT('Ctrl Pts',(0.892548473533051,0.502333309774896,0.5));
#2671=CARTESIAN_POINT('Ctrl Pts',(0.895179250094196,0.50477057295203,0.5));
#2672=CARTESIAN_POINT('Ctrl Pts',(0.897790087283356,0.507240892428129,0.5));
#2673=CARTESIAN_POINT('Ctrl Pts',(0.900369920942045,0.509756369833046,0.5));
#2674=CARTESIAN_POINT('Ctrl Pts',(0.903087420745522,0.512406079177866,0.5));
#2675=CARTESIAN_POINT('Ctrl Pts',(0.905765629520269,0.515112877835383,0.5));
#2676=CARTESIAN_POINT('Ctrl Pts',(0.908387331024417,0.517898520763462,0.5));
#2677=CARTESIAN_POINT('Ctrl Pts',(0.91229842741504,0.522054187602091,0.5));
#2678=CARTESIAN_POINT('Ctrl Pts',(0.916085412720634,0.526382982590802,0.5));
#2679=CARTESIAN_POINT('Ctrl Pts',(0.919791889090041,0.530817203505838,0.5));
#2680=CARTESIAN_POINT('Ctrl Pts',(0.922941789686707,0.534585568312184,0.5));
#2681=CARTESIAN_POINT('Ctrl Pts',(0.926037099063182,0.538425123064053,0.5));
#2682=CARTESIAN_POINT('Ctrl Pts',(0.929079939505197,0.542329657450623,0.5));
#2683=CARTESIAN_POINT('Ctrl Pts',(0.932838557460552,0.54715266849321,0.5));
#2684=CARTESIAN_POINT('Ctrl Pts',(0.93651145456933,0.552082788668969,0.5));
#2685=CARTESIAN_POINT('Ctrl Pts',(0.940090843240406,0.55712570933052,0.5));
#2686=CARTESIAN_POINT('Ctrl Pts',(0.944716517579137,0.563642718473698,0.5));
#2687=CARTESIAN_POINT('Ctrl Pts',(0.949192377026363,0.570339165513241,0.5));
#2688=CARTESIAN_POINT('Ctrl Pts',(0.953536597577698,0.577179515947261,0.5));
#2689=CARTESIAN_POINT('Ctrl Pts',(0.958903731894556,0.58563053244606,0.5));
#2690=CARTESIAN_POINT('Ctrl Pts',(0.964063325208442,0.594310490322789,0.5));
#2691=CARTESIAN_POINT('Ctrl Pts',(0.969014299783235,0.603204145226383,0.5));
#2692=CARTESIAN_POINT('Ctrl Pts',(0.976683909010326,0.616981403962157,0.5));
#2693=CARTESIAN_POINT('Ctrl Pts',(0.983863745891312,0.631256002904752,0.5));
#2694=CARTESIAN_POINT('Ctrl Pts',(0.990561126192466,0.645962190602042,0.5));
#2695=CARTESIAN_POINT('Ctrl Pts',(1.00019753284173,0.667121927475139,0.5));
#2696=CARTESIAN_POINT('Ctrl Pts',(1.00883721717525,0.689171934914938,0.5));
#2697=CARTESIAN_POINT('Ctrl Pts',(1.01648594583936,0.711957595611699,0.5));
#2698=CARTESIAN_POINT('Ctrl Pts',(1.02238366945647,0.729526989837088,0.5));
#2699=CARTESIAN_POINT('Ctrl Pts',(1.0276921137088,0.747535892502747,0.5));
#2700=CARTESIAN_POINT('Ctrl Pts',(1.03240872049936,0.765923924177571,0.5));
#2701=CARTESIAN_POINT('Ctrl Pts',(1.03380905778729,0.771383240069141,0.5));
#2702=CARTESIAN_POINT('Ctrl Pts',(1.03515736714404,0.776876310223866,0.5));
#2703=CARTESIAN_POINT('Ctrl Pts',(1.03645382323568,0.78240289505185,0.5));
#2704=CARTESIAN_POINT('',(0.785858665501531,0.438138084138513,0.5));
#2705=CARTESIAN_POINT('',(0.337860044190669,0.187831196123089,0.5));
#2706=CARTESIAN_POINT('',(0.724844607893626,0.271680808878674,0.5));
#2707=CARTESIAN_POINT('Origin',(0.852193225198321,0.31941266061923,0.5));
#2708=CARTESIAN_POINT('',(0.729896241738495,0.257801558958544,0.5));
#2709=CARTESIAN_POINT('Origin',(0.,0.,0.5));
#2710=CARTESIAN_POINT('',(0.883632395600378,0.16950696847608,0.5));
#2711=CARTESIAN_POINT('Origin',(0.858132385249866,0.303094952487082,0.5));
#2712=CARTESIAN_POINT('',(0.980561963070869,0.188009418318908,0.5));
#2713=CARTESIAN_POINT('',(0.490204148580986,0.0944072172113854,0.5));
#2714=CARTESIAN_POINT('',(1.29688857856132,0.0668642855534642,0.5));
#2715=CARTESIAN_POINT('Ctrl Pts',(1.29688857856132,0.0668642855534643,0.5));
#2716=CARTESIAN_POINT('Ctrl Pts',(1.28362820027019,0.0767835805686775,0.5));
#2717=CARTESIAN_POINT('Ctrl Pts',(1.27020984522275,0.0862035786027755,0.5));
#2718=CARTESIAN_POINT('Ctrl Pts',(1.25664785025243,0.09510395555715,0.5));
#2719=CARTESIAN_POINT('Ctrl Pts',(1.23439811313024,0.109705866850923,0.5));
#2720=CARTESIAN_POINT('Ctrl Pts',(1.21177165810607,0.122905334683267,0.5));
#2721=CARTESIAN_POINT('Ctrl Pts',(1.18888649220844,0.134557159109866,0.5));
#2722=CARTESIAN_POINT('Ctrl Pts',(1.17172261778521,0.143296027429815,0.5));
#2723=CARTESIAN_POINT('Ctrl Pts',(1.1544137033079,0.151161789484599,0.5));
#2724=CARTESIAN_POINT('Ctrl Pts',(1.13701828246194,0.158071158055395,0.5));
#2725=CARTESIAN_POINT('Ctrl Pts',(1.12723810099475,0.161955794077972,0.5));
#2726=CARTESIAN_POINT('Ctrl Pts',(1.11743097048318,0.165534267131361,0.5));
#2727=CARTESIAN_POINT('Ctrl Pts',(1.10760912535194,0.168783531375258,0.5));
#2728=CARTESIAN_POINT('Ctrl Pts',(1.10028508523657,0.171206471398213,0.5));
#2729=CARTESIAN_POINT('Ctrl Pts',(1.09295232979438,0.173453148435587,0.5));
#2730=CARTESIAN_POINT('Ctrl Pts',(1.08561703238238,0.175506212781524,0.5));
#2731=CARTESIAN_POINT('Ctrl Pts',(1.0794065996756,0.177244440592475,0.5));
#2732=CARTESIAN_POINT('Ctrl Pts',(1.07319490947591,0.178836835669344,0.5));
#2733=CARTESIAN_POINT('Ctrl Pts',(1.06698625132823,0.18027051685322,0.5));
#2734=CARTESIAN_POINT('Ctrl Pts',(1.0617841415273,0.181471769484735,0.5));
#2735=CARTESIAN_POINT('Ctrl Pts',(1.05658376597255,0.182566503718721,0.5));
#2736=CARTESIAN_POINT('Ctrl Pts',(1.05138639794931,0.183566133626654,0.5));
#2737=CARTESIAN_POINT('Ctrl Pts',(1.04671534944694,0.184464534464056,0.5));
#2738=CARTESIAN_POINT('Ctrl Pts',(1.04204655327393,0.185288288103059,0.5));
#2739=CARTESIAN_POINT('Ctrl Pts',(1.0373850572532,0.185997653313367,0.5));
#2740=CARTESIAN_POINT('Ctrl Pts',(1.03347674946612,0.186592401772445,0.5));
#2741=CARTESIAN_POINT('Ctrl Pts',(1.02957399258128,0.187101512364031,0.5));
#2742=CARTESIAN_POINT('Ctrl Pts',(1.02567920796809,0.187511209170284,0.5));
#2743=CARTESIAN_POINT('Ctrl Pts',(1.02182941712594,0.187916173030784,0.5));
#2744=CARTESIAN_POINT('Ctrl Pts',(1.0179872971144,0.188225084410121,0.5));
#2745=CARTESIAN_POINT('Ctrl Pts',(1.01415130793281,0.18847779597863,0.5));
#2746=CARTESIAN_POINT('Ctrl Pts',(1.01122396244968,0.188670646905365,0.5));
#2747=CARTESIAN_POINT('Ctrl Pts',(1.00829992180994,0.188833993947121,0.5));
#2748=CARTESIAN_POINT('Ctrl Pts',(1.00538034018587,0.188968828467247,0.5));
#2749=CARTESIAN_POINT('Ctrl Pts',(1.00250113102683,0.189101798472984,0.5));
#2750=CARTESIAN_POINT('Ctrl Pts',(0.999626126824661,0.189208600995822,0.5));
#2751=CARTESIAN_POINT('Ctrl Pts',(0.996761304935271,0.189238140451831,0.5));
#2752=CARTESIAN_POINT('Ctrl Pts',(0.99368139392189,0.189269897712632,0.5));
#2753=CARTESIAN_POINT('Ctrl Pts',(0.990613780539702,0.18920704116057,0.5));
#2754=CARTESIAN_POINT('Ctrl Pts',(0.987568423062446,0.188955156495411,0.5));
#2755=CARTESIAN_POINT('Ctrl Pts',(0.985218842708053,0.188760820275361,0.5));
#2756=CARTESIAN_POINT('Ctrl Pts',(0.982882653061326,0.188452404409425,0.5));
#2757=CARTESIAN_POINT('Ctrl Pts',(0.980561963070869,0.188009418318908,0.5));
#2758=CARTESIAN_POINT('',(1.29688857856132,-0.0668642855534642,0.5));
#2759=CARTESIAN_POINT('Origin',(-7.74935671188359E-14,6.93889390390723E-18,
0.5));
#2760=CARTESIAN_POINT('',(0.980561963070869,-0.188009418318908,0.5));
#2761=CARTESIAN_POINT('Ctrl Pts',(0.980561963070869,-0.188009418318908,
0.5));
#2762=CARTESIAN_POINT('Ctrl Pts',(0.983229783336536,-0.188518666548766,
0.5));
#2763=CARTESIAN_POINT('Ctrl Pts',(0.985918204196748,-0.188848950724477,
0.5));
#2764=CARTESIAN_POINT('Ctrl Pts',(0.988623645183628,-0.189035012468141,
0.5));
#2765=CARTESIAN_POINT('Ctrl Pts',(0.991816722254464,-0.189254610489438,
0.5));
#2766=CARTESIAN_POINT('Ctrl Pts',(0.995033021667568,-0.189278406307134,
0.5));
#2767=CARTESIAN_POINT('Ctrl Pts',(0.998260944360902,-0.189215635172834,
0.5));
#2768=CARTESIAN_POINT('Ctrl Pts',(1.00104239738558,-0.189161546219055,0.5));
#2769=CARTESIAN_POINT('Ctrl Pts',(1.00383212036084,-0.18904672627888,0.5));
#2770=CARTESIAN_POINT('Ctrl Pts',(1.00662542582058,-0.18890945928505,0.5));
#2771=CARTESIAN_POINT('Ctrl Pts',(1.0102073601583,-0.188733437949137,0.5));
#2772=CARTESIAN_POINT('Ctrl Pts',(1.0137952682303,-0.188519277237831,0.5));
#2773=CARTESIAN_POINT('Ctrl Pts',(1.0173884531772,-0.188250594860843,0.5));
#2774=CARTESIAN_POINT('Ctrl Pts',(1.02117337913693,-0.187967574944359,0.5));
#2775=CARTESIAN_POINT('Ctrl Pts',(1.02496490272529,-0.187615566290679,0.5));
#2776=CARTESIAN_POINT('Ctrl Pts',(1.02876381935322,-0.187166837248268,0.5));
#2777=CARTESIAN_POINT('Ctrl Pts',(1.0344311041636,-0.186497416059253,0.5));
#2778=CARTESIAN_POINT('Ctrl Pts',(1.04011459899673,-0.18561559394524,0.5));
#2779=CARTESIAN_POINT('Ctrl Pts',(1.04580418688585,-0.18460126073956,0.5));
#2780=CARTESIAN_POINT('Ctrl Pts',(1.05063940893753,-0.183739242895836,0.5));
#2781=CARTESIAN_POINT('Ctrl Pts',(1.05547857170325,-0.182787599830112,0.5));
#2782=CARTESIAN_POINT('Ctrl Pts',(1.06031930903736,-0.181752453095456,0.5));
#2783=CARTESIAN_POINT('Ctrl Pts',(1.0662987491749,-0.180473805338668,0.5));
#2784=CARTESIAN_POINT('Ctrl Pts',(1.07228137175795,-0.179058006927576,0.5));
#2785=CARTESIAN_POINT('Ctrl Pts',(1.07826486947656,-0.177495692266023,0.5));
#2786=CARTESIAN_POINT('Ctrl Pts',(1.08599739433061,-0.17547669977727,0.5));
#2787=CARTESIAN_POINT('Ctrl Pts',(1.09373049477603,-0.173223950728987,0.5));
#2788=CARTESIAN_POINT('Ctrl Pts',(1.10145525329571,-0.170776349433699,0.5));
#2789=CARTESIAN_POINT('Ctrl Pts',(1.11099892540947,-0.16775242264454,0.5));
#2790=CARTESIAN_POINT('Ctrl Pts',(1.12053077257226,-0.164419711799797,0.5));
#2791=CARTESIAN_POINT('Ctrl Pts',(1.13004017031034,-0.16078920199446,0.5));
#2792=CARTESIAN_POINT('Ctrl Pts',(1.14477128305838,-0.15516513927794,0.5));
#2793=CARTESIAN_POINT('Ctrl Pts',(1.15944689254498,-0.148845272263245,0.5));
#2794=CARTESIAN_POINT('Ctrl Pts',(1.17403033875344,-0.14188467196891,0.5));
#2795=CARTESIAN_POINT('Ctrl Pts',(1.1950134712017,-0.131869535916172,0.5));
#2796=CARTESIAN_POINT('Ctrl Pts',(1.21580532494824,-0.120531732288529,0.5));
#2797=CARTESIAN_POINT('Ctrl Pts',(1.23631093140951,-0.107993411545657,0.5));
#2798=CARTESIAN_POINT('Ctrl Pts',(1.25212223872297,-0.0983254584014918,
0.5));
#2799=CARTESIAN_POINT('Ctrl Pts',(1.26776464243353,-0.0879420407853768,
0.5));
#2800=CARTESIAN_POINT('Ctrl Pts',(1.28319737177505,-0.0768877677118742,
0.5));
#2801=CARTESIAN_POINT('Ctrl Pts',(1.28777927299044,-0.0736058085645462,
0.5));
#2802=CARTESIAN_POINT('Ctrl Pts',(1.29234301532034,-0.0702645492418465,
0.5));
#2803=CARTESIAN_POINT('Ctrl Pts',(1.29688857856132,-0.0668642855534643,
0.5));
#2804=CARTESIAN_POINT('',(0.883632395600378,-0.16950696847608,0.5));
#2805=CARTESIAN_POINT('',(0.379551374984718,-0.0732852061794255,0.5));
#2806=CARTESIAN_POINT('',(0.729896241738495,-0.257801558958544,0.5));
#2807=CARTESIAN_POINT('Origin',(0.858132385249866,-0.303094952487082,0.5));
#2808=CARTESIAN_POINT('',(0.724844607893626,-0.271680808878674,0.5));
#2809=CARTESIAN_POINT('Origin',(0.,0.,0.5));
#2810=CARTESIAN_POINT('',(0.785858665501531,-0.438138084138513,0.5));
#2811=CARTESIAN_POINT('Origin',(0.852193225198321,-0.31941266061923,0.5));
#2812=CARTESIAN_POINT('',(0.872004167544044,-0.486269510234634,0.5));
#2813=CARTESIAN_POINT('',(0.436201953502798,-0.242777028789689,0.5));
#2814=CARTESIAN_POINT('',(1.03645382323568,-0.78240289505185,0.5));
#2815=CARTESIAN_POINT('Ctrl Pts',(1.03645382323568,-0.78240289505185,0.5));
#2816=CARTESIAN_POINT('Ctrl Pts',(1.03267178406652,-0.766280667368223,0.5));
#2817=CARTESIAN_POINT('Ctrl Pts',(1.02844778576846,-0.750439377860608,0.5));
#2818=CARTESIAN_POINT('Ctrl Pts',(1.02377974691431,-0.734903811230644,0.5));
#2819=CARTESIAN_POINT('Ctrl Pts',(1.01612138708852,-0.709416242881858,0.5));
#2820=CARTESIAN_POINT('Ctrl Pts',(1.00727297132682,-0.684760858953821,0.5));
#2821=CARTESIAN_POINT('Ctrl Pts',(0.997231565532534,-0.661124742512831,
0.5));
#2822=CARTESIAN_POINT('Ctrl Pts',(0.989700511186817,-0.643397655182088,
0.5));
#2823=CARTESIAN_POINT('Ctrl Pts',(0.981497127824353,-0.626246176104408,
0.5));
#2824=CARTESIAN_POINT('Ctrl Pts',(0.972612718857306,-0.609771731718721,
0.5));
#2825=CARTESIAN_POINT('Ctrl Pts',(0.967617661094061,-0.60050934841004,0.5));
#2826=CARTESIAN_POINT('Ctrl Pts',(0.962405161401881,-0.591464177030866,
0.5));
#2827=CARTESIAN_POINT('Ctrl Pts',(0.956969778313222,-0.582661735855749,
0.5));
#2828=CARTESIAN_POINT('Ctrl Pts',(0.952916673907642,-0.57609785387636,0.5));
#2829=CARTESIAN_POINT('Ctrl Pts',(0.948743593511208,-0.569663395073497,
0.5));
#2830=CARTESIAN_POINT('Ctrl Pts',(0.944444114013813,-0.563375618250312,
0.5));
#2831=CARTESIAN_POINT('Ctrl Pts',(0.940803957849216,-0.558052069300168,
0.5));
#2832=CARTESIAN_POINT('Ctrl Pts',(0.937069098914618,-0.55283942640472,0.5));
#2833=CARTESIAN_POINT('Ctrl Pts',(0.93323454334272,-0.547750314370512,0.5));
#2834=CARTESIAN_POINT('Ctrl Pts',(0.930021646343997,-0.543486249741825,
0.5));
#2835=CARTESIAN_POINT('Ctrl Pts',(0.926741609148757,-0.539304897691669,
0.5));
#2836=CARTESIAN_POINT('Ctrl Pts',(0.923402743973866,-0.535198332986033,
0.5));
#2837=CARTESIAN_POINT('Ctrl Pts',(0.920401994151933,-0.531507625915301,
0.5));
#2838=CARTESIAN_POINT('Ctrl Pts',(0.917354987420155,-0.527875549685495,
0.5));
#2839=CARTESIAN_POINT('Ctrl Pts',(0.914240045464814,-0.524335792523276,
0.5));
#2840=CARTESIAN_POINT('Ctrl Pts',(0.911628404942889,-0.521367976950735,
0.5));
#2841=CARTESIAN_POINT('Ctrl Pts',(0.908965969698624,-0.518469331841877,
0.5));
#2842=CARTESIAN_POINT('Ctrl Pts',(0.906245739619317,-0.515651966588288,
0.5));
#2843=CARTESIAN_POINT('Ctrl Pts',(0.903556934489286,-0.512867148419909,
0.5));
#2844=CARTESIAN_POINT('Ctrl Pts',(0.90081226421164,-0.510160841435857,0.5));
#2845=CARTESIAN_POINT('Ctrl Pts',(0.898036165880133,-0.507501526826125,
0.5));
#2846=CARTESIAN_POINT('Ctrl Pts',(0.895917651325901,-0.505472133039507,
0.5));
#2847=CARTESIAN_POINT('Ctrl Pts',(0.893782703696891,-0.503467464852419,
0.5));
#2848=CARTESIAN_POINT('Ctrl Pts',(0.891632844376428,-0.501487504724105,
0.5));
#2849=CARTESIAN_POINT('Ctrl Pts',(0.88951271367173,-0.499534923816992,0.5));
#2850=CARTESIAN_POINT('Ctrl Pts',(0.88737898401709,-0.497605091258917,0.5));
#2851=CARTESIAN_POINT('Ctrl Pts',(0.885203390724535,-0.495740990708335,
0.5));
#2852=CARTESIAN_POINT('Ctrl Pts',(0.882864455181182,-0.49373693459681,0.5));
#2853=CARTESIAN_POINT('Ctrl Pts',(0.880474123583256,-0.49181326163583,0.5));
#2854=CARTESIAN_POINT('Ctrl Pts',(0.877979336068648,-0.490048698430412,
0.5));
#2855=CARTESIAN_POINT('Ctrl Pts',(0.876054536180062,-0.488687287472042,
0.5));
#2856=CARTESIAN_POINT('Ctrl Pts',(0.874066665185774,-0.487421873973456,
0.5));
#2857=CARTESIAN_POINT('Ctrl Pts',(0.872004167544044,-0.486269510234634,
0.5));
#2858=CARTESIAN_POINT('',(0.950494754667056,-0.884844923834554,0.5));
#2859=CARTESIAN_POINT('Origin',(-5.93590562338254E-14,4.98172202755164E-14,
0.5));
#2860=CARTESIAN_POINT('',(0.630303918344508,-0.774316650549096,0.5));
#2861=CARTESIAN_POINT('Ctrl Pts',(0.630303918344508,-0.774316650549096,
0.5));
#2862=CARTESIAN_POINT('Ctrl Pts',(0.632020248781845,-0.776421599137376,
0.5));
#2863=CARTESIAN_POINT('Ctrl Pts',(0.633867396066742,-0.778402695113386,
0.5));
#2864=CARTESIAN_POINT('Ctrl Pts',(0.635820285917452,-0.780284250623293,
0.5));
#2865=CARTESIAN_POINT('Ctrl Pts',(0.638125169976828,-0.782504942845149,
0.5));
#2866=CARTESIAN_POINT('Ctrl Pts',(0.640573702612879,-0.784590568910862,
0.5));
#2867=CARTESIAN_POINT('Ctrl Pts',(0.643086783362313,-0.786617352144556,
0.5));
#2868=CARTESIAN_POINT('Ctrl Pts',(0.645252267705037,-0.788363801143317,
0.5));
#2869=CARTESIAN_POINT('Ctrl Pts',(0.647463124323029,-0.790069043329189,
0.5));
#2870=CARTESIAN_POINT('Ctrl Pts',(0.649691153971306,-0.791759392850973,
0.5));
#2871=CARTESIAN_POINT('Ctrl Pts',(0.652548219200217,-0.793926975695811,
0.5));
#2872=CARTESIAN_POINT('Ctrl Pts',(0.65543437609303,-0.796069181926448,0.5));
#2873=CARTESIAN_POINT('Ctrl Pts',(0.658359621157695,-0.798173014047851,
0.5));
#2874=CARTESIAN_POINT('Ctrl Pts',(0.661440964352348,-0.800389111724004,
0.5));
#2875=CARTESIAN_POINT('Ctrl Pts',(0.664571706729224,-0.802556601835322,
0.5));
#2876=CARTESIAN_POINT('Ctrl Pts',(0.667770283170464,-0.804654751984554,
0.5));
#2877=CARTESIAN_POINT('Ctrl Pts',(0.672541970852992,-0.807784806059267,
0.5));
#2878=CARTESIAN_POINT('Ctrl Pts',(0.677462604816239,-0.810762571187446,
0.5));
#2879=CARTESIAN_POINT('Ctrl Pts',(0.682473082819039,-0.813642743471102,
0.5));
#2880=CARTESIAN_POINT('Ctrl Pts',(0.686731172195605,-0.816090420318873,
0.5));
#2881=CARTESIAN_POINT('Ctrl Pts',(0.691049890316571,-0.818471973305426,
0.5));
#2882=CARTESIAN_POINT('Ctrl Pts',(0.695423489750744,-0.820790570883356,
0.5));
#2883=CARTESIAN_POINT('Ctrl Pts',(0.700825905575999,-0.823654579907489,
0.5));
#2884=CARTESIAN_POINT('Ctrl Pts',(0.706318918037199,-0.826415571071561,
0.5));
#2885=CARTESIAN_POINT('Ctrl Pts',(0.711906779721514,-0.829064886802451,
0.5));
#2886=CARTESIAN_POINT('Ctrl Pts',(0.719128020772745,-0.832488619993141,
0.5));
#2887=CARTESIAN_POINT('Ctrl Pts',(0.72649995857265,-0.835733655253397,0.5));
#2888=CARTESIAN_POINT('Ctrl Pts',(0.733990754696775,-0.838824062946121,
0.5));
#2889=CARTESIAN_POINT('Ctrl Pts',(0.743245374358259,-0.842642154817956,
0.5));
#2890=CARTESIAN_POINT('Ctrl Pts',(0.752689418146721,-0.846216103447969,
0.5));
#2891=CARTESIAN_POINT('Ctrl Pts',(0.762307686160131,-0.849547494627057,
0.5));
#2892=CARTESIAN_POINT('Ctrl Pts',(0.777207451056637,-0.854708189388057,
0.5));
#2893=CARTESIAN_POINT('Ctrl Pts',(0.792511952370008,-0.859300190323855,
0.5));
#2894=CARTESIAN_POINT('Ctrl Pts',(0.808157707929747,-0.863342119677675,
0.5));
#2895=CARTESIAN_POINT('Ctrl Pts',(0.830669325301989,-0.869157777905967,
0.5));
#2896=CARTESIAN_POINT('Ctrl Pts',(0.853884609016294,-0.873837262409298,
0.5));
#2897=CARTESIAN_POINT('Ctrl Pts',(0.877652292115069,-0.877413101239709,
0.5));
#2898=CARTESIAN_POINT('Ctrl Pts',(0.895978896712404,-0.880170331890942,
0.5));
#2899=CARTESIAN_POINT('Ctrl Pts',(0.914636005341008,-0.882270915816071,
0.5));
#2900=CARTESIAN_POINT('Ctrl Pts',(0.933563711660222,-0.883722818559509,
0.5));
#2901=CARTESIAN_POINT('Ctrl Pts',(0.939183254297706,-0.884153881321928,
0.5));
#2902=CARTESIAN_POINT('Ctrl Pts',(0.944827003839832,-0.884527845207998,
0.5));
#2903=CARTESIAN_POINT('Ctrl Pts',(0.950494754667056,-0.884844923834554,
0.5));
#2904=CARTESIAN_POINT('',(0.567944707317629,-0.697837826680602,0.5));
#2905=CARTESIAN_POINT('',(0.243646399179752,-0.300110646036244,0.5));
#2906=CARTESIAN_POINT('',(0.393421312180774,-0.666655712213878,0.5));
#2907=CARTESIAN_POINT('Origin',(0.462541865163867,-0.78378106879951,0.5));
#2908=CARTESIAN_POINT('Origin',(0.,0.,0.5));
#2909=CARTESIAN_POINT('Origin',(3.8740774301023E-14,-6.71148672017384E-14,
0.));
#2910=CARTESIAN_POINT('',(-0.706350459175854,1.08970631213526,1.));
#2911=CARTESIAN_POINT('',(-0.706350459175854,1.08970631213526,0.));
#2912=CARTESIAN_POINT('',(-0.590538119385461,1.15657059768872,1.));
#2913=CARTESIAN_POINT('Origin',(3.8740774301023E-14,-6.71148672017384E-14,
1.));
#2914=CARTESIAN_POINT('',(-0.590538119385461,1.15657059768872,0.));
#2915=CARTESIAN_POINT('Ctrl Pts',(-0.706350459175855,1.08970631213526,0.));
#2916=CARTESIAN_POINT('Ctrl Pts',(-0.706350459175855,1.08970631213526,1.));
#2917=CARTESIAN_POINT('Ctrl Pts',(-0.706477518310144,1.08864043987163,0.));
#2918=CARTESIAN_POINT('Ctrl Pts',(-0.706477518310144,1.08864043987163,1.));
#2919=CARTESIAN_POINT('Ctrl Pts',(-0.706728047379963,1.08650951724836,0.));
#2920=CARTESIAN_POINT('Ctrl Pts',(-0.706728047379963,1.08650951724836,1.));
#2921=CARTESIAN_POINT('Ctrl Pts',(-0.707093073388979,1.08331559902693,0.));
#2922=CARTESIAN_POINT('Ctrl Pts',(-0.707093073388979,1.08331559902693,1.));
#2923=CARTESIAN_POINT('Ctrl Pts',(-0.707558232383225,1.07906197445071,0.));
#2924=CARTESIAN_POINT('Ctrl Pts',(-0.707558232383225,1.07906197445071,1.));
#2925=CARTESIAN_POINT('Ctrl Pts',(-0.708103730490296,1.07375318979527,0.));
#2926=CARTESIAN_POINT('Ctrl Pts',(-0.708103730490296,1.07375318979527,1.));
#2927=CARTESIAN_POINT('Ctrl Pts',(-0.708613209456708,1.06845270748277,0.));
#2928=CARTESIAN_POINT('Ctrl Pts',(-0.708613209456708,1.06845270748277,1.));
#2929=CARTESIAN_POINT('Ctrl Pts',(-0.709086586384502,1.06316062817855,0.));
#2930=CARTESIAN_POINT('Ctrl Pts',(-0.709086586384502,1.06316062817855,1.));
#2931=CARTESIAN_POINT('Ctrl Pts',(-0.709523771109241,1.05787710776598,0.));
#2932=CARTESIAN_POINT('Ctrl Pts',(-0.709523771109241,1.05787710776598,1.));
#2933=CARTESIAN_POINT('Ctrl Pts',(-0.709924674631199,1.05260237223508,0.));
#2934=CARTESIAN_POINT('Ctrl Pts',(-0.709924674631199,1.05260237223508,1.));
#2935=CARTESIAN_POINT('Ctrl Pts',(-0.710289209362675,1.04733670286549,0.));
#2936=CARTESIAN_POINT('Ctrl Pts',(-0.710289209362675,1.04733670286549,1.));
#2937=CARTESIAN_POINT('Ctrl Pts',(-0.710617287781258,1.04208041557067,0.));
#2938=CARTESIAN_POINT('Ctrl Pts',(-0.710617287781258,1.04208041557067,1.));
#2939=CARTESIAN_POINT('Ctrl Pts',(-0.710908821924831,1.0368338414922,0.));
#2940=CARTESIAN_POINT('Ctrl Pts',(-0.710908821924831,1.0368338414922,1.));
#2941=CARTESIAN_POINT('Ctrl Pts',(-0.711163722718003,1.03159730872779,0.));
#2942=CARTESIAN_POINT('Ctrl Pts',(-0.711163722718003,1.03159730872779,1.));
#2943=CARTESIAN_POINT('Ctrl Pts',(-0.711381899853003,1.02637111922237,0.));
#2944=CARTESIAN_POINT('Ctrl Pts',(-0.711381899853003,1.02637111922237,1.));
#2945=CARTESIAN_POINT('Ctrl Pts',(-0.711563260627815,1.0211555496534,0.));
#2946=CARTESIAN_POINT('Ctrl Pts',(-0.711563260627815,1.0211555496534,1.));
#2947=CARTESIAN_POINT('Ctrl Pts',(-0.711707708451622,1.01595086412435,0.));
#2948=CARTESIAN_POINT('Ctrl Pts',(-0.711707708451622,1.01595086412435,1.));
#2949=CARTESIAN_POINT('Ctrl Pts',(-0.711815141620012,1.01075732346279,0.));
#2950=CARTESIAN_POINT('Ctrl Pts',(-0.711815141620012,1.01075732346279,1.));
#2951=CARTESIAN_POINT('Ctrl Pts',(-0.711885452419618,1.00557519492569,0.));
#2952=CARTESIAN_POINT('Ctrl Pts',(-0.711885452419618,1.00557519492569,1.));
#2953=CARTESIAN_POINT('Ctrl Pts',(-0.71191852592531,1.00040476390735,0.));
#2954=CARTESIAN_POINT('Ctrl Pts',(-0.71191852592531,1.00040476390735,1.));
#2955=CARTESIAN_POINT('Ctrl Pts',(-0.711914240946052,0.995246335460849,
0.));
#2956=CARTESIAN_POINT('Ctrl Pts',(-0.711914240946052,0.995246335460849,
1.));
#2957=CARTESIAN_POINT('Ctrl Pts',(-0.711872472700294,0.990100226758258,
0.));
#2958=CARTESIAN_POINT('Ctrl Pts',(-0.711872472700294,0.990100226758258,
1.));
#2959=CARTESIAN_POINT('Ctrl Pts',(-0.711793095529559,0.984966761725174,
0.));
#2960=CARTESIAN_POINT('Ctrl Pts',(-0.711793095529559,0.984966761725174,
1.));
#2961=CARTESIAN_POINT('Ctrl Pts',(-0.711675985254716,0.979846265416842,
0.));
#2962=CARTESIAN_POINT('Ctrl Pts',(-0.711675985254716,0.979846265416842,
1.));
#2963=CARTESIAN_POINT('Ctrl Pts',(-0.711521023454868,0.974739056687745,
0.));
#2964=CARTESIAN_POINT('Ctrl Pts',(-0.711521023454868,0.974739056687745,
1.));
#2965=CARTESIAN_POINT('Ctrl Pts',(-0.711328095817344,0.969645447765424,
0.));
#2966=CARTESIAN_POINT('Ctrl Pts',(-0.711328095817344,0.969645447765424,
1.));
#2967=CARTESIAN_POINT('Ctrl Pts',(-0.711097082843,0.964565753083721,0.));
#2968=CARTESIAN_POINT('Ctrl Pts',(-0.711097082843,0.964565753083721,1.));
#2969=CARTESIAN_POINT('Ctrl Pts',(-0.710827852177681,0.959500296130499,
0.));
#2970=CARTESIAN_POINT('Ctrl Pts',(-0.710827852177681,0.959500296130499,
1.));
#2971=CARTESIAN_POINT('Ctrl Pts',(-0.710520251664993,0.954449416109888,
0.));
#2972=CARTESIAN_POINT('Ctrl Pts',(-0.710520251664993,0.954449416109888,
1.));
#2973=CARTESIAN_POINT('Ctrl Pts',(-0.710174099669989,0.949413476756792,
0.));
#2974=CARTESIAN_POINT('Ctrl Pts',(-0.710174099669989,0.949413476756792,
1.));
#2975=CARTESIAN_POINT('Ctrl Pts',(-0.709789185862824,0.944392866857162,
0.));
#2976=CARTESIAN_POINT('Ctrl Pts',(-0.709789185862824,0.944392866857162,
1.));
#2977=CARTESIAN_POINT('Ctrl Pts',(-0.709365290354207,0.939387985923221,
0.));
#2978=CARTESIAN_POINT('Ctrl Pts',(-0.709365290354207,0.939387985923221,
1.));
#2979=CARTESIAN_POINT('Ctrl Pts',(-0.708902200180985,0.934399232247671,
0.));
#2980=CARTESIAN_POINT('Ctrl Pts',(-0.708902200180985,0.934399232247671,
1.));
#2981=CARTESIAN_POINT('Ctrl Pts',(-0.708399724612162,0.929426991672478,
0.));
#2982=CARTESIAN_POINT('Ctrl Pts',(-0.708399724612162,0.929426991672478,
1.));
#2983=CARTESIAN_POINT('Ctrl Pts',(-0.707857717306992,0.924471621675334,
0.));
#2984=CARTESIAN_POINT('Ctrl Pts',(-0.707857717306992,0.924471621675334,
1.));
#2985=CARTESIAN_POINT('Ctrl Pts',(-0.707276076228119,0.919533451140853,
0.));
#2986=CARTESIAN_POINT('Ctrl Pts',(-0.707276076228119,0.919533451140853,
1.));
#2987=CARTESIAN_POINT('Ctrl Pts',(-0.706654694762144,0.914612814571248,
0.));
#2988=CARTESIAN_POINT('Ctrl Pts',(-0.706654694762144,0.914612814571248,
1.));
#2989=CARTESIAN_POINT('Ctrl Pts',(-0.705993420363756,0.90971008102278,0.));
#2990=CARTESIAN_POINT('Ctrl Pts',(-0.705993420363756,0.90971008102278,1.));
#2991=CARTESIAN_POINT('Ctrl Pts',(-0.705292015980293,0.90482568121178,0.));
#2992=CARTESIAN_POINT('Ctrl Pts',(-0.705292015980293,0.90482568121178,1.));
#2993=CARTESIAN_POINT('Ctrl Pts',(-0.704550107317758,0.899960144480472,
0.));
#2994=CARTESIAN_POINT('Ctrl Pts',(-0.704550107317758,0.899960144480472,
1.));
#2995=CARTESIAN_POINT('Ctrl Pts',(-0.703767178630931,0.895114102151012,
0.));
#2996=CARTESIAN_POINT('Ctrl Pts',(-0.703767178630931,0.895114102151012,
1.));
#2997=CARTESIAN_POINT('Ctrl Pts',(-0.702942682235975,0.890288211986609,
0.));
#2998=CARTESIAN_POINT('Ctrl Pts',(-0.702942682235975,0.890288211986609,
1.));
#2999=CARTESIAN_POINT('Ctrl Pts',(-0.702076132542721,0.885483093478245,
0.));
#3000=CARTESIAN_POINT('Ctrl Pts',(-0.702076132542721,0.885483093478245,
1.));
#3001=CARTESIAN_POINT('Ctrl Pts',(-0.701167192736551,0.880699268214766,
0.));
#3002=CARTESIAN_POINT('Ctrl Pts',(-0.701167192736551,0.880699268214766,
1.));
#3003=CARTESIAN_POINT('Ctrl Pts',(-0.700215798041715,0.875937075075266,
0.));
#3004=CARTESIAN_POINT('Ctrl Pts',(-0.700215798041715,0.875937075075266,
1.));
#3005=CARTESIAN_POINT('Ctrl Pts',(-0.699222157015999,0.871196669621005,
0.));
#3006=CARTESIAN_POINT('Ctrl Pts',(-0.699222157015999,0.871196669621005,
1.));
#3007=CARTESIAN_POINT('Ctrl Pts',(-0.698186485113847,0.866478208286995,
0.));
#3008=CARTESIAN_POINT('Ctrl Pts',(-0.698186485113847,0.866478208286995,
1.));
#3009=CARTESIAN_POINT('Ctrl Pts',(-0.697108775426912,0.861782006946601,
0.));
#3010=CARTESIAN_POINT('Ctrl Pts',(-0.697108775426912,0.861782006946601,
1.));
#3011=CARTESIAN_POINT('Ctrl Pts',(-0.695988590796931,0.857108684808691,
0.));
#3012=CARTESIAN_POINT('Ctrl Pts',(-0.695988590796931,0.857108684808691,
1.));
#3013=CARTESIAN_POINT('Ctrl Pts',(-0.694824760362051,0.852459374211411,
0.));
#3014=CARTESIAN_POINT('Ctrl Pts',(-0.694824760362051,0.852459374211411,
1.));
#3015=CARTESIAN_POINT('Ctrl Pts',(-0.693615405457913,0.847835703476685,
0.));
#3016=CARTESIAN_POINT('Ctrl Pts',(-0.693615405457913,0.847835703476685,
1.));
#3017=CARTESIAN_POINT('Ctrl Pts',(-0.692358554261031,0.843239374092314,
0.));
#3018=CARTESIAN_POINT('Ctrl Pts',(-0.692358554261031,0.843239374092314,
1.));
#3019=CARTESIAN_POINT('Ctrl Pts',(-0.691052673565323,0.838671794992405,
0.));
#3020=CARTESIAN_POINT('Ctrl Pts',(-0.691052673565323,0.838671794992405,
1.));
#3021=CARTESIAN_POINT('Ctrl Pts',(-0.689697136046463,0.834133761447623,
0.));
#3022=CARTESIAN_POINT('Ctrl Pts',(-0.689697136046463,0.834133761447623,
1.));
#3023=CARTESIAN_POINT('Ctrl Pts',(-0.688292953906647,0.829624950140117,
0.));
#3024=CARTESIAN_POINT('Ctrl Pts',(-0.688292953906647,0.829624950140117,
1.));
#3025=CARTESIAN_POINT('Ctrl Pts',(-0.686842551520055,0.825144077490435,
0.));
#3026=CARTESIAN_POINT('Ctrl Pts',(-0.686842551520055,0.825144077490435,
1.));
#3027=CARTESIAN_POINT('Ctrl Pts',(-0.685348287266999,0.820689921318524,
0.));
#3028=CARTESIAN_POINT('Ctrl Pts',(-0.685348287266999,0.820689921318524,
1.));
#3029=CARTESIAN_POINT('Ctrl Pts',(-0.683811166076106,0.816262210790218,
0.));
#3030=CARTESIAN_POINT('Ctrl Pts',(-0.683811166076106,0.816262210790218,
1.));
#3031=CARTESIAN_POINT('Ctrl Pts',(-0.682229728525811,0.811862394865651,
0.));
#3032=CARTESIAN_POINT('Ctrl Pts',(-0.682229728525811,0.811862394865651,
1.));
#3033=CARTESIAN_POINT('Ctrl Pts',(-0.680598238427924,0.807494894140414,
0.));
#3034=CARTESIAN_POINT('Ctrl Pts',(-0.680598238427924,0.807494894140414,
1.));
#3035=CARTESIAN_POINT('Ctrl Pts',(-0.678907672869106,0.803166421900886,
0.));
#3036=CARTESIAN_POINT('Ctrl Pts',(-0.678907672869106,0.803166421900886,
1.));
#3037=CARTESIAN_POINT('Ctrl Pts',(-0.677149090456932,0.798883668277487,
0.));
#3038=CARTESIAN_POINT('Ctrl Pts',(-0.677149090456932,0.798883668277487,
1.));
#3039=CARTESIAN_POINT('Ctrl Pts',(-0.675316612780552,0.794651248100462,
0.));
#3040=CARTESIAN_POINT('Ctrl Pts',(-0.675316612780552,0.794651248100462,
1.));
#3041=CARTESIAN_POINT('Ctrl Pts',(-0.673409960732694,0.790469961873081,
0.));
#3042=CARTESIAN_POINT('Ctrl Pts',(-0.673409960732694,0.790469961873081,
1.));
#3043=CARTESIAN_POINT('Ctrl Pts',(-0.671438709642496,0.786333856776401,
0.));
#3044=CARTESIAN_POINT('Ctrl Pts',(-0.671438709642496,0.786333856776401,
1.));
#3045=CARTESIAN_POINT('Ctrl Pts',(-0.669418181374066,0.782233120938139,
0.));
#3046=CARTESIAN_POINT('Ctrl Pts',(-0.669418181374066,0.782233120938139,
1.));
#3047=CARTESIAN_POINT('Ctrl Pts',(-0.66736120773738,0.778159853962439,0.));
#3048=CARTESIAN_POINT('Ctrl Pts',(-0.66736120773738,0.778159853962439,1.));
#3049=CARTESIAN_POINT('Ctrl Pts',(-0.665270796985113,0.774113214111436,
0.));
#3050=CARTESIAN_POINT('Ctrl Pts',(-0.665270796985113,0.774113214111436,
1.));
#3051=CARTESIAN_POINT('Ctrl Pts',(-0.663133280666811,0.770104216321288,
0.));
#3052=CARTESIAN_POINT('Ctrl Pts',(-0.663133280666811,0.770104216321288,
1.));
#3053=CARTESIAN_POINT('Ctrl Pts',(-0.660908982321018,0.766162295406994,
0.));
#3054=CARTESIAN_POINT('Ctrl Pts',(-0.660908982321018,0.766162295406994,
1.));
#3055=CARTESIAN_POINT('Ctrl Pts',(-0.65854242702812,0.762327974816106,0.));
#3056=CARTESIAN_POINT('Ctrl Pts',(-0.65854242702812,0.762327974816106,1.));
#3057=CARTESIAN_POINT('Ctrl Pts',(-0.656489997605144,0.759379555547057,
0.));
#3058=CARTESIAN_POINT('Ctrl Pts',(-0.656489997605144,0.759379555547057,
1.));
#3059=CARTESIAN_POINT('Ctrl Pts',(-0.654840910550394,0.757249837975756,
0.));
#3060=CARTESIAN_POINT('Ctrl Pts',(-0.654840910550394,0.757249837975756,
1.));
#3061=CARTESIAN_POINT('Ctrl Pts',(-0.653690142437135,0.755868163556687,
0.));
#3062=CARTESIAN_POINT('Ctrl Pts',(-0.653690142437135,0.755868163556687,
1.));
#3063=CARTESIAN_POINT('Ctrl Pts',(-0.653101913950345,0.755186860844657,
0.));
#3064=CARTESIAN_POINT('Ctrl Pts',(-0.653101913950345,0.755186860844657,
1.));
#3065=CARTESIAN_POINT('',(-0.653101913950345,0.755186860844657,1.));
#3066=CARTESIAN_POINT('',(-0.653101913950345,0.755186860844657,0.));
#3067=CARTESIAN_POINT('Ctrl Pts',(-0.706350459175855,1.08970631213526,1.));
#3068=CARTESIAN_POINT('Ctrl Pts',(-0.706477518310144,1.08864043987163,1.));
#3069=CARTESIAN_POINT('Ctrl Pts',(-0.706728047379963,1.08650951724836,1.));
#3070=CARTESIAN_POINT('Ctrl Pts',(-0.707093073388979,1.08331559902693,1.));
#3071=CARTESIAN_POINT('Ctrl Pts',(-0.707558232383225,1.07906197445071,1.));
#3072=CARTESIAN_POINT('Ctrl Pts',(-0.708103730490296,1.07375318979527,1.));
#3073=CARTESIAN_POINT('Ctrl Pts',(-0.708613209456708,1.06845270748277,1.));
#3074=CARTESIAN_POINT('Ctrl Pts',(-0.709086586384502,1.06316062817855,1.));
#3075=CARTESIAN_POINT('Ctrl Pts',(-0.709523771109241,1.05787710776598,1.));
#3076=CARTESIAN_POINT('Ctrl Pts',(-0.709924674631199,1.05260237223508,1.));
#3077=CARTESIAN_POINT('Ctrl Pts',(-0.710289209362675,1.04733670286549,1.));
#3078=CARTESIAN_POINT('Ctrl Pts',(-0.710617287781258,1.04208041557067,1.));
#3079=CARTESIAN_POINT('Ctrl Pts',(-0.710908821924831,1.0368338414922,1.));
#3080=CARTESIAN_POINT('Ctrl Pts',(-0.711163722718003,1.03159730872779,1.));
#3081=CARTESIAN_POINT('Ctrl Pts',(-0.711381899853003,1.02637111922237,1.));
#3082=CARTESIAN_POINT('Ctrl Pts',(-0.711563260627815,1.0211555496534,1.));
#3083=CARTESIAN_POINT('Ctrl Pts',(-0.711707708451622,1.01595086412435,1.));
#3084=CARTESIAN_POINT('Ctrl Pts',(-0.711815141620012,1.01075732346279,1.));
#3085=CARTESIAN_POINT('Ctrl Pts',(-0.711885452419618,1.00557519492569,1.));
#3086=CARTESIAN_POINT('Ctrl Pts',(-0.71191852592531,1.00040476390735,1.));
#3087=CARTESIAN_POINT('Ctrl Pts',(-0.711914240946052,0.995246335460849,
1.));
#3088=CARTESIAN_POINT('Ctrl Pts',(-0.711872472700294,0.990100226758258,
1.));
#3089=CARTESIAN_POINT('Ctrl Pts',(-0.711793095529559,0.984966761725174,
1.));
#3090=CARTESIAN_POINT('Ctrl Pts',(-0.711675985254716,0.979846265416842,
1.));
#3091=CARTESIAN_POINT('Ctrl Pts',(-0.711521023454868,0.974739056687745,
1.));
#3092=CARTESIAN_POINT('Ctrl Pts',(-0.711328095817344,0.969645447765424,
1.));
#3093=CARTESIAN_POINT('Ctrl Pts',(-0.711097082843,0.964565753083721,1.));
#3094=CARTESIAN_POINT('Ctrl Pts',(-0.710827852177681,0.959500296130499,
1.));
#3095=CARTESIAN_POINT('Ctrl Pts',(-0.710520251664993,0.954449416109888,
1.));
#3096=CARTESIAN_POINT('Ctrl Pts',(-0.710174099669989,0.949413476756792,
1.));
#3097=CARTESIAN_POINT('Ctrl Pts',(-0.709789185862824,0.944392866857162,
1.));
#3098=CARTESIAN_POINT('Ctrl Pts',(-0.709365290354207,0.939387985923221,
1.));
#3099=CARTESIAN_POINT('Ctrl Pts',(-0.708902200180985,0.934399232247671,
1.));
#3100=CARTESIAN_POINT('Ctrl Pts',(-0.708399724612162,0.929426991672478,
1.));
#3101=CARTESIAN_POINT('Ctrl Pts',(-0.707857717306992,0.924471621675334,
1.));
#3102=CARTESIAN_POINT('Ctrl Pts',(-0.707276076228119,0.919533451140853,
1.));
#3103=CARTESIAN_POINT('Ctrl Pts',(-0.706654694762144,0.914612814571248,
1.));
#3104=CARTESIAN_POINT('Ctrl Pts',(-0.705993420363756,0.90971008102278,1.));
#3105=CARTESIAN_POINT('Ctrl Pts',(-0.705292015980293,0.90482568121178,1.));
#3106=CARTESIAN_POINT('Ctrl Pts',(-0.704550107317758,0.899960144480472,
1.));
#3107=CARTESIAN_POINT('Ctrl Pts',(-0.703767178630931,0.895114102151012,
1.));
#3108=CARTESIAN_POINT('Ctrl Pts',(-0.702942682235975,0.890288211986609,
1.));
#3109=CARTESIAN_POINT('Ctrl Pts',(-0.702076132542721,0.885483093478245,
1.));
#3110=CARTESIAN_POINT('Ctrl Pts',(-0.701167192736551,0.880699268214766,
1.));
#3111=CARTESIAN_POINT('Ctrl Pts',(-0.700215798041715,0.875937075075266,
1.));
#3112=CARTESIAN_POINT('Ctrl Pts',(-0.699222157015999,0.871196669621005,
1.));
#3113=CARTESIAN_POINT('Ctrl Pts',(-0.698186485113847,0.866478208286995,
1.));
#3114=CARTESIAN_POINT('Ctrl Pts',(-0.697108775426912,0.861782006946601,
1.));
#3115=CARTESIAN_POINT('Ctrl Pts',(-0.695988590796931,0.857108684808691,
1.));
#3116=CARTESIAN_POINT('Ctrl Pts',(-0.694824760362051,0.852459374211411,
1.));
#3117=CARTESIAN_POINT('Ctrl Pts',(-0.693615405457913,0.847835703476685,
1.));
#3118=CARTESIAN_POINT('Ctrl Pts',(-0.692358554261031,0.843239374092314,
1.));
#3119=CARTESIAN_POINT('Ctrl Pts',(-0.691052673565323,0.838671794992405,
1.));
#3120=CARTESIAN_POINT('Ctrl Pts',(-0.689697136046463,0.834133761447623,
1.));
#3121=CARTESIAN_POINT('Ctrl Pts',(-0.688292953906647,0.829624950140117,
1.));
#3122=CARTESIAN_POINT('Ctrl Pts',(-0.686842551520055,0.825144077490435,
1.));
#3123=CARTESIAN_POINT('Ctrl Pts',(-0.685348287266999,0.820689921318524,
1.));
#3124=CARTESIAN_POINT('Ctrl Pts',(-0.683811166076106,0.816262210790218,
1.));
#3125=CARTESIAN_POINT('Ctrl Pts',(-0.682229728525811,0.811862394865651,
1.));
#3126=CARTESIAN_POINT('Ctrl Pts',(-0.680598238427924,0.807494894140414,
1.));
#3127=CARTESIAN_POINT('Ctrl Pts',(-0.678907672869106,0.803166421900886,
1.));
#3128=CARTESIAN_POINT('Ctrl Pts',(-0.677149090456932,0.798883668277487,
1.));
#3129=CARTESIAN_POINT('Ctrl Pts',(-0.675316612780552,0.794651248100462,
1.));
#3130=CARTESIAN_POINT('Ctrl Pts',(-0.673409960732694,0.790469961873081,
1.));
#3131=CARTESIAN_POINT('Ctrl Pts',(-0.671438709642496,0.786333856776401,
1.));
#3132=CARTESIAN_POINT('Ctrl Pts',(-0.669418181374066,0.782233120938139,
1.));
#3133=CARTESIAN_POINT('Ctrl Pts',(-0.66736120773738,0.778159853962439,1.));
#3134=CARTESIAN_POINT('Ctrl Pts',(-0.665270796985113,0.774113214111436,
1.));
#3135=CARTESIAN_POINT('Ctrl Pts',(-0.663133280666811,0.770104216321288,
1.));
#3136=CARTESIAN_POINT('Ctrl Pts',(-0.660908982321018,0.766162295406994,
1.));
#3137=CARTESIAN_POINT('Ctrl Pts',(-0.65854242702812,0.762327974816106,1.));
#3138=CARTESIAN_POINT('Ctrl Pts',(-0.656489997605144,0.759379555547057,
1.));
#3139=CARTESIAN_POINT('Ctrl Pts',(-0.654840910550394,0.757249837975756,
1.));
#3140=CARTESIAN_POINT('Ctrl Pts',(-0.653690142437135,0.755868163556687,
1.));
#3141=CARTESIAN_POINT('Ctrl Pts',(-0.653101913950345,0.755186860844657,
1.));
#3142=CARTESIAN_POINT('Origin',(-0.653101913950345,0.755186860844657,0.));
#3143=CARTESIAN_POINT('',(-0.588613538618962,0.680494617958788,1.));
#3144=CARTESIAN_POINT('',(-0.588613538618962,0.680494617958788,0.));
#3145=CARTESIAN_POINT('',(-0.505864744088692,0.584652646009465,1.));
#3146=CARTESIAN_POINT('Origin',(-0.691554121237584,0.591616969192977,0.));
#3147=CARTESIAN_POINT('',(-0.588210820062578,0.503207907993052,1.));
#3148=CARTESIAN_POINT('',(-0.588210820062578,0.503207907993052,0.));
#3149=CARTESIAN_POINT('Origin',(-0.691554121237584,0.591616969192977,1.));
#3150=CARTESIAN_POINT('Origin',(0.,0.,0.));
#3151=CARTESIAN_POINT('',(-0.597704786156449,0.491893439792714,1.));
#3152=CARTESIAN_POINT('',(-0.597704786156449,0.491893439792714,0.));
#3153=CARTESIAN_POINT('Origin',(0.,0.,1.));
#3154=CARTESIAN_POINT('Origin',(-0.702716090985791,0.578314651645124,0.));
#3155=CARTESIAN_POINT('',(-0.772368043980161,0.461504526039207,1.));
#3156=CARTESIAN_POINT('',(-0.772368043980161,0.461504526039207,0.));
#3157=CARTESIAN_POINT('Origin',(-0.702716090985791,0.578314651645124,1.));
#3158=CARTESIAN_POINT('Origin',(-0.663612949566172,0.396655655406388,0.));
#3159=CARTESIAN_POINT('',(-0.857123832721031,0.512043006181727,1.));
#3160=CARTESIAN_POINT('',(-0.857123832721031,0.512043006181727,0.));
#3161=CARTESIAN_POINT('',(-0.663612949566172,0.396655655406388,1.));
#3162=CARTESIAN_POINT('Ctrl Pts',(-0.857123832721031,0.512043006181727,
0.));
#3163=CARTESIAN_POINT('Ctrl Pts',(-0.857123832721031,0.512043006181727,
1.));
#3164=CARTESIAN_POINT('Ctrl Pts',(-0.85789692971877,0.512503991181677,0.));
#3165=CARTESIAN_POINT('Ctrl Pts',(-0.85789692971877,0.512503991181677,1.));
#3166=CARTESIAN_POINT('Ctrl Pts',(-0.859457442184592,0.513397351296534,
0.));
#3167=CARTESIAN_POINT('Ctrl Pts',(-0.859457442184592,0.513397351296534,
1.));
#3168=CARTESIAN_POINT('Ctrl Pts',(-0.861841165522407,0.514651563438242,
0.));
#3169=CARTESIAN_POINT('Ctrl Pts',(-0.861841165522407,0.514651563438242,
1.));
#3170=CARTESIAN_POINT('Ctrl Pts',(-0.865101192306787,0.516160824213431,
0.));
#3171=CARTESIAN_POINT('Ctrl Pts',(-0.865101192306787,0.516160824213431,
1.));
#3172=CARTESIAN_POINT('Ctrl Pts',(-0.869288208966188,0.51782560343061,0.));
#3173=CARTESIAN_POINT('Ctrl Pts',(-0.869288208966188,0.51782560343061,1.));
#3174=CARTESIAN_POINT('Ctrl Pts',(-0.87355648859868,0.519331602303285,0.));
#3175=CARTESIAN_POINT('Ctrl Pts',(-0.87355648859868,0.519331602303285,1.));
#3176=CARTESIAN_POINT('Ctrl Pts',(-0.877875756517633,0.520740489785209,
0.));
#3177=CARTESIAN_POINT('Ctrl Pts',(-0.877875756517633,0.520740489785209,
1.));
#3178=CARTESIAN_POINT('Ctrl Pts',(-0.882223914834255,0.522096450865221,
0.));
#3179=CARTESIAN_POINT('Ctrl Pts',(-0.882223914834255,0.522096450865221,
1.));
#3180=CARTESIAN_POINT('Ctrl Pts',(-0.886592489455532,0.523414859062889,
0.));
#3181=CARTESIAN_POINT('Ctrl Pts',(-0.886592489455532,0.523414859062889,
1.));
#3182=CARTESIAN_POINT('Ctrl Pts',(-0.890981786953846,0.524692605661413,
0.));
#3183=CARTESIAN_POINT('Ctrl Pts',(-0.890981786953846,0.524692605661413,
1.));
#3184=CARTESIAN_POINT('Ctrl Pts',(-0.895397359479866,0.525915681905496,
0.));
#3185=CARTESIAN_POINT('Ctrl Pts',(-0.895397359479866,0.525915681905496,
1.));
#3186=CARTESIAN_POINT('Ctrl Pts',(-0.89984620922771,0.527067294890834,0.));
#3187=CARTESIAN_POINT('Ctrl Pts',(-0.89984620922771,0.527067294890834,1.));
#3188=CARTESIAN_POINT('Ctrl Pts',(-0.904332535841168,0.528136981062893,
0.));
#3189=CARTESIAN_POINT('Ctrl Pts',(-0.904332535841168,0.528136981062893,
1.));
#3190=CARTESIAN_POINT('Ctrl Pts',(-0.908855599444883,0.529125154294614,
0.));
#3191=CARTESIAN_POINT('Ctrl Pts',(-0.908855599444883,0.529125154294614,
1.));
#3192=CARTESIAN_POINT('Ctrl Pts',(-0.913411876093583,0.530038405047437,
0.));
#3193=CARTESIAN_POINT('Ctrl Pts',(-0.913411876093583,0.530038405047437,
1.));
#3194=CARTESIAN_POINT('Ctrl Pts',(-0.917996329951463,0.530886700602903,
0.));
#3195=CARTESIAN_POINT('Ctrl Pts',(-0.917996329951463,0.530886700602903,
1.));
#3196=CARTESIAN_POINT('Ctrl Pts',(-0.922603916534506,0.531680092545967,
0.));
#3197=CARTESIAN_POINT('Ctrl Pts',(-0.922603916534506,0.531680092545967,
1.));
#3198=CARTESIAN_POINT('Ctrl Pts',(-0.927231278484528,0.532424997547601,
0.));
#3199=CARTESIAN_POINT('Ctrl Pts',(-0.927231278484528,0.532424997547601,
1.));
#3200=CARTESIAN_POINT('Ctrl Pts',(-0.931877242280249,0.533123104466763,
0.));
#3201=CARTESIAN_POINT('Ctrl Pts',(-0.931877242280249,0.533123104466763,
1.));
#3202=CARTESIAN_POINT('Ctrl Pts',(-0.936541900137231,0.533773376612092,
0.));
#3203=CARTESIAN_POINT('Ctrl Pts',(-0.936541900137231,0.533773376612092,
1.));
#3204=CARTESIAN_POINT('Ctrl Pts',(-0.941226046139424,0.534373279203031,
0.));
#3205=CARTESIAN_POINT('Ctrl Pts',(-0.941226046139424,0.534373279203031,
1.));
#3206=CARTESIAN_POINT('Ctrl Pts',(-0.945930523377664,0.53492020180586,0.));
#3207=CARTESIAN_POINT('Ctrl Pts',(-0.945930523377664,0.53492020180586,1.));
#3208=CARTESIAN_POINT('Ctrl Pts',(-0.950655474490811,0.535413091452454,
0.));
#3209=CARTESIAN_POINT('Ctrl Pts',(-0.950655474490811,0.535413091452454,
1.));
#3210=CARTESIAN_POINT('Ctrl Pts',(-0.955400225223875,0.535852704033973,
0.));
#3211=CARTESIAN_POINT('Ctrl Pts',(-0.955400225223875,0.535852704033973,
1.));
#3212=CARTESIAN_POINT('Ctrl Pts',(-0.960163654286065,0.536240794122494,
0.));
#3213=CARTESIAN_POINT('Ctrl Pts',(-0.960163654286065,0.536240794122494,
1.));
#3214=CARTESIAN_POINT('Ctrl Pts',(-0.964944428442558,0.536579599045331,
0.));
#3215=CARTESIAN_POINT('Ctrl Pts',(-0.964944428442558,0.536579599045331,
1.));
#3216=CARTESIAN_POINT('Ctrl Pts',(-0.969741270335942,0.536871251680842,
0.));
#3217=CARTESIAN_POINT('Ctrl Pts',(-0.969741270335942,0.536871251680842,
1.));
#3218=CARTESIAN_POINT('Ctrl Pts',(-0.974553268148858,0.537117101731316,
0.));
#3219=CARTESIAN_POINT('Ctrl Pts',(-0.974553268148858,0.537117101731316,
1.));
#3220=CARTESIAN_POINT('Ctrl Pts',(-0.97937988799135,0.537317687238089,0.));
#3221=CARTESIAN_POINT('Ctrl Pts',(-0.97937988799135,0.537317687238089,1.));
#3222=CARTESIAN_POINT('Ctrl Pts',(-0.984220819988498,0.537473069855391,
0.));
#3223=CARTESIAN_POINT('Ctrl Pts',(-0.984220819988498,0.537473069855391,
1.));
#3224=CARTESIAN_POINT('Ctrl Pts',(-0.989075872668619,0.537583064566667,
0.));
#3225=CARTESIAN_POINT('Ctrl Pts',(-0.989075872668619,0.537583064566667,
1.));
#3226=CARTESIAN_POINT('Ctrl Pts',(-0.993944856618099,0.537647492995525,
0.));
#3227=CARTESIAN_POINT('Ctrl Pts',(-0.993944856618099,0.537647492995525,
1.));
#3228=CARTESIAN_POINT('Ctrl Pts',(-0.99882744935437,0.537666477779361,0.));
#3229=CARTESIAN_POINT('Ctrl Pts',(-0.99882744935437,0.537666477779361,1.));
#3230=CARTESIAN_POINT('Ctrl Pts',(-1.00372319569994,0.537640441188775,0.));
#3231=CARTESIAN_POINT('Ctrl Pts',(-1.00372319569994,0.537640441188775,1.));
#3232=CARTESIAN_POINT('Ctrl Pts',(-1.00863156989712,0.537569969010211,0.));
#3233=CARTESIAN_POINT('Ctrl Pts',(-1.00863156989712,0.537569969010211,1.));
#3234=CARTESIAN_POINT('Ctrl Pts',(-1.01355201927993,0.537455714826339,0.));
#3235=CARTESIAN_POINT('Ctrl Pts',(-1.01355201927993,0.537455714826339,1.));
#3236=CARTESIAN_POINT('Ctrl Pts',(-1.01848401167561,0.537298296174993,0.));
#3237=CARTESIAN_POINT('Ctrl Pts',(-1.01848401167561,0.537298296174993,1.));
#3238=CARTESIAN_POINT('Ctrl Pts',(-1.02342709077931,0.537098173583116,0.));
#3239=CARTESIAN_POINT('Ctrl Pts',(-1.02342709077931,0.537098173583116,1.));
#3240=CARTESIAN_POINT('Ctrl Pts',(-1.02838087358201,0.536855655295114,0.));
#3241=CARTESIAN_POINT('Ctrl Pts',(-1.02838087358201,0.536855655295114,1.));
#3242=CARTESIAN_POINT('Ctrl Pts',(-1.03334502312347,0.536570955624736,0.));
#3243=CARTESIAN_POINT('Ctrl Pts',(-1.03334502312347,0.536570955624736,1.));
#3244=CARTESIAN_POINT('Ctrl Pts',(-1.03831922849653,0.536244237651388,0.));
#3245=CARTESIAN_POINT('Ctrl Pts',(-1.03831922849653,0.536244237651388,1.));
#3246=CARTESIAN_POINT('Ctrl Pts',(-1.04330318353167,0.53587565897246,0.));
#3247=CARTESIAN_POINT('Ctrl Pts',(-1.04330318353167,0.53587565897246,1.));
#3248=CARTESIAN_POINT('Ctrl Pts',(-1.04829656159389,0.535465425780805,0.));
#3249=CARTESIAN_POINT('Ctrl Pts',(-1.04829656159389,0.535465425780805,1.));
#3250=CARTESIAN_POINT('Ctrl Pts',(-1.05329901582313,0.535013792910538,0.));
#3251=CARTESIAN_POINT('Ctrl Pts',(-1.05329901582313,0.535013792910538,1.));
#3252=CARTESIAN_POINT('Ctrl Pts',(-1.05831019095831,0.534521039252228,0.));
#3253=CARTESIAN_POINT('Ctrl Pts',(-1.05831019095831,0.534521039252228,1.));
#3254=CARTESIAN_POINT('Ctrl Pts',(-1.06332973174007,0.533987450729123,0.));
#3255=CARTESIAN_POINT('Ctrl Pts',(-1.06332973174007,0.533987450729123,1.));
#3256=CARTESIAN_POINT('Ctrl Pts',(-1.06835729181238,0.533413301987656,0.));
#3257=CARTESIAN_POINT('Ctrl Pts',(-1.06835729181238,0.533413301987656,1.));
#3258=CARTESIAN_POINT('Ctrl Pts',(-1.07339254450686,0.532798835065233,0.));
#3259=CARTESIAN_POINT('Ctrl Pts',(-1.07339254450686,0.532798835065233,1.));
#3260=CARTESIAN_POINT('Ctrl Pts',(-1.07843518219435,0.532144258708831,0.));
#3261=CARTESIAN_POINT('Ctrl Pts',(-1.07843518219435,0.532144258708831,1.));
#3262=CARTESIAN_POINT('Ctrl Pts',(-1.08348490928454,0.531449759434926,0.));
#3263=CARTESIAN_POINT('Ctrl Pts',(-1.08348490928454,0.531449759434926,1.));
#3264=CARTESIAN_POINT('Ctrl Pts',(-1.08854143687136,0.530715509528064,0.));
#3265=CARTESIAN_POINT('Ctrl Pts',(-1.08854143687136,0.530715509528064,1.));
#3266=CARTESIAN_POINT('Ctrl Pts',(-1.09360447732089,0.529941675781995,0.));
#3267=CARTESIAN_POINT('Ctrl Pts',(-1.09360447732089,0.529941675781995,1.));
#3268=CARTESIAN_POINT('Ctrl Pts',(-1.09867373718634,0.529128430187036,0.));
#3269=CARTESIAN_POINT('Ctrl Pts',(-1.09867373718634,0.529128430187036,1.));
#3270=CARTESIAN_POINT('Ctrl Pts',(-1.10374891791425,0.528275951481007,0.));
#3271=CARTESIAN_POINT('Ctrl Pts',(-1.10374891791425,0.528275951481007,1.));
#3272=CARTESIAN_POINT('Ctrl Pts',(-1.10882972232057,0.52738441966244,0.));
#3273=CARTESIAN_POINT('Ctrl Pts',(-1.10882972232057,0.52738441966244,1.));
#3274=CARTESIAN_POINT('Ctrl Pts',(-1.11391585971985,0.526454012693529,0.));
#3275=CARTESIAN_POINT('Ctrl Pts',(-1.11391585971985,0.526454012693529,1.));
#3276=CARTESIAN_POINT('Ctrl Pts',(-1.11900705073807,0.525484902896054,0.));
#3277=CARTESIAN_POINT('Ctrl Pts',(-1.11900705073807,0.525484902896054,1.));
#3278=CARTESIAN_POINT('Ctrl Pts',(-1.12410303427324,0.524477253007373,0.));
#3279=CARTESIAN_POINT('Ctrl Pts',(-1.12410303427324,0.524477253007373,1.));
#3280=CARTESIAN_POINT('Ctrl Pts',(-1.12920356583287,0.523431215513133,0.));
#3281=CARTESIAN_POINT('Ctrl Pts',(-1.12920356583287,0.523431215513133,1.));
#3282=CARTESIAN_POINT('Ctrl Pts',(-1.13430840621272,0.52234693586486,0.));
#3283=CARTESIAN_POINT('Ctrl Pts',(-1.13430840621272,0.52234693586486,1.));
#3284=CARTESIAN_POINT('Ctrl Pts',(-1.13941731209447,0.521224555047023,0.));
#3285=CARTESIAN_POINT('Ctrl Pts',(-1.13941731209447,0.521224555047023,1.));
#3286=CARTESIAN_POINT('Ctrl Pts',(-1.14453002710154,0.520064212397826,0.));
#3287=CARTESIAN_POINT('Ctrl Pts',(-1.14453002710154,0.520064212397826,1.));
#3288=CARTESIAN_POINT('Ctrl Pts',(-1.14964626955801,0.518866049285247,0.));
#3289=CARTESIAN_POINT('Ctrl Pts',(-1.14964626955801,0.518866049285247,1.));
#3290=CARTESIAN_POINT('Ctrl Pts',(-1.15476573181849,0.517630210404992,0.));
#3291=CARTESIAN_POINT('Ctrl Pts',(-1.15476573181849,0.517630210404992,1.));
#3292=CARTESIAN_POINT('Ctrl Pts',(-1.15988810304664,0.516356839884965,0.));
#3293=CARTESIAN_POINT('Ctrl Pts',(-1.15988810304664,0.516356839884965,1.));
#3294=CARTESIAN_POINT('Ctrl Pts',(-1.16501308732656,0.515046078775715,0.));
#3295=CARTESIAN_POINT('Ctrl Pts',(-1.16501308732656,0.515046078775715,1.));
#3296=CARTESIAN_POINT('Ctrl Pts',(-1.1701404228613,0.513698062177984,0.));
#3297=CARTESIAN_POINT('Ctrl Pts',(-1.1701404228613,0.513698062177984,1.));
#3298=CARTESIAN_POINT('Ctrl Pts',(-1.17526990254879,0.512312916982149,0.));
#3299=CARTESIAN_POINT('Ctrl Pts',(-1.17526990254879,0.512312916982149,1.));
#3300=CARTESIAN_POINT('Ctrl Pts',(-1.18040138853077,0.510890759051709,0.));
#3301=CARTESIAN_POINT('Ctrl Pts',(-1.18040138853077,0.510890759051709,1.));
#3302=CARTESIAN_POINT('Ctrl Pts',(-1.1855347960663,0.509431687505569,0.));
#3303=CARTESIAN_POINT('Ctrl Pts',(-1.1855347960663,0.509431687505569,1.));
#3304=CARTESIAN_POINT('Ctrl Pts',(-1.18964302451569,0.508234961165512,0.));
#3305=CARTESIAN_POINT('Ctrl Pts',(-1.18964302451569,0.508234961165512,1.));
#3306=CARTESIAN_POINT('Ctrl Pts',(-1.19272503384137,0.507320862643014,0.));
#3307=CARTESIAN_POINT('Ctrl Pts',(-1.19272503384137,0.507320862643014,1.));
#3308=CARTESIAN_POINT('Ctrl Pts',(-1.19478007904541,0.506704108842421,0.));
#3309=CARTESIAN_POINT('Ctrl Pts',(-1.19478007904541,0.506704108842421,1.));
#3310=CARTESIAN_POINT('Ctrl Pts',(-1.19580769472723,0.506393893245676,0.));
#3311=CARTESIAN_POINT('Ctrl Pts',(-1.19580769472723,0.506393893245676,1.));
#3312=CARTESIAN_POINT('',(-1.19580769472723,0.506393893245676,1.));
#3313=CARTESIAN_POINT('',(-1.19580769472723,0.506393893245676,0.));
#3314=CARTESIAN_POINT('Ctrl Pts',(-0.857123832721031,0.512043006181727,
1.));
#3315=CARTESIAN_POINT('Ctrl Pts',(-0.85789692971877,0.512503991181677,1.));
#3316=CARTESIAN_POINT('Ctrl Pts',(-0.859457442184592,0.513397351296534,
1.));
#3317=CARTESIAN_POINT('Ctrl Pts',(-0.861841165522407,0.514651563438242,
1.));
#3318=CARTESIAN_POINT('Ctrl Pts',(-0.865101192306787,0.516160824213431,
1.));
#3319=CARTESIAN_POINT('Ctrl Pts',(-0.869288208966188,0.51782560343061,1.));
#3320=CARTESIAN_POINT('Ctrl Pts',(-0.87355648859868,0.519331602303285,1.));
#3321=CARTESIAN_POINT('Ctrl Pts',(-0.877875756517633,0.520740489785209,
1.));
#3322=CARTESIAN_POINT('Ctrl Pts',(-0.882223914834255,0.522096450865221,
1.));
#3323=CARTESIAN_POINT('Ctrl Pts',(-0.886592489455532,0.523414859062889,
1.));
#3324=CARTESIAN_POINT('Ctrl Pts',(-0.890981786953846,0.524692605661413,
1.));
#3325=CARTESIAN_POINT('Ctrl Pts',(-0.895397359479866,0.525915681905496,
1.));
#3326=CARTESIAN_POINT('Ctrl Pts',(-0.89984620922771,0.527067294890834,1.));
#3327=CARTESIAN_POINT('Ctrl Pts',(-0.904332535841168,0.528136981062893,
1.));
#3328=CARTESIAN_POINT('Ctrl Pts',(-0.908855599444883,0.529125154294614,
1.));
#3329=CARTESIAN_POINT('Ctrl Pts',(-0.913411876093583,0.530038405047437,
1.));
#3330=CARTESIAN_POINT('Ctrl Pts',(-0.917996329951463,0.530886700602903,
1.));
#3331=CARTESIAN_POINT('Ctrl Pts',(-0.922603916534506,0.531680092545967,
1.));
#3332=CARTESIAN_POINT('Ctrl Pts',(-0.927231278484528,0.532424997547601,
1.));
#3333=CARTESIAN_POINT('Ctrl Pts',(-0.931877242280249,0.533123104466763,
1.));
#3334=CARTESIAN_POINT('Ctrl Pts',(-0.936541900137231,0.533773376612092,
1.));
#3335=CARTESIAN_POINT('Ctrl Pts',(-0.941226046139424,0.534373279203031,
1.));
#3336=CARTESIAN_POINT('Ctrl Pts',(-0.945930523377664,0.53492020180586,1.));
#3337=CARTESIAN_POINT('Ctrl Pts',(-0.950655474490811,0.535413091452454,
1.));
#3338=CARTESIAN_POINT('Ctrl Pts',(-0.955400225223875,0.535852704033973,
1.));
#3339=CARTESIAN_POINT('Ctrl Pts',(-0.960163654286065,0.536240794122494,
1.));
#3340=CARTESIAN_POINT('Ctrl Pts',(-0.964944428442558,0.536579599045331,
1.));
#3341=CARTESIAN_POINT('Ctrl Pts',(-0.969741270335942,0.536871251680842,
1.));
#3342=CARTESIAN_POINT('Ctrl Pts',(-0.974553268148858,0.537117101731316,
1.));
#3343=CARTESIAN_POINT('Ctrl Pts',(-0.97937988799135,0.537317687238089,1.));
#3344=CARTESIAN_POINT('Ctrl Pts',(-0.984220819988498,0.537473069855391,
1.));
#3345=CARTESIAN_POINT('Ctrl Pts',(-0.989075872668619,0.537583064566667,
1.));
#3346=CARTESIAN_POINT('Ctrl Pts',(-0.993944856618099,0.537647492995525,
1.));
#3347=CARTESIAN_POINT('Ctrl Pts',(-0.99882744935437,0.537666477779361,1.));
#3348=CARTESIAN_POINT('Ctrl Pts',(-1.00372319569994,0.537640441188775,1.));
#3349=CARTESIAN_POINT('Ctrl Pts',(-1.00863156989712,0.537569969010211,1.));
#3350=CARTESIAN_POINT('Ctrl Pts',(-1.01355201927993,0.537455714826339,1.));
#3351=CARTESIAN_POINT('Ctrl Pts',(-1.01848401167561,0.537298296174993,1.));
#3352=CARTESIAN_POINT('Ctrl Pts',(-1.02342709077931,0.537098173583116,1.));
#3353=CARTESIAN_POINT('Ctrl Pts',(-1.02838087358201,0.536855655295114,1.));
#3354=CARTESIAN_POINT('Ctrl Pts',(-1.03334502312347,0.536570955624736,1.));
#3355=CARTESIAN_POINT('Ctrl Pts',(-1.03831922849653,0.536244237651388,1.));
#3356=CARTESIAN_POINT('Ctrl Pts',(-1.04330318353167,0.53587565897246,1.));
#3357=CARTESIAN_POINT('Ctrl Pts',(-1.04829656159389,0.535465425780805,1.));
#3358=CARTESIAN_POINT('Ctrl Pts',(-1.05329901582313,0.535013792910538,1.));
#3359=CARTESIAN_POINT('Ctrl Pts',(-1.05831019095831,0.534521039252228,1.));
#3360=CARTESIAN_POINT('Ctrl Pts',(-1.06332973174007,0.533987450729123,1.));
#3361=CARTESIAN_POINT('Ctrl Pts',(-1.06835729181238,0.533413301987656,1.));
#3362=CARTESIAN_POINT('Ctrl Pts',(-1.07339254450686,0.532798835065233,1.));
#3363=CARTESIAN_POINT('Ctrl Pts',(-1.07843518219435,0.532144258708831,1.));
#3364=CARTESIAN_POINT('Ctrl Pts',(-1.08348490928454,0.531449759434926,1.));
#3365=CARTESIAN_POINT('Ctrl Pts',(-1.08854143687136,0.530715509528064,1.));
#3366=CARTESIAN_POINT('Ctrl Pts',(-1.09360447732089,0.529941675781995,1.));
#3367=CARTESIAN_POINT('Ctrl Pts',(-1.09867373718634,0.529128430187036,1.));
#3368=CARTESIAN_POINT('Ctrl Pts',(-1.10374891791425,0.528275951481007,1.));
#3369=CARTESIAN_POINT('Ctrl Pts',(-1.10882972232057,0.52738441966244,1.));
#3370=CARTESIAN_POINT('Ctrl Pts',(-1.11391585971985,0.526454012693529,1.));
#3371=CARTESIAN_POINT('Ctrl Pts',(-1.11900705073807,0.525484902896054,1.));
#3372=CARTESIAN_POINT('Ctrl Pts',(-1.12410303427324,0.524477253007373,1.));
#3373=CARTESIAN_POINT('Ctrl Pts',(-1.12920356583287,0.523431215513133,1.));
#3374=CARTESIAN_POINT('Ctrl Pts',(-1.13430840621272,0.52234693586486,1.));
#3375=CARTESIAN_POINT('Ctrl Pts',(-1.13941731209447,0.521224555047023,1.));
#3376=CARTESIAN_POINT('Ctrl Pts',(-1.14453002710154,0.520064212397826,1.));
#3377=CARTESIAN_POINT('Ctrl Pts',(-1.14964626955801,0.518866049285247,1.));
#3378=CARTESIAN_POINT('Ctrl Pts',(-1.15476573181849,0.517630210404992,1.));
#3379=CARTESIAN_POINT('Ctrl Pts',(-1.15988810304664,0.516356839884965,1.));
#3380=CARTESIAN_POINT('Ctrl Pts',(-1.16501308732656,0.515046078775715,1.));
#3381=CARTESIAN_POINT('Ctrl Pts',(-1.1701404228613,0.513698062177984,1.));
#3382=CARTESIAN_POINT('Ctrl Pts',(-1.17526990254879,0.512312916982149,1.));
#3383=CARTESIAN_POINT('Ctrl Pts',(-1.18040138853077,0.510890759051709,1.));
#3384=CARTESIAN_POINT('Ctrl Pts',(-1.1855347960663,0.509431687505569,1.));
#3385=CARTESIAN_POINT('Ctrl Pts',(-1.18964302451569,0.508234961165512,1.));
#3386=CARTESIAN_POINT('Ctrl Pts',(-1.19272503384137,0.507320862643014,1.));
#3387=CARTESIAN_POINT('Ctrl Pts',(-1.19478007904541,0.506704108842421,1.));
#3388=CARTESIAN_POINT('Ctrl Pts',(-1.19580769472723,0.506393893245676,1.));
#3389=CARTESIAN_POINT('Origin',(7.28177599384601E-14,-2.65108813601995E-14,
0.));
#3390=CARTESIAN_POINT('',(-1.24154555978396,0.380730141788252,1.));
#3391=CARTESIAN_POINT('',(-1.24154555978396,0.380730141788252,0.));
#3392=CARTESIAN_POINT('Origin',(7.28177599384601E-14,-2.65108813601995E-14,
1.));
#3393=CARTESIAN_POINT('Ctrl Pts',(-1.24154555978396,0.380730141788252,0.));
#3394=CARTESIAN_POINT('Ctrl Pts',(-1.24154555978396,0.380730141788252,1.));
#3395=CARTESIAN_POINT('Ctrl Pts',(-1.24095776324316,0.379831964226405,0.));
#3396=CARTESIAN_POINT('Ctrl Pts',(-1.24095776324316,0.379831964226405,1.));
#3397=CARTESIAN_POINT('Ctrl Pts',(-1.2397799489855,0.378038545810187,0.));
#3398=CARTESIAN_POINT('Ctrl Pts',(-1.2397799489855,0.378038545810187,1.));
#3399=CARTESIAN_POINT('Ctrl Pts',(-1.23800656407221,0.375357228309073,0.));
#3400=CARTESIAN_POINT('Ctrl Pts',(-1.23800656407221,0.375357228309073,1.));
#3401=CARTESIAN_POINT('Ctrl Pts',(-1.23562871936106,0.371799764401311,0.));
#3402=CARTESIAN_POINT('Ctrl Pts',(-1.23562871936106,0.371799764401311,1.));
#3403=CARTESIAN_POINT('Ctrl Pts',(-1.23263417415571,0.367382359991965,0.));
#3404=CARTESIAN_POINT('Ctrl Pts',(-1.23263417415571,0.367382359991965,1.));
#3405=CARTESIAN_POINT('Ctrl Pts',(-1.22961737333098,0.362994468203619,0.));
#3406=CARTESIAN_POINT('Ctrl Pts',(-1.22961737333098,0.362994468203619,1.));
#3407=CARTESIAN_POINT('Ctrl Pts',(-1.22657831808978,0.358636219436181,0.));
#3408=CARTESIAN_POINT('Ctrl Pts',(-1.22657831808978,0.358636219436181,1.));
#3409=CARTESIAN_POINT('Ctrl Pts',(-1.22351703956206,0.354307791059817,0.));
#3410=CARTESIAN_POINT('Ctrl Pts',(-1.22351703956206,0.354307791059817,1.));
#3411=CARTESIAN_POINT('Ctrl Pts',(-1.22043361483364,0.350009413400851,0.));
#3412=CARTESIAN_POINT('Ctrl Pts',(-1.22043361483364,0.350009413400851,1.));
#3413=CARTESIAN_POINT('Ctrl Pts',(-1.21732815761154,0.345741358232281,0.));
#3414=CARTESIAN_POINT('Ctrl Pts',(-1.21732815761154,0.345741358232281,1.));
#3415=CARTESIAN_POINT('Ctrl Pts',(-1.21420080391494,0.341503923816177,0.));
#3416=CARTESIAN_POINT('Ctrl Pts',(-1.21420080391494,0.341503923816177,1.));
#3417=CARTESIAN_POINT('Ctrl Pts',(-1.21105169921466,0.337297420362666,0.));
#3418=CARTESIAN_POINT('Ctrl Pts',(-1.21105169921466,0.337297420362666,1.));
#3419=CARTESIAN_POINT('Ctrl Pts',(-1.20788098617214,0.333122156465733,0.));
#3420=CARTESIAN_POINT('Ctrl Pts',(-1.20788098617214,0.333122156465733,1.));
#3421=CARTESIAN_POINT('Ctrl Pts',(-1.20468878969406,0.328978421477321,0.));
#3422=CARTESIAN_POINT('Ctrl Pts',(-1.20468878969406,0.328978421477321,1.));
#3423=CARTESIAN_POINT('Ctrl Pts',(-1.20147521661141,0.324866486932382,0.));
#3424=CARTESIAN_POINT('Ctrl Pts',(-1.20147521661141,0.324866486932382,1.));
#3425=CARTESIAN_POINT('Ctrl Pts',(-1.19824036269377,0.320786617233279,0.));
#3426=CARTESIAN_POINT('Ctrl Pts',(-1.19824036269377,0.320786617233279,1.));
#3427=CARTESIAN_POINT('Ctrl Pts',(-1.19498431768777,0.316739077559869,0.));
#3428=CARTESIAN_POINT('Ctrl Pts',(-1.19498431768777,0.316739077559869,1.));
#3429=CARTESIAN_POINT('Ctrl Pts',(-1.19170717086965,0.312724141879682,0.));
#3430=CARTESIAN_POINT('Ctrl Pts',(-1.19170717086965,0.312724141879682,1.));
#3431=CARTESIAN_POINT('Ctrl Pts',(-1.18840901764957,0.308742102689887,0.));
#3432=CARTESIAN_POINT('Ctrl Pts',(-1.18840901764957,0.308742102689887,1.));
#3433=CARTESIAN_POINT('Ctrl Pts',(-1.18508996127416,0.304793271574789,0.));
#3434=CARTESIAN_POINT('Ctrl Pts',(-1.18508996127416,0.304793271574789,1.));
#3435=CARTESIAN_POINT('Ctrl Pts',(-1.18175011002947,0.300877971710335,0.));
#3436=CARTESIAN_POINT('Ctrl Pts',(-1.18175011002947,0.300877971710335,1.));
#3437=CARTESIAN_POINT('Ctrl Pts',(-1.17838957587089,0.296996532009636,0.));
#3438=CARTESIAN_POINT('Ctrl Pts',(-1.17838957587089,0.296996532009636,1.));
#3439=CARTESIAN_POINT('Ctrl Pts',(-1.17500847261317,0.293149281300264,0.));
#3440=CARTESIAN_POINT('Ctrl Pts',(-1.17500847261317,0.293149281300264,1.));
#3441=CARTESIAN_POINT('Ctrl Pts',(-1.17160691449636,0.289336539958407,0.));
#3442=CARTESIAN_POINT('Ctrl Pts',(-1.17160691449636,0.289336539958407,1.));
#3443=CARTESIAN_POINT('Ctrl Pts',(-1.16818501464785,0.285558620643008,0.));
#3444=CARTESIAN_POINT('Ctrl Pts',(-1.16818501464785,0.285558620643008,1.));
#3445=CARTESIAN_POINT('Ctrl Pts',(-1.16474288364018,0.281815841036933,0.));
#3446=CARTESIAN_POINT('Ctrl Pts',(-1.16474288364018,0.281815841036933,1.));
#3447=CARTESIAN_POINT('Ctrl Pts',(-1.16128062801816,0.278108534021874,0.));
#3448=CARTESIAN_POINT('Ctrl Pts',(-1.16128062801816,0.278108534021874,1.));
#3449=CARTESIAN_POINT('Ctrl Pts',(-1.15779834925945,0.274437057247514,0.));
#3450=CARTESIAN_POINT('Ctrl Pts',(-1.15779834925945,0.274437057247514,1.));
#3451=CARTESIAN_POINT('Ctrl Pts',(-1.1542961420279,0.270801806103647,0.));
#3452=CARTESIAN_POINT('Ctrl Pts',(-1.1542961420279,0.270801806103647,1.));
#3453=CARTESIAN_POINT('Ctrl Pts',(-1.15077409510829,0.267203213615011,0.));
#3454=CARTESIAN_POINT('Ctrl Pts',(-1.15077409510829,0.267203213615011,1.));
#3455=CARTESIAN_POINT('Ctrl Pts',(-1.14723229685716,0.263641727167833,0.));
#3456=CARTESIAN_POINT('Ctrl Pts',(-1.14723229685716,0.263641727167833,1.));
#3457=CARTESIAN_POINT('Ctrl Pts',(-1.14367084015288,0.260117788762104,0.));
#3458=CARTESIAN_POINT('Ctrl Pts',(-1.14367084015288,0.260117788762104,1.));
#3459=CARTESIAN_POINT('Ctrl Pts',(-1.14008982690146,0.256631816569436,0.));
#3460=CARTESIAN_POINT('Ctrl Pts',(-1.14008982690146,0.256631816569436,1.));
#3461=CARTESIAN_POINT('Ctrl Pts',(-1.13648937478163,0.253184178499649,0.));
#3462=CARTESIAN_POINT('Ctrl Pts',(-1.13648937478163,0.253184178499649,1.));
#3463=CARTESIAN_POINT('Ctrl Pts',(-1.13286961703119,0.249775192081319,0.));
#3464=CARTESIAN_POINT('Ctrl Pts',(-1.13286961703119,0.249775192081319,1.));
#3465=CARTESIAN_POINT('Ctrl Pts',(-1.12923068699341,0.246405182087783,0.));
#3466=CARTESIAN_POINT('Ctrl Pts',(-1.12923068699341,0.246405182087783,1.));
#3467=CARTESIAN_POINT('Ctrl Pts',(-1.1255727050366,0.243074529286773,0.));
#3468=CARTESIAN_POINT('Ctrl Pts',(-1.1255727050366,0.243074529286773,1.));
#3469=CARTESIAN_POINT('Ctrl Pts',(-1.121895766427,0.239783716000655,0.));
#3470=CARTESIAN_POINT('Ctrl Pts',(-1.121895766427,0.239783716000655,1.));
#3471=CARTESIAN_POINT('Ctrl Pts',(-1.1181999246934,0.236533388320641,0.));
#3472=CARTESIAN_POINT('Ctrl Pts',(-1.1181999246934,0.236533388320641,1.));
#3473=CARTESIAN_POINT('Ctrl Pts',(-1.11448519055811,0.2333243613822,0.));
#3474=CARTESIAN_POINT('Ctrl Pts',(-1.11448519055811,0.2333243613822,1.));
#3475=CARTESIAN_POINT('Ctrl Pts',(-1.11075156727299,0.230157491105566,0.));
#3476=CARTESIAN_POINT('Ctrl Pts',(-1.11075156727299,0.230157491105566,1.));
#3477=CARTESIAN_POINT('Ctrl Pts',(-1.10699908105554,0.227033564179706,0.));
#3478=CARTESIAN_POINT('Ctrl Pts',(-1.10699908105554,0.227033564179706,1.));
#3479=CARTESIAN_POINT('Ctrl Pts',(-1.10322780916162,0.223953196665123,0.));
#3480=CARTESIAN_POINT('Ctrl Pts',(-1.10322780916162,0.223953196665123,1.));
#3481=CARTESIAN_POINT('Ctrl Pts',(-1.09943791979743,0.220916689795312,0.));
#3482=CARTESIAN_POINT('Ctrl Pts',(-1.09943791979743,0.220916689795312,1.));
#3483=CARTESIAN_POINT('Ctrl Pts',(-1.09562967272033,0.217924028678751,0.));
#3484=CARTESIAN_POINT('Ctrl Pts',(-1.09562967272033,0.217924028678751,1.));
#3485=CARTESIAN_POINT('Ctrl Pts',(-1.09180333353251,0.214975194660164,0.));
#3486=CARTESIAN_POINT('Ctrl Pts',(-1.09180333353251,0.214975194660164,1.));
#3487=CARTESIAN_POINT('Ctrl Pts',(-1.08795909998134,0.212070434153189,0.));
#3488=CARTESIAN_POINT('Ctrl Pts',(-1.08795909998134,0.212070434153189,1.));
#3489=CARTESIAN_POINT('Ctrl Pts',(-1.08409703520395,0.209210502499251,0.));
#3490=CARTESIAN_POINT('Ctrl Pts',(-1.08409703520395,0.209210502499251,1.));
#3491=CARTESIAN_POINT('Ctrl Pts',(-1.08021697012106,0.206397019735188,0.));
#3492=CARTESIAN_POINT('Ctrl Pts',(-1.08021697012106,0.206397019735188,1.));
#3493=CARTESIAN_POINT('Ctrl Pts',(-1.07631851225744,0.203632440810133,0.));
#3494=CARTESIAN_POINT('Ctrl Pts',(-1.07631851225744,0.203632440810133,1.));
#3495=CARTESIAN_POINT('Ctrl Pts',(-1.07240124480392,0.200919336603066,0.));
#3496=CARTESIAN_POINT('Ctrl Pts',(-1.07240124480392,0.200919336603066,1.));
#3497=CARTESIAN_POINT('Ctrl Pts',(-1.06846489890192,0.198259771946004,0.));
#3498=CARTESIAN_POINT('Ctrl Pts',(-1.06846489890192,0.198259771946004,1.));
#3499=CARTESIAN_POINT('Ctrl Pts',(-1.06450950518323,0.195654759287925,0.));
#3500=CARTESIAN_POINT('Ctrl Pts',(-1.06450950518323,0.195654759287925,1.));
#3501=CARTESIAN_POINT('Ctrl Pts',(-1.06053563121501,0.193103400321954,0.));
#3502=CARTESIAN_POINT('Ctrl Pts',(-1.06053563121501,0.193103400321954,1.));
#3503=CARTESIAN_POINT('Ctrl Pts',(-1.05654430910668,0.190603153411503,0.));
#3504=CARTESIAN_POINT('Ctrl Pts',(-1.05654430910668,0.190603153411503,1.));
#3505=CARTESIAN_POINT('Ctrl Pts',(-1.05253655988016,0.188151566374688,0.));
#3506=CARTESIAN_POINT('Ctrl Pts',(-1.05253655988016,0.188151566374688,1.));
#3507=CARTESIAN_POINT('Ctrl Pts',(-1.0485129792666,0.185747785784833,0.));
#3508=CARTESIAN_POINT('Ctrl Pts',(-1.0485129792666,0.185747785784833,1.));
#3509=CARTESIAN_POINT('Ctrl Pts',(-1.04447338065785,0.183393859707894,0.));
#3510=CARTESIAN_POINT('Ctrl Pts',(-1.04447338065785,0.183393859707894,1.));
#3511=CARTESIAN_POINT('Ctrl Pts',(-1.04041621138288,0.181096861667257,0.));
#3512=CARTESIAN_POINT('Ctrl Pts',(-1.04041621138288,0.181096861667257,1.));
#3513=CARTESIAN_POINT('Ctrl Pts',(-1.03633887470638,0.178867734155543,0.));
#3514=CARTESIAN_POINT('Ctrl Pts',(-1.03633887470638,0.178867734155543,1.));
#3515=CARTESIAN_POINT('Ctrl Pts',(-1.0322388214573,0.176717349526249,0.));
#3516=CARTESIAN_POINT('Ctrl Pts',(-1.0322388214573,0.176717349526249,1.));
#3517=CARTESIAN_POINT('Ctrl Pts',(-1.02811451486739,0.174653021514098,0.));
#3518=CARTESIAN_POINT('Ctrl Pts',(-1.02811451486739,0.174653021514098,1.));
#3519=CARTESIAN_POINT('Ctrl Pts',(-1.02396625568166,0.172675542746869,0.));
#3520=CARTESIAN_POINT('Ctrl Pts',(-1.02396625568166,0.172675542746869,1.));
#3521=CARTESIAN_POINT('Ctrl Pts',(-1.01979755262951,0.170774198197762,0.));
#3522=CARTESIAN_POINT('Ctrl Pts',(-1.01979755262951,0.170774198197762,1.));
#3523=CARTESIAN_POINT('Ctrl Pts',(-1.01561383598988,0.168931622832131,0.));
#3524=CARTESIAN_POINT('Ctrl Pts',(-1.01561383598988,0.168931622832131,1.));
#3525=CARTESIAN_POINT('Ctrl Pts',(-1.01141985722293,0.167133516467169,0.));
#3526=CARTESIAN_POINT('Ctrl Pts',(-1.01141985722293,0.167133516467169,1.));
#3527=CARTESIAN_POINT('Ctrl Pts',(-1.00721737972523,0.165377300626717,0.));
#3528=CARTESIAN_POINT('Ctrl Pts',(-1.00721737972523,0.165377300626717,1.));
#3529=CARTESIAN_POINT('Ctrl Pts',(-1.00300301312075,0.163680199152006,0.));
#3530=CARTESIAN_POINT('Ctrl Pts',(-1.00300301312075,0.163680199152006,1.));
#3531=CARTESIAN_POINT('Ctrl Pts',(-0.998765283811049,0.162090263957318,
0.));
#3532=CARTESIAN_POINT('Ctrl Pts',(-0.998765283811049,0.162090263957318,
1.));
#3533=CARTESIAN_POINT('Ctrl Pts',(-0.994487743512202,0.160674196395444,
0.));
#3534=CARTESIAN_POINT('Ctrl Pts',(-0.994487743512202,0.160674196395444,
1.));
#3535=CARTESIAN_POINT('Ctrl Pts',(-0.991020283983531,0.15973485240125,0.));
#3536=CARTESIAN_POINT('Ctrl Pts',(-0.991020283983531,0.15973485240125,1.));
#3537=CARTESIAN_POINT('Ctrl Pts',(-0.988388053942057,0.15916340681643,0.));
#3538=CARTESIAN_POINT('Ctrl Pts',(-0.988388053942057,0.15916340681643,1.));
#3539=CARTESIAN_POINT('Ctrl Pts',(-0.986618391226378,0.158844682290328,
0.));
#3540=CARTESIAN_POINT('Ctrl Pts',(-0.986618391226378,0.158844682290328,
1.));
#3541=CARTESIAN_POINT('Ctrl Pts',(-0.985729849121049,0.158700880116668,
0.));
#3542=CARTESIAN_POINT('Ctrl Pts',(-0.985729849121049,0.158700880116668,
1.));
#3543=CARTESIAN_POINT('',(-0.985729849121049,0.158700880116668,1.));
#3544=CARTESIAN_POINT('',(-0.985729849121049,0.158700880116668,0.));
#3545=CARTESIAN_POINT('Ctrl Pts',(-1.24154555978396,0.380730141788252,1.));
#3546=CARTESIAN_POINT('Ctrl Pts',(-1.24095776324316,0.379831964226405,1.));
#3547=CARTESIAN_POINT('Ctrl Pts',(-1.2397799489855,0.378038545810187,1.));
#3548=CARTESIAN_POINT('Ctrl Pts',(-1.23800656407221,0.375357228309073,1.));
#3549=CARTESIAN_POINT('Ctrl Pts',(-1.23562871936106,0.371799764401311,1.));
#3550=CARTESIAN_POINT('Ctrl Pts',(-1.23263417415571,0.367382359991965,1.));
#3551=CARTESIAN_POINT('Ctrl Pts',(-1.22961737333098,0.362994468203619,1.));
#3552=CARTESIAN_POINT('Ctrl Pts',(-1.22657831808978,0.358636219436181,1.));
#3553=CARTESIAN_POINT('Ctrl Pts',(-1.22351703956206,0.354307791059817,1.));
#3554=CARTESIAN_POINT('Ctrl Pts',(-1.22043361483364,0.350009413400851,1.));
#3555=CARTESIAN_POINT('Ctrl Pts',(-1.21732815761154,0.345741358232281,1.));
#3556=CARTESIAN_POINT('Ctrl Pts',(-1.21420080391494,0.341503923816177,1.));
#3557=CARTESIAN_POINT('Ctrl Pts',(-1.21105169921466,0.337297420362666,1.));
#3558=CARTESIAN_POINT('Ctrl Pts',(-1.20788098617214,0.333122156465733,1.));
#3559=CARTESIAN_POINT('Ctrl Pts',(-1.20468878969406,0.328978421477321,1.));
#3560=CARTESIAN_POINT('Ctrl Pts',(-1.20147521661141,0.324866486932382,1.));
#3561=CARTESIAN_POINT('Ctrl Pts',(-1.19824036269377,0.320786617233279,1.));
#3562=CARTESIAN_POINT('Ctrl Pts',(-1.19498431768777,0.316739077559869,1.));
#3563=CARTESIAN_POINT('Ctrl Pts',(-1.19170717086965,0.312724141879682,1.));
#3564=CARTESIAN_POINT('Ctrl Pts',(-1.18840901764957,0.308742102689887,1.));
#3565=CARTESIAN_POINT('Ctrl Pts',(-1.18508996127416,0.304793271574789,1.));
#3566=CARTESIAN_POINT('Ctrl Pts',(-1.18175011002947,0.300877971710335,1.));
#3567=CARTESIAN_POINT('Ctrl Pts',(-1.17838957587089,0.296996532009636,1.));
#3568=CARTESIAN_POINT('Ctrl Pts',(-1.17500847261317,0.293149281300264,1.));
#3569=CARTESIAN_POINT('Ctrl Pts',(-1.17160691449636,0.289336539958407,1.));
#3570=CARTESIAN_POINT('Ctrl Pts',(-1.16818501464785,0.285558620643008,1.));
#3571=CARTESIAN_POINT('Ctrl Pts',(-1.16474288364018,0.281815841036933,1.));
#3572=CARTESIAN_POINT('Ctrl Pts',(-1.16128062801816,0.278108534021874,1.));
#3573=CARTESIAN_POINT('Ctrl Pts',(-1.15779834925945,0.274437057247514,1.));
#3574=CARTESIAN_POINT('Ctrl Pts',(-1.1542961420279,0.270801806103647,1.));
#3575=CARTESIAN_POINT('Ctrl Pts',(-1.15077409510829,0.267203213615011,1.));
#3576=CARTESIAN_POINT('Ctrl Pts',(-1.14723229685716,0.263641727167833,1.));
#3577=CARTESIAN_POINT('Ctrl Pts',(-1.14367084015288,0.260117788762104,1.));
#3578=CARTESIAN_POINT('Ctrl Pts',(-1.14008982690146,0.256631816569436,1.));
#3579=CARTESIAN_POINT('Ctrl Pts',(-1.13648937478163,0.253184178499649,1.));
#3580=CARTESIAN_POINT('Ctrl Pts',(-1.13286961703119,0.249775192081319,1.));
#3581=CARTESIAN_POINT('Ctrl Pts',(-1.12923068699341,0.246405182087783,1.));
#3582=CARTESIAN_POINT('Ctrl Pts',(-1.1255727050366,0.243074529286773,1.));
#3583=CARTESIAN_POINT('Ctrl Pts',(-1.121895766427,0.239783716000655,1.));
#3584=CARTESIAN_POINT('Ctrl Pts',(-1.1181999246934,0.236533388320641,1.));
#3585=CARTESIAN_POINT('Ctrl Pts',(-1.11448519055811,0.2333243613822,1.));
#3586=CARTESIAN_POINT('Ctrl Pts',(-1.11075156727299,0.230157491105566,1.));
#3587=CARTESIAN_POINT('Ctrl Pts',(-1.10699908105554,0.227033564179706,1.));
#3588=CARTESIAN_POINT('Ctrl Pts',(-1.10322780916162,0.223953196665123,1.));
#3589=CARTESIAN_POINT('Ctrl Pts',(-1.09943791979743,0.220916689795312,1.));
#3590=CARTESIAN_POINT('Ctrl Pts',(-1.09562967272033,0.217924028678751,1.));
#3591=CARTESIAN_POINT('Ctrl Pts',(-1.09180333353251,0.214975194660164,1.));
#3592=CARTESIAN_POINT('Ctrl Pts',(-1.08795909998134,0.212070434153189,1.));
#3593=CARTESIAN_POINT('Ctrl Pts',(-1.08409703520395,0.209210502499251,1.));
#3594=CARTESIAN_POINT('Ctrl Pts',(-1.08021697012106,0.206397019735188,1.));
#3595=CARTESIAN_POINT('Ctrl Pts',(-1.07631851225744,0.203632440810133,1.));
#3596=CARTESIAN_POINT('Ctrl Pts',(-1.07240124480392,0.200919336603066,1.));
#3597=CARTESIAN_POINT('Ctrl Pts',(-1.06846489890192,0.198259771946004,1.));
#3598=CARTESIAN_POINT('Ctrl Pts',(-1.06450950518323,0.195654759287925,1.));
#3599=CARTESIAN_POINT('Ctrl Pts',(-1.06053563121501,0.193103400321954,1.));
#3600=CARTESIAN_POINT('Ctrl Pts',(-1.05654430910668,0.190603153411503,1.));
#3601=CARTESIAN_POINT('Ctrl Pts',(-1.05253655988016,0.188151566374688,1.));
#3602=CARTESIAN_POINT('Ctrl Pts',(-1.0485129792666,0.185747785784833,1.));
#3603=CARTESIAN_POINT('Ctrl Pts',(-1.04447338065785,0.183393859707894,1.));
#3604=CARTESIAN_POINT('Ctrl Pts',(-1.04041621138288,0.181096861667257,1.));
#3605=CARTESIAN_POINT('Ctrl Pts',(-1.03633887470638,0.178867734155543,1.));
#3606=CARTESIAN_POINT('Ctrl Pts',(-1.0322388214573,0.176717349526249,1.));
#3607=CARTESIAN_POINT('Ctrl Pts',(-1.02811451486739,0.174653021514098,1.));
#3608=CARTESIAN_POINT('Ctrl Pts',(-1.02396625568166,0.172675542746869,1.));
#3609=CARTESIAN_POINT('Ctrl Pts',(-1.01979755262951,0.170774198197762,1.));
#3610=CARTESIAN_POINT('Ctrl Pts',(-1.01561383598988,0.168931622832131,1.));
#3611=CARTESIAN_POINT('Ctrl Pts',(-1.01141985722293,0.167133516467169,1.));
#3612=CARTESIAN_POINT('Ctrl Pts',(-1.00721737972523,0.165377300626717,1.));
#3613=CARTESIAN_POINT('Ctrl Pts',(-1.00300301312075,0.163680199152006,1.));
#3614=CARTESIAN_POINT('Ctrl Pts',(-0.998765283811049,0.162090263957318,
1.));
#3615=CARTESIAN_POINT('Ctrl Pts',(-0.994487743512202,0.160674196395444,
1.));
#3616=CARTESIAN_POINT('Ctrl Pts',(-0.991020283983531,0.15973485240125,1.));
#3617=CARTESIAN_POINT('Ctrl Pts',(-0.988388053942057,0.15916340681643,1.));
#3618=CARTESIAN_POINT('Ctrl Pts',(-0.986618391226378,0.158844682290328,
1.));
#3619=CARTESIAN_POINT('Ctrl Pts',(-0.985729849121049,0.158700880116668,
1.));
#3620=CARTESIAN_POINT('Origin',(-0.985729849121049,0.158700880116668,0.));
#3621=CARTESIAN_POINT('',(-0.888317639285938,0.142935631141684,1.));
#3622=CARTESIAN_POINT('',(-0.888317639285938,0.142935631141684,0.));
#3623=CARTESIAN_POINT('',(-0.763322353004281,0.122706320952895,1.));
#3624=CARTESIAN_POINT('Origin',(-0.910045249167628,0.00868247114599067,
0.));
#3625=CARTESIAN_POINT('',(-0.774051438445613,0.00738499463182042,1.));
#3626=CARTESIAN_POINT('',(-0.774051438445613,0.00738499463182042,0.));
#3627=CARTESIAN_POINT('Origin',(-0.910045249167628,0.00868247114599067,
1.));
#3628=CARTESIAN_POINT('Origin',(0.,0.,0.));
#3629=CARTESIAN_POINT('',(-0.774051438445613,-0.00738499463182008,1.));
#3630=CARTESIAN_POINT('',(-0.774051438445613,-0.00738499463182008,0.));
#3631=CARTESIAN_POINT('Origin',(0.,0.,1.));
#3632=CARTESIAN_POINT('Origin',(-0.910045249167628,-0.00868247114599027,
0.));
#3633=CARTESIAN_POINT('',(-0.888317639285938,-0.142935631141683,1.));
#3634=CARTESIAN_POINT('',(-0.888317639285938,-0.142935631141683,0.));
#3635=CARTESIAN_POINT('Origin',(-0.910045249167628,-0.00868247114599027,
1.));
#3636=CARTESIAN_POINT('Origin',(-0.763322353004281,-0.122706320952894,0.));
#3637=CARTESIAN_POINT('',(-0.985729849121049,-0.158700880116668,1.));
#3638=CARTESIAN_POINT('',(-0.985729849121049,-0.158700880116668,0.));
#3639=CARTESIAN_POINT('',(-0.763322353004281,-0.122706320952894,1.));
#3640=CARTESIAN_POINT('Ctrl Pts',(-0.985729849121049,-0.158700880116668,
0.));
#3641=CARTESIAN_POINT('Ctrl Pts',(-0.985729849121049,-0.158700880116668,
1.));
#3642=CARTESIAN_POINT('Ctrl Pts',(-0.986618391226378,-0.158844682290328,
0.));
#3643=CARTESIAN_POINT('Ctrl Pts',(-0.986618391226378,-0.158844682290328,
1.));
#3644=CARTESIAN_POINT('Ctrl Pts',(-0.988388053942057,-0.15916340681643,
0.));
#3645=CARTESIAN_POINT('Ctrl Pts',(-0.988388053942057,-0.15916340681643,
1.));
#3646=CARTESIAN_POINT('Ctrl Pts',(-0.991020283983531,-0.15973485240125,
0.));
#3647=CARTESIAN_POINT('Ctrl Pts',(-0.991020283983531,-0.15973485240125,
1.));
#3648=CARTESIAN_POINT('Ctrl Pts',(-0.994487743512202,-0.160674196395444,
0.));
#3649=CARTESIAN_POINT('Ctrl Pts',(-0.994487743512202,-0.160674196395444,
1.));
#3650=CARTESIAN_POINT('Ctrl Pts',(-0.998765283811049,-0.162090263957318,
0.));
#3651=CARTESIAN_POINT('Ctrl Pts',(-0.998765283811049,-0.162090263957318,
1.));
#3652=CARTESIAN_POINT('Ctrl Pts',(-1.00300301312075,-0.163680199152006,
0.));
#3653=CARTESIAN_POINT('Ctrl Pts',(-1.00300301312075,-0.163680199152006,
1.));
#3654=CARTESIAN_POINT('Ctrl Pts',(-1.00721737972523,-0.165377300626717,
0.));
#3655=CARTESIAN_POINT('Ctrl Pts',(-1.00721737972523,-0.165377300626717,
1.));
#3656=CARTESIAN_POINT('Ctrl Pts',(-1.01141985722293,-0.167133516467169,
0.));
#3657=CARTESIAN_POINT('Ctrl Pts',(-1.01141985722293,-0.167133516467169,
1.));
#3658=CARTESIAN_POINT('Ctrl Pts',(-1.01561383598988,-0.168931622832131,
0.));
#3659=CARTESIAN_POINT('Ctrl Pts',(-1.01561383598988,-0.168931622832131,
1.));
#3660=CARTESIAN_POINT('Ctrl Pts',(-1.01979755262951,-0.170774198197762,
0.));
#3661=CARTESIAN_POINT('Ctrl Pts',(-1.01979755262951,-0.170774198197762,
1.));
#3662=CARTESIAN_POINT('Ctrl Pts',(-1.02396625568166,-0.172675542746869,
0.));
#3663=CARTESIAN_POINT('Ctrl Pts',(-1.02396625568166,-0.172675542746869,
1.));
#3664=CARTESIAN_POINT('Ctrl Pts',(-1.02811451486739,-0.174653021514098,
0.));
#3665=CARTESIAN_POINT('Ctrl Pts',(-1.02811451486739,-0.174653021514098,
1.));
#3666=CARTESIAN_POINT('Ctrl Pts',(-1.0322388214573,-0.176717349526249,0.));
#3667=CARTESIAN_POINT('Ctrl Pts',(-1.0322388214573,-0.176717349526249,1.));
#3668=CARTESIAN_POINT('Ctrl Pts',(-1.03633887470638,-0.178867734155542,
0.));
#3669=CARTESIAN_POINT('Ctrl Pts',(-1.03633887470638,-0.178867734155542,
1.));
#3670=CARTESIAN_POINT('Ctrl Pts',(-1.04041621138288,-0.181096861667257,
0.));
#3671=CARTESIAN_POINT('Ctrl Pts',(-1.04041621138288,-0.181096861667257,
1.));
#3672=CARTESIAN_POINT('Ctrl Pts',(-1.04447338065785,-0.183393859707894,
0.));
#3673=CARTESIAN_POINT('Ctrl Pts',(-1.04447338065785,-0.183393859707894,
1.));
#3674=CARTESIAN_POINT('Ctrl Pts',(-1.0485129792666,-0.185747785784833,0.));
#3675=CARTESIAN_POINT('Ctrl Pts',(-1.0485129792666,-0.185747785784833,1.));
#3676=CARTESIAN_POINT('Ctrl Pts',(-1.05253655988016,-0.188151566374688,
0.));
#3677=CARTESIAN_POINT('Ctrl Pts',(-1.05253655988016,-0.188151566374688,
1.));
#3678=CARTESIAN_POINT('Ctrl Pts',(-1.05654430910668,-0.190603153411503,
0.));
#3679=CARTESIAN_POINT('Ctrl Pts',(-1.05654430910668,-0.190603153411503,
1.));
#3680=CARTESIAN_POINT('Ctrl Pts',(-1.06053563121501,-0.193103400321954,
0.));
#3681=CARTESIAN_POINT('Ctrl Pts',(-1.06053563121501,-0.193103400321954,
1.));
#3682=CARTESIAN_POINT('Ctrl Pts',(-1.06450950518323,-0.195654759287925,
0.));
#3683=CARTESIAN_POINT('Ctrl Pts',(-1.06450950518323,-0.195654759287925,
1.));
#3684=CARTESIAN_POINT('Ctrl Pts',(-1.06846489890192,-0.198259771946004,
0.));
#3685=CARTESIAN_POINT('Ctrl Pts',(-1.06846489890192,-0.198259771946004,
1.));
#3686=CARTESIAN_POINT('Ctrl Pts',(-1.07240124480392,-0.200919336603066,
0.));
#3687=CARTESIAN_POINT('Ctrl Pts',(-1.07240124480392,-0.200919336603066,
1.));
#3688=CARTESIAN_POINT('Ctrl Pts',(-1.07631851225744,-0.203632440810132,
0.));
#3689=CARTESIAN_POINT('Ctrl Pts',(-1.07631851225744,-0.203632440810132,
1.));
#3690=CARTESIAN_POINT('Ctrl Pts',(-1.08021697012106,-0.206397019735187,
0.));
#3691=CARTESIAN_POINT('Ctrl Pts',(-1.08021697012106,-0.206397019735187,
1.));
#3692=CARTESIAN_POINT('Ctrl Pts',(-1.08409703520395,-0.20921050249925,0.));
#3693=CARTESIAN_POINT('Ctrl Pts',(-1.08409703520395,-0.20921050249925,1.));
#3694=CARTESIAN_POINT('Ctrl Pts',(-1.08795909998134,-0.212070434153188,
0.));
#3695=CARTESIAN_POINT('Ctrl Pts',(-1.08795909998134,-0.212070434153188,
1.));
#3696=CARTESIAN_POINT('Ctrl Pts',(-1.09180333353251,-0.214975194660164,
0.));
#3697=CARTESIAN_POINT('Ctrl Pts',(-1.09180333353251,-0.214975194660164,
1.));
#3698=CARTESIAN_POINT('Ctrl Pts',(-1.09562967272033,-0.217924028678751,
0.));
#3699=CARTESIAN_POINT('Ctrl Pts',(-1.09562967272033,-0.217924028678751,
1.));
#3700=CARTESIAN_POINT('Ctrl Pts',(-1.09943791979743,-0.220916689795312,
0.));
#3701=CARTESIAN_POINT('Ctrl Pts',(-1.09943791979743,-0.220916689795312,
1.));
#3702=CARTESIAN_POINT('Ctrl Pts',(-1.10322780916162,-0.223953196665123,
0.));
#3703=CARTESIAN_POINT('Ctrl Pts',(-1.10322780916162,-0.223953196665123,
1.));
#3704=CARTESIAN_POINT('Ctrl Pts',(-1.10699908105554,-0.227033564179706,
0.));
#3705=CARTESIAN_POINT('Ctrl Pts',(-1.10699908105554,-0.227033564179706,
1.));
#3706=CARTESIAN_POINT('Ctrl Pts',(-1.11075156727299,-0.230157491105565,
0.));
#3707=CARTESIAN_POINT('Ctrl Pts',(-1.11075156727299,-0.230157491105565,
1.));
#3708=CARTESIAN_POINT('Ctrl Pts',(-1.11448519055811,-0.2333243613822,0.));
#3709=CARTESIAN_POINT('Ctrl Pts',(-1.11448519055811,-0.2333243613822,1.));
#3710=CARTESIAN_POINT('Ctrl Pts',(-1.1181999246934,-0.236533388320641,0.));
#3711=CARTESIAN_POINT('Ctrl Pts',(-1.1181999246934,-0.236533388320641,1.));
#3712=CARTESIAN_POINT('Ctrl Pts',(-1.121895766427,-0.239783716000655,0.));
#3713=CARTESIAN_POINT('Ctrl Pts',(-1.121895766427,-0.239783716000655,1.));
#3714=CARTESIAN_POINT('Ctrl Pts',(-1.1255727050366,-0.243074529286772,0.));
#3715=CARTESIAN_POINT('Ctrl Pts',(-1.1255727050366,-0.243074529286772,1.));
#3716=CARTESIAN_POINT('Ctrl Pts',(-1.12923068699341,-0.246405182087783,
0.));
#3717=CARTESIAN_POINT('Ctrl Pts',(-1.12923068699341,-0.246405182087783,
1.));
#3718=CARTESIAN_POINT('Ctrl Pts',(-1.13286961703119,-0.249775192081319,
0.));
#3719=CARTESIAN_POINT('Ctrl Pts',(-1.13286961703119,-0.249775192081319,
1.));
#3720=CARTESIAN_POINT('Ctrl Pts',(-1.13648937478163,-0.253184178499648,
0.));
#3721=CARTESIAN_POINT('Ctrl Pts',(-1.13648937478163,-0.253184178499648,
1.));
#3722=CARTESIAN_POINT('Ctrl Pts',(-1.14008982690146,-0.256631816569436,
0.));
#3723=CARTESIAN_POINT('Ctrl Pts',(-1.14008982690146,-0.256631816569436,
1.));
#3724=CARTESIAN_POINT('Ctrl Pts',(-1.14367084015288,-0.260117788762104,
0.));
#3725=CARTESIAN_POINT('Ctrl Pts',(-1.14367084015288,-0.260117788762104,
1.));
#3726=CARTESIAN_POINT('Ctrl Pts',(-1.14723229685716,-0.263641727167833,
0.));
#3727=CARTESIAN_POINT('Ctrl Pts',(-1.14723229685716,-0.263641727167833,
1.));
#3728=CARTESIAN_POINT('Ctrl Pts',(-1.15077409510829,-0.267203213615011,
0.));
#3729=CARTESIAN_POINT('Ctrl Pts',(-1.15077409510829,-0.267203213615011,
1.));
#3730=CARTESIAN_POINT('Ctrl Pts',(-1.1542961420279,-0.270801806103647,0.));
#3731=CARTESIAN_POINT('Ctrl Pts',(-1.1542961420279,-0.270801806103647,1.));
#3732=CARTESIAN_POINT('Ctrl Pts',(-1.15779834925945,-0.274437057247513,
0.));
#3733=CARTESIAN_POINT('Ctrl Pts',(-1.15779834925945,-0.274437057247513,
1.));
#3734=CARTESIAN_POINT('Ctrl Pts',(-1.16128062801816,-0.278108534021874,
0.));
#3735=CARTESIAN_POINT('Ctrl Pts',(-1.16128062801816,-0.278108534021874,
1.));
#3736=CARTESIAN_POINT('Ctrl Pts',(-1.16474288364018,-0.281815841036933,
0.));
#3737=CARTESIAN_POINT('Ctrl Pts',(-1.16474288364018,-0.281815841036933,
1.));
#3738=CARTESIAN_POINT('Ctrl Pts',(-1.16818501464785,-0.285558620643008,
0.));
#3739=CARTESIAN_POINT('Ctrl Pts',(-1.16818501464785,-0.285558620643008,
1.));
#3740=CARTESIAN_POINT('Ctrl Pts',(-1.17160691449636,-0.289336539958406,
0.));
#3741=CARTESIAN_POINT('Ctrl Pts',(-1.17160691449636,-0.289336539958406,
1.));
#3742=CARTESIAN_POINT('Ctrl Pts',(-1.17500847261317,-0.293149281300264,
0.));
#3743=CARTESIAN_POINT('Ctrl Pts',(-1.17500847261317,-0.293149281300264,
1.));
#3744=CARTESIAN_POINT('Ctrl Pts',(-1.17838957587089,-0.296996532009636,
0.));
#3745=CARTESIAN_POINT('Ctrl Pts',(-1.17838957587089,-0.296996532009636,
1.));
#3746=CARTESIAN_POINT('Ctrl Pts',(-1.18175011002947,-0.300877971710335,
0.));
#3747=CARTESIAN_POINT('Ctrl Pts',(-1.18175011002947,-0.300877971710335,
1.));
#3748=CARTESIAN_POINT('Ctrl Pts',(-1.18508996127416,-0.304793271574789,
0.));
#3749=CARTESIAN_POINT('Ctrl Pts',(-1.18508996127416,-0.304793271574789,
1.));
#3750=CARTESIAN_POINT('Ctrl Pts',(-1.18840901764957,-0.308742102689887,
0.));
#3751=CARTESIAN_POINT('Ctrl Pts',(-1.18840901764957,-0.308742102689887,
1.));
#3752=CARTESIAN_POINT('Ctrl Pts',(-1.19170717086965,-0.312724141879681,
0.));
#3753=CARTESIAN_POINT('Ctrl Pts',(-1.19170717086965,-0.312724141879681,
1.));
#3754=CARTESIAN_POINT('Ctrl Pts',(-1.19498431768777,-0.316739077559868,
0.));
#3755=CARTESIAN_POINT('Ctrl Pts',(-1.19498431768777,-0.316739077559868,
1.));
#3756=CARTESIAN_POINT('Ctrl Pts',(-1.19824036269377,-0.320786617233279,
0.));
#3757=CARTESIAN_POINT('Ctrl Pts',(-1.19824036269377,-0.320786617233279,
1.));
#3758=CARTESIAN_POINT('Ctrl Pts',(-1.20147521661141,-0.324866486932382,
0.));
#3759=CARTESIAN_POINT('Ctrl Pts',(-1.20147521661141,-0.324866486932382,
1.));
#3760=CARTESIAN_POINT('Ctrl Pts',(-1.20468878969406,-0.328978421477321,
0.));
#3761=CARTESIAN_POINT('Ctrl Pts',(-1.20468878969406,-0.328978421477321,
1.));
#3762=CARTESIAN_POINT('Ctrl Pts',(-1.20788098617214,-0.333122156465733,
0.));
#3763=CARTESIAN_POINT('Ctrl Pts',(-1.20788098617214,-0.333122156465733,
1.));
#3764=CARTESIAN_POINT('Ctrl Pts',(-1.21105169921466,-0.337297420362666,
0.));
#3765=CARTESIAN_POINT('Ctrl Pts',(-1.21105169921466,-0.337297420362666,
1.));
#3766=CARTESIAN_POINT('Ctrl Pts',(-1.21420080391494,-0.341503923816177,
0.));
#3767=CARTESIAN_POINT('Ctrl Pts',(-1.21420080391494,-0.341503923816177,
1.));
#3768=CARTESIAN_POINT('Ctrl Pts',(-1.21732815761154,-0.345741358232281,
0.));
#3769=CARTESIAN_POINT('Ctrl Pts',(-1.21732815761154,-0.345741358232281,
1.));
#3770=CARTESIAN_POINT('Ctrl Pts',(-1.22043361483364,-0.350009413400851,
0.));
#3771=CARTESIAN_POINT('Ctrl Pts',(-1.22043361483364,-0.350009413400851,
1.));
#3772=CARTESIAN_POINT('Ctrl Pts',(-1.22351703956206,-0.354307791059817,
0.));
#3773=CARTESIAN_POINT('Ctrl Pts',(-1.22351703956206,-0.354307791059817,
1.));
#3774=CARTESIAN_POINT('Ctrl Pts',(-1.22657831808978,-0.358636219436181,
0.));
#3775=CARTESIAN_POINT('Ctrl Pts',(-1.22657831808978,-0.358636219436181,
1.));
#3776=CARTESIAN_POINT('Ctrl Pts',(-1.22961737333098,-0.362994468203619,
0.));
#3777=CARTESIAN_POINT('Ctrl Pts',(-1.22961737333098,-0.362994468203619,
1.));
#3778=CARTESIAN_POINT('Ctrl Pts',(-1.23263417415571,-0.367382359991965,
0.));
#3779=CARTESIAN_POINT('Ctrl Pts',(-1.23263417415571,-0.367382359991965,
1.));
#3780=CARTESIAN_POINT('Ctrl Pts',(-1.23562871936106,-0.371799764401311,
0.));
#3781=CARTESIAN_POINT('Ctrl Pts',(-1.23562871936106,-0.371799764401311,
1.));
#3782=CARTESIAN_POINT('Ctrl Pts',(-1.23800656407221,-0.375357228309073,
0.));
#3783=CARTESIAN_POINT('Ctrl Pts',(-1.23800656407221,-0.375357228309073,
1.));
#3784=CARTESIAN_POINT('Ctrl Pts',(-1.2397799489855,-0.378038545810187,0.));
#3785=CARTESIAN_POINT('Ctrl Pts',(-1.2397799489855,-0.378038545810187,1.));
#3786=CARTESIAN_POINT('Ctrl Pts',(-1.24095776324316,-0.379831964226404,
0.));
#3787=CARTESIAN_POINT('Ctrl Pts',(-1.24095776324316,-0.379831964226404,
1.));
#3788=CARTESIAN_POINT('Ctrl Pts',(-1.24154555978396,-0.380730141788252,
0.));
#3789=CARTESIAN_POINT('Ctrl Pts',(-1.24154555978396,-0.380730141788252,
1.));
#3790=CARTESIAN_POINT('',(-1.24154555978396,-0.380730141788252,1.));
#3791=CARTESIAN_POINT('',(-1.24154555978396,-0.380730141788252,0.));
#3792=CARTESIAN_POINT('Ctrl Pts',(-0.985729849121049,-0.158700880116668,
1.));
#3793=CARTESIAN_POINT('Ctrl Pts',(-0.986618391226378,-0.158844682290328,
1.));
#3794=CARTESIAN_POINT('Ctrl Pts',(-0.988388053942057,-0.15916340681643,
1.));
#3795=CARTESIAN_POINT('Ctrl Pts',(-0.991020283983531,-0.15973485240125,
1.));
#3796=CARTESIAN_POINT('Ctrl Pts',(-0.994487743512202,-0.160674196395444,
1.));
#3797=CARTESIAN_POINT('Ctrl Pts',(-0.998765283811049,-0.162090263957318,
1.));
#3798=CARTESIAN_POINT('Ctrl Pts',(-1.00300301312075,-0.163680199152006,
1.));
#3799=CARTESIAN_POINT('Ctrl Pts',(-1.00721737972523,-0.165377300626717,
1.));
#3800=CARTESIAN_POINT('Ctrl Pts',(-1.01141985722293,-0.167133516467169,
1.));
#3801=CARTESIAN_POINT('Ctrl Pts',(-1.01561383598988,-0.168931622832131,
1.));
#3802=CARTESIAN_POINT('Ctrl Pts',(-1.01979755262951,-0.170774198197762,
1.));
#3803=CARTESIAN_POINT('Ctrl Pts',(-1.02396625568166,-0.172675542746869,
1.));
#3804=CARTESIAN_POINT('Ctrl Pts',(-1.02811451486739,-0.174653021514098,
1.));
#3805=CARTESIAN_POINT('Ctrl Pts',(-1.0322388214573,-0.176717349526249,1.));
#3806=CARTESIAN_POINT('Ctrl Pts',(-1.03633887470638,-0.178867734155542,
1.));
#3807=CARTESIAN_POINT('Ctrl Pts',(-1.04041621138288,-0.181096861667257,
1.));
#3808=CARTESIAN_POINT('Ctrl Pts',(-1.04447338065785,-0.183393859707894,
1.));
#3809=CARTESIAN_POINT('Ctrl Pts',(-1.0485129792666,-0.185747785784833,1.));
#3810=CARTESIAN_POINT('Ctrl Pts',(-1.05253655988016,-0.188151566374688,
1.));
#3811=CARTESIAN_POINT('Ctrl Pts',(-1.05654430910668,-0.190603153411503,
1.));
#3812=CARTESIAN_POINT('Ctrl Pts',(-1.06053563121501,-0.193103400321954,
1.));
#3813=CARTESIAN_POINT('Ctrl Pts',(-1.06450950518323,-0.195654759287925,
1.));
#3814=CARTESIAN_POINT('Ctrl Pts',(-1.06846489890192,-0.198259771946004,
1.));
#3815=CARTESIAN_POINT('Ctrl Pts',(-1.07240124480392,-0.200919336603066,
1.));
#3816=CARTESIAN_POINT('Ctrl Pts',(-1.07631851225744,-0.203632440810132,
1.));
#3817=CARTESIAN_POINT('Ctrl Pts',(-1.08021697012106,-0.206397019735187,
1.));
#3818=CARTESIAN_POINT('Ctrl Pts',(-1.08409703520395,-0.20921050249925,1.));
#3819=CARTESIAN_POINT('Ctrl Pts',(-1.08795909998134,-0.212070434153188,
1.));
#3820=CARTESIAN_POINT('Ctrl Pts',(-1.09180333353251,-0.214975194660164,
1.));
#3821=CARTESIAN_POINT('Ctrl Pts',(-1.09562967272033,-0.217924028678751,
1.));
#3822=CARTESIAN_POINT('Ctrl Pts',(-1.09943791979743,-0.220916689795312,
1.));
#3823=CARTESIAN_POINT('Ctrl Pts',(-1.10322780916162,-0.223953196665123,
1.));
#3824=CARTESIAN_POINT('Ctrl Pts',(-1.10699908105554,-0.227033564179706,
1.));
#3825=CARTESIAN_POINT('Ctrl Pts',(-1.11075156727299,-0.230157491105565,
1.));
#3826=CARTESIAN_POINT('Ctrl Pts',(-1.11448519055811,-0.2333243613822,1.));
#3827=CARTESIAN_POINT('Ctrl Pts',(-1.1181999246934,-0.236533388320641,1.));
#3828=CARTESIAN_POINT('Ctrl Pts',(-1.121895766427,-0.239783716000655,1.));
#3829=CARTESIAN_POINT('Ctrl Pts',(-1.1255727050366,-0.243074529286772,1.));
#3830=CARTESIAN_POINT('Ctrl Pts',(-1.12923068699341,-0.246405182087783,
1.));
#3831=CARTESIAN_POINT('Ctrl Pts',(-1.13286961703119,-0.249775192081319,
1.));
#3832=CARTESIAN_POINT('Ctrl Pts',(-1.13648937478163,-0.253184178499648,
1.));
#3833=CARTESIAN_POINT('Ctrl Pts',(-1.14008982690146,-0.256631816569436,
1.));
#3834=CARTESIAN_POINT('Ctrl Pts',(-1.14367084015288,-0.260117788762104,
1.));
#3835=CARTESIAN_POINT('Ctrl Pts',(-1.14723229685716,-0.263641727167833,
1.));
#3836=CARTESIAN_POINT('Ctrl Pts',(-1.15077409510829,-0.267203213615011,
1.));
#3837=CARTESIAN_POINT('Ctrl Pts',(-1.1542961420279,-0.270801806103647,1.));
#3838=CARTESIAN_POINT('Ctrl Pts',(-1.15779834925945,-0.274437057247513,
1.));
#3839=CARTESIAN_POINT('Ctrl Pts',(-1.16128062801816,-0.278108534021874,
1.));
#3840=CARTESIAN_POINT('Ctrl Pts',(-1.16474288364018,-0.281815841036933,
1.));
#3841=CARTESIAN_POINT('Ctrl Pts',(-1.16818501464785,-0.285558620643008,
1.));
#3842=CARTESIAN_POINT('Ctrl Pts',(-1.17160691449636,-0.289336539958406,
1.));
#3843=CARTESIAN_POINT('Ctrl Pts',(-1.17500847261317,-0.293149281300264,
1.));
#3844=CARTESIAN_POINT('Ctrl Pts',(-1.17838957587089,-0.296996532009636,
1.));
#3845=CARTESIAN_POINT('Ctrl Pts',(-1.18175011002947,-0.300877971710335,
1.));
#3846=CARTESIAN_POINT('Ctrl Pts',(-1.18508996127416,-0.304793271574789,
1.));
#3847=CARTESIAN_POINT('Ctrl Pts',(-1.18840901764957,-0.308742102689887,
1.));
#3848=CARTESIAN_POINT('Ctrl Pts',(-1.19170717086965,-0.312724141879681,
1.));
#3849=CARTESIAN_POINT('Ctrl Pts',(-1.19498431768777,-0.316739077559868,
1.));
#3850=CARTESIAN_POINT('Ctrl Pts',(-1.19824036269377,-0.320786617233279,
1.));
#3851=CARTESIAN_POINT('Ctrl Pts',(-1.20147521661141,-0.324866486932382,
1.));
#3852=CARTESIAN_POINT('Ctrl Pts',(-1.20468878969406,-0.328978421477321,
1.));
#3853=CARTESIAN_POINT('Ctrl Pts',(-1.20788098617214,-0.333122156465733,
1.));
#3854=CARTESIAN_POINT('Ctrl Pts',(-1.21105169921466,-0.337297420362666,
1.));
#3855=CARTESIAN_POINT('Ctrl Pts',(-1.21420080391494,-0.341503923816177,
1.));
#3856=CARTESIAN_POINT('Ctrl Pts',(-1.21732815761154,-0.345741358232281,
1.));
#3857=CARTESIAN_POINT('Ctrl Pts',(-1.22043361483364,-0.350009413400851,
1.));
#3858=CARTESIAN_POINT('Ctrl Pts',(-1.22351703956206,-0.354307791059817,
1.));
#3859=CARTESIAN_POINT('Ctrl Pts',(-1.22657831808978,-0.358636219436181,
1.));
#3860=CARTESIAN_POINT('Ctrl Pts',(-1.22961737333098,-0.362994468203619,
1.));
#3861=CARTESIAN_POINT('Ctrl Pts',(-1.23263417415571,-0.367382359991965,
1.));
#3862=CARTESIAN_POINT('Ctrl Pts',(-1.23562871936106,-0.371799764401311,
1.));
#3863=CARTESIAN_POINT('Ctrl Pts',(-1.23800656407221,-0.375357228309073,
1.));
#3864=CARTESIAN_POINT('Ctrl Pts',(-1.2397799489855,-0.378038545810187,1.));
#3865=CARTESIAN_POINT('Ctrl Pts',(-1.24095776324316,-0.379831964226404,
1.));
#3866=CARTESIAN_POINT('Ctrl Pts',(-1.24154555978396,-0.380730141788252,
1.));
#3867=CARTESIAN_POINT('Origin',(7.28225064214352E-14,2.64978405054037E-14,
0.));
#3868=CARTESIAN_POINT('',(-1.19580769472723,-0.506393893245676,1.));
#3869=CARTESIAN_POINT('',(-1.19580769472723,-0.506393893245676,0.));
#3870=CARTESIAN_POINT('Origin',(7.28225064214352E-14,2.64978405054037E-14,
1.));
#3871=CARTESIAN_POINT('Ctrl Pts',(-1.19580769472723,-0.506393893245676,
0.));
#3872=CARTESIAN_POINT('Ctrl Pts',(-1.19580769472723,-0.506393893245676,
1.));
#3873=CARTESIAN_POINT('Ctrl Pts',(-1.19478007904541,-0.50670410884242,0.));
#3874=CARTESIAN_POINT('Ctrl Pts',(-1.19478007904541,-0.50670410884242,1.));
#3875=CARTESIAN_POINT('Ctrl Pts',(-1.19272503384137,-0.507320862643013,
0.));
#3876=CARTESIAN_POINT('Ctrl Pts',(-1.19272503384137,-0.507320862643013,
1.));
#3877=CARTESIAN_POINT('Ctrl Pts',(-1.18964302451569,-0.508234961165512,
0.));
#3878=CARTESIAN_POINT('Ctrl Pts',(-1.18964302451569,-0.508234961165512,
1.));
#3879=CARTESIAN_POINT('Ctrl Pts',(-1.1855347960663,-0.509431687505568,0.));
#3880=CARTESIAN_POINT('Ctrl Pts',(-1.1855347960663,-0.509431687505568,1.));
#3881=CARTESIAN_POINT('Ctrl Pts',(-1.18040138853077,-0.510890759051708,
0.));
#3882=CARTESIAN_POINT('Ctrl Pts',(-1.18040138853077,-0.510890759051708,
1.));
#3883=CARTESIAN_POINT('Ctrl Pts',(-1.17526990254879,-0.512312916982148,
0.));
#3884=CARTESIAN_POINT('Ctrl Pts',(-1.17526990254879,-0.512312916982148,
1.));
#3885=CARTESIAN_POINT('Ctrl Pts',(-1.1701404228613,-0.513698062177983,0.));
#3886=CARTESIAN_POINT('Ctrl Pts',(-1.1701404228613,-0.513698062177983,1.));
#3887=CARTESIAN_POINT('Ctrl Pts',(-1.16501308732656,-0.515046078775715,
0.));
#3888=CARTESIAN_POINT('Ctrl Pts',(-1.16501308732656,-0.515046078775715,
1.));
#3889=CARTESIAN_POINT('Ctrl Pts',(-1.15988810304664,-0.516356839884965,
0.));
#3890=CARTESIAN_POINT('Ctrl Pts',(-1.15988810304664,-0.516356839884965,
1.));
#3891=CARTESIAN_POINT('Ctrl Pts',(-1.15476573181849,-0.517630210404991,
0.));
#3892=CARTESIAN_POINT('Ctrl Pts',(-1.15476573181849,-0.517630210404991,
1.));
#3893=CARTESIAN_POINT('Ctrl Pts',(-1.14964626955801,-0.518866049285247,
0.));
#3894=CARTESIAN_POINT('Ctrl Pts',(-1.14964626955801,-0.518866049285247,
1.));
#3895=CARTESIAN_POINT('Ctrl Pts',(-1.14453002710154,-0.520064212397826,
0.));
#3896=CARTESIAN_POINT('Ctrl Pts',(-1.14453002710154,-0.520064212397826,
1.));
#3897=CARTESIAN_POINT('Ctrl Pts',(-1.13941731209447,-0.521224555047022,
0.));
#3898=CARTESIAN_POINT('Ctrl Pts',(-1.13941731209447,-0.521224555047022,
1.));
#3899=CARTESIAN_POINT('Ctrl Pts',(-1.13430840621272,-0.52234693586486,0.));
#3900=CARTESIAN_POINT('Ctrl Pts',(-1.13430840621272,-0.52234693586486,1.));
#3901=CARTESIAN_POINT('Ctrl Pts',(-1.12920356583287,-0.523431215513133,
0.));
#3902=CARTESIAN_POINT('Ctrl Pts',(-1.12920356583287,-0.523431215513133,
1.));
#3903=CARTESIAN_POINT('Ctrl Pts',(-1.12410303427324,-0.524477253007373,
0.));
#3904=CARTESIAN_POINT('Ctrl Pts',(-1.12410303427324,-0.524477253007373,
1.));
#3905=CARTESIAN_POINT('Ctrl Pts',(-1.11900705073807,-0.525484902896054,
0.));
#3906=CARTESIAN_POINT('Ctrl Pts',(-1.11900705073807,-0.525484902896054,
1.));
#3907=CARTESIAN_POINT('Ctrl Pts',(-1.11391585971985,-0.526454012693529,
0.));
#3908=CARTESIAN_POINT('Ctrl Pts',(-1.11391585971985,-0.526454012693529,
1.));
#3909=CARTESIAN_POINT('Ctrl Pts',(-1.10882972232057,-0.52738441966244,0.));
#3910=CARTESIAN_POINT('Ctrl Pts',(-1.10882972232057,-0.52738441966244,1.));
#3911=CARTESIAN_POINT('Ctrl Pts',(-1.10374891791425,-0.528275951481006,
0.));
#3912=CARTESIAN_POINT('Ctrl Pts',(-1.10374891791425,-0.528275951481006,
1.));
#3913=CARTESIAN_POINT('Ctrl Pts',(-1.09867373718634,-0.529128430187035,
0.));
#3914=CARTESIAN_POINT('Ctrl Pts',(-1.09867373718634,-0.529128430187035,
1.));
#3915=CARTESIAN_POINT('Ctrl Pts',(-1.09360447732089,-0.529941675781995,
0.));
#3916=CARTESIAN_POINT('Ctrl Pts',(-1.09360447732089,-0.529941675781995,
1.));
#3917=CARTESIAN_POINT('Ctrl Pts',(-1.08854143687136,-0.530715509528064,
0.));
#3918=CARTESIAN_POINT('Ctrl Pts',(-1.08854143687136,-0.530715509528064,
1.));
#3919=CARTESIAN_POINT('Ctrl Pts',(-1.08348490928454,-0.531449759434926,
0.));
#3920=CARTESIAN_POINT('Ctrl Pts',(-1.08348490928454,-0.531449759434926,
1.));
#3921=CARTESIAN_POINT('Ctrl Pts',(-1.07843518219435,-0.532144258708831,
0.));
#3922=CARTESIAN_POINT('Ctrl Pts',(-1.07843518219435,-0.532144258708831,
1.));
#3923=CARTESIAN_POINT('Ctrl Pts',(-1.07339254450686,-0.532798835065233,
0.));
#3924=CARTESIAN_POINT('Ctrl Pts',(-1.07339254450686,-0.532798835065233,
1.));
#3925=CARTESIAN_POINT('Ctrl Pts',(-1.06835729181238,-0.533413301987655,
0.));
#3926=CARTESIAN_POINT('Ctrl Pts',(-1.06835729181238,-0.533413301987655,
1.));
#3927=CARTESIAN_POINT('Ctrl Pts',(-1.06332973174007,-0.533987450729123,
0.));
#3928=CARTESIAN_POINT('Ctrl Pts',(-1.06332973174007,-0.533987450729123,
1.));
#3929=CARTESIAN_POINT('Ctrl Pts',(-1.05831019095831,-0.534521039252228,
0.));
#3930=CARTESIAN_POINT('Ctrl Pts',(-1.05831019095831,-0.534521039252228,
1.));
#3931=CARTESIAN_POINT('Ctrl Pts',(-1.05329901582313,-0.535013792910538,
0.));
#3932=CARTESIAN_POINT('Ctrl Pts',(-1.05329901582313,-0.535013792910538,
1.));
#3933=CARTESIAN_POINT('Ctrl Pts',(-1.04829656159389,-0.535465425780804,
0.));
#3934=CARTESIAN_POINT('Ctrl Pts',(-1.04829656159389,-0.535465425780804,
1.));
#3935=CARTESIAN_POINT('Ctrl Pts',(-1.04330318353167,-0.53587565897246,0.));
#3936=CARTESIAN_POINT('Ctrl Pts',(-1.04330318353167,-0.53587565897246,1.));
#3937=CARTESIAN_POINT('Ctrl Pts',(-1.03831922849653,-0.536244237651387,
0.));
#3938=CARTESIAN_POINT('Ctrl Pts',(-1.03831922849653,-0.536244237651387,
1.));
#3939=CARTESIAN_POINT('Ctrl Pts',(-1.03334502312347,-0.536570955624736,
0.));
#3940=CARTESIAN_POINT('Ctrl Pts',(-1.03334502312347,-0.536570955624736,
1.));
#3941=CARTESIAN_POINT('Ctrl Pts',(-1.02838087358201,-0.536855655295113,
0.));
#3942=CARTESIAN_POINT('Ctrl Pts',(-1.02838087358201,-0.536855655295113,
1.));
#3943=CARTESIAN_POINT('Ctrl Pts',(-1.02342709077931,-0.537098173583116,
0.));
#3944=CARTESIAN_POINT('Ctrl Pts',(-1.02342709077931,-0.537098173583116,
1.));
#3945=CARTESIAN_POINT('Ctrl Pts',(-1.01848401167561,-0.537298296174993,
0.));
#3946=CARTESIAN_POINT('Ctrl Pts',(-1.01848401167561,-0.537298296174993,
1.));
#3947=CARTESIAN_POINT('Ctrl Pts',(-1.01355201927993,-0.537455714826339,
0.));
#3948=CARTESIAN_POINT('Ctrl Pts',(-1.01355201927993,-0.537455714826339,
1.));
#3949=CARTESIAN_POINT('Ctrl Pts',(-1.00863156989712,-0.53756996901021,0.));
#3950=CARTESIAN_POINT('Ctrl Pts',(-1.00863156989712,-0.53756996901021,1.));
#3951=CARTESIAN_POINT('Ctrl Pts',(-1.00372319569994,-0.537640441188775,
0.));
#3952=CARTESIAN_POINT('Ctrl Pts',(-1.00372319569994,-0.537640441188775,
1.));
#3953=CARTESIAN_POINT('Ctrl Pts',(-0.99882744935437,-0.537666477779361,
0.));
#3954=CARTESIAN_POINT('Ctrl Pts',(-0.99882744935437,-0.537666477779361,
1.));
#3955=CARTESIAN_POINT('Ctrl Pts',(-0.993944856618099,-0.537647492995525,
0.));
#3956=CARTESIAN_POINT('Ctrl Pts',(-0.993944856618099,-0.537647492995525,
1.));
#3957=CARTESIAN_POINT('Ctrl Pts',(-0.989075872668619,-0.537583064566667,
0.));
#3958=CARTESIAN_POINT('Ctrl Pts',(-0.989075872668619,-0.537583064566667,
1.));
#3959=CARTESIAN_POINT('Ctrl Pts',(-0.984220819988498,-0.53747306985539,
0.));
#3960=CARTESIAN_POINT('Ctrl Pts',(-0.984220819988498,-0.53747306985539,
1.));
#3961=CARTESIAN_POINT('Ctrl Pts',(-0.97937988799135,-0.537317687238089,
0.));
#3962=CARTESIAN_POINT('Ctrl Pts',(-0.97937988799135,-0.537317687238089,
1.));
#3963=CARTESIAN_POINT('Ctrl Pts',(-0.974553268148858,-0.537117101731316,
0.));
#3964=CARTESIAN_POINT('Ctrl Pts',(-0.974553268148858,-0.537117101731316,
1.));
#3965=CARTESIAN_POINT('Ctrl Pts',(-0.969741270335942,-0.536871251680842,
0.));
#3966=CARTESIAN_POINT('Ctrl Pts',(-0.969741270335942,-0.536871251680842,
1.));
#3967=CARTESIAN_POINT('Ctrl Pts',(-0.964944428442558,-0.536579599045331,
0.));
#3968=CARTESIAN_POINT('Ctrl Pts',(-0.964944428442558,-0.536579599045331,
1.));
#3969=CARTESIAN_POINT('Ctrl Pts',(-0.960163654286065,-0.536240794122494,
0.));
#3970=CARTESIAN_POINT('Ctrl Pts',(-0.960163654286065,-0.536240794122494,
1.));
#3971=CARTESIAN_POINT('Ctrl Pts',(-0.955400225223875,-0.535852704033973,
0.));
#3972=CARTESIAN_POINT('Ctrl Pts',(-0.955400225223875,-0.535852704033973,
1.));
#3973=CARTESIAN_POINT('Ctrl Pts',(-0.950655474490811,-0.535413091452454,
0.));
#3974=CARTESIAN_POINT('Ctrl Pts',(-0.950655474490811,-0.535413091452454,
1.));
#3975=CARTESIAN_POINT('Ctrl Pts',(-0.945930523377664,-0.53492020180586,
0.));
#3976=CARTESIAN_POINT('Ctrl Pts',(-0.945930523377664,-0.53492020180586,
1.));
#3977=CARTESIAN_POINT('Ctrl Pts',(-0.941226046139424,-0.53437327920303,
0.));
#3978=CARTESIAN_POINT('Ctrl Pts',(-0.941226046139424,-0.53437327920303,
1.));
#3979=CARTESIAN_POINT('Ctrl Pts',(-0.936541900137231,-0.533773376612091,
0.));
#3980=CARTESIAN_POINT('Ctrl Pts',(-0.936541900137231,-0.533773376612091,
1.));
#3981=CARTESIAN_POINT('Ctrl Pts',(-0.931877242280249,-0.533123104466763,
0.));
#3982=CARTESIAN_POINT('Ctrl Pts',(-0.931877242280249,-0.533123104466763,
1.));
#3983=CARTESIAN_POINT('Ctrl Pts',(-0.927231278484528,-0.532424997547601,
0.));
#3984=CARTESIAN_POINT('Ctrl Pts',(-0.927231278484528,-0.532424997547601,
1.));
#3985=CARTESIAN_POINT('Ctrl Pts',(-0.922603916534506,-0.531680092545967,
0.));
#3986=CARTESIAN_POINT('Ctrl Pts',(-0.922603916534506,-0.531680092545967,
1.));
#3987=CARTESIAN_POINT('Ctrl Pts',(-0.917996329951463,-0.530886700602903,
0.));
#3988=CARTESIAN_POINT('Ctrl Pts',(-0.917996329951463,-0.530886700602903,
1.));
#3989=CARTESIAN_POINT('Ctrl Pts',(-0.913411876093583,-0.530038405047437,
0.));
#3990=CARTESIAN_POINT('Ctrl Pts',(-0.913411876093583,-0.530038405047437,
1.));
#3991=CARTESIAN_POINT('Ctrl Pts',(-0.908855599444883,-0.529125154294614,
0.));
#3992=CARTESIAN_POINT('Ctrl Pts',(-0.908855599444883,-0.529125154294614,
1.));
#3993=CARTESIAN_POINT('Ctrl Pts',(-0.904332535841168,-0.528136981062893,
0.));
#3994=CARTESIAN_POINT('Ctrl Pts',(-0.904332535841168,-0.528136981062893,
1.));
#3995=CARTESIAN_POINT('Ctrl Pts',(-0.899846209227709,-0.527067294890834,
0.));
#3996=CARTESIAN_POINT('Ctrl Pts',(-0.899846209227709,-0.527067294890834,
1.));
#3997=CARTESIAN_POINT('Ctrl Pts',(-0.895397359479866,-0.525915681905496,
0.));
#3998=CARTESIAN_POINT('Ctrl Pts',(-0.895397359479866,-0.525915681905496,
1.));
#3999=CARTESIAN_POINT('Ctrl Pts',(-0.890981786953846,-0.524692605661412,
0.));
#4000=CARTESIAN_POINT('Ctrl Pts',(-0.890981786953846,-0.524692605661412,
1.));
#4001=CARTESIAN_POINT('Ctrl Pts',(-0.886592489455532,-0.523414859062889,
0.));
#4002=CARTESIAN_POINT('Ctrl Pts',(-0.886592489455532,-0.523414859062889,
1.));
#4003=CARTESIAN_POINT('Ctrl Pts',(-0.882223914834255,-0.522096450865221,
0.));
#4004=CARTESIAN_POINT('Ctrl Pts',(-0.882223914834255,-0.522096450865221,
1.));
#4005=CARTESIAN_POINT('Ctrl Pts',(-0.877875756517633,-0.520740489785209,
0.));
#4006=CARTESIAN_POINT('Ctrl Pts',(-0.877875756517633,-0.520740489785209,
1.));
#4007=CARTESIAN_POINT('Ctrl Pts',(-0.87355648859868,-0.519331602303285,
0.));
#4008=CARTESIAN_POINT('Ctrl Pts',(-0.87355648859868,-0.519331602303285,
1.));
#4009=CARTESIAN_POINT('Ctrl Pts',(-0.869288208966188,-0.51782560343061,
0.));
#4010=CARTESIAN_POINT('Ctrl Pts',(-0.869288208966188,-0.51782560343061,
1.));
#4011=CARTESIAN_POINT('Ctrl Pts',(-0.865101192306787,-0.516160824213431,
0.));
#4012=CARTESIAN_POINT('Ctrl Pts',(-0.865101192306787,-0.516160824213431,
1.));
#4013=CARTESIAN_POINT('Ctrl Pts',(-0.861841165522407,-0.514651563438242,
0.));
#4014=CARTESIAN_POINT('Ctrl Pts',(-0.861841165522407,-0.514651563438242,
1.));
#4015=CARTESIAN_POINT('Ctrl Pts',(-0.859457442184593,-0.513397351296533,
0.));
#4016=CARTESIAN_POINT('Ctrl Pts',(-0.859457442184593,-0.513397351296533,
1.));
#4017=CARTESIAN_POINT('Ctrl Pts',(-0.85789692971877,-0.512503991181677,
0.));
#4018=CARTESIAN_POINT('Ctrl Pts',(-0.85789692971877,-0.512503991181677,
1.));
#4019=CARTESIAN_POINT('Ctrl Pts',(-0.857123832721031,-0.512043006181727,
0.));
#4020=CARTESIAN_POINT('Ctrl Pts',(-0.857123832721031,-0.512043006181727,
1.));
#4021=CARTESIAN_POINT('',(-0.857123832721031,-0.512043006181727,1.));
#4022=CARTESIAN_POINT('',(-0.857123832721031,-0.512043006181727,0.));
#4023=CARTESIAN_POINT('Ctrl Pts',(-1.19580769472723,-0.506393893245676,
1.));
#4024=CARTESIAN_POINT('Ctrl Pts',(-1.19478007904541,-0.50670410884242,1.));
#4025=CARTESIAN_POINT('Ctrl Pts',(-1.19272503384137,-0.507320862643013,
1.));
#4026=CARTESIAN_POINT('Ctrl Pts',(-1.18964302451569,-0.508234961165512,
1.));
#4027=CARTESIAN_POINT('Ctrl Pts',(-1.1855347960663,-0.509431687505568,1.));
#4028=CARTESIAN_POINT('Ctrl Pts',(-1.18040138853077,-0.510890759051708,
1.));
#4029=CARTESIAN_POINT('Ctrl Pts',(-1.17526990254879,-0.512312916982148,
1.));
#4030=CARTESIAN_POINT('Ctrl Pts',(-1.1701404228613,-0.513698062177983,1.));
#4031=CARTESIAN_POINT('Ctrl Pts',(-1.16501308732656,-0.515046078775715,
1.));
#4032=CARTESIAN_POINT('Ctrl Pts',(-1.15988810304664,-0.516356839884965,
1.));
#4033=CARTESIAN_POINT('Ctrl Pts',(-1.15476573181849,-0.517630210404991,
1.));
#4034=CARTESIAN_POINT('Ctrl Pts',(-1.14964626955801,-0.518866049285247,
1.));
#4035=CARTESIAN_POINT('Ctrl Pts',(-1.14453002710154,-0.520064212397826,
1.));
#4036=CARTESIAN_POINT('Ctrl Pts',(-1.13941731209447,-0.521224555047022,
1.));
#4037=CARTESIAN_POINT('Ctrl Pts',(-1.13430840621272,-0.52234693586486,1.));
#4038=CARTESIAN_POINT('Ctrl Pts',(-1.12920356583287,-0.523431215513133,
1.));
#4039=CARTESIAN_POINT('Ctrl Pts',(-1.12410303427324,-0.524477253007373,
1.));
#4040=CARTESIAN_POINT('Ctrl Pts',(-1.11900705073807,-0.525484902896054,
1.));
#4041=CARTESIAN_POINT('Ctrl Pts',(-1.11391585971985,-0.526454012693529,
1.));
#4042=CARTESIAN_POINT('Ctrl Pts',(-1.10882972232057,-0.52738441966244,1.));
#4043=CARTESIAN_POINT('Ctrl Pts',(-1.10374891791425,-0.528275951481006,
1.));
#4044=CARTESIAN_POINT('Ctrl Pts',(-1.09867373718634,-0.529128430187035,
1.));
#4045=CARTESIAN_POINT('Ctrl Pts',(-1.09360447732089,-0.529941675781995,
1.));
#4046=CARTESIAN_POINT('Ctrl Pts',(-1.08854143687136,-0.530715509528064,
1.));
#4047=CARTESIAN_POINT('Ctrl Pts',(-1.08348490928454,-0.531449759434926,
1.));
#4048=CARTESIAN_POINT('Ctrl Pts',(-1.07843518219435,-0.532144258708831,
1.));
#4049=CARTESIAN_POINT('Ctrl Pts',(-1.07339254450686,-0.532798835065233,
1.));
#4050=CARTESIAN_POINT('Ctrl Pts',(-1.06835729181238,-0.533413301987655,
1.));
#4051=CARTESIAN_POINT('Ctrl Pts',(-1.06332973174007,-0.533987450729123,
1.));
#4052=CARTESIAN_POINT('Ctrl Pts',(-1.05831019095831,-0.534521039252228,
1.));
#4053=CARTESIAN_POINT('Ctrl Pts',(-1.05329901582313,-0.535013792910538,
1.));
#4054=CARTESIAN_POINT('Ctrl Pts',(-1.04829656159389,-0.535465425780804,
1.));
#4055=CARTESIAN_POINT('Ctrl Pts',(-1.04330318353167,-0.53587565897246,1.));
#4056=CARTESIAN_POINT('Ctrl Pts',(-1.03831922849653,-0.536244237651387,
1.));
#4057=CARTESIAN_POINT('Ctrl Pts',(-1.03334502312347,-0.536570955624736,
1.));
#4058=CARTESIAN_POINT('Ctrl Pts',(-1.02838087358201,-0.536855655295113,
1.));
#4059=CARTESIAN_POINT('Ctrl Pts',(-1.02342709077931,-0.537098173583116,
1.));
#4060=CARTESIAN_POINT('Ctrl Pts',(-1.01848401167561,-0.537298296174993,
1.));
#4061=CARTESIAN_POINT('Ctrl Pts',(-1.01355201927993,-0.537455714826339,
1.));
#4062=CARTESIAN_POINT('Ctrl Pts',(-1.00863156989712,-0.53756996901021,1.));
#4063=CARTESIAN_POINT('Ctrl Pts',(-1.00372319569994,-0.537640441188775,
1.));
#4064=CARTESIAN_POINT('Ctrl Pts',(-0.99882744935437,-0.537666477779361,
1.));
#4065=CARTESIAN_POINT('Ctrl Pts',(-0.993944856618099,-0.537647492995525,
1.));
#4066=CARTESIAN_POINT('Ctrl Pts',(-0.989075872668619,-0.537583064566667,
1.));
#4067=CARTESIAN_POINT('Ctrl Pts',(-0.984220819988498,-0.53747306985539,
1.));
#4068=CARTESIAN_POINT('Ctrl Pts',(-0.97937988799135,-0.537317687238089,
1.));
#4069=CARTESIAN_POINT('Ctrl Pts',(-0.974553268148858,-0.537117101731316,
1.));
#4070=CARTESIAN_POINT('Ctrl Pts',(-0.969741270335942,-0.536871251680842,
1.));
#4071=CARTESIAN_POINT('Ctrl Pts',(-0.964944428442558,-0.536579599045331,
1.));
#4072=CARTESIAN_POINT('Ctrl Pts',(-0.960163654286065,-0.536240794122494,
1.));
#4073=CARTESIAN_POINT('Ctrl Pts',(-0.955400225223875,-0.535852704033973,
1.));
#4074=CARTESIAN_POINT('Ctrl Pts',(-0.950655474490811,-0.535413091452454,
1.));
#4075=CARTESIAN_POINT('Ctrl Pts',(-0.945930523377664,-0.53492020180586,
1.));
#4076=CARTESIAN_POINT('Ctrl Pts',(-0.941226046139424,-0.53437327920303,
1.));
#4077=CARTESIAN_POINT('Ctrl Pts',(-0.936541900137231,-0.533773376612091,
1.));
#4078=CARTESIAN_POINT('Ctrl Pts',(-0.931877242280249,-0.533123104466763,
1.));
#4079=CARTESIAN_POINT('Ctrl Pts',(-0.927231278484528,-0.532424997547601,
1.));
#4080=CARTESIAN_POINT('Ctrl Pts',(-0.922603916534506,-0.531680092545967,
1.));
#4081=CARTESIAN_POINT('Ctrl Pts',(-0.917996329951463,-0.530886700602903,
1.));
#4082=CARTESIAN_POINT('Ctrl Pts',(-0.913411876093583,-0.530038405047437,
1.));
#4083=CARTESIAN_POINT('Ctrl Pts',(-0.908855599444883,-0.529125154294614,
1.));
#4084=CARTESIAN_POINT('Ctrl Pts',(-0.904332535841168,-0.528136981062893,
1.));
#4085=CARTESIAN_POINT('Ctrl Pts',(-0.899846209227709,-0.527067294890834,
1.));
#4086=CARTESIAN_POINT('Ctrl Pts',(-0.895397359479866,-0.525915681905496,
1.));
#4087=CARTESIAN_POINT('Ctrl Pts',(-0.890981786953846,-0.524692605661412,
1.));
#4088=CARTESIAN_POINT('Ctrl Pts',(-0.886592489455532,-0.523414859062889,
1.));
#4089=CARTESIAN_POINT('Ctrl Pts',(-0.882223914834255,-0.522096450865221,
1.));
#4090=CARTESIAN_POINT('Ctrl Pts',(-0.877875756517633,-0.520740489785209,
1.));
#4091=CARTESIAN_POINT('Ctrl Pts',(-0.87355648859868,-0.519331602303285,
1.));
#4092=CARTESIAN_POINT('Ctrl Pts',(-0.869288208966188,-0.51782560343061,
1.));
#4093=CARTESIAN_POINT('Ctrl Pts',(-0.865101192306787,-0.516160824213431,
1.));
#4094=CARTESIAN_POINT('Ctrl Pts',(-0.861841165522407,-0.514651563438242,
1.));
#4095=CARTESIAN_POINT('Ctrl Pts',(-0.859457442184593,-0.513397351296533,
1.));
#4096=CARTESIAN_POINT('Ctrl Pts',(-0.85789692971877,-0.512503991181677,
1.));
#4097=CARTESIAN_POINT('Ctrl Pts',(-0.857123832721031,-0.512043006181727,
1.));
#4098=CARTESIAN_POINT('Origin',(-0.857123832721031,-0.512043006181727,0.));
#4099=CARTESIAN_POINT('',(-0.772368043980161,-0.461504526039207,1.));
#4100=CARTESIAN_POINT('',(-0.772368043980161,-0.461504526039207,0.));
#4101=CARTESIAN_POINT('',(-0.663612949566172,-0.396655655406388,1.));
#4102=CARTESIAN_POINT('Origin',(-0.702716090985791,-0.578314651645124,0.));
#4103=CARTESIAN_POINT('',(-0.597704786156449,-0.491893439792713,1.));
#4104=CARTESIAN_POINT('',(-0.597704786156449,-0.491893439792713,0.));
#4105=CARTESIAN_POINT('Origin',(-0.702716090985791,-0.578314651645124,1.));
#4106=CARTESIAN_POINT('Origin',(0.,0.,0.));
#4107=CARTESIAN_POINT('',(-0.588210820062578,-0.503207907993052,1.));
#4108=CARTESIAN_POINT('',(-0.588210820062578,-0.503207907993052,0.));
#4109=CARTESIAN_POINT('Origin',(0.,0.,1.));
#4110=CARTESIAN_POINT('Origin',(-0.691554121237584,-0.591616969192977,0.));
#4111=CARTESIAN_POINT('',(-0.588613538618962,-0.680494617958788,1.));
#4112=CARTESIAN_POINT('',(-0.588613538618962,-0.680494617958788,0.));
#4113=CARTESIAN_POINT('Origin',(-0.691554121237584,-0.591616969192977,1.));
#4114=CARTESIAN_POINT('Origin',(-0.505864744088692,-0.584652646009465,0.));
#4115=CARTESIAN_POINT('',(-0.653101913950345,-0.755186860844657,1.));
#4116=CARTESIAN_POINT('',(-0.653101913950345,-0.755186860844657,0.));
#4117=CARTESIAN_POINT('',(-0.505864744088692,-0.584652646009465,1.));
#4118=CARTESIAN_POINT('Ctrl Pts',(-0.653101913950345,-0.755186860844657,
0.));
#4119=CARTESIAN_POINT('Ctrl Pts',(-0.653101913950345,-0.755186860844657,
1.));
#4120=CARTESIAN_POINT('Ctrl Pts',(-0.653690142437135,-0.755868163556687,
0.));
#4121=CARTESIAN_POINT('Ctrl Pts',(-0.653690142437135,-0.755868163556687,
1.));
#4122=CARTESIAN_POINT('Ctrl Pts',(-0.654840910550394,-0.757249837975756,
0.));
#4123=CARTESIAN_POINT('Ctrl Pts',(-0.654840910550394,-0.757249837975756,
1.));
#4124=CARTESIAN_POINT('Ctrl Pts',(-0.656489997605144,-0.759379555547057,
0.));
#4125=CARTESIAN_POINT('Ctrl Pts',(-0.656489997605144,-0.759379555547057,
1.));
#4126=CARTESIAN_POINT('Ctrl Pts',(-0.658542427028121,-0.762327974816105,
0.));
#4127=CARTESIAN_POINT('Ctrl Pts',(-0.658542427028121,-0.762327974816105,
1.));
#4128=CARTESIAN_POINT('Ctrl Pts',(-0.660908982321019,-0.766162295406994,
0.));
#4129=CARTESIAN_POINT('Ctrl Pts',(-0.660908982321019,-0.766162295406994,
1.));
#4130=CARTESIAN_POINT('Ctrl Pts',(-0.663133280666811,-0.770104216321288,
0.));
#4131=CARTESIAN_POINT('Ctrl Pts',(-0.663133280666811,-0.770104216321288,
1.));
#4132=CARTESIAN_POINT('Ctrl Pts',(-0.665270796985114,-0.774113214111435,
0.));
#4133=CARTESIAN_POINT('Ctrl Pts',(-0.665270796985114,-0.774113214111435,
1.));
#4134=CARTESIAN_POINT('Ctrl Pts',(-0.667361207737381,-0.778159853962438,
0.));
#4135=CARTESIAN_POINT('Ctrl Pts',(-0.667361207737381,-0.778159853962438,
1.));
#4136=CARTESIAN_POINT('Ctrl Pts',(-0.669418181374066,-0.782233120938138,
0.));
#4137=CARTESIAN_POINT('Ctrl Pts',(-0.669418181374066,-0.782233120938138,
1.));
#4138=CARTESIAN_POINT('Ctrl Pts',(-0.671438709642497,-0.786333856776401,
0.));
#4139=CARTESIAN_POINT('Ctrl Pts',(-0.671438709642497,-0.786333856776401,
1.));
#4140=CARTESIAN_POINT('Ctrl Pts',(-0.673409960732695,-0.790469961873081,
0.));
#4141=CARTESIAN_POINT('Ctrl Pts',(-0.673409960732695,-0.790469961873081,
1.));
#4142=CARTESIAN_POINT('Ctrl Pts',(-0.675316612780553,-0.794651248100462,
0.));
#4143=CARTESIAN_POINT('Ctrl Pts',(-0.675316612780553,-0.794651248100462,
1.));
#4144=CARTESIAN_POINT('Ctrl Pts',(-0.677149090456932,-0.798883668277487,
0.));
#4145=CARTESIAN_POINT('Ctrl Pts',(-0.677149090456932,-0.798883668277487,
1.));
#4146=CARTESIAN_POINT('Ctrl Pts',(-0.678907672869106,-0.803166421900885,
0.));
#4147=CARTESIAN_POINT('Ctrl Pts',(-0.678907672869106,-0.803166421900885,
1.));
#4148=CARTESIAN_POINT('Ctrl Pts',(-0.680598238427924,-0.807494894140413,
0.));
#4149=CARTESIAN_POINT('Ctrl Pts',(-0.680598238427924,-0.807494894140413,
1.));
#4150=CARTESIAN_POINT('Ctrl Pts',(-0.682229728525812,-0.81186239486565,
0.));
#4151=CARTESIAN_POINT('Ctrl Pts',(-0.682229728525812,-0.81186239486565,
1.));
#4152=CARTESIAN_POINT('Ctrl Pts',(-0.683811166076106,-0.816262210790217,
0.));
#4153=CARTESIAN_POINT('Ctrl Pts',(-0.683811166076106,-0.816262210790217,
1.));
#4154=CARTESIAN_POINT('Ctrl Pts',(-0.685348287267,-0.820689921318524,0.));
#4155=CARTESIAN_POINT('Ctrl Pts',(-0.685348287267,-0.820689921318524,1.));
#4156=CARTESIAN_POINT('Ctrl Pts',(-0.686842551520055,-0.825144077490435,
0.));
#4157=CARTESIAN_POINT('Ctrl Pts',(-0.686842551520055,-0.825144077490435,
1.));
#4158=CARTESIAN_POINT('Ctrl Pts',(-0.688292953906648,-0.829624950140116,
0.));
#4159=CARTESIAN_POINT('Ctrl Pts',(-0.688292953906648,-0.829624950140116,
1.));
#4160=CARTESIAN_POINT('Ctrl Pts',(-0.689697136046463,-0.834133761447623,
0.));
#4161=CARTESIAN_POINT('Ctrl Pts',(-0.689697136046463,-0.834133761447623,
1.));
#4162=CARTESIAN_POINT('Ctrl Pts',(-0.691052673565323,-0.838671794992405,
0.));
#4163=CARTESIAN_POINT('Ctrl Pts',(-0.691052673565323,-0.838671794992405,
1.));
#4164=CARTESIAN_POINT('Ctrl Pts',(-0.692358554261032,-0.843239374092314,
0.));
#4165=CARTESIAN_POINT('Ctrl Pts',(-0.692358554261032,-0.843239374092314,
1.));
#4166=CARTESIAN_POINT('Ctrl Pts',(-0.693615405457914,-0.847835703476685,
0.));
#4167=CARTESIAN_POINT('Ctrl Pts',(-0.693615405457914,-0.847835703476685,
1.));
#4168=CARTESIAN_POINT('Ctrl Pts',(-0.694824760362052,-0.852459374211411,
0.));
#4169=CARTESIAN_POINT('Ctrl Pts',(-0.694824760362052,-0.852459374211411,
1.));
#4170=CARTESIAN_POINT('Ctrl Pts',(-0.695988590796932,-0.85710868480869,
0.));
#4171=CARTESIAN_POINT('Ctrl Pts',(-0.695988590796932,-0.85710868480869,
1.));
#4172=CARTESIAN_POINT('Ctrl Pts',(-0.697108775426913,-0.8617820069466,0.));
#4173=CARTESIAN_POINT('Ctrl Pts',(-0.697108775426913,-0.8617820069466,1.));
#4174=CARTESIAN_POINT('Ctrl Pts',(-0.698186485113848,-0.866478208286994,
0.));
#4175=CARTESIAN_POINT('Ctrl Pts',(-0.698186485113848,-0.866478208286994,
1.));
#4176=CARTESIAN_POINT('Ctrl Pts',(-0.699222157016,-0.871196669621005,0.));
#4177=CARTESIAN_POINT('Ctrl Pts',(-0.699222157016,-0.871196669621005,1.));
#4178=CARTESIAN_POINT('Ctrl Pts',(-0.700215798041716,-0.875937075075266,
0.));
#4179=CARTESIAN_POINT('Ctrl Pts',(-0.700215798041716,-0.875937075075266,
1.));
#4180=CARTESIAN_POINT('Ctrl Pts',(-0.701167192736552,-0.880699268214765,
0.));
#4181=CARTESIAN_POINT('Ctrl Pts',(-0.701167192736552,-0.880699268214765,
1.));
#4182=CARTESIAN_POINT('Ctrl Pts',(-0.702076132542722,-0.885483093478244,
0.));
#4183=CARTESIAN_POINT('Ctrl Pts',(-0.702076132542722,-0.885483093478244,
1.));
#4184=CARTESIAN_POINT('Ctrl Pts',(-0.702942682235976,-0.890288211986608,
0.));
#4185=CARTESIAN_POINT('Ctrl Pts',(-0.702942682235976,-0.890288211986608,
1.));
#4186=CARTESIAN_POINT('Ctrl Pts',(-0.703767178630931,-0.895114102151011,
0.));
#4187=CARTESIAN_POINT('Ctrl Pts',(-0.703767178630931,-0.895114102151011,
1.));
#4188=CARTESIAN_POINT('Ctrl Pts',(-0.704550107317759,-0.899960144480471,
0.));
#4189=CARTESIAN_POINT('Ctrl Pts',(-0.704550107317759,-0.899960144480471,
1.));
#4190=CARTESIAN_POINT('Ctrl Pts',(-0.705292015980294,-0.90482568121178,
0.));
#4191=CARTESIAN_POINT('Ctrl Pts',(-0.705292015980294,-0.90482568121178,
1.));
#4192=CARTESIAN_POINT('Ctrl Pts',(-0.705993420363757,-0.909710081022779,
0.));
#4193=CARTESIAN_POINT('Ctrl Pts',(-0.705993420363757,-0.909710081022779,
1.));
#4194=CARTESIAN_POINT('Ctrl Pts',(-0.706654694762145,-0.914612814571248,
0.));
#4195=CARTESIAN_POINT('Ctrl Pts',(-0.706654694762145,-0.914612814571248,
1.));
#4196=CARTESIAN_POINT('Ctrl Pts',(-0.70727607622812,-0.919533451140852,
0.));
#4197=CARTESIAN_POINT('Ctrl Pts',(-0.70727607622812,-0.919533451140852,
1.));
#4198=CARTESIAN_POINT('Ctrl Pts',(-0.707857717306992,-0.924471621675334,
0.));
#4199=CARTESIAN_POINT('Ctrl Pts',(-0.707857717306992,-0.924471621675334,
1.));
#4200=CARTESIAN_POINT('Ctrl Pts',(-0.708399724612163,-0.929426991672478,
0.));
#4201=CARTESIAN_POINT('Ctrl Pts',(-0.708399724612163,-0.929426991672478,
1.));
#4202=CARTESIAN_POINT('Ctrl Pts',(-0.708902200180986,-0.934399232247671,
0.));
#4203=CARTESIAN_POINT('Ctrl Pts',(-0.708902200180986,-0.934399232247671,
1.));
#4204=CARTESIAN_POINT('Ctrl Pts',(-0.709365290354208,-0.93938798592322,
0.));
#4205=CARTESIAN_POINT('Ctrl Pts',(-0.709365290354208,-0.93938798592322,
1.));
#4206=CARTESIAN_POINT('Ctrl Pts',(-0.709789185862824,-0.944392866857162,
0.));
#4207=CARTESIAN_POINT('Ctrl Pts',(-0.709789185862824,-0.944392866857162,
1.));
#4208=CARTESIAN_POINT('Ctrl Pts',(-0.710174099669989,-0.949413476756792,
0.));
#4209=CARTESIAN_POINT('Ctrl Pts',(-0.710174099669989,-0.949413476756792,
1.));
#4210=CARTESIAN_POINT('Ctrl Pts',(-0.710520251664994,-0.954449416109888,
0.));
#4211=CARTESIAN_POINT('Ctrl Pts',(-0.710520251664994,-0.954449416109888,
1.));
#4212=CARTESIAN_POINT('Ctrl Pts',(-0.710827852177682,-0.959500296130498,
0.));
#4213=CARTESIAN_POINT('Ctrl Pts',(-0.710827852177682,-0.959500296130498,
1.));
#4214=CARTESIAN_POINT('Ctrl Pts',(-0.711097082843001,-0.96456575308372,
0.));
#4215=CARTESIAN_POINT('Ctrl Pts',(-0.711097082843001,-0.96456575308372,
1.));
#4216=CARTESIAN_POINT('Ctrl Pts',(-0.711328095817345,-0.969645447765423,
0.));
#4217=CARTESIAN_POINT('Ctrl Pts',(-0.711328095817345,-0.969645447765423,
1.));
#4218=CARTESIAN_POINT('Ctrl Pts',(-0.711521023454869,-0.974739056687744,
0.));
#4219=CARTESIAN_POINT('Ctrl Pts',(-0.711521023454869,-0.974739056687744,
1.));
#4220=CARTESIAN_POINT('Ctrl Pts',(-0.711675985254716,-0.979846265416842,
0.));
#4221=CARTESIAN_POINT('Ctrl Pts',(-0.711675985254716,-0.979846265416842,
1.));
#4222=CARTESIAN_POINT('Ctrl Pts',(-0.71179309552956,-0.984966761725173,
0.));
#4223=CARTESIAN_POINT('Ctrl Pts',(-0.71179309552956,-0.984966761725173,
1.));
#4224=CARTESIAN_POINT('Ctrl Pts',(-0.711872472700295,-0.990100226758257,
0.));
#4225=CARTESIAN_POINT('Ctrl Pts',(-0.711872472700295,-0.990100226758257,
1.));
#4226=CARTESIAN_POINT('Ctrl Pts',(-0.711914240946053,-0.995246335460848,
0.));
#4227=CARTESIAN_POINT('Ctrl Pts',(-0.711914240946053,-0.995246335460848,
1.));
#4228=CARTESIAN_POINT('Ctrl Pts',(-0.71191852592531,-1.00040476390735,0.));
#4229=CARTESIAN_POINT('Ctrl Pts',(-0.71191852592531,-1.00040476390735,1.));
#4230=CARTESIAN_POINT('Ctrl Pts',(-0.711885452419619,-1.00557519492569,
0.));
#4231=CARTESIAN_POINT('Ctrl Pts',(-0.711885452419619,-1.00557519492569,
1.));
#4232=CARTESIAN_POINT('Ctrl Pts',(-0.711815141620013,-1.01075732346279,
0.));
#4233=CARTESIAN_POINT('Ctrl Pts',(-0.711815141620013,-1.01075732346279,
1.));
#4234=CARTESIAN_POINT('Ctrl Pts',(-0.711707708451623,-1.01595086412435,
0.));
#4235=CARTESIAN_POINT('Ctrl Pts',(-0.711707708451623,-1.01595086412435,
1.));
#4236=CARTESIAN_POINT('Ctrl Pts',(-0.711563260627816,-1.0211555496534,0.));
#4237=CARTESIAN_POINT('Ctrl Pts',(-0.711563260627816,-1.0211555496534,1.));
#4238=CARTESIAN_POINT('Ctrl Pts',(-0.711381899853004,-1.02637111922237,
0.));
#4239=CARTESIAN_POINT('Ctrl Pts',(-0.711381899853004,-1.02637111922237,
1.));
#4240=CARTESIAN_POINT('Ctrl Pts',(-0.711163722718004,-1.03159730872779,
0.));
#4241=CARTESIAN_POINT('Ctrl Pts',(-0.711163722718004,-1.03159730872779,
1.));
#4242=CARTESIAN_POINT('Ctrl Pts',(-0.710908821924832,-1.0368338414922,0.));
#4243=CARTESIAN_POINT('Ctrl Pts',(-0.710908821924832,-1.0368338414922,1.));
#4244=CARTESIAN_POINT('Ctrl Pts',(-0.710617287781259,-1.04208041557067,
0.));
#4245=CARTESIAN_POINT('Ctrl Pts',(-0.710617287781259,-1.04208041557067,
1.));
#4246=CARTESIAN_POINT('Ctrl Pts',(-0.710289209362676,-1.04733670286548,
0.));
#4247=CARTESIAN_POINT('Ctrl Pts',(-0.710289209362676,-1.04733670286548,
1.));
#4248=CARTESIAN_POINT('Ctrl Pts',(-0.7099246746312,-1.05260237223508,0.));
#4249=CARTESIAN_POINT('Ctrl Pts',(-0.7099246746312,-1.05260237223508,1.));
#4250=CARTESIAN_POINT('Ctrl Pts',(-0.709523771109242,-1.05787710776598,
0.));
#4251=CARTESIAN_POINT('Ctrl Pts',(-0.709523771109242,-1.05787710776598,
1.));
#4252=CARTESIAN_POINT('Ctrl Pts',(-0.709086586384502,-1.06316062817855,
0.));
#4253=CARTESIAN_POINT('Ctrl Pts',(-0.709086586384502,-1.06316062817855,
1.));
#4254=CARTESIAN_POINT('Ctrl Pts',(-0.708613209456708,-1.06845270748277,
0.));
#4255=CARTESIAN_POINT('Ctrl Pts',(-0.708613209456708,-1.06845270748277,
1.));
#4256=CARTESIAN_POINT('Ctrl Pts',(-0.708103730490297,-1.07375318979527,
0.));
#4257=CARTESIAN_POINT('Ctrl Pts',(-0.708103730490297,-1.07375318979527,
1.));
#4258=CARTESIAN_POINT('Ctrl Pts',(-0.707558232383226,-1.07906197445071,
0.));
#4259=CARTESIAN_POINT('Ctrl Pts',(-0.707558232383226,-1.07906197445071,
1.));
#4260=CARTESIAN_POINT('Ctrl Pts',(-0.70709307338898,-1.08331559902693,0.));
#4261=CARTESIAN_POINT('Ctrl Pts',(-0.70709307338898,-1.08331559902693,1.));
#4262=CARTESIAN_POINT('Ctrl Pts',(-0.706728047379964,-1.08650951724836,
0.));
#4263=CARTESIAN_POINT('Ctrl Pts',(-0.706728047379964,-1.08650951724836,
1.));
#4264=CARTESIAN_POINT('Ctrl Pts',(-0.706477518310144,-1.08864043987163,
0.));
#4265=CARTESIAN_POINT('Ctrl Pts',(-0.706477518310144,-1.08864043987163,
1.));
#4266=CARTESIAN_POINT('Ctrl Pts',(-0.706350459175855,-1.08970631213526,
0.));
#4267=CARTESIAN_POINT('Ctrl Pts',(-0.706350459175855,-1.08970631213526,
1.));
#4268=CARTESIAN_POINT('',(-0.706350459175855,-1.08970631213526,1.));
#4269=CARTESIAN_POINT('',(-0.706350459175855,-1.08970631213526,0.));
#4270=CARTESIAN_POINT('Ctrl Pts',(-0.653101913950345,-0.755186860844657,
1.));
#4271=CARTESIAN_POINT('Ctrl Pts',(-0.653690142437135,-0.755868163556687,
1.));
#4272=CARTESIAN_POINT('Ctrl Pts',(-0.654840910550394,-0.757249837975756,
1.));
#4273=CARTESIAN_POINT('Ctrl Pts',(-0.656489997605144,-0.759379555547057,
1.));
#4274=CARTESIAN_POINT('Ctrl Pts',(-0.658542427028121,-0.762327974816105,
1.));
#4275=CARTESIAN_POINT('Ctrl Pts',(-0.660908982321019,-0.766162295406994,
1.));
#4276=CARTESIAN_POINT('Ctrl Pts',(-0.663133280666811,-0.770104216321288,
1.));
#4277=CARTESIAN_POINT('Ctrl Pts',(-0.665270796985114,-0.774113214111435,
1.));
#4278=CARTESIAN_POINT('Ctrl Pts',(-0.667361207737381,-0.778159853962438,
1.));
#4279=CARTESIAN_POINT('Ctrl Pts',(-0.669418181374066,-0.782233120938138,
1.));
#4280=CARTESIAN_POINT('Ctrl Pts',(-0.671438709642497,-0.786333856776401,
1.));
#4281=CARTESIAN_POINT('Ctrl Pts',(-0.673409960732695,-0.790469961873081,
1.));
#4282=CARTESIAN_POINT('Ctrl Pts',(-0.675316612780553,-0.794651248100462,
1.));
#4283=CARTESIAN_POINT('Ctrl Pts',(-0.677149090456932,-0.798883668277487,
1.));
#4284=CARTESIAN_POINT('Ctrl Pts',(-0.678907672869106,-0.803166421900885,
1.));
#4285=CARTESIAN_POINT('Ctrl Pts',(-0.680598238427924,-0.807494894140413,
1.));
#4286=CARTESIAN_POINT('Ctrl Pts',(-0.682229728525812,-0.81186239486565,
1.));
#4287=CARTESIAN_POINT('Ctrl Pts',(-0.683811166076106,-0.816262210790217,
1.));
#4288=CARTESIAN_POINT('Ctrl Pts',(-0.685348287267,-0.820689921318524,1.));
#4289=CARTESIAN_POINT('Ctrl Pts',(-0.686842551520055,-0.825144077490435,
1.));
#4290=CARTESIAN_POINT('Ctrl Pts',(-0.688292953906648,-0.829624950140116,
1.));
#4291=CARTESIAN_POINT('Ctrl Pts',(-0.689697136046463,-0.834133761447623,
1.));
#4292=CARTESIAN_POINT('Ctrl Pts',(-0.691052673565323,-0.838671794992405,
1.));
#4293=CARTESIAN_POINT('Ctrl Pts',(-0.692358554261032,-0.843239374092314,
1.));
#4294=CARTESIAN_POINT('Ctrl Pts',(-0.693615405457914,-0.847835703476685,
1.));
#4295=CARTESIAN_POINT('Ctrl Pts',(-0.694824760362052,-0.852459374211411,
1.));
#4296=CARTESIAN_POINT('Ctrl Pts',(-0.695988590796932,-0.85710868480869,
1.));
#4297=CARTESIAN_POINT('Ctrl Pts',(-0.697108775426913,-0.8617820069466,1.));
#4298=CARTESIAN_POINT('Ctrl Pts',(-0.698186485113848,-0.866478208286994,
1.));
#4299=CARTESIAN_POINT('Ctrl Pts',(-0.699222157016,-0.871196669621005,1.));
#4300=CARTESIAN_POINT('Ctrl Pts',(-0.700215798041716,-0.875937075075266,
1.));
#4301=CARTESIAN_POINT('Ctrl Pts',(-0.701167192736552,-0.880699268214765,
1.));
#4302=CARTESIAN_POINT('Ctrl Pts',(-0.702076132542722,-0.885483093478244,
1.));
#4303=CARTESIAN_POINT('Ctrl Pts',(-0.702942682235976,-0.890288211986608,
1.));
#4304=CARTESIAN_POINT('Ctrl Pts',(-0.703767178630931,-0.895114102151011,
1.));
#4305=CARTESIAN_POINT('Ctrl Pts',(-0.704550107317759,-0.899960144480471,
1.));
#4306=CARTESIAN_POINT('Ctrl Pts',(-0.705292015980294,-0.90482568121178,
1.));
#4307=CARTESIAN_POINT('Ctrl Pts',(-0.705993420363757,-0.909710081022779,
1.));
#4308=CARTESIAN_POINT('Ctrl Pts',(-0.706654694762145,-0.914612814571248,
1.));
#4309=CARTESIAN_POINT('Ctrl Pts',(-0.70727607622812,-0.919533451140852,
1.));
#4310=CARTESIAN_POINT('Ctrl Pts',(-0.707857717306992,-0.924471621675334,
1.));
#4311=CARTESIAN_POINT('Ctrl Pts',(-0.708399724612163,-0.929426991672478,
1.));
#4312=CARTESIAN_POINT('Ctrl Pts',(-0.708902200180986,-0.934399232247671,
1.));
#4313=CARTESIAN_POINT('Ctrl Pts',(-0.709365290354208,-0.93938798592322,
1.));
#4314=CARTESIAN_POINT('Ctrl Pts',(-0.709789185862824,-0.944392866857162,
1.));
#4315=CARTESIAN_POINT('Ctrl Pts',(-0.710174099669989,-0.949413476756792,
1.));
#4316=CARTESIAN_POINT('Ctrl Pts',(-0.710520251664994,-0.954449416109888,
1.));
#4317=CARTESIAN_POINT('Ctrl Pts',(-0.710827852177682,-0.959500296130498,
1.));
#4318=CARTESIAN_POINT('Ctrl Pts',(-0.711097082843001,-0.96456575308372,
1.));
#4319=CARTESIAN_POINT('Ctrl Pts',(-0.711328095817345,-0.969645447765423,
1.));
#4320=CARTESIAN_POINT('Ctrl Pts',(-0.711521023454869,-0.974739056687744,
1.));
#4321=CARTESIAN_POINT('Ctrl Pts',(-0.711675985254716,-0.979846265416842,
1.));
#4322=CARTESIAN_POINT('Ctrl Pts',(-0.71179309552956,-0.984966761725173,
1.));
#4323=CARTESIAN_POINT('Ctrl Pts',(-0.711872472700295,-0.990100226758257,
1.));
#4324=CARTESIAN_POINT('Ctrl Pts',(-0.711914240946053,-0.995246335460848,
1.));
#4325=CARTESIAN_POINT('Ctrl Pts',(-0.71191852592531,-1.00040476390735,1.));
#4326=CARTESIAN_POINT('Ctrl Pts',(-0.711885452419619,-1.00557519492569,
1.));
#4327=CARTESIAN_POINT('Ctrl Pts',(-0.711815141620013,-1.01075732346279,
1.));
#4328=CARTESIAN_POINT('Ctrl Pts',(-0.711707708451623,-1.01595086412435,
1.));
#4329=CARTESIAN_POINT('Ctrl Pts',(-0.711563260627816,-1.0211555496534,1.));
#4330=CARTESIAN_POINT('Ctrl Pts',(-0.711381899853004,-1.02637111922237,
1.));
#4331=CARTESIAN_POINT('Ctrl Pts',(-0.711163722718004,-1.03159730872779,
1.));
#4332=CARTESIAN_POINT('Ctrl Pts',(-0.710908821924832,-1.0368338414922,1.));
#4333=CARTESIAN_POINT('Ctrl Pts',(-0.710617287781259,-1.04208041557067,
1.));
#4334=CARTESIAN_POINT('Ctrl Pts',(-0.710289209362676,-1.04733670286548,
1.));
#4335=CARTESIAN_POINT('Ctrl Pts',(-0.7099246746312,-1.05260237223508,1.));
#4336=CARTESIAN_POINT('Ctrl Pts',(-0.709523771109242,-1.05787710776598,
1.));
#4337=CARTESIAN_POINT('Ctrl Pts',(-0.709086586384502,-1.06316062817855,
1.));
#4338=CARTESIAN_POINT('Ctrl Pts',(-0.708613209456708,-1.06845270748277,
1.));
#4339=CARTESIAN_POINT('Ctrl Pts',(-0.708103730490297,-1.07375318979527,
1.));
#4340=CARTESIAN_POINT('Ctrl Pts',(-0.707558232383226,-1.07906197445071,
1.));
#4341=CARTESIAN_POINT('Ctrl Pts',(-0.70709307338898,-1.08331559902693,1.));
#4342=CARTESIAN_POINT('Ctrl Pts',(-0.706728047379964,-1.08650951724836,
1.));
#4343=CARTESIAN_POINT('Ctrl Pts',(-0.706477518310144,-1.08864043987163,
1.));
#4344=CARTESIAN_POINT('Ctrl Pts',(-0.706350459175855,-1.08970631213526,
1.));
#4345=CARTESIAN_POINT('Origin',(3.8752792817813E-14,6.71079283078344E-14,
0.));
#4346=CARTESIAN_POINT('',(-0.590538119385462,-1.15657059768872,1.));
#4347=CARTESIAN_POINT('',(-0.590538119385462,-1.15657059768872,0.));
#4348=CARTESIAN_POINT('Origin',(3.8752792817813E-14,6.71079283078344E-14,
1.));
#4349=CARTESIAN_POINT('Ctrl Pts',(-0.590538119385462,-1.15657059768872,
0.));
#4350=CARTESIAN_POINT('Ctrl Pts',(-0.590538119385462,-1.15657059768872,
1.));
#4351=CARTESIAN_POINT('Ctrl Pts',(-0.589551517360824,-1.15614769799498,
0.));
#4352=CARTESIAN_POINT('Ctrl Pts',(-0.589551517360824,-1.15614769799498,
1.));
#4353=CARTESIAN_POINT('Ctrl Pts',(-0.587580819700664,-1.1552992012222,0.));
#4354=CARTESIAN_POINT('Ctrl Pts',(-0.587580819700664,-1.1552992012222,1.));
#4355=CARTESIAN_POINT('Ctrl Pts',(-0.584632292378786,-1.15401836390833,
0.));
#4356=CARTESIAN_POINT('Ctrl Pts',(-0.584632292378786,-1.15401836390833,
1.));
#4357=CARTESIAN_POINT('Ctrl Pts',(-0.580715965940495,-1.15229439112604,
0.));
#4358=CARTESIAN_POINT('Ctrl Pts',(-0.580715965940495,-1.15229439112604,
1.));
#4359=CARTESIAN_POINT('Ctrl Pts',(-0.57584567451213,-1.15011241401676,0.));
#4360=CARTESIAN_POINT('Ctrl Pts',(-0.57584567451213,-1.15011241401676,1.));
#4361=CARTESIAN_POINT('Ctrl Pts',(-0.57100058269399,-1.14790339458812,0.));
#4362=CARTESIAN_POINT('Ctrl Pts',(-0.57100058269399,-1.14790339458812,1.));
#4363=CARTESIAN_POINT('Ctrl Pts',(-0.566180819113799,-1.14566731138104,
0.));
#4364=CARTESIAN_POINT('Ctrl Pts',(-0.566180819113799,-1.14566731138104,
1.));
#4365=CARTESIAN_POINT('Ctrl Pts',(-0.561386563852728,-1.14340416425253,
0.));
#4366=CARTESIAN_POINT('Ctrl Pts',(-0.561386563852728,-1.14340416425253,
1.));
#4367=CARTESIAN_POINT('Ctrl Pts',(-0.556618057123741,-1.14111398912156,
0.));
#4368=CARTESIAN_POINT('Ctrl Pts',(-0.556618057123741,-1.14111398912156,
1.));
#4369=CARTESIAN_POINT('Ctrl Pts',(-0.551875586316007,-1.13879685077478,
0.));
#4370=CARTESIAN_POINT('Ctrl Pts',(-0.551875586316007,-1.13879685077478,
1.));
#4371=CARTESIAN_POINT('Ctrl Pts',(-0.547159468779813,-1.1364528313723,0.));
#4372=CARTESIAN_POINT('Ctrl Pts',(-0.547159468779813,-1.1364528313723,1.));
#4373=CARTESIAN_POINT('Ctrl Pts',(-0.542470035273237,-1.13408202030747,
0.));
#4374=CARTESIAN_POINT('Ctrl Pts',(-0.542470035273237,-1.13408202030747,
1.));
#4375=CARTESIAN_POINT('Ctrl Pts',(-0.537807614474927,-1.1316845044876,0.));
#4376=CARTESIAN_POINT('Ctrl Pts',(-0.537807614474927,-1.1316845044876,1.));
#4377=CARTESIAN_POINT('Ctrl Pts',(-0.533172513030738,-1.12926035667632,
0.));
#4378=CARTESIAN_POINT('Ctrl Pts',(-0.533172513030738,-1.12926035667632,
1.));
#4379=CARTESIAN_POINT('Ctrl Pts',(-0.528565016901402,-1.12680963493008,
0.));
#4380=CARTESIAN_POINT('Ctrl Pts',(-0.528565016901402,-1.12680963493008,
1.));
#4381=CARTESIAN_POINT('Ctrl Pts',(-0.523985403102629,-1.12433238765049,
0.));
#4382=CARTESIAN_POINT('Ctrl Pts',(-0.523985403102629,-1.12433238765049,
1.));
#4383=CARTESIAN_POINT('Ctrl Pts',(-0.519433948369936,-1.12182865717274,
0.));
#4384=CARTESIAN_POINT('Ctrl Pts',(-0.519433948369936,-1.12182865717274,
1.));
#4385=CARTESIAN_POINT('Ctrl Pts',(-0.514910938011328,-1.11929848384281,
0.));
#4386=CARTESIAN_POINT('Ctrl Pts',(-0.514910938011328,-1.11929848384281,
1.));
#4387=CARTESIAN_POINT('Ctrl Pts',(-0.510416676648087,-1.11674191082977,
0.));
#4388=CARTESIAN_POINT('Ctrl Pts',(-0.510416676648087,-1.11674191082977,
1.));
#4389=CARTESIAN_POINT('Ctrl Pts',(-0.505951489059438,-1.11415898570562,
0.));
#4390=CARTESIAN_POINT('Ctrl Pts',(-0.505951489059438,-1.11415898570562,
1.));
#4391=CARTESIAN_POINT('Ctrl Pts',(-0.501515712315238,-1.11154975899243,
0.));
#4392=CARTESIAN_POINT('Ctrl Pts',(-0.501515712315238,-1.11154975899243,
1.));
#4393=CARTESIAN_POINT('Ctrl Pts',(-0.497109689772515,-1.10891428382955,
0.));
#4394=CARTESIAN_POINT('Ctrl Pts',(-0.497109689772515,-1.10891428382955,
1.));
#4395=CARTESIAN_POINT('Ctrl Pts',(-0.492733765026938,-1.10625261520232,
0.));
#4396=CARTESIAN_POINT('Ctrl Pts',(-0.492733765026938,-1.10625261520232,
1.));
#4397=CARTESIAN_POINT('Ctrl Pts',(-0.488388273425033,-1.10356480998249,
0.));
#4398=CARTESIAN_POINT('Ctrl Pts',(-0.488388273425033,-1.10356480998249,
1.));
#4399=CARTESIAN_POINT('Ctrl Pts',(-0.484073542520123,-1.10085092528614,
0.));
#4400=CARTESIAN_POINT('Ctrl Pts',(-0.484073542520123,-1.10085092528614,
1.));
#4401=CARTESIAN_POINT('Ctrl Pts',(-0.47978990436947,-1.09811101484091,0.));
#4402=CARTESIAN_POINT('Ctrl Pts',(-0.47978990436947,-1.09811101484091,1.));
#4403=CARTESIAN_POINT('Ctrl Pts',(-0.475537705298863,-1.09534512576865,
0.));
#4404=CARTESIAN_POINT('Ctrl Pts',(-0.475537705298863,-1.09534512576865,
1.));
#4405=CARTESIAN_POINT('Ctrl Pts',(-0.471317315145891,-1.09255329590014,
0.));
#4406=CARTESIAN_POINT('Ctrl Pts',(-0.471317315145891,-1.09255329590014,
1.));
#4407=CARTESIAN_POINT('Ctrl Pts',(-0.467129139731695,-1.08973554980235,
0.));
#4408=CARTESIAN_POINT('Ctrl Pts',(-0.467129139731695,-1.08973554980235,
1.));
#4409=CARTESIAN_POINT('Ctrl Pts',(-0.462973620919706,-1.08689189971726,
0.));
#4410=CARTESIAN_POINT('Ctrl Pts',(-0.462973620919706,-1.08689189971726,
1.));
#4411=CARTESIAN_POINT('Ctrl Pts',(-0.458851214642304,-1.08402235497128,
0.));
#4412=CARTESIAN_POINT('Ctrl Pts',(-0.458851214642304,-1.08402235497128,
1.));
#4413=CARTESIAN_POINT('Ctrl Pts',(-0.454762372312667,-1.08112693027925,
0.));
#4414=CARTESIAN_POINT('Ctrl Pts',(-0.454762372312667,-1.08112693027925,
1.));
#4415=CARTESIAN_POINT('Ctrl Pts',(-0.450707523445233,-1.07820565338427,
0.));
#4416=CARTESIAN_POINT('Ctrl Pts',(-0.450707523445233,-1.07820565338427,
1.));
#4417=CARTESIAN_POINT('Ctrl Pts',(-0.44668705079514,-1.07525857629039,0.));
#4418=CARTESIAN_POINT('Ctrl Pts',(-0.44668705079514,-1.07525857629039,1.));
#4419=CARTESIAN_POINT('Ctrl Pts',(-0.442701290203496,-1.07228577507296,
0.));
#4420=CARTESIAN_POINT('Ctrl Pts',(-0.442701290203496,-1.07228577507296,
1.));
#4421=CARTESIAN_POINT('Ctrl Pts',(-0.438750584664415,-1.06928732465318,
0.));
#4422=CARTESIAN_POINT('Ctrl Pts',(-0.438750584664415,-1.06928732465318,
1.));
#4423=CARTESIAN_POINT('Ctrl Pts',(-0.43483533006265,-1.06626327745107,0.));
#4424=CARTESIAN_POINT('Ctrl Pts',(-0.43483533006265,-1.06626327745107,1.));
#4425=CARTESIAN_POINT('Ctrl Pts',(-0.430956017935815,-1.06321364353116,
0.));
#4426=CARTESIAN_POINT('Ctrl Pts',(-0.430956017935815,-1.06321364353116,
1.));
#4427=CARTESIAN_POINT('Ctrl Pts',(-0.427113293854724,-1.06013836341647,
0.));
#4428=CARTESIAN_POINT('Ctrl Pts',(-0.427113293854724,-1.06013836341647,
1.));
#4429=CARTESIAN_POINT('Ctrl Pts',(-0.42330796243301,-1.05703730611959,0.));
#4430=CARTESIAN_POINT('Ctrl Pts',(-0.42330796243301,-1.05703730611959,1.));
#4431=CARTESIAN_POINT('Ctrl Pts',(-0.419540867152242,-1.05391032621403,
0.));
#4432=CARTESIAN_POINT('Ctrl Pts',(-0.419540867152242,-1.05391032621403,
1.));
#4433=CARTESIAN_POINT('Ctrl Pts',(-0.415812787302431,-1.05075731291185,
0.));
#4434=CARTESIAN_POINT('Ctrl Pts',(-0.415812787302431,-1.05075731291185,
1.));
#4435=CARTESIAN_POINT('Ctrl Pts',(-0.412124343000077,-1.04757823531746,
0.));
#4436=CARTESIAN_POINT('Ctrl Pts',(-0.412124343000077,-1.04757823531746,
1.));
#4437=CARTESIAN_POINT('Ctrl Pts',(-0.40847586011096,-1.04437320677295,0.));
#4438=CARTESIAN_POINT('Ctrl Pts',(-0.40847586011096,-1.04437320677295,1.));
#4439=CARTESIAN_POINT('Ctrl Pts',(-0.40486736907619,-1.04114248567531,0.));
#4440=CARTESIAN_POINT('Ctrl Pts',(-0.40486736907619,-1.04114248567531,1.));
#4441=CARTESIAN_POINT('Ctrl Pts',(-0.401298897645238,-1.03788633683105,
0.));
#4442=CARTESIAN_POINT('Ctrl Pts',(-0.401298897645238,-1.03788633683105,
1.));
#4443=CARTESIAN_POINT('Ctrl Pts',(-0.397770722826638,-1.03460491219407,
0.));
#4444=CARTESIAN_POINT('Ctrl Pts',(-0.397770722826638,-1.03460491219407,
1.));
#4445=CARTESIAN_POINT('Ctrl Pts',(-0.39428359945013,-1.03129814277862,0.));
#4446=CARTESIAN_POINT('Ctrl Pts',(-0.39428359945013,-1.03129814277862,1.));
#4447=CARTESIAN_POINT('Ctrl Pts',(-0.390839093580242,-1.02796558075768,
0.));
#4448=CARTESIAN_POINT('Ctrl Pts',(-0.390839093580242,-1.02796558075768,
1.));
#4449=CARTESIAN_POINT('Ctrl Pts',(-0.387439554717304,-1.02460641332114,
0.));
#4450=CARTESIAN_POINT('Ctrl Pts',(-0.387439554717304,-1.02460641332114,
1.));
#4451=CARTESIAN_POINT('Ctrl Pts',(-0.384087442304718,-1.02121978356368,
0.));
#4452=CARTESIAN_POINT('Ctrl Pts',(-0.384087442304718,-1.02121978356368,
1.));
#4453=CARTESIAN_POINT('Ctrl Pts',(-0.380784743118256,-1.01780506815693,
0.));
#4454=CARTESIAN_POINT('Ctrl Pts',(-0.380784743118256,-1.01780506815693,
1.));
#4455=CARTESIAN_POINT('Ctrl Pts',(-0.377532459544679,-1.01436212145742,
0.));
#4456=CARTESIAN_POINT('Ctrl Pts',(-0.377532459544679,-1.01436212145742,
1.));
#4457=CARTESIAN_POINT('Ctrl Pts',(-0.374329805481416,-1.01089165839905,
0.));
#4458=CARTESIAN_POINT('Ctrl Pts',(-0.374329805481416,-1.01089165839905,
1.));
#4459=CARTESIAN_POINT('Ctrl Pts',(-0.371174457128965,-1.00739513676171,
0.));
#4460=CARTESIAN_POINT('Ctrl Pts',(-0.371174457128965,-1.00739513676171,
1.));
#4461=CARTESIAN_POINT('Ctrl Pts',(-0.368064176858195,-1.00387398787264,
0.));
#4462=CARTESIAN_POINT('Ctrl Pts',(-0.368064176858195,-1.00387398787264,
1.));
#4463=CARTESIAN_POINT('Ctrl Pts',(-0.364998227655524,-1.00032894660848,
0.));
#4464=CARTESIAN_POINT('Ctrl Pts',(-0.364998227655524,-1.00032894660848,
1.));
#4465=CARTESIAN_POINT('Ctrl Pts',(-0.361978594068021,-0.996759473553139,
0.));
#4466=CARTESIAN_POINT('Ctrl Pts',(-0.361978594068021,-0.996759473553139,
1.));
#4467=CARTESIAN_POINT('Ctrl Pts',(-0.359011972537863,-0.993162811319727,
0.));
#4468=CARTESIAN_POINT('Ctrl Pts',(-0.359011972537863,-0.993162811319727,
1.));
#4469=CARTESIAN_POINT('Ctrl Pts',(-0.356108688398265,-0.989534502479264,
0.));
#4470=CARTESIAN_POINT('Ctrl Pts',(-0.356108688398265,-0.989534502479264,
1.));
#4471=CARTESIAN_POINT('Ctrl Pts',(-0.353279006168339,-0.985870148623973,
0.));
#4472=CARTESIAN_POINT('Ctrl Pts',(-0.353279006168339,-0.985870148623973,
1.));
#4473=CARTESIAN_POINT('Ctrl Pts',(-0.350529861613735,-0.982166966315848,
0.));
#4474=CARTESIAN_POINT('Ctrl Pts',(-0.350529861613735,-0.982166966315848,
1.));
#4475=CARTESIAN_POINT('Ctrl Pts',(-0.347862087544258,-0.978425114092535,
0.));
#4476=CARTESIAN_POINT('Ctrl Pts',(-0.347862087544258,-0.978425114092535,
1.));
#4477=CARTESIAN_POINT('Ctrl Pts',(-0.34526574100291,-0.974649908022846,
0.));
#4478=CARTESIAN_POINT('Ctrl Pts',(-0.34526574100291,-0.974649908022846,
1.));
#4479=CARTESIAN_POINT('Ctrl Pts',(-0.342724663726981,-0.970849711294189,
0.));
#4480=CARTESIAN_POINT('Ctrl Pts',(-0.342724663726981,-0.970849711294189,
1.));
#4481=CARTESIAN_POINT('Ctrl Pts',(-0.340225597867971,-0.967031686382055,
0.));
#4482=CARTESIAN_POINT('Ctrl Pts',(-0.340225597867971,-0.967031686382055,
1.));
#4483=CARTESIAN_POINT('Ctrl Pts',(-0.33776631033317,-0.963198017640746,
0.));
#4484=CARTESIAN_POINT('Ctrl Pts',(-0.33776631033317,-0.963198017640746,
1.));
#4485=CARTESIAN_POINT('Ctrl Pts',(-0.335363174562337,-0.959342375313018,
0.));
#4486=CARTESIAN_POINT('Ctrl Pts',(-0.335363174562337,-0.959342375313018,
1.));
#4487=CARTESIAN_POINT('Ctrl Pts',(-0.333061520083746,-0.955445115982819,
0.));
#4488=CARTESIAN_POINT('Ctrl Pts',(-0.333061520083746,-0.955445115982819,
1.));
#4489=CARTESIAN_POINT('Ctrl Pts',(-0.330924178692232,-0.951478458684265,
0.));
#4490=CARTESIAN_POINT('Ctrl Pts',(-0.330924178692232,-0.951478458684265,
1.));
#4491=CARTESIAN_POINT('Ctrl Pts',(-0.329396987415716,-0.948226793029968,
0.));
#4492=CARTESIAN_POINT('Ctrl Pts',(-0.329396987415716,-0.948226793029968,
1.));
#4493=CARTESIAN_POINT('Ctrl Pts',(-0.328377141423459,-0.945733782961853,
0.));
#4494=CARTESIAN_POINT('Ctrl Pts',(-0.328377141423459,-0.945733782961853,
1.));
#4495=CARTESIAN_POINT('Ctrl Pts',(-0.327755960333415,-0.94404635133237,
0.));
#4496=CARTESIAN_POINT('Ctrl Pts',(-0.327755960333415,-0.94404635133237,
1.));
#4497=CARTESIAN_POINT('Ctrl Pts',(-0.327460049120525,-0.943196279163565,
0.));
#4498=CARTESIAN_POINT('Ctrl Pts',(-0.327460049120525,-0.943196279163565,
1.));
#4499=CARTESIAN_POINT('',(-0.327460049120525,-0.943196279163565,1.));
#4500=CARTESIAN_POINT('',(-0.327460049120525,-0.943196279163565,0.));
#4501=CARTESIAN_POINT('Ctrl Pts',(-0.590538119385462,-1.15657059768872,
1.));
#4502=CARTESIAN_POINT('Ctrl Pts',(-0.589551517360824,-1.15614769799498,
1.));
#4503=CARTESIAN_POINT('Ctrl Pts',(-0.587580819700664,-1.1552992012222,1.));
#4504=CARTESIAN_POINT('Ctrl Pts',(-0.584632292378786,-1.15401836390833,
1.));
#4505=CARTESIAN_POINT('Ctrl Pts',(-0.580715965940495,-1.15229439112604,
1.));
#4506=CARTESIAN_POINT('Ctrl Pts',(-0.57584567451213,-1.15011241401676,1.));
#4507=CARTESIAN_POINT('Ctrl Pts',(-0.57100058269399,-1.14790339458812,1.));
#4508=CARTESIAN_POINT('Ctrl Pts',(-0.566180819113799,-1.14566731138104,
1.));
#4509=CARTESIAN_POINT('Ctrl Pts',(-0.561386563852728,-1.14340416425253,
1.));
#4510=CARTESIAN_POINT('Ctrl Pts',(-0.556618057123741,-1.14111398912156,
1.));
#4511=CARTESIAN_POINT('Ctrl Pts',(-0.551875586316007,-1.13879685077478,
1.));
#4512=CARTESIAN_POINT('Ctrl Pts',(-0.547159468779813,-1.1364528313723,1.));
#4513=CARTESIAN_POINT('Ctrl Pts',(-0.542470035273237,-1.13408202030747,
1.));
#4514=CARTESIAN_POINT('Ctrl Pts',(-0.537807614474927,-1.1316845044876,1.));
#4515=CARTESIAN_POINT('Ctrl Pts',(-0.533172513030738,-1.12926035667632,
1.));
#4516=CARTESIAN_POINT('Ctrl Pts',(-0.528565016901402,-1.12680963493008,
1.));
#4517=CARTESIAN_POINT('Ctrl Pts',(-0.523985403102629,-1.12433238765049,
1.));
#4518=CARTESIAN_POINT('Ctrl Pts',(-0.519433948369936,-1.12182865717274,
1.));
#4519=CARTESIAN_POINT('Ctrl Pts',(-0.514910938011328,-1.11929848384281,
1.));
#4520=CARTESIAN_POINT('Ctrl Pts',(-0.510416676648087,-1.11674191082977,
1.));
#4521=CARTESIAN_POINT('Ctrl Pts',(-0.505951489059438,-1.11415898570562,
1.));
#4522=CARTESIAN_POINT('Ctrl Pts',(-0.501515712315238,-1.11154975899243,
1.));
#4523=CARTESIAN_POINT('Ctrl Pts',(-0.497109689772515,-1.10891428382955,
1.));
#4524=CARTESIAN_POINT('Ctrl Pts',(-0.492733765026938,-1.10625261520232,
1.));
#4525=CARTESIAN_POINT('Ctrl Pts',(-0.488388273425033,-1.10356480998249,
1.));
#4526=CARTESIAN_POINT('Ctrl Pts',(-0.484073542520123,-1.10085092528614,
1.));
#4527=CARTESIAN_POINT('Ctrl Pts',(-0.47978990436947,-1.09811101484091,1.));
#4528=CARTESIAN_POINT('Ctrl Pts',(-0.475537705298863,-1.09534512576865,
1.));
#4529=CARTESIAN_POINT('Ctrl Pts',(-0.471317315145891,-1.09255329590014,
1.));
#4530=CARTESIAN_POINT('Ctrl Pts',(-0.467129139731695,-1.08973554980235,
1.));
#4531=CARTESIAN_POINT('Ctrl Pts',(-0.462973620919706,-1.08689189971726,
1.));
#4532=CARTESIAN_POINT('Ctrl Pts',(-0.458851214642304,-1.08402235497128,
1.));
#4533=CARTESIAN_POINT('Ctrl Pts',(-0.454762372312667,-1.08112693027925,
1.));
#4534=CARTESIAN_POINT('Ctrl Pts',(-0.450707523445233,-1.07820565338427,
1.));
#4535=CARTESIAN_POINT('Ctrl Pts',(-0.44668705079514,-1.07525857629039,1.));
#4536=CARTESIAN_POINT('Ctrl Pts',(-0.442701290203496,-1.07228577507296,
1.));
#4537=CARTESIAN_POINT('Ctrl Pts',(-0.438750584664415,-1.06928732465318,
1.));
#4538=CARTESIAN_POINT('Ctrl Pts',(-0.43483533006265,-1.06626327745107,1.));
#4539=CARTESIAN_POINT('Ctrl Pts',(-0.430956017935815,-1.06321364353116,
1.));
#4540=CARTESIAN_POINT('Ctrl Pts',(-0.427113293854724,-1.06013836341647,
1.));
#4541=CARTESIAN_POINT('Ctrl Pts',(-0.42330796243301,-1.05703730611959,1.));
#4542=CARTESIAN_POINT('Ctrl Pts',(-0.419540867152242,-1.05391032621403,
1.));
#4543=CARTESIAN_POINT('Ctrl Pts',(-0.415812787302431,-1.05075731291185,
1.));
#4544=CARTESIAN_POINT('Ctrl Pts',(-0.412124343000077,-1.04757823531746,
1.));
#4545=CARTESIAN_POINT('Ctrl Pts',(-0.40847586011096,-1.04437320677295,1.));
#4546=CARTESIAN_POINT('Ctrl Pts',(-0.40486736907619,-1.04114248567531,1.));
#4547=CARTESIAN_POINT('Ctrl Pts',(-0.401298897645238,-1.03788633683105,
1.));
#4548=CARTESIAN_POINT('Ctrl Pts',(-0.397770722826638,-1.03460491219407,
1.));
#4549=CARTESIAN_POINT('Ctrl Pts',(-0.39428359945013,-1.03129814277862,1.));
#4550=CARTESIAN_POINT('Ctrl Pts',(-0.390839093580242,-1.02796558075768,
1.));
#4551=CARTESIAN_POINT('Ctrl Pts',(-0.387439554717304,-1.02460641332114,
1.));
#4552=CARTESIAN_POINT('Ctrl Pts',(-0.384087442304718,-1.02121978356368,
1.));
#4553=CARTESIAN_POINT('Ctrl Pts',(-0.380784743118256,-1.01780506815693,
1.));
#4554=CARTESIAN_POINT('Ctrl Pts',(-0.377532459544679,-1.01436212145742,
1.));
#4555=CARTESIAN_POINT('Ctrl Pts',(-0.374329805481416,-1.01089165839905,
1.));
#4556=CARTESIAN_POINT('Ctrl Pts',(-0.371174457128965,-1.00739513676171,
1.));
#4557=CARTESIAN_POINT('Ctrl Pts',(-0.368064176858195,-1.00387398787264,
1.));
#4558=CARTESIAN_POINT('Ctrl Pts',(-0.364998227655524,-1.00032894660848,
1.));
#4559=CARTESIAN_POINT('Ctrl Pts',(-0.361978594068021,-0.996759473553139,
1.));
#4560=CARTESIAN_POINT('Ctrl Pts',(-0.359011972537863,-0.993162811319727,
1.));
#4561=CARTESIAN_POINT('Ctrl Pts',(-0.356108688398265,-0.989534502479264,
1.));
#4562=CARTESIAN_POINT('Ctrl Pts',(-0.353279006168339,-0.985870148623973,
1.));
#4563=CARTESIAN_POINT('Ctrl Pts',(-0.350529861613735,-0.982166966315848,
1.));
#4564=CARTESIAN_POINT('Ctrl Pts',(-0.347862087544258,-0.978425114092535,
1.));
#4565=CARTESIAN_POINT('Ctrl Pts',(-0.34526574100291,-0.974649908022846,
1.));
#4566=CARTESIAN_POINT('Ctrl Pts',(-0.342724663726981,-0.970849711294189,
1.));
#4567=CARTESIAN_POINT('Ctrl Pts',(-0.340225597867971,-0.967031686382055,
1.));
#4568=CARTESIAN_POINT('Ctrl Pts',(-0.33776631033317,-0.963198017640746,
1.));
#4569=CARTESIAN_POINT('Ctrl Pts',(-0.335363174562337,-0.959342375313018,
1.));
#4570=CARTESIAN_POINT('Ctrl Pts',(-0.333061520083746,-0.955445115982819,
1.));
#4571=CARTESIAN_POINT('Ctrl Pts',(-0.330924178692232,-0.951478458684265,
1.));
#4572=CARTESIAN_POINT('Ctrl Pts',(-0.329396987415716,-0.948226793029968,
1.));
#4573=CARTESIAN_POINT('Ctrl Pts',(-0.328377141423459,-0.945733782961853,
1.));
#4574=CARTESIAN_POINT('Ctrl Pts',(-0.327755960333415,-0.94404635133237,
1.));
#4575=CARTESIAN_POINT('Ctrl Pts',(-0.327460049120525,-0.943196279163565,
1.));
#4576=CARTESIAN_POINT('Origin',(-0.327460049120525,-0.943196279163565,0.));
#4577=CARTESIAN_POINT('',(-0.295018856981416,-0.850001586434868,1.));
#4578=CARTESIAN_POINT('',(-0.295018856981416,-0.850001586434868,0.));
#4579=CARTESIAN_POINT('',(-0.253391671789642,-0.730418042264454,1.));
#4580=CARTESIAN_POINT('Origin',(-0.166578264012283,-0.89471192168006,0.));
#4581=CARTESIAN_POINT('',(-0.141685421675917,-0.761009466951596,1.));
#4582=CARTESIAN_POINT('',(-0.141685421675917,-0.761009466951596,0.));
#4583=CARTESIAN_POINT('Origin',(-0.166578264012283,-0.89471192168006,1.));
#4584=CARTESIAN_POINT('Origin',(0.,0.,0.));
#4585=CARTESIAN_POINT('',(-0.127139821737177,-0.763574248671387,1.));
#4586=CARTESIAN_POINT('',(-0.127139821737177,-0.763574248671387,0.));
#4587=CARTESIAN_POINT('Origin',(0.,0.,1.));
#4588=CARTESIAN_POINT('Origin',(-0.14947713421253,-0.897727312264354,0.));
#4589=CARTESIAN_POINT('',(-0.0134906215213701,-0.89964261017772,1.));
#4590=CARTESIAN_POINT('',(-0.01349062152137,-0.89964261017772,0.));
#4591=CARTESIAN_POINT('Origin',(-0.14947713421253,-0.897727312264354,1.));
#4592=CARTESIAN_POINT('Origin',(-0.0117073993536123,-0.773033500307821,
0.));
#4593=CARTESIAN_POINT('',(-0.0148803348230127,-0.99831251641636,1.));
#4594=CARTESIAN_POINT('',(-0.0148803348230127,-0.99831251641636,0.));
#4595=CARTESIAN_POINT('',(-0.0117073993536123,-0.773033500307821,1.));
#4596=CARTESIAN_POINT('Ctrl Pts',(-0.0148803348230127,-0.99831251641636,
0.));
#4597=CARTESIAN_POINT('Ctrl Pts',(-0.0148803348230127,-0.99831251641636,
1.));
#4598=CARTESIAN_POINT('Ctrl Pts',(-0.0148930110448635,-0.999212530555966,
0.));
#4599=CARTESIAN_POINT('Ctrl Pts',(-0.0148930110448635,-0.999212530555966,
1.));
#4600=CARTESIAN_POINT('Ctrl Pts',(-0.0148864273661459,-1.00101065405172,
0.));
#4601=CARTESIAN_POINT('Ctrl Pts',(-0.0148864273661459,-1.00101065405172,
1.));
#4602=CARTESIAN_POINT('Ctrl Pts',(-0.0147807452736926,-1.00370212508871,
0.));
#4603=CARTESIAN_POINT('Ctrl Pts',(-0.0147807452736926,-1.00370212508871,
1.));
#4604=CARTESIAN_POINT('Ctrl Pts',(-0.0144577900537523,-1.0072800214886,
0.));
#4605=CARTESIAN_POINT('Ctrl Pts',(-0.0144577900537523,-1.0072800214886,
1.));
#4606=CARTESIAN_POINT('Ctrl Pts',(-0.0138060228178215,-1.0117384738903,
0.));
#4607=CARTESIAN_POINT('Ctrl Pts',(-0.0138060228178215,-1.0117384738903,
1.));
#4608=CARTESIAN_POINT('Ctrl Pts',(-0.0129761162833822,-1.01618791191883,
0.));
#4609=CARTESIAN_POINT('Ctrl Pts',(-0.0129761162833822,-1.01618791191883,
1.));
#4610=CARTESIAN_POINT('Ctrl Pts',(-0.0120366146743261,-1.02063295140336,
0.));
#4611=CARTESIAN_POINT('Ctrl Pts',(-0.0120366146743261,-1.02063295140336,
1.));
#4612=CARTESIAN_POINT('Ctrl Pts',(-0.0110368322578481,-1.02507654750523,
0.));
#4613=CARTESIAN_POINT('Ctrl Pts',(-0.0110368322578481,-1.02507654750523,
1.));
#4614=CARTESIAN_POINT('Ctrl Pts',(-0.00999431993894773,-1.02951904820442,
0.));
#4615=CARTESIAN_POINT('Ctrl Pts',(-0.00999431993894773,-1.02951904820442,
1.));
#4616=CARTESIAN_POINT('Ctrl Pts',(-0.00890623220371134,-1.03395916464199,
0.));
#4617=CARTESIAN_POINT('Ctrl Pts',(-0.00890623220371134,-1.03395916464199,
1.));
#4618=CARTESIAN_POINT('Ctrl Pts',(-0.00775766103884246,-1.03839470074382,
0.));
#4619=CARTESIAN_POINT('Ctrl Pts',(-0.00775766103884246,-1.03839470074382,
1.));
#4620=CARTESIAN_POINT('Ctrl Pts',(-0.00653056226555204,-1.04282332413574,
0.));
#4621=CARTESIAN_POINT('Ctrl Pts',(-0.00653056226555204,-1.04282332413574,
1.));
#4622=CARTESIAN_POINT('Ctrl Pts',(-0.00521377435790282,-1.0472434400387,
0.));
#4623=CARTESIAN_POINT('Ctrl Pts',(-0.00521377435790282,-1.0472434400387,
1.));
#4624=CARTESIAN_POINT('Ctrl Pts',(-0.00380802567805505,-1.05165461463831,
0.));
#4625=CARTESIAN_POINT('Ctrl Pts',(-0.00380802567805505,-1.05165461463831,
1.));
#4626=CARTESIAN_POINT('Ctrl Pts',(-0.00232078570567518,-1.05605709133917,
0.));
#4627=CARTESIAN_POINT('Ctrl Pts',(-0.00232078570567518,-1.05605709133917,
1.));
#4628=CARTESIAN_POINT('Ctrl Pts',(-0.00076320427768628,-1.0604514926203,
0.));
#4629=CARTESIAN_POINT('Ctrl Pts',(-0.00076320427768628,-1.0604514926203,
1.));
#4630=CARTESIAN_POINT('Ctrl Pts',(0.000853491435984122,-1.06483847562288,
0.));
#4631=CARTESIAN_POINT('Ctrl Pts',(0.000853491435984122,-1.06483847562288,
1.));
#4632=CARTESIAN_POINT('Ctrl Pts',(0.00252206575617364,-1.06921834112493,
0.));
#4633=CARTESIAN_POINT('Ctrl Pts',(0.00252206575617364,-1.06921834112493,
1.));
#4634=CARTESIAN_POINT('Ctrl Pts',(0.00424046932748245,-1.07359091725666,
0.));
#4635=CARTESIAN_POINT('Ctrl Pts',(0.00424046932748245,-1.07359091725666,
1.));
#4636=CARTESIAN_POINT('Ctrl Pts',(0.00600964605874543,-1.07795576553344,
0.));
#4637=CARTESIAN_POINT('Ctrl Pts',(0.00600964605874543,-1.07795576553344,
1.));
#4638=CARTESIAN_POINT('Ctrl Pts',(0.00783218817629239,-1.08231230626184,
0.));
#4639=CARTESIAN_POINT('Ctrl Pts',(0.00783218817629239,-1.08231230626184,
1.));
#4640=CARTESIAN_POINT('Ctrl Pts',(0.00971077792745834,-1.0866599643631,
0.));
#4641=CARTESIAN_POINT('Ctrl Pts',(0.00971077792745834,-1.0866599643631,
1.));
#4642=CARTESIAN_POINT('Ctrl Pts',(0.0116463985288191,-1.09099833688202,
0.));
#4643=CARTESIAN_POINT('Ctrl Pts',(0.0116463985288191,-1.09099833688202,
1.));
#4644=CARTESIAN_POINT('Ctrl Pts',(0.0136380582319326,-1.09532721784224,
0.));
#4645=CARTESIAN_POINT('Ctrl Pts',(0.0136380582319326,-1.09532721784224,
1.));
#4646=CARTESIAN_POINT('Ctrl Pts',(0.0156836768874108,-1.09964651346348,
0.));
#4647=CARTESIAN_POINT('Ctrl Pts',(0.0156836768874108,-1.09964651346348,
1.));
#4648=CARTESIAN_POINT('Ctrl Pts',(0.0177806502955538,-1.10395618779418,
0.));
#4649=CARTESIAN_POINT('Ctrl Pts',(0.0177806502955538,-1.10395618779418,
1.));
#4650=CARTESIAN_POINT('Ctrl Pts',(0.0199264926508119,-1.10825620104954,
0.));
#4651=CARTESIAN_POINT('Ctrl Pts',(0.0199264926508119,-1.10825620104954,
1.));
#4652=CARTESIAN_POINT('Ctrl Pts',(0.0221195791680385,-1.11254643842372,
0.));
#4653=CARTESIAN_POINT('Ctrl Pts',(0.0221195791680385,-1.11254643842372,
1.));
#4654=CARTESIAN_POINT('Ctrl Pts',(0.0243591769447875,-1.11682670657511,
0.));
#4655=CARTESIAN_POINT('Ctrl Pts',(0.0243591769447875,-1.11682670657511,
1.));
#4656=CARTESIAN_POINT('Ctrl Pts',(0.0266450776494723,-1.12109676797129,
0.));
#4657=CARTESIAN_POINT('Ctrl Pts',(0.0266450776494723,-1.12109676797129,
1.));
#4658=CARTESIAN_POINT('Ctrl Pts',(0.0289773457752848,-1.12535636428462,
0.));
#4659=CARTESIAN_POINT('Ctrl Pts',(0.0289773457752848,-1.12535636428462,
1.));
#4660=CARTESIAN_POINT('Ctrl Pts',(0.0313560410939081,-1.12960524228992,
0.));
#4661=CARTESIAN_POINT('Ctrl Pts',(0.0313560410939081,-1.12960524228992,
1.));
#4662=CARTESIAN_POINT('Ctrl Pts',(0.0337808961569567,-1.13384318402778,
0.));
#4663=CARTESIAN_POINT('Ctrl Pts',(0.0337808961569567,-1.13384318402778,
1.));
#4664=CARTESIAN_POINT('Ctrl Pts',(0.0362513176786153,-1.13807000643823,
0.));
#4665=CARTESIAN_POINT('Ctrl Pts',(0.0362513176786153,-1.13807000643823,
1.));
#4666=CARTESIAN_POINT('Ctrl Pts',(0.0387665354741061,-1.14228554709499,
0.));
#4667=CARTESIAN_POINT('Ctrl Pts',(0.0387665354741061,-1.14228554709499,
1.));
#4668=CARTESIAN_POINT('Ctrl Pts',(0.0413257071912291,-1.1464896541666,0.));
#4669=CARTESIAN_POINT('Ctrl Pts',(0.0413257071912291,-1.1464896541666,1.));
#4670=CARTESIAN_POINT('Ctrl Pts',(0.0439280319401639,-1.15068217554686,
0.));
#4671=CARTESIAN_POINT('Ctrl Pts',(0.0439280319401639,-1.15068217554686,
1.));
#4672=CARTESIAN_POINT('Ctrl Pts',(0.0465728827404517,-1.15486294632764,
0.));
#4673=CARTESIAN_POINT('Ctrl Pts',(0.0465728827404517,-1.15486294632764,
1.));
#4674=CARTESIAN_POINT('Ctrl Pts',(0.0492598011400966,-1.15903178893561,
0.));
#4675=CARTESIAN_POINT('Ctrl Pts',(0.0492598011400966,-1.15903178893561,
1.));
#4676=CARTESIAN_POINT('Ctrl Pts',(0.0519884330578209,-1.16318851871151,
0.));
#4677=CARTESIAN_POINT('Ctrl Pts',(0.0519884330578209,-1.16318851871151,
1.));
#4678=CARTESIAN_POINT('Ctrl Pts',(0.0547584818091416,-1.16733294794155,
0.));
#4679=CARTESIAN_POINT('Ctrl Pts',(0.0547584818091416,-1.16733294794155,
1.));
#4680=CARTESIAN_POINT('Ctrl Pts',(0.0575696578259562,-1.17146489027383,
0.));
#4681=CARTESIAN_POINT('Ctrl Pts',(0.0575696578259562,-1.17146489027383,
1.));
#4682=CARTESIAN_POINT('Ctrl Pts',(0.0604216192225178,-1.17558416593059,
0.));
#4683=CARTESIAN_POINT('Ctrl Pts',(0.0604216192225178,-1.17558416593059,
1.));
#4684=CARTESIAN_POINT('Ctrl Pts',(0.0633139718759732,-1.17969060193925,
0.));
#4685=CARTESIAN_POINT('Ctrl Pts',(0.0633139718759732,-1.17969060193925,
1.));
#4686=CARTESIAN_POINT('Ctrl Pts',(0.0662462966294665,-1.18378403007997,
0.));
#4687=CARTESIAN_POINT('Ctrl Pts',(0.0662462966294665,-1.18378403007997,
1.));
#4688=CARTESIAN_POINT('Ctrl Pts',(0.0692181682365218,-1.18786428565075,
0.));
#4689=CARTESIAN_POINT('Ctrl Pts',(0.0692181682365218,-1.18786428565075,
1.));
#4690=CARTESIAN_POINT('Ctrl Pts',(0.072229175668338,-1.19193120602169,0.));
#4691=CARTESIAN_POINT('Ctrl Pts',(0.072229175668338,-1.19193120602169,1.));
#4692=CARTESIAN_POINT('Ctrl Pts',(0.0752789459801847,-1.19598462930838,
0.));
#4693=CARTESIAN_POINT('Ctrl Pts',(0.0752789459801847,-1.19598462930838,
1.));
#4694=CARTESIAN_POINT('Ctrl Pts',(0.07836714457729,-1.20002439346962,0.));
#4695=CARTESIAN_POINT('Ctrl Pts',(0.07836714457729,-1.20002439346962,1.));
#4696=CARTESIAN_POINT('Ctrl Pts',(0.0814934621364972,-1.20405033577496,
0.));
#4697=CARTESIAN_POINT('Ctrl Pts',(0.0814934621364972,-1.20405033577496,
1.));
#4698=CARTESIAN_POINT('Ctrl Pts',(0.0846576050019752,-1.20806229216665,
0.));
#4699=CARTESIAN_POINT('Ctrl Pts',(0.0846576050019752,-1.20806229216665,
1.));
#4700=CARTESIAN_POINT('Ctrl Pts',(0.0878592849091405,-1.21206009694329,
0.));
#4701=CARTESIAN_POINT('Ctrl Pts',(0.0878592849091405,-1.21206009694329,
1.));
#4702=CARTESIAN_POINT('Ctrl Pts',(0.0910982061866137,-1.21604358196767,
0.));
#4703=CARTESIAN_POINT('Ctrl Pts',(0.0910982061866137,-1.21604358196767,
1.));
#4704=CARTESIAN_POINT('Ctrl Pts',(0.0943740647661774,-1.22001257805383,
0.));
#4705=CARTESIAN_POINT('Ctrl Pts',(0.0943740647661774,-1.22001257805383,
1.));
#4706=CARTESIAN_POINT('Ctrl Pts',(0.0976865561724962,-1.22396691783208,
0.));
#4707=CARTESIAN_POINT('Ctrl Pts',(0.0976865561724962,-1.22396691783208,
1.));
#4708=CARTESIAN_POINT('Ctrl Pts',(0.101035380943072,-1.22790643854254,0.));
#4709=CARTESIAN_POINT('Ctrl Pts',(0.101035380943072,-1.22790643854254,1.));
#4710=CARTESIAN_POINT('Ctrl Pts',(0.104420250155852,-1.2318309844011,0.));
#4711=CARTESIAN_POINT('Ctrl Pts',(0.104420250155852,-1.2318309844011,1.));
#4712=CARTESIAN_POINT('Ctrl Pts',(0.107840892325157,-1.23574041065549,0.));
#4713=CARTESIAN_POINT('Ctrl Pts',(0.107840892325157,-1.23574041065549,1.));
#4714=CARTESIAN_POINT('Ctrl Pts',(0.111297053148296,-1.23963458181181,0.));
#4715=CARTESIAN_POINT('Ctrl Pts',(0.111297053148296,-1.23963458181181,1.));
#4716=CARTESIAN_POINT('Ctrl Pts',(0.11478848705843,-1.24351336343888,0.));
#4717=CARTESIAN_POINT('Ctrl Pts',(0.11478848705843,-1.24351336343888,1.));
#4718=CARTESIAN_POINT('Ctrl Pts',(0.118314950300273,-1.24737661530911,0.));
#4719=CARTESIAN_POINT('Ctrl Pts',(0.118314950300273,-1.24737661530911,1.));
#4720=CARTESIAN_POINT('Ctrl Pts',(0.121876194015106,-1.25122418506294,0.));
#4721=CARTESIAN_POINT('Ctrl Pts',(0.121876194015106,-1.25122418506294,1.));
#4722=CARTESIAN_POINT('Ctrl Pts',(0.125471954936711,-1.25505589944587,0.));
#4723=CARTESIAN_POINT('Ctrl Pts',(0.125471954936711,-1.25505589944587,1.));
#4724=CARTESIAN_POINT('Ctrl Pts',(0.129101953932236,-1.25887156437703,0.));
#4725=CARTESIAN_POINT('Ctrl Pts',(0.129101953932236,-1.25887156437703,1.));
#4726=CARTESIAN_POINT('Ctrl Pts',(0.132765910765086,-1.26267098272822,0.));
#4727=CARTESIAN_POINT('Ctrl Pts',(0.132765910765086,-1.26267098272822,1.));
#4728=CARTESIAN_POINT('Ctrl Pts',(0.136463555323948,-1.26645396875399,0.));
#4729=CARTESIAN_POINT('Ctrl Pts',(0.136463555323948,-1.26645396875399,1.));
#4730=CARTESIAN_POINT('Ctrl Pts',(0.140194639709679,-1.27022036328194,0.));
#4731=CARTESIAN_POINT('Ctrl Pts',(0.140194639709679,-1.27022036328194,1.));
#4732=CARTESIAN_POINT('Ctrl Pts',(0.143958950480945,-1.27397005040159,0.));
#4733=CARTESIAN_POINT('Ctrl Pts',(0.143958950480945,-1.27397005040159,1.));
#4734=CARTESIAN_POINT('Ctrl Pts',(0.147756318367888,-1.27770296865592,0.));
#4735=CARTESIAN_POINT('Ctrl Pts',(0.147756318367888,-1.27770296865592,1.));
#4736=CARTESIAN_POINT('Ctrl Pts',(0.151586615160551,-1.2814190942166,0.));
#4737=CARTESIAN_POINT('Ctrl Pts',(0.151586615160551,-1.2814190942166,1.));
#4738=CARTESIAN_POINT('Ctrl Pts',(0.154677124797112,-1.28437856124829,0.));
#4739=CARTESIAN_POINT('Ctrl Pts',(0.154677124797112,-1.28437856124829,1.));
#4740=CARTESIAN_POINT('Ctrl Pts',(0.157009762002001,-1.28659061035779,0.));
#4741=CARTESIAN_POINT('Ctrl Pts',(0.157009762002001,-1.28659061035779,1.));
#4742=CARTESIAN_POINT('Ctrl Pts',(0.158571409063214,-1.28806195481012,0.));
#4743=CARTESIAN_POINT('Ctrl Pts',(0.158571409063214,-1.28806195481012,1.));
#4744=CARTESIAN_POINT('Ctrl Pts',(0.159353871491554,-1.28879678829753,0.));
#4745=CARTESIAN_POINT('Ctrl Pts',(0.159353871491554,-1.28879678829753,1.));
#4746=CARTESIAN_POINT('',(0.159353871491554,-1.28879678829753,1.));
#4747=CARTESIAN_POINT('',(0.159353871491554,-1.28879678829753,0.));
#4748=CARTESIAN_POINT('Ctrl Pts',(-0.0148803348230127,-0.99831251641636,
1.));
#4749=CARTESIAN_POINT('Ctrl Pts',(-0.0148930110448635,-0.999212530555966,
1.));
#4750=CARTESIAN_POINT('Ctrl Pts',(-0.0148864273661459,-1.00101065405172,
1.));
#4751=CARTESIAN_POINT('Ctrl Pts',(-0.0147807452736926,-1.00370212508871,
1.));
#4752=CARTESIAN_POINT('Ctrl Pts',(-0.0144577900537523,-1.0072800214886,
1.));
#4753=CARTESIAN_POINT('Ctrl Pts',(-0.0138060228178215,-1.0117384738903,
1.));
#4754=CARTESIAN_POINT('Ctrl Pts',(-0.0129761162833822,-1.01618791191883,
1.));
#4755=CARTESIAN_POINT('Ctrl Pts',(-0.0120366146743261,-1.02063295140336,
1.));
#4756=CARTESIAN_POINT('Ctrl Pts',(-0.0110368322578481,-1.02507654750523,
1.));
#4757=CARTESIAN_POINT('Ctrl Pts',(-0.00999431993894773,-1.02951904820442,
1.));
#4758=CARTESIAN_POINT('Ctrl Pts',(-0.00890623220371134,-1.03395916464199,
1.));
#4759=CARTESIAN_POINT('Ctrl Pts',(-0.00775766103884246,-1.03839470074382,
1.));
#4760=CARTESIAN_POINT('Ctrl Pts',(-0.00653056226555204,-1.04282332413574,
1.));
#4761=CARTESIAN_POINT('Ctrl Pts',(-0.00521377435790282,-1.0472434400387,
1.));
#4762=CARTESIAN_POINT('Ctrl Pts',(-0.00380802567805505,-1.05165461463831,
1.));
#4763=CARTESIAN_POINT('Ctrl Pts',(-0.00232078570567518,-1.05605709133917,
1.));
#4764=CARTESIAN_POINT('Ctrl Pts',(-0.00076320427768628,-1.0604514926203,
1.));
#4765=CARTESIAN_POINT('Ctrl Pts',(0.000853491435984122,-1.06483847562288,
1.));
#4766=CARTESIAN_POINT('Ctrl Pts',(0.00252206575617364,-1.06921834112493,
1.));
#4767=CARTESIAN_POINT('Ctrl Pts',(0.00424046932748245,-1.07359091725666,
1.));
#4768=CARTESIAN_POINT('Ctrl Pts',(0.00600964605874543,-1.07795576553344,
1.));
#4769=CARTESIAN_POINT('Ctrl Pts',(0.00783218817629239,-1.08231230626184,
1.));
#4770=CARTESIAN_POINT('Ctrl Pts',(0.00971077792745834,-1.0866599643631,
1.));
#4771=CARTESIAN_POINT('Ctrl Pts',(0.0116463985288191,-1.09099833688202,
1.));
#4772=CARTESIAN_POINT('Ctrl Pts',(0.0136380582319326,-1.09532721784224,
1.));
#4773=CARTESIAN_POINT('Ctrl Pts',(0.0156836768874108,-1.09964651346348,
1.));
#4774=CARTESIAN_POINT('Ctrl Pts',(0.0177806502955538,-1.10395618779418,
1.));
#4775=CARTESIAN_POINT('Ctrl Pts',(0.0199264926508119,-1.10825620104954,
1.));
#4776=CARTESIAN_POINT('Ctrl Pts',(0.0221195791680385,-1.11254643842372,
1.));
#4777=CARTESIAN_POINT('Ctrl Pts',(0.0243591769447875,-1.11682670657511,
1.));
#4778=CARTESIAN_POINT('Ctrl Pts',(0.0266450776494723,-1.12109676797129,
1.));
#4779=CARTESIAN_POINT('Ctrl Pts',(0.0289773457752848,-1.12535636428462,
1.));
#4780=CARTESIAN_POINT('Ctrl Pts',(0.0313560410939081,-1.12960524228992,
1.));
#4781=CARTESIAN_POINT('Ctrl Pts',(0.0337808961569567,-1.13384318402778,
1.));
#4782=CARTESIAN_POINT('Ctrl Pts',(0.0362513176786153,-1.13807000643823,
1.));
#4783=CARTESIAN_POINT('Ctrl Pts',(0.0387665354741061,-1.14228554709499,
1.));
#4784=CARTESIAN_POINT('Ctrl Pts',(0.0413257071912291,-1.1464896541666,1.));
#4785=CARTESIAN_POINT('Ctrl Pts',(0.0439280319401639,-1.15068217554686,
1.));
#4786=CARTESIAN_POINT('Ctrl Pts',(0.0465728827404517,-1.15486294632764,
1.));
#4787=CARTESIAN_POINT('Ctrl Pts',(0.0492598011400966,-1.15903178893561,
1.));
#4788=CARTESIAN_POINT('Ctrl Pts',(0.0519884330578209,-1.16318851871151,
1.));
#4789=CARTESIAN_POINT('Ctrl Pts',(0.0547584818091416,-1.16733294794155,
1.));
#4790=CARTESIAN_POINT('Ctrl Pts',(0.0575696578259562,-1.17146489027383,
1.));
#4791=CARTESIAN_POINT('Ctrl Pts',(0.0604216192225178,-1.17558416593059,
1.));
#4792=CARTESIAN_POINT('Ctrl Pts',(0.0633139718759732,-1.17969060193925,
1.));
#4793=CARTESIAN_POINT('Ctrl Pts',(0.0662462966294665,-1.18378403007997,
1.));
#4794=CARTESIAN_POINT('Ctrl Pts',(0.0692181682365218,-1.18786428565075,
1.));
#4795=CARTESIAN_POINT('Ctrl Pts',(0.072229175668338,-1.19193120602169,1.));
#4796=CARTESIAN_POINT('Ctrl Pts',(0.0752789459801847,-1.19598462930838,
1.));
#4797=CARTESIAN_POINT('Ctrl Pts',(0.07836714457729,-1.20002439346962,1.));
#4798=CARTESIAN_POINT('Ctrl Pts',(0.0814934621364972,-1.20405033577496,
1.));
#4799=CARTESIAN_POINT('Ctrl Pts',(0.0846576050019752,-1.20806229216665,
1.));
#4800=CARTESIAN_POINT('Ctrl Pts',(0.0878592849091405,-1.21206009694329,
1.));
#4801=CARTESIAN_POINT('Ctrl Pts',(0.0910982061866137,-1.21604358196767,
1.));
#4802=CARTESIAN_POINT('Ctrl Pts',(0.0943740647661774,-1.22001257805383,
1.));
#4803=CARTESIAN_POINT('Ctrl Pts',(0.0976865561724962,-1.22396691783208,
1.));
#4804=CARTESIAN_POINT('Ctrl Pts',(0.101035380943072,-1.22790643854254,1.));
#4805=CARTESIAN_POINT('Ctrl Pts',(0.104420250155852,-1.2318309844011,1.));
#4806=CARTESIAN_POINT('Ctrl Pts',(0.107840892325157,-1.23574041065549,1.));
#4807=CARTESIAN_POINT('Ctrl Pts',(0.111297053148296,-1.23963458181181,1.));
#4808=CARTESIAN_POINT('Ctrl Pts',(0.11478848705843,-1.24351336343888,1.));
#4809=CARTESIAN_POINT('Ctrl Pts',(0.118314950300273,-1.24737661530911,1.));
#4810=CARTESIAN_POINT('Ctrl Pts',(0.121876194015106,-1.25122418506294,1.));
#4811=CARTESIAN_POINT('Ctrl Pts',(0.125471954936711,-1.25505589944587,1.));
#4812=CARTESIAN_POINT('Ctrl Pts',(0.129101953932236,-1.25887156437703,1.));
#4813=CARTESIAN_POINT('Ctrl Pts',(0.132765910765086,-1.26267098272822,1.));
#4814=CARTESIAN_POINT('Ctrl Pts',(0.136463555323948,-1.26645396875399,1.));
#4815=CARTESIAN_POINT('Ctrl Pts',(0.140194639709679,-1.27022036328194,1.));
#4816=CARTESIAN_POINT('Ctrl Pts',(0.143958950480945,-1.27397005040159,1.));
#4817=CARTESIAN_POINT('Ctrl Pts',(0.147756318367888,-1.27770296865592,1.));
#4818=CARTESIAN_POINT('Ctrl Pts',(0.151586615160551,-1.2814190942166,1.));
#4819=CARTESIAN_POINT('Ctrl Pts',(0.154677124797112,-1.28437856124829,1.));
#4820=CARTESIAN_POINT('Ctrl Pts',(0.157009762002001,-1.28659061035779,1.));
#4821=CARTESIAN_POINT('Ctrl Pts',(0.158571409063214,-1.28806195481012,1.));
#4822=CARTESIAN_POINT('Ctrl Pts',(0.159353871491554,-1.28879678829753,1.));
#4823=CARTESIAN_POINT('Origin',(-1.34497832345819E-14,7.6317470633483E-14,
0.));
#4824=CARTESIAN_POINT('',(0.291050805116901,-1.26557506562281,1.));
#4825=CARTESIAN_POINT('',(0.291050805116901,-1.26557506562281,0.));
#4826=CARTESIAN_POINT('Origin',(-1.34497832345819E-14,7.6317470633483E-14,
1.));
#4827=CARTESIAN_POINT('Ctrl Pts',(0.291050805116901,-1.26557506562281,0.));
#4828=CARTESIAN_POINT('Ctrl Pts',(0.291050805116901,-1.26557506562281,1.));
#4829=CARTESIAN_POINT('Ctrl Pts',(0.29153475143217,-1.26461693010529,0.));
#4830=CARTESIAN_POINT('Ctrl Pts',(0.29153475143217,-1.26461693010529,1.));
#4831=CARTESIAN_POINT('Ctrl Pts',(0.292498990211398,-1.26270020382911,0.));
#4832=CARTESIAN_POINT('Ctrl Pts',(0.292498990211398,-1.26270020382911,1.));
#4833=CARTESIAN_POINT('Ctrl Pts',(0.29393438682633,-1.25982374869296,0.));
#4834=CARTESIAN_POINT('Ctrl Pts',(0.29393438682633,-1.25982374869296,1.));
#4835=CARTESIAN_POINT('Ctrl Pts',(0.295826318587927,-1.25598574281297,0.));
#4836=CARTESIAN_POINT('Ctrl Pts',(0.295826318587927,-1.25598574281297,1.));
#4837=CARTESIAN_POINT('Ctrl Pts',(0.298154630422532,-1.25118368838768,0.));
#4838=CARTESIAN_POINT('Ctrl Pts',(0.298154630422532,-1.25118368838768,1.));
#4839=CARTESIAN_POINT('Ctrl Pts',(0.300446255767931,-1.24637711634113,0.));
#4840=CARTESIAN_POINT('Ctrl Pts',(0.300446255767931,-1.24637711634113,1.));
#4841=CARTESIAN_POINT('Ctrl Pts',(0.302701082295948,-1.24156609291503,0.));
#4842=CARTESIAN_POINT('Ctrl Pts',(0.302701082295948,-1.24156609291503,1.));
#4843=CARTESIAN_POINT('Ctrl Pts',(0.304918971964479,-1.23675073375378,0.));
#4844=CARTESIAN_POINT('Ctrl Pts',(0.304918971964479,-1.23675073375378,1.));
#4845=CARTESIAN_POINT('Ctrl Pts',(0.307099763847995,-1.23193122077883,0.));
#4846=CARTESIAN_POINT('Ctrl Pts',(0.307099763847995,-1.23193122077883,1.));
#4847=CARTESIAN_POINT('Ctrl Pts',(0.309243279437676,-1.22710778834984,0.));
#4848=CARTESIAN_POINT('Ctrl Pts',(0.309243279437676,-1.22710778834984,1.));
#4849=CARTESIAN_POINT('Ctrl Pts',(0.311349328440593,-1.22228070339391,0.));
#4850=CARTESIAN_POINT('Ctrl Pts',(0.311349328440593,-1.22228070339391,1.));
#4851=CARTESIAN_POINT('Ctrl Pts',(0.313417714942301,-1.21745024699754,0.));
#4852=CARTESIAN_POINT('Ctrl Pts',(0.313417714942301,-1.21745024699754,1.));
#4853=CARTESIAN_POINT('Ctrl Pts',(0.315448243023289,-1.21261669700614,0.));
#4854=CARTESIAN_POINT('Ctrl Pts',(0.315448243023289,-1.21261669700614,1.));
#4855=CARTESIAN_POINT('Ctrl Pts',(0.317440724550765,-1.20778030626805,0.));
#4856=CARTESIAN_POINT('Ctrl Pts',(0.317440724550765,-1.20778030626805,1.));
#4857=CARTESIAN_POINT('Ctrl Pts',(0.319394977784059,-1.20294130306909,0.));
#4858=CARTESIAN_POINT('Ctrl Pts',(0.319394977784059,-1.20294130306909,1.));
#4859=CARTESIAN_POINT('Ctrl Pts',(0.321310821628791,-1.19809990254933,0.));
#4860=CARTESIAN_POINT('Ctrl Pts',(0.321310821628791,-1.19809990254933,1.));
#4861=CARTESIAN_POINT('Ctrl Pts',(0.323188071305789,-1.19325631502156,0.));
#4862=CARTESIAN_POINT('Ctrl Pts',(0.323188071305789,-1.19325631502156,1.));
#4863=CARTESIAN_POINT('Ctrl Pts',(0.325026534190331,-1.18841075478504,0.));
#4864=CARTESIAN_POINT('Ctrl Pts',(0.325026534190331,-1.18841075478504,1.));
#4865=CARTESIAN_POINT('Ctrl Pts',(0.32682600467752,-1.18356345071598,0.));
#4866=CARTESIAN_POINT('Ctrl Pts',(0.32682600467752,-1.18356345071598,1.));
#4867=CARTESIAN_POINT('Ctrl Pts',(0.32858626455074,-1.17871464802073,0.));
#4868=CARTESIAN_POINT('Ctrl Pts',(0.32858626455074,-1.17871464802073,1.));
#4869=CARTESIAN_POINT('Ctrl Pts',(0.330307088074448,-1.17386460206574,0.));
#4870=CARTESIAN_POINT('Ctrl Pts',(0.330307088074448,-1.17386460206574,1.));
#4871=CARTESIAN_POINT('Ctrl Pts',(0.331988246379222,-1.16901357426378,0.));
#4872=CARTESIAN_POINT('Ctrl Pts',(0.331988246379222,-1.16901357426378,1.));
#4873=CARTESIAN_POINT('Ctrl Pts',(0.333629511599407,-1.16416182759509,0.));
#4874=CARTESIAN_POINT('Ctrl Pts',(0.333629511599407,-1.16416182759509,1.));
#4875=CARTESIAN_POINT('Ctrl Pts',(0.335230663401107,-1.15930962118255,0.));
#4876=CARTESIAN_POINT('Ctrl Pts',(0.335230663401107,-1.15930962118255,1.));
#4877=CARTESIAN_POINT('Ctrl Pts',(0.336791487577437,-1.15445720932684,0.));
#4878=CARTESIAN_POINT('Ctrl Pts',(0.336791487577437,-1.15445720932684,1.));
#4879=CARTESIAN_POINT('Ctrl Pts',(0.338311764293227,-1.149604846628,0.));
#4880=CARTESIAN_POINT('Ctrl Pts',(0.338311764293227,-1.149604846628,1.));
#4881=CARTESIAN_POINT('Ctrl Pts',(0.339791258536889,-1.14475279179741,0.));
#4882=CARTESIAN_POINT('Ctrl Pts',(0.339791258536889,-1.14475279179741,1.));
#4883=CARTESIAN_POINT('Ctrl Pts',(0.341229711313535,-1.13990131154213,0.));
#4884=CARTESIAN_POINT('Ctrl Pts',(0.341229711313535,-1.13990131154213,1.));
#4885=CARTESIAN_POINT('Ctrl Pts',(0.342626827537485,-1.13505068553836,0.));
#4886=CARTESIAN_POINT('Ctrl Pts',(0.342626827537485,-1.13505068553836,1.));
#4887=CARTESIAN_POINT('Ctrl Pts',(0.343982276590707,-1.13020120718834,0.));
#4888=CARTESIAN_POINT('Ctrl Pts',(0.343982276590707,-1.13020120718834,1.));
#4889=CARTESIAN_POINT('Ctrl Pts',(0.345295715203631,-1.12535317670419,0.));
#4890=CARTESIAN_POINT('Ctrl Pts',(0.345295715203631,-1.12535317670419,1.));
#4891=CARTESIAN_POINT('Ctrl Pts',(0.346566807032223,-1.12050689552094,0.));
#4892=CARTESIAN_POINT('Ctrl Pts',(0.346566807032223,-1.12050689552094,1.));
#4893=CARTESIAN_POINT('Ctrl Pts',(0.347795240882252,-1.11566266097759,0.));
#4894=CARTESIAN_POINT('Ctrl Pts',(0.347795240882252,-1.11566266097759,1.));
#4895=CARTESIAN_POINT('Ctrl Pts',(0.348980756973826,-1.11082075894181,0.));
#4896=CARTESIAN_POINT('Ctrl Pts',(0.348980756973826,-1.11082075894181,1.));
#4897=CARTESIAN_POINT('Ctrl Pts',(0.350123146938034,-1.10598146356522,0.));
#4898=CARTESIAN_POINT('Ctrl Pts',(0.350123146938034,-1.10598146356522,1.));
#4899=CARTESIAN_POINT('Ctrl Pts',(0.351222196184554,-1.10114505271314,0.));
#4900=CARTESIAN_POINT('Ctrl Pts',(0.351222196184554,-1.10114505271314,1.));
#4901=CARTESIAN_POINT('Ctrl Pts',(0.352277635143008,-1.09631182101145,0.));
#4902=CARTESIAN_POINT('Ctrl Pts',(0.352277635143008,-1.09631182101145,1.));
#4903=CARTESIAN_POINT('Ctrl Pts',(0.3532890937431,-1.09148209212432,0.));
#4904=CARTESIAN_POINT('Ctrl Pts',(0.3532890937431,-1.09148209212432,1.));
#4905=CARTESIAN_POINT('Ctrl Pts',(0.354256039217817,-1.08665623545465,0.));
#4906=CARTESIAN_POINT('Ctrl Pts',(0.354256039217817,-1.08665623545465,1.));
#4907=CARTESIAN_POINT('Ctrl Pts',(0.355177771000287,-1.08183466785596,0.));
#4908=CARTESIAN_POINT('Ctrl Pts',(0.355177771000287,-1.08183466785596,1.));
#4909=CARTESIAN_POINT('Ctrl Pts',(0.356053549467786,-1.07701782010458,0.));
#4910=CARTESIAN_POINT('Ctrl Pts',(0.356053549467786,-1.07701782010458,1.));
#4911=CARTESIAN_POINT('Ctrl Pts',(0.356882706436419,-1.07220610824998,0.));
#4912=CARTESIAN_POINT('Ctrl Pts',(0.356882706436419,-1.07220610824998,1.));
#4913=CARTESIAN_POINT('Ctrl Pts',(0.357664747010082,-1.06739990722798,0.));
#4914=CARTESIAN_POINT('Ctrl Pts',(0.357664747010082,-1.06739990722798,1.));
#4915=CARTESIAN_POINT('Ctrl Pts',(0.358399494416006,-1.06259951332615,0.));
#4916=CARTESIAN_POINT('Ctrl Pts',(0.358399494416006,-1.06259951332615,1.));
#4917=CARTESIAN_POINT('Ctrl Pts',(0.359087091429319,-1.05780514405521,0.));
#4918=CARTESIAN_POINT('Ctrl Pts',(0.359087091429319,-1.05780514405521,1.));
#4919=CARTESIAN_POINT('Ctrl Pts',(0.359727687007046,-1.05301702010577,0.));
#4920=CARTESIAN_POINT('Ctrl Pts',(0.359727687007046,-1.05301702010577,1.));
#4921=CARTESIAN_POINT('Ctrl Pts',(0.360321166622411,-1.04823543593889,0.));
#4922=CARTESIAN_POINT('Ctrl Pts',(0.360321166622411,-1.04823543593889,1.));
#4923=CARTESIAN_POINT('Ctrl Pts',(0.360866907699116,-1.04346082390364,0.));
#4924=CARTESIAN_POINT('Ctrl Pts',(0.360866907699116,-1.04346082390364,1.));
#4925=CARTESIAN_POINT('Ctrl Pts',(0.36136342270446,-1.03869384759149,0.));
#4926=CARTESIAN_POINT('Ctrl Pts',(0.36136342270446,-1.03869384759149,1.));
#4927=CARTESIAN_POINT('Ctrl Pts',(0.361808389352512,-1.03393539458348,0.));
#4928=CARTESIAN_POINT('Ctrl Pts',(0.361808389352512,-1.03393539458348,1.));
#4929=CARTESIAN_POINT('Ctrl Pts',(0.362199372792191,-1.02918638935179,0.));
#4930=CARTESIAN_POINT('Ctrl Pts',(0.362199372792191,-1.02918638935179,1.));
#4931=CARTESIAN_POINT('Ctrl Pts',(0.362534450397208,-1.02444763147403,0.));
#4932=CARTESIAN_POINT('Ctrl Pts',(0.362534450397208,-1.02444763147403,1.));
#4933=CARTESIAN_POINT('Ctrl Pts',(0.362812760676941,-1.01971965370264,0.));
#4934=CARTESIAN_POINT('Ctrl Pts',(0.362812760676941,-1.01971965370264,1.));
#4935=CARTESIAN_POINT('Ctrl Pts',(0.363035365371538,-1.01500249841174,0.));
#4936=CARTESIAN_POINT('Ctrl Pts',(0.363035365371538,-1.01500249841174,1.));
#4937=CARTESIAN_POINT('Ctrl Pts',(0.363204981657555,-1.01029578861601,0.));
#4938=CARTESIAN_POINT('Ctrl Pts',(0.363204981657555,-1.01029578861601,1.));
#4939=CARTESIAN_POINT('Ctrl Pts',(0.363324243697767,-1.00559918245545,0.));
#4940=CARTESIAN_POINT('Ctrl Pts',(0.363324243697767,-1.00559918245545,1.));
#4941=CARTESIAN_POINT('Ctrl Pts',(0.363394188446926,-1.000912769135,0.));
#4942=CARTESIAN_POINT('Ctrl Pts',(0.363394188446926,-1.000912769135,1.));
#4943=CARTESIAN_POINT('Ctrl Pts',(0.363412948923808,-0.996237411080257,
0.));
#4944=CARTESIAN_POINT('Ctrl Pts',(0.363412948923808,-0.996237411080257,
1.));
#4945=CARTESIAN_POINT('Ctrl Pts',(0.363373622941958,-0.991575300400361,
0.));
#4946=CARTESIAN_POINT('Ctrl Pts',(0.363373622941958,-0.991575300400361,
1.));
#4947=CARTESIAN_POINT('Ctrl Pts',(0.363265435657126,-0.986929659502872,
0.));
#4948=CARTESIAN_POINT('Ctrl Pts',(0.363265435657126,-0.986929659502872,
1.));
#4949=CARTESIAN_POINT('Ctrl Pts',(0.363077696749466,-0.982303716917658,
0.));
#4950=CARTESIAN_POINT('Ctrl Pts',(0.363077696749466,-0.982303716917658,
1.));
#4951=CARTESIAN_POINT('Ctrl Pts',(0.362803303954778,-0.977699798631726,
0.));
#4952=CARTESIAN_POINT('Ctrl Pts',(0.362803303954778,-0.977699798631726,
1.));
#4953=CARTESIAN_POINT('Ctrl Pts',(0.362441721209774,-0.973118561411782,
0.));
#4954=CARTESIAN_POINT('Ctrl Pts',(0.362441721209774,-0.973118561411782,
1.));
#4955=CARTESIAN_POINT('Ctrl Pts',(0.362003982364575,-0.968557686393236,
0.));
#4956=CARTESIAN_POINT('Ctrl Pts',(0.362003982364575,-0.968557686393236,
1.));
#4957=CARTESIAN_POINT('Ctrl Pts',(0.361507841119785,-0.964013193818267,
0.));
#4958=CARTESIAN_POINT('Ctrl Pts',(0.361507841119785,-0.964013193818267,
1.));
#4959=CARTESIAN_POINT('Ctrl Pts',(0.360968057527073,-0.959482048480674,
0.));
#4960=CARTESIAN_POINT('Ctrl Pts',(0.360968057527073,-0.959482048480674,
1.));
#4961=CARTESIAN_POINT('Ctrl Pts',(0.360387746310583,-0.954964488288609,
0.));
#4962=CARTESIAN_POINT('Ctrl Pts',(0.360387746310583,-0.954964488288609,
1.));
#4963=CARTESIAN_POINT('Ctrl Pts',(0.359750295998244,-0.950466189010913,
0.));
#4964=CARTESIAN_POINT('Ctrl Pts',(0.359750295998244,-0.950466189010913,
1.));
#4965=CARTESIAN_POINT('Ctrl Pts',(0.359008355612362,-0.946001240177002,
0.));
#4966=CARTESIAN_POINT('Ctrl Pts',(0.359008355612362,-0.946001240177002,
1.));
#4967=CARTESIAN_POINT('Ctrl Pts',(0.358095935944996,-0.941588747831552,
0.));
#4968=CARTESIAN_POINT('Ctrl Pts',(0.358095935944996,-0.941588747831552,
1.));
#4969=CARTESIAN_POINT('Ctrl Pts',(0.357175701942525,-0.938116167796032,
0.));
#4970=CARTESIAN_POINT('Ctrl Pts',(0.357175701942525,-0.938116167796032,
1.));
#4971=CARTESIAN_POINT('Ctrl Pts',(0.356354473315122,-0.9355508669191,0.));
#4972=CARTESIAN_POINT('Ctrl Pts',(0.356354473315122,-0.9355508669191,1.));
#4973=CARTESIAN_POINT('Ctrl Pts',(0.355745665493696,-0.933858931788141,
0.));
#4974=CARTESIAN_POINT('Ctrl Pts',(0.355745665493696,-0.933858931788141,
1.));
#4975=CARTESIAN_POINT('Ctrl Pts',(0.355425930776541,-0.933017530665764,
0.));
#4976=CARTESIAN_POINT('Ctrl Pts',(0.355425930776541,-0.933017530665764,
1.));
#4977=CARTESIAN_POINT('',(0.355425930776541,-0.933017530665764,1.));
#4978=CARTESIAN_POINT('',(0.355425930776541,-0.933017530665764,0.));
#4979=CARTESIAN_POINT('Ctrl Pts',(0.291050805116901,-1.26557506562281,1.));
#4980=CARTESIAN_POINT('Ctrl Pts',(0.29153475143217,-1.26461693010529,1.));
#4981=CARTESIAN_POINT('Ctrl Pts',(0.292498990211398,-1.26270020382911,1.));
#4982=CARTESIAN_POINT('Ctrl Pts',(0.29393438682633,-1.25982374869296,1.));
#4983=CARTESIAN_POINT('Ctrl Pts',(0.295826318587927,-1.25598574281297,1.));
#4984=CARTESIAN_POINT('Ctrl Pts',(0.298154630422532,-1.25118368838768,1.));
#4985=CARTESIAN_POINT('Ctrl Pts',(0.300446255767931,-1.24637711634113,1.));
#4986=CARTESIAN_POINT('Ctrl Pts',(0.302701082295948,-1.24156609291503,1.));
#4987=CARTESIAN_POINT('Ctrl Pts',(0.304918971964479,-1.23675073375378,1.));
#4988=CARTESIAN_POINT('Ctrl Pts',(0.307099763847995,-1.23193122077883,1.));
#4989=CARTESIAN_POINT('Ctrl Pts',(0.309243279437676,-1.22710778834984,1.));
#4990=CARTESIAN_POINT('Ctrl Pts',(0.311349328440593,-1.22228070339391,1.));
#4991=CARTESIAN_POINT('Ctrl Pts',(0.313417714942301,-1.21745024699754,1.));
#4992=CARTESIAN_POINT('Ctrl Pts',(0.315448243023289,-1.21261669700614,1.));
#4993=CARTESIAN_POINT('Ctrl Pts',(0.317440724550765,-1.20778030626805,1.));
#4994=CARTESIAN_POINT('Ctrl Pts',(0.319394977784059,-1.20294130306909,1.));
#4995=CARTESIAN_POINT('Ctrl Pts',(0.321310821628791,-1.19809990254933,1.));
#4996=CARTESIAN_POINT('Ctrl Pts',(0.323188071305789,-1.19325631502156,1.));
#4997=CARTESIAN_POINT('Ctrl Pts',(0.325026534190331,-1.18841075478504,1.));
#4998=CARTESIAN_POINT('Ctrl Pts',(0.32682600467752,-1.18356345071598,1.));
#4999=CARTESIAN_POINT('Ctrl Pts',(0.32858626455074,-1.17871464802073,1.));
#5000=CARTESIAN_POINT('Ctrl Pts',(0.330307088074448,-1.17386460206574,1.));
#5001=CARTESIAN_POINT('Ctrl Pts',(0.331988246379222,-1.16901357426378,1.));
#5002=CARTESIAN_POINT('Ctrl Pts',(0.333629511599407,-1.16416182759509,1.));
#5003=CARTESIAN_POINT('Ctrl Pts',(0.335230663401107,-1.15930962118255,1.));
#5004=CARTESIAN_POINT('Ctrl Pts',(0.336791487577437,-1.15445720932684,1.));
#5005=CARTESIAN_POINT('Ctrl Pts',(0.338311764293227,-1.149604846628,1.));
#5006=CARTESIAN_POINT('Ctrl Pts',(0.339791258536889,-1.14475279179741,1.));
#5007=CARTESIAN_POINT('Ctrl Pts',(0.341229711313535,-1.13990131154213,1.));
#5008=CARTESIAN_POINT('Ctrl Pts',(0.342626827537485,-1.13505068553836,1.));
#5009=CARTESIAN_POINT('Ctrl Pts',(0.343982276590707,-1.13020120718834,1.));
#5010=CARTESIAN_POINT('Ctrl Pts',(0.345295715203631,-1.12535317670419,1.));
#5011=CARTESIAN_POINT('Ctrl Pts',(0.346566807032223,-1.12050689552094,1.));
#5012=CARTESIAN_POINT('Ctrl Pts',(0.347795240882252,-1.11566266097759,1.));
#5013=CARTESIAN_POINT('Ctrl Pts',(0.348980756973826,-1.11082075894181,1.));
#5014=CARTESIAN_POINT('Ctrl Pts',(0.350123146938034,-1.10598146356522,1.));
#5015=CARTESIAN_POINT('Ctrl Pts',(0.351222196184554,-1.10114505271314,1.));
#5016=CARTESIAN_POINT('Ctrl Pts',(0.352277635143008,-1.09631182101145,1.));
#5017=CARTESIAN_POINT('Ctrl Pts',(0.3532890937431,-1.09148209212432,1.));
#5018=CARTESIAN_POINT('Ctrl Pts',(0.354256039217817,-1.08665623545465,1.));
#5019=CARTESIAN_POINT('Ctrl Pts',(0.355177771000287,-1.08183466785596,1.));
#5020=CARTESIAN_POINT('Ctrl Pts',(0.356053549467786,-1.07701782010458,1.));
#5021=CARTESIAN_POINT('Ctrl Pts',(0.356882706436419,-1.07220610824998,1.));
#5022=CARTESIAN_POINT('Ctrl Pts',(0.357664747010082,-1.06739990722798,1.));
#5023=CARTESIAN_POINT('Ctrl Pts',(0.358399494416006,-1.06259951332615,1.));
#5024=CARTESIAN_POINT('Ctrl Pts',(0.359087091429319,-1.05780514405521,1.));
#5025=CARTESIAN_POINT('Ctrl Pts',(0.359727687007046,-1.05301702010577,1.));
#5026=CARTESIAN_POINT('Ctrl Pts',(0.360321166622411,-1.04823543593889,1.));
#5027=CARTESIAN_POINT('Ctrl Pts',(0.360866907699116,-1.04346082390364,1.));
#5028=CARTESIAN_POINT('Ctrl Pts',(0.36136342270446,-1.03869384759149,1.));
#5029=CARTESIAN_POINT('Ctrl Pts',(0.361808389352512,-1.03393539458348,1.));
#5030=CARTESIAN_POINT('Ctrl Pts',(0.362199372792191,-1.02918638935179,1.));
#5031=CARTESIAN_POINT('Ctrl Pts',(0.362534450397208,-1.02444763147403,1.));
#5032=CARTESIAN_POINT('Ctrl Pts',(0.362812760676941,-1.01971965370264,1.));
#5033=CARTESIAN_POINT('Ctrl Pts',(0.363035365371538,-1.01500249841174,1.));
#5034=CARTESIAN_POINT('Ctrl Pts',(0.363204981657555,-1.01029578861601,1.));
#5035=CARTESIAN_POINT('Ctrl Pts',(0.363324243697767,-1.00559918245545,1.));
#5036=CARTESIAN_POINT('Ctrl Pts',(0.363394188446926,-1.000912769135,1.));
#5037=CARTESIAN_POINT('Ctrl Pts',(0.363412948923808,-0.996237411080257,
1.));
#5038=CARTESIAN_POINT('Ctrl Pts',(0.363373622941958,-0.991575300400361,
1.));
#5039=CARTESIAN_POINT('Ctrl Pts',(0.363265435657126,-0.986929659502872,
1.));
#5040=CARTESIAN_POINT('Ctrl Pts',(0.363077696749466,-0.982303716917658,
1.));
#5041=CARTESIAN_POINT('Ctrl Pts',(0.362803303954778,-0.977699798631726,
1.));
#5042=CARTESIAN_POINT('Ctrl Pts',(0.362441721209774,-0.973118561411782,
1.));
#5043=CARTESIAN_POINT('Ctrl Pts',(0.362003982364575,-0.968557686393236,
1.));
#5044=CARTESIAN_POINT('Ctrl Pts',(0.361507841119785,-0.964013193818267,
1.));
#5045=CARTESIAN_POINT('Ctrl Pts',(0.360968057527073,-0.959482048480674,
1.));
#5046=CARTESIAN_POINT('Ctrl Pts',(0.360387746310583,-0.954964488288609,
1.));
#5047=CARTESIAN_POINT('Ctrl Pts',(0.359750295998244,-0.950466189010913,
1.));
#5048=CARTESIAN_POINT('Ctrl Pts',(0.359008355612362,-0.946001240177002,
1.));
#5049=CARTESIAN_POINT('Ctrl Pts',(0.358095935944996,-0.941588747831552,
1.));
#5050=CARTESIAN_POINT('Ctrl Pts',(0.357175701942525,-0.938116167796032,
1.));
#5051=CARTESIAN_POINT('Ctrl Pts',(0.356354473315122,-0.9355508669191,1.));
#5052=CARTESIAN_POINT('Ctrl Pts',(0.355745665493696,-0.933858931788141,
1.));
#5053=CARTESIAN_POINT('Ctrl Pts',(0.355425930776541,-0.933017530665764,
1.));
#5054=CARTESIAN_POINT('Origin',(0.355425930776541,-0.933017530665764,0.));
#5055=CARTESIAN_POINT('',(0.320372931968309,-0.840773457822286,1.));
#5056=CARTESIAN_POINT('',(0.320372931968309,-0.840773457822286,0.));
#5057=CARTESIAN_POINT('',(0.275394385352007,-0.722409709454667,1.));
#5058=CARTESIAN_POINT('Origin',(0.44750338400376,-0.7924635399455,0.));
#5059=CARTESIAN_POINT('',(0.380630126264838,-0.674040706845698,1.));
#5060=CARTESIAN_POINT('',(0.380630126264838,-0.674040706845698,0.));
#5061=CARTESIAN_POINT('Origin',(0.44750338400376,-0.7924635399455,1.));
#5062=CARTESIAN_POINT('Origin',(0.852193225198321,-0.31941266061923,0.));
#5063=CARTESIAN_POINT('',(0.724844607893626,-0.271680808878674,1.));
#5064=CARTESIAN_POINT('',(0.724844607893626,-0.271680808878674,0.));
#5065=CARTESIAN_POINT('',(0.785858665501531,-0.438138084138513,1.));
#5066=CARTESIAN_POINT('Origin',(0.852193225198321,-0.31941266061923,1.));
#5067=CARTESIAN_POINT('',(0.785858665501531,-0.438138084138513,0.));
#5068=CARTESIAN_POINT('Origin',(0.872004167544044,-0.486269510234634,0.));
#5069=CARTESIAN_POINT('',(0.872004167544044,-0.486269510234634,1.));
#5070=CARTESIAN_POINT('',(0.675320348919784,-0.376377844901433,1.));
#5071=CARTESIAN_POINT('',(0.872004167544044,-0.486269510234634,0.));
#5072=CARTESIAN_POINT('Origin',(0.462541865163867,-0.78378106879951,0.));
#5073=CARTESIAN_POINT('',(0.567944707317629,-0.697837826680602,1.));
#5074=CARTESIAN_POINT('',(0.567944707317629,-0.697837826680602,0.));
#5075=CARTESIAN_POINT('',(0.393421312180774,-0.666655712213878,1.));
#5076=CARTESIAN_POINT('Origin',(0.462541865163867,-0.78378106879951,1.));
#5077=CARTESIAN_POINT('',(0.393421312180774,-0.666655712213878,0.));
#5078=CARTESIAN_POINT('Origin',(0.487927967652273,-0.599703388501773,0.));
#5079=CARTESIAN_POINT('',(0.630303918344508,-0.774316650549096,1.));
#5080=CARTESIAN_POINT('',(0.630303918344508,-0.774316650549096,0.));
#5081=CARTESIAN_POINT('',(0.487927967652273,-0.599703388501773,1.));
#5082=CARTESIAN_POINT('Origin',(-0.166578264012282,0.89471192168006,0.));
#5083=CARTESIAN_POINT('',(-0.295018856981416,0.850001586434868,1.));
#5084=CARTESIAN_POINT('',(-0.295018856981416,0.850001586434868,0.));
#5085=CARTESIAN_POINT('',(-0.141685421675917,0.761009466951596,1.));
#5086=CARTESIAN_POINT('Origin',(-0.166578264012282,0.89471192168006,1.));
#5087=CARTESIAN_POINT('',(-0.141685421675917,0.761009466951596,0.));
#5088=CARTESIAN_POINT('Origin',(-0.253391671789641,0.730418042264454,0.));
#5089=CARTESIAN_POINT('',(-0.327460049120524,0.943196279163566,1.));
#5090=CARTESIAN_POINT('',(-0.327460049120524,0.943196279163566,0.));
#5091=CARTESIAN_POINT('',(-0.253391671789641,0.730418042264454,1.));
#5092=CARTESIAN_POINT('Origin',(-0.14947713421253,0.897727312264354,0.));
#5093=CARTESIAN_POINT('',(-0.127139821737177,0.763574248671387,1.));
#5094=CARTESIAN_POINT('',(-0.127139821737177,0.763574248671387,0.));
#5095=CARTESIAN_POINT('',(-0.0134906215213697,0.89964261017772,1.));
#5096=CARTESIAN_POINT('Origin',(-0.14947713421253,0.897727312264354,1.));
#5097=CARTESIAN_POINT('',(-0.0134906215213696,0.89964261017772,0.));
#5098=CARTESIAN_POINT('Origin',(-0.0148803348230123,0.998312516416361,0.));
#5099=CARTESIAN_POINT('',(-0.0148803348230123,0.998312516416361,1.));
#5100=CARTESIAN_POINT('',(-0.0117073993536119,0.773033500307821,1.));
#5101=CARTESIAN_POINT('',(-0.0148803348230123,0.998312516416361,0.));
#5102=CARTESIAN_POINT('Origin',(0.447503384003761,0.7924635399455,0.));
#5103=CARTESIAN_POINT('',(0.320372931968309,0.840773457822286,1.));
#5104=CARTESIAN_POINT('',(0.320372931968309,0.840773457822286,0.));
#5105=CARTESIAN_POINT('',(0.380630126264838,0.674040706845698,1.));
#5106=CARTESIAN_POINT('Origin',(0.447503384003761,0.7924635399455,1.));
#5107=CARTESIAN_POINT('',(0.380630126264838,0.674040706845698,0.));
#5108=CARTESIAN_POINT('Origin',(0.275394385352007,0.722409709454667,0.));
#5109=CARTESIAN_POINT('',(0.355425930776541,0.933017530665764,1.));
#5110=CARTESIAN_POINT('',(0.355425930776541,0.933017530665764,0.));
#5111=CARTESIAN_POINT('',(0.275394385352007,0.722409709454667,1.));
#5112=CARTESIAN_POINT('Origin',(0.462541865163867,0.783781068799509,0.));
#5113=CARTESIAN_POINT('',(0.393421312180775,0.666655712213877,1.));
#5114=CARTESIAN_POINT('',(0.393421312180775,0.666655712213877,0.));
#5115=CARTESIAN_POINT('',(0.567944707317629,0.697837826680602,1.));
#5116=CARTESIAN_POINT('Origin',(0.462541865163867,0.783781068799509,1.));
#5117=CARTESIAN_POINT('',(0.567944707317629,0.697837826680602,0.));
#5118=CARTESIAN_POINT('Origin',(0.630303918344508,0.774316650549096,0.));
#5119=CARTESIAN_POINT('',(0.630303918344508,0.774316650549096,1.));
#5120=CARTESIAN_POINT('',(0.487927967652274,0.599703388501773,1.));
#5121=CARTESIAN_POINT('',(0.630303918344508,0.774316650549096,0.));
#5122=CARTESIAN_POINT('Origin',(0.852193225198321,0.31941266061923,0.));
#5123=CARTESIAN_POINT('',(0.785858665501531,0.438138084138513,1.));
#5124=CARTESIAN_POINT('',(0.785858665501531,0.438138084138513,0.));
#5125=CARTESIAN_POINT('',(0.724844607893626,0.271680808878674,1.));
#5126=CARTESIAN_POINT('Origin',(0.852193225198321,0.31941266061923,1.));
#5127=CARTESIAN_POINT('',(0.724844607893626,0.271680808878674,0.));
#5128=CARTESIAN_POINT('Origin',(0.675320348919784,0.376377844901433,0.));
#5129=CARTESIAN_POINT('',(0.872004167544044,0.486269510234633,1.));
#5130=CARTESIAN_POINT('',(0.872004167544044,0.486269510234633,0.));
#5131=CARTESIAN_POINT('',(0.675320348919784,0.376377844901433,1.));
#5132=CARTESIAN_POINT('Ctrl Pts',(1.03645382323568,-0.78240289505185,0.));
#5133=CARTESIAN_POINT('Ctrl Pts',(1.03645382323568,-0.78240289505185,1.));
#5134=CARTESIAN_POINT('Ctrl Pts',(1.0362086699822,-0.781357845967696,0.));
#5135=CARTESIAN_POINT('Ctrl Pts',(1.0362086699822,-0.781357845967696,1.));
#5136=CARTESIAN_POINT('Ctrl Pts',(1.03571527183937,-0.779269747714778,0.));
#5137=CARTESIAN_POINT('Ctrl Pts',(1.03571527183937,-0.779269747714778,1.));
#5138=CARTESIAN_POINT('Ctrl Pts',(1.03496589971857,-0.776143600082783,0.));
#5139=CARTESIAN_POINT('Ctrl Pts',(1.03496589971857,-0.776143600082783,1.));
#5140=CARTESIAN_POINT('Ctrl Pts',(1.03394818090575,-0.771987406711035,0.));
#5141=CARTESIAN_POINT('Ctrl Pts',(1.03394818090575,-0.771987406711035,1.));
#5142=CARTESIAN_POINT('Ctrl Pts',(1.03264507016288,-0.766812209604215,0.));
#5143=CARTESIAN_POINT('Ctrl Pts',(1.03264507016288,-0.766812209604215,1.));
#5144=CARTESIAN_POINT('Ctrl Pts',(1.03131095206784,-0.761657133419439,0.));
#5145=CARTESIAN_POINT('Ctrl Pts',(1.03131095206784,-0.761657133419439,1.));
#5146=CARTESIAN_POINT('Ctrl Pts',(1.02994578315162,-0.756522301103961,0.));
#5147=CARTESIAN_POINT('Ctrl Pts',(1.02994578315162,-0.756522301103961,1.));
#5148=CARTESIAN_POINT('Ctrl Pts',(1.02854953200261,-0.75140788997828,0.));
#5149=CARTESIAN_POINT('Ctrl Pts',(1.02854953200261,-0.75140788997828,1.));
#5150=CARTESIAN_POINT('Ctrl Pts',(1.02712219228155,-0.746314142843252,0.));
#5151=CARTESIAN_POINT('Ctrl Pts',(1.02712219228155,-0.746314142843252,1.));
#5152=CARTESIAN_POINT('Ctrl Pts',(1.02566377788625,-0.741241353972042,0.));
#5153=CARTESIAN_POINT('Ctrl Pts',(1.02566377788625,-0.741241353972042,1.));
#5154=CARTESIAN_POINT('Ctrl Pts',(1.0241743146213,-0.736189850160624,0.));
#5155=CARTESIAN_POINT('Ctrl Pts',(1.0241743146213,-0.736189850160624,1.));
#5156=CARTESIAN_POINT('Ctrl Pts',(1.02265383308643,-0.731159972665112,0.));
#5157=CARTESIAN_POINT('Ctrl Pts',(1.02265383308643,-0.731159972665112,1.));
#5158=CARTESIAN_POINT('Ctrl Pts',(1.0211023617942,-0.726152060262083,0.));
#5159=CARTESIAN_POINT('Ctrl Pts',(1.0211023617942,-0.726152060262083,1.));
#5160=CARTESIAN_POINT('Ctrl Pts',(1.01951991915429,-0.721166427574024,0.));
#5161=CARTESIAN_POINT('Ctrl Pts',(1.01951991915429,-0.721166427574024,1.));
#5162=CARTESIAN_POINT('Ctrl Pts',(1.01790651268458,-0.716203366298677,0.));
#5163=CARTESIAN_POINT('Ctrl Pts',(1.01790651268458,-0.716203366298677,1.));
#5164=CARTESIAN_POINT('Ctrl Pts',(1.01626214194809,-0.711263157648112,0.));
#5165=CARTESIAN_POINT('Ctrl Pts',(1.01626214194809,-0.711263157648112,1.));
#5166=CARTESIAN_POINT('Ctrl Pts',(1.01458680058221,-0.706346081505042,0.));
#5167=CARTESIAN_POINT('Ctrl Pts',(1.01458680058221,-0.706346081505042,1.));
#5168=CARTESIAN_POINT('Ctrl Pts',(1.01288047877677,-0.701452425849007,0.));
#5169=CARTESIAN_POINT('Ctrl Pts',(1.01288047877677,-0.701452425849007,1.));
#5170=CARTESIAN_POINT('Ctrl Pts',(1.01114316614807,-0.696582498169636,0.));
#5171=CARTESIAN_POINT('Ctrl Pts',(1.01114316614807,-0.696582498169636,1.));
#5172=CARTESIAN_POINT('Ctrl Pts',(1.00937485314807,-0.691736626572823,0.));
#5173=CARTESIAN_POINT('Ctrl Pts',(1.00937485314807,-0.691736626572823,1.));
#5174=CARTESIAN_POINT('Ctrl Pts',(1.00757553099972,-0.686915151780637,0.));
#5175=CARTESIAN_POINT('Ctrl Pts',(1.00757553099972,-0.686915151780637,1.));
#5176=CARTESIAN_POINT('Ctrl Pts',(1.00574519241175,-0.682118421161297,0.));
#5177=CARTESIAN_POINT('Ctrl Pts',(1.00574519241175,-0.682118421161297,1.));
#5178=CARTESIAN_POINT('Ctrl Pts',(1.00388383186939,-0.677346782638583,0.));
#5179=CARTESIAN_POINT('Ctrl Pts',(1.00388383186939,-0.677346782638583,1.));
#5180=CARTESIAN_POINT('Ctrl Pts',(1.00199144714805,-0.672600576340031,0.));
#5181=CARTESIAN_POINT('Ctrl Pts',(1.00199144714805,-0.672600576340031,1.));
#5182=CARTESIAN_POINT('Ctrl Pts',(1.00006803761706,-0.667880134760794,0.));
#5183=CARTESIAN_POINT('Ctrl Pts',(1.00006803761706,-0.667880134760794,1.));
#5184=CARTESIAN_POINT('Ctrl Pts',(0.998113598526679,-0.663185794243147,
0.));
#5185=CARTESIAN_POINT('Ctrl Pts',(0.998113598526679,-0.663185794243147,
1.));
#5186=CARTESIAN_POINT('Ctrl Pts',(0.996128116144038,-0.658517904034036,
0.));
#5187=CARTESIAN_POINT('Ctrl Pts',(0.996128116144038,-0.658517904034036,
1.));
#5188=CARTESIAN_POINT('Ctrl Pts',(0.994111563503545,-0.65387683492163,0.));
#5189=CARTESIAN_POINT('Ctrl Pts',(0.994111563503545,-0.65387683492163,1.));
#5190=CARTESIAN_POINT('Ctrl Pts',(0.992063894328844,-0.649262990827744,
0.));
#5191=CARTESIAN_POINT('Ctrl Pts',(0.992063894328844,-0.649262990827744,
1.));
#5192=CARTESIAN_POINT('Ctrl Pts',(0.989985043947159,-0.644676809028712,
0.));
#5193=CARTESIAN_POINT('Ctrl Pts',(0.989985043947159,-0.644676809028712,
1.));
#5194=CARTESIAN_POINT('Ctrl Pts',(0.987874942371373,-0.640118740149787,
0.));
#5195=CARTESIAN_POINT('Ctrl Pts',(0.987874942371373,-0.640118740149787,
1.));
#5196=CARTESIAN_POINT('Ctrl Pts',(0.98573352570571,-0.635589231301373,0.));
#5197=CARTESIAN_POINT('Ctrl Pts',(0.98573352570571,-0.635589231301373,1.));
#5198=CARTESIAN_POINT('Ctrl Pts',(0.983560746687384,-0.631088710290158,
0.));
#5199=CARTESIAN_POINT('Ctrl Pts',(0.983560746687384,-0.631088710290158,
1.));
#5200=CARTESIAN_POINT('Ctrl Pts',(0.981356590065648,-0.626617563086776,
0.));
#5201=CARTESIAN_POINT('Ctrl Pts',(0.981356590065648,-0.626617563086776,
1.));
#5202=CARTESIAN_POINT('Ctrl Pts',(0.979121072441916,-0.622176133640501,
0.));
#5203=CARTESIAN_POINT('Ctrl Pts',(0.979121072441916,-0.622176133640501,
1.));
#5204=CARTESIAN_POINT('Ctrl Pts',(0.976854208038857,-0.617764772744527,
0.));
#5205=CARTESIAN_POINT('Ctrl Pts',(0.976854208038857,-0.617764772744527,
1.));
#5206=CARTESIAN_POINT('Ctrl Pts',(0.974555979735442,-0.613383879371866,
0.));
#5207=CARTESIAN_POINT('Ctrl Pts',(0.974555979735442,-0.613383879371866,
1.));
#5208=CARTESIAN_POINT('Ctrl Pts',(0.972226312088697,-0.609033939340263,
0.));
#5209=CARTESIAN_POINT('Ctrl Pts',(0.972226312088697,-0.609033939340263,
1.));
#5210=CARTESIAN_POINT('Ctrl Pts',(0.969865034423018,-0.604715578084784,
0.));
#5211=CARTESIAN_POINT('Ctrl Pts',(0.969865034423018,-0.604715578084784,
1.));
#5212=CARTESIAN_POINT('Ctrl Pts',(0.96747187802132,-0.600429565249457,0.));
#5213=CARTESIAN_POINT('Ctrl Pts',(0.96747187802132,-0.600429565249457,1.));
#5214=CARTESIAN_POINT('Ctrl Pts',(0.965046553197412,-0.596176706248419,
0.));
#5215=CARTESIAN_POINT('Ctrl Pts',(0.965046553197412,-0.596176706248419,
1.));
#5216=CARTESIAN_POINT('Ctrl Pts',(0.96258881552419,-0.591957749294393,0.));
#5217=CARTESIAN_POINT('Ctrl Pts',(0.96258881552419,-0.591957749294393,1.));
#5218=CARTESIAN_POINT('Ctrl Pts',(0.960098526893333,-0.587773299717953,
0.));
#5219=CARTESIAN_POINT('Ctrl Pts',(0.960098526893333,-0.587773299717953,
1.));
#5220=CARTESIAN_POINT('Ctrl Pts',(0.957575742339025,-0.583623698115895,
0.));
#5221=CARTESIAN_POINT('Ctrl Pts',(0.957575742339025,-0.583623698115895,
1.));
#5222=CARTESIAN_POINT('Ctrl Pts',(0.955020711046561,-0.579509019337022,
0.));
#5223=CARTESIAN_POINT('Ctrl Pts',(0.955020711046561,-0.579509019337022,
1.));
#5224=CARTESIAN_POINT('Ctrl Pts',(0.952433688980819,-0.575429336692401,
0.));
#5225=CARTESIAN_POINT('Ctrl Pts',(0.952433688980819,-0.575429336692401,
1.));
#5226=CARTESIAN_POINT('Ctrl Pts',(0.949814777685129,-0.571384949368698,
0.));
#5227=CARTESIAN_POINT('Ctrl Pts',(0.949814777685129,-0.571384949368698,
1.));
#5228=CARTESIAN_POINT('Ctrl Pts',(0.947163778147003,-0.567376588748845,
0.));
#5229=CARTESIAN_POINT('Ctrl Pts',(0.947163778147003,-0.567376588748845,
1.));
#5230=CARTESIAN_POINT('Ctrl Pts',(0.944479977398653,-0.563405719340984,
0.));
#5231=CARTESIAN_POINT('Ctrl Pts',(0.944479977398653,-0.563405719340984,
1.));
#5232=CARTESIAN_POINT('Ctrl Pts',(0.941762166991942,-0.559474513808264,
0.));
#5233=CARTESIAN_POINT('Ctrl Pts',(0.941762166991942,-0.559474513808264,
1.));
#5234=CARTESIAN_POINT('Ctrl Pts',(0.939009075961992,-0.555585245429565,
0.));
#5235=CARTESIAN_POINT('Ctrl Pts',(0.939009075961992,-0.555585245429565,
1.));
#5236=CARTESIAN_POINT('Ctrl Pts',(0.936219745450205,-0.551739762557237,
0.));
#5237=CARTESIAN_POINT('Ctrl Pts',(0.936219745450205,-0.551739762557237,
1.));
#5238=CARTESIAN_POINT('Ctrl Pts',(0.933393857963131,-0.54793902705881,0.));
#5239=CARTESIAN_POINT('Ctrl Pts',(0.933393857963131,-0.54793902705881,1.));
#5240=CARTESIAN_POINT('Ctrl Pts',(0.930532254078485,-0.544182388921346,
0.));
#5241=CARTESIAN_POINT('Ctrl Pts',(0.930532254078485,-0.544182388921346,
1.));
#5242=CARTESIAN_POINT('Ctrl Pts',(0.927636772952766,-0.540467812789901,
0.));
#5243=CARTESIAN_POINT('Ctrl Pts',(0.927636772952766,-0.540467812789901,
1.));
#5244=CARTESIAN_POINT('Ctrl Pts',(0.924709212728354,-0.536793343577324,
0.));
#5245=CARTESIAN_POINT('Ctrl Pts',(0.924709212728354,-0.536793343577324,
1.));
#5246=CARTESIAN_POINT('Ctrl Pts',(0.921750425098521,-0.533158383076917,
0.));
#5247=CARTESIAN_POINT('Ctrl Pts',(0.921750425098521,-0.533158383076917,
1.));
#5248=CARTESIAN_POINT('Ctrl Pts',(0.918759534229149,-0.529564792017397,
0.));
#5249=CARTESIAN_POINT('Ctrl Pts',(0.918759534229149,-0.529564792017397,
1.));
#5250=CARTESIAN_POINT('Ctrl Pts',(0.915732661799258,-0.526018686291729,
0.));
#5251=CARTESIAN_POINT('Ctrl Pts',(0.915732661799258,-0.526018686291729,
1.));
#5252=CARTESIAN_POINT('Ctrl Pts',(0.912663625122937,-0.522529460343696,
0.));
#5253=CARTESIAN_POINT('Ctrl Pts',(0.912663625122937,-0.522529460343696,
1.));
#5254=CARTESIAN_POINT('Ctrl Pts',(0.90954631019907,-0.519106458975807,0.));
#5255=CARTESIAN_POINT('Ctrl Pts',(0.90954631019907,-0.519106458975807,1.));
#5256=CARTESIAN_POINT('Ctrl Pts',(0.906376771493261,-0.515756029244907,
0.));
#5257=CARTESIAN_POINT('Ctrl Pts',(0.906376771493261,-0.515756029244907,
1.));
#5258=CARTESIAN_POINT('Ctrl Pts',(0.903155020518708,-0.512479018838324,
0.));
#5259=CARTESIAN_POINT('Ctrl Pts',(0.903155020518708,-0.512479018838324,
1.));
#5260=CARTESIAN_POINT('Ctrl Pts',(0.899888019157556,-0.509266558980579,
0.));
#5261=CARTESIAN_POINT('Ctrl Pts',(0.899888019157556,-0.509266558980579,
1.));
#5262=CARTESIAN_POINT('Ctrl Pts',(0.896586809394479,-0.506104189141534,
0.));
#5263=CARTESIAN_POINT('Ctrl Pts',(0.896586809394479,-0.506104189141534,
1.));
#5264=CARTESIAN_POINT('Ctrl Pts',(0.893260747092103,-0.502980096640014,
0.));
#5265=CARTESIAN_POINT('Ctrl Pts',(0.893260747092103,-0.502980096640014,
1.));
#5266=CARTESIAN_POINT('Ctrl Pts',(0.889912371191958,-0.499892461618148,
0.));
#5267=CARTESIAN_POINT('Ctrl Pts',(0.889912371191958,-0.499892461618148,
1.));
#5268=CARTESIAN_POINT('Ctrl Pts',(0.886532604882061,-0.496856309615546,
0.));
#5269=CARTESIAN_POINT('Ctrl Pts',(0.886532604882061,-0.496856309615546,
1.));
#5270=CARTESIAN_POINT('Ctrl Pts',(0.883094231784008,-0.493912870459689,
0.));
#5271=CARTESIAN_POINT('Ctrl Pts',(0.883094231784008,-0.493912870459689,
1.));
#5272=CARTESIAN_POINT('Ctrl Pts',(0.879558982360538,-0.491119197275169,
0.));
#5273=CARTESIAN_POINT('Ctrl Pts',(0.879558982360538,-0.491119197275169,
1.));
#5274=CARTESIAN_POINT('Ctrl Pts',(0.876621910796099,-0.489050561650473,
0.));
#5275=CARTESIAN_POINT('Ctrl Pts',(0.876621910796099,-0.489050561650473,
1.));
#5276=CARTESIAN_POINT('Ctrl Pts',(0.874343869550738,-0.487613302755186,
0.));
#5277=CARTESIAN_POINT('Ctrl Pts',(0.874343869550738,-0.487613302755186,
1.));
#5278=CARTESIAN_POINT('Ctrl Pts',(0.872789940763633,-0.48670853937429,0.));
#5279=CARTESIAN_POINT('Ctrl Pts',(0.872789940763633,-0.48670853937429,1.));
#5280=CARTESIAN_POINT('Ctrl Pts',(0.872004167544044,-0.486269510234634,
0.));
#5281=CARTESIAN_POINT('Ctrl Pts',(0.872004167544044,-0.486269510234634,
1.));
#5282=CARTESIAN_POINT('',(1.03645382323568,-0.78240289505185,1.));
#5283=CARTESIAN_POINT('Ctrl Pts',(1.03645382323568,-0.78240289505185,1.));
#5284=CARTESIAN_POINT('Ctrl Pts',(1.0362086699822,-0.781357845967696,1.));
#5285=CARTESIAN_POINT('Ctrl Pts',(1.03571527183937,-0.779269747714778,1.));
#5286=CARTESIAN_POINT('Ctrl Pts',(1.03496589971857,-0.776143600082783,1.));
#5287=CARTESIAN_POINT('Ctrl Pts',(1.03394818090575,-0.771987406711035,1.));
#5288=CARTESIAN_POINT('Ctrl Pts',(1.03264507016288,-0.766812209604215,1.));
#5289=CARTESIAN_POINT('Ctrl Pts',(1.03131095206784,-0.761657133419439,1.));
#5290=CARTESIAN_POINT('Ctrl Pts',(1.02994578315162,-0.756522301103961,1.));
#5291=CARTESIAN_POINT('Ctrl Pts',(1.02854953200261,-0.75140788997828,1.));
#5292=CARTESIAN_POINT('Ctrl Pts',(1.02712219228155,-0.746314142843252,1.));
#5293=CARTESIAN_POINT('Ctrl Pts',(1.02566377788625,-0.741241353972042,1.));
#5294=CARTESIAN_POINT('Ctrl Pts',(1.0241743146213,-0.736189850160624,1.));
#5295=CARTESIAN_POINT('Ctrl Pts',(1.02265383308643,-0.731159972665112,1.));
#5296=CARTESIAN_POINT('Ctrl Pts',(1.0211023617942,-0.726152060262083,1.));
#5297=CARTESIAN_POINT('Ctrl Pts',(1.01951991915429,-0.721166427574024,1.));
#5298=CARTESIAN_POINT('Ctrl Pts',(1.01790651268458,-0.716203366298677,1.));
#5299=CARTESIAN_POINT('Ctrl Pts',(1.01626214194809,-0.711263157648112,1.));
#5300=CARTESIAN_POINT('Ctrl Pts',(1.01458680058221,-0.706346081505042,1.));
#5301=CARTESIAN_POINT('Ctrl Pts',(1.01288047877677,-0.701452425849007,1.));
#5302=CARTESIAN_POINT('Ctrl Pts',(1.01114316614807,-0.696582498169636,1.));
#5303=CARTESIAN_POINT('Ctrl Pts',(1.00937485314807,-0.691736626572823,1.));
#5304=CARTESIAN_POINT('Ctrl Pts',(1.00757553099972,-0.686915151780637,1.));
#5305=CARTESIAN_POINT('Ctrl Pts',(1.00574519241175,-0.682118421161297,1.));
#5306=CARTESIAN_POINT('Ctrl Pts',(1.00388383186939,-0.677346782638583,1.));
#5307=CARTESIAN_POINT('Ctrl Pts',(1.00199144714805,-0.672600576340031,1.));
#5308=CARTESIAN_POINT('Ctrl Pts',(1.00006803761706,-0.667880134760794,1.));
#5309=CARTESIAN_POINT('Ctrl Pts',(0.998113598526679,-0.663185794243147,
1.));
#5310=CARTESIAN_POINT('Ctrl Pts',(0.996128116144038,-0.658517904034036,
1.));
#5311=CARTESIAN_POINT('Ctrl Pts',(0.994111563503545,-0.65387683492163,1.));
#5312=CARTESIAN_POINT('Ctrl Pts',(0.992063894328844,-0.649262990827744,
1.));
#5313=CARTESIAN_POINT('Ctrl Pts',(0.989985043947159,-0.644676809028712,
1.));
#5314=CARTESIAN_POINT('Ctrl Pts',(0.987874942371373,-0.640118740149787,
1.));
#5315=CARTESIAN_POINT('Ctrl Pts',(0.98573352570571,-0.635589231301373,1.));
#5316=CARTESIAN_POINT('Ctrl Pts',(0.983560746687384,-0.631088710290158,
1.));
#5317=CARTESIAN_POINT('Ctrl Pts',(0.981356590065648,-0.626617563086776,
1.));
#5318=CARTESIAN_POINT('Ctrl Pts',(0.979121072441916,-0.622176133640501,
1.));
#5319=CARTESIAN_POINT('Ctrl Pts',(0.976854208038857,-0.617764772744527,
1.));
#5320=CARTESIAN_POINT('Ctrl Pts',(0.974555979735442,-0.613383879371866,
1.));
#5321=CARTESIAN_POINT('Ctrl Pts',(0.972226312088697,-0.609033939340263,
1.));
#5322=CARTESIAN_POINT('Ctrl Pts',(0.969865034423018,-0.604715578084784,
1.));
#5323=CARTESIAN_POINT('Ctrl Pts',(0.96747187802132,-0.600429565249457,1.));
#5324=CARTESIAN_POINT('Ctrl Pts',(0.965046553197412,-0.596176706248419,
1.));
#5325=CARTESIAN_POINT('Ctrl Pts',(0.96258881552419,-0.591957749294393,1.));
#5326=CARTESIAN_POINT('Ctrl Pts',(0.960098526893333,-0.587773299717953,
1.));
#5327=CARTESIAN_POINT('Ctrl Pts',(0.957575742339025,-0.583623698115895,
1.));
#5328=CARTESIAN_POINT('Ctrl Pts',(0.955020711046561,-0.579509019337022,
1.));
#5329=CARTESIAN_POINT('Ctrl Pts',(0.952433688980819,-0.575429336692401,
1.));
#5330=CARTESIAN_POINT('Ctrl Pts',(0.949814777685129,-0.571384949368698,
1.));
#5331=CARTESIAN_POINT('Ctrl Pts',(0.947163778147003,-0.567376588748845,
1.));
#5332=CARTESIAN_POINT('Ctrl Pts',(0.944479977398653,-0.563405719340984,
1.));
#5333=CARTESIAN_POINT('Ctrl Pts',(0.941762166991942,-0.559474513808264,
1.));
#5334=CARTESIAN_POINT('Ctrl Pts',(0.939009075961992,-0.555585245429565,
1.));
#5335=CARTESIAN_POINT('Ctrl Pts',(0.936219745450205,-0.551739762557237,
1.));
#5336=CARTESIAN_POINT('Ctrl Pts',(0.933393857963131,-0.54793902705881,1.));
#5337=CARTESIAN_POINT('Ctrl Pts',(0.930532254078485,-0.544182388921346,
1.));
#5338=CARTESIAN_POINT('Ctrl Pts',(0.927636772952766,-0.540467812789901,
1.));
#5339=CARTESIAN_POINT('Ctrl Pts',(0.924709212728354,-0.536793343577324,
1.));
#5340=CARTESIAN_POINT('Ctrl Pts',(0.921750425098521,-0.533158383076917,
1.));
#5341=CARTESIAN_POINT('Ctrl Pts',(0.918759534229149,-0.529564792017397,
1.));
#5342=CARTESIAN_POINT('Ctrl Pts',(0.915732661799258,-0.526018686291729,
1.));
#5343=CARTESIAN_POINT('Ctrl Pts',(0.912663625122937,-0.522529460343696,
1.));
#5344=CARTESIAN_POINT('Ctrl Pts',(0.90954631019907,-0.519106458975807,1.));
#5345=CARTESIAN_POINT('Ctrl Pts',(0.906376771493261,-0.515756029244907,
1.));
#5346=CARTESIAN_POINT('Ctrl Pts',(0.903155020518708,-0.512479018838324,
1.));
#5347=CARTESIAN_POINT('Ctrl Pts',(0.899888019157556,-0.509266558980579,
1.));
#5348=CARTESIAN_POINT('Ctrl Pts',(0.896586809394479,-0.506104189141534,
1.));
#5349=CARTESIAN_POINT('Ctrl Pts',(0.893260747092103,-0.502980096640014,
1.));
#5350=CARTESIAN_POINT('Ctrl Pts',(0.889912371191958,-0.499892461618148,
1.));
#5351=CARTESIAN_POINT('Ctrl Pts',(0.886532604882061,-0.496856309615546,
1.));
#5352=CARTESIAN_POINT('Ctrl Pts',(0.883094231784008,-0.493912870459689,
1.));
#5353=CARTESIAN_POINT('Ctrl Pts',(0.879558982360538,-0.491119197275169,
1.));
#5354=CARTESIAN_POINT('Ctrl Pts',(0.876621910796099,-0.489050561650473,
1.));
#5355=CARTESIAN_POINT('Ctrl Pts',(0.874343869550738,-0.487613302755186,
1.));
#5356=CARTESIAN_POINT('Ctrl Pts',(0.872789940763633,-0.48670853937429,1.));
#5357=CARTESIAN_POINT('Ctrl Pts',(0.872004167544044,-0.486269510234634,
1.));
#5358=CARTESIAN_POINT('',(1.03645382323568,-0.78240289505185,0.));
#5359=CARTESIAN_POINT('Origin',(-5.93590562338254E-14,4.98172202755164E-14,
0.));
#5360=CARTESIAN_POINT('',(0.950494754667056,-0.884844923834554,1.));
#5361=CARTESIAN_POINT('Origin',(-5.93590562338254E-14,4.98172202755164E-14,
1.));
#5362=CARTESIAN_POINT('',(0.950494754667056,-0.884844923834554,0.));
#5363=CARTESIAN_POINT('Ctrl Pts',(0.630303918344508,-0.774316650549096,
0.));
#5364=CARTESIAN_POINT('Ctrl Pts',(0.630303918344508,-0.774316650549096,
1.));
#5365=CARTESIAN_POINT('Ctrl Pts',(0.63087272573268,-0.775014249497813,0.));
#5366=CARTESIAN_POINT('Ctrl Pts',(0.63087272573268,-0.775014249497813,1.));
#5367=CARTESIAN_POINT('Ctrl Pts',(0.632033580626933,-0.77638746010267,0.));
#5368=CARTESIAN_POINT('Ctrl Pts',(0.632033580626933,-0.77638746010267,1.));
#5369=CARTESIAN_POINT('Ctrl Pts',(0.633844582041006,-0.778381315394782,
0.));
#5370=CARTESIAN_POINT('Ctrl Pts',(0.633844582041006,-0.778381315394782,
1.));
#5371=CARTESIAN_POINT('Ctrl Pts',(0.636391807567205,-0.780914551436108,
0.));
#5372=CARTESIAN_POINT('Ctrl Pts',(0.636391807567205,-0.780914551436108,
1.));
#5373=CARTESIAN_POINT('Ctrl Pts',(0.639756928198687,-0.783910976219684,
0.));
#5374=CARTESIAN_POINT('Ctrl Pts',(0.639756928198687,-0.783910976219684,
1.));
#5375=CARTESIAN_POINT('Ctrl Pts',(0.64325271712251,-0.786785989858907,0.));
#5376=CARTESIAN_POINT('Ctrl Pts',(0.64325271712251,-0.786785989858907,1.));
#5377=CARTESIAN_POINT('Ctrl Pts',(0.64682963341465,-0.789587187661892,0.));
#5378=CARTESIAN_POINT('Ctrl Pts',(0.64682963341465,-0.789587187661892,1.));
#5379=CARTESIAN_POINT('Ctrl Pts',(0.650451799695859,-0.792348532013505,
0.));
#5380=CARTESIAN_POINT('Ctrl Pts',(0.650451799695859,-0.792348532013505,
1.));
#5381=CARTESIAN_POINT('Ctrl Pts',(0.654105994870098,-0.795081570986136,
0.));
#5382=CARTESIAN_POINT('Ctrl Pts',(0.654105994870098,-0.795081570986136,
1.));
#5383=CARTESIAN_POINT('Ctrl Pts',(0.657793570264936,-0.797783488195475,
0.));
#5384=CARTESIAN_POINT('Ctrl Pts',(0.657793570264936,-0.797783488195475,
1.));
#5385=CARTESIAN_POINT('Ctrl Pts',(0.661524534471883,-0.800443018664913,
0.));
#5386=CARTESIAN_POINT('Ctrl Pts',(0.661524534471883,-0.800443018664913,
1.));
#5387=CARTESIAN_POINT('Ctrl Pts',(0.665311210912615,-0.803046777117628,
0.));
#5388=CARTESIAN_POINT('Ctrl Pts',(0.665311210912615,-0.803046777117628,
1.));
#5389=CARTESIAN_POINT('Ctrl Pts',(0.669161124707837,-0.80558636739141,0.));
#5390=CARTESIAN_POINT('Ctrl Pts',(0.669161124707837,-0.80558636739141,1.));
#5391=CARTESIAN_POINT('Ctrl Pts',(0.673073439049249,-0.808061925347329,
0.));
#5392=CARTESIAN_POINT('Ctrl Pts',(0.673073439049249,-0.808061925347329,
1.));
#5393=CARTESIAN_POINT('Ctrl Pts',(0.677042588440919,-0.810478438733104,
0.));
#5394=CARTESIAN_POINT('Ctrl Pts',(0.677042588440919,-0.810478438733104,
1.));
#5395=CARTESIAN_POINT('Ctrl Pts',(0.681060431734039,-0.812843551372363,
0.));
#5396=CARTESIAN_POINT('Ctrl Pts',(0.681060431734039,-0.812843551372363,
1.));
#5397=CARTESIAN_POINT('Ctrl Pts',(0.685118790819677,-0.815164983350169,
0.));
#5398=CARTESIAN_POINT('Ctrl Pts',(0.685118790819677,-0.815164983350169,
1.));
#5399=CARTESIAN_POINT('Ctrl Pts',(0.689212316182395,-0.817447616080758,
0.));
#5400=CARTESIAN_POINT('Ctrl Pts',(0.689212316182395,-0.817447616080758,
1.));
#5401=CARTESIAN_POINT('Ctrl Pts',(0.693339327449124,-0.819692635204512,
0.));
#5402=CARTESIAN_POINT('Ctrl Pts',(0.693339327449124,-0.819692635204512,
1.));
#5403=CARTESIAN_POINT('Ctrl Pts',(0.697500265843475,-0.82189909808979,0.));
#5404=CARTESIAN_POINT('Ctrl Pts',(0.697500265843475,-0.82189909808979,1.));
#5405=CARTESIAN_POINT('Ctrl Pts',(0.701696744506285,-0.824064894414714,
0.));
#5406=CARTESIAN_POINT('Ctrl Pts',(0.701696744506285,-0.824064894414714,
1.));
#5407=CARTESIAN_POINT('Ctrl Pts',(0.705930448504707,-0.826187859528029,
0.));
#5408=CARTESIAN_POINT('Ctrl Pts',(0.705930448504707,-0.826187859528029,
1.));
#5409=CARTESIAN_POINT('Ctrl Pts',(0.710201872011733,-0.828267052748721,
0.));
#5410=CARTESIAN_POINT('Ctrl Pts',(0.710201872011733,-0.828267052748721,
1.));
#5411=CARTESIAN_POINT('Ctrl Pts',(0.714510122904923,-0.830302953773346,
0.));
#5412=CARTESIAN_POINT('Ctrl Pts',(0.714510122904923,-0.830302953773346,
1.));
#5413=CARTESIAN_POINT('Ctrl Pts',(0.718853547416601,-0.832296827856301,
0.));
#5414=CARTESIAN_POINT('Ctrl Pts',(0.718853547416601,-0.832296827856301,
1.));
#5415=CARTESIAN_POINT('Ctrl Pts',(0.723230127504833,-0.834250321404388,
0.));
#5416=CARTESIAN_POINT('Ctrl Pts',(0.723230127504833,-0.834250321404388,
1.));
#5417=CARTESIAN_POINT('Ctrl Pts',(0.727637933358924,-0.836165001785697,
0.));
#5418=CARTESIAN_POINT('Ctrl Pts',(0.727637933358924,-0.836165001785697,
1.));
#5419=CARTESIAN_POINT('Ctrl Pts',(0.73207564652546,-0.838041825445603,0.));
#5420=CARTESIAN_POINT('Ctrl Pts',(0.73207564652546,-0.838041825445603,1.));
#5421=CARTESIAN_POINT('Ctrl Pts',(0.736542581291012,-0.839881115376462,
0.));
#5422=CARTESIAN_POINT('Ctrl Pts',(0.736542581291012,-0.839881115376462,
1.));
#5423=CARTESIAN_POINT('Ctrl Pts',(0.741038425381419,-0.841682823530833,
0.));
#5424=CARTESIAN_POINT('Ctrl Pts',(0.741038425381419,-0.841682823530833,
1.));
#5425=CARTESIAN_POINT('Ctrl Pts',(0.745563062151539,-0.843446710562854,
0.));
#5426=CARTESIAN_POINT('Ctrl Pts',(0.745563062151539,-0.843446710562854,
1.));
#5427=CARTESIAN_POINT('Ctrl Pts',(0.750116374619119,-0.845172544070272,
0.));
#5428=CARTESIAN_POINT('Ctrl Pts',(0.750116374619119,-0.845172544070272,
1.));
#5429=CARTESIAN_POINT('Ctrl Pts',(0.754698017805207,-0.84686032899901,0.));
#5430=CARTESIAN_POINT('Ctrl Pts',(0.754698017805207,-0.84686032899901,1.));
#5431=CARTESIAN_POINT('Ctrl Pts',(0.759307419557819,-0.848510306473762,
0.));
#5432=CARTESIAN_POINT('Ctrl Pts',(0.759307419557819,-0.848510306473762,
1.));
#5433=CARTESIAN_POINT('Ctrl Pts',(0.763943885475586,-0.850122847134013,
0.));
#5434=CARTESIAN_POINT('Ctrl Pts',(0.763943885475586,-0.850122847134013,
1.));
#5435=CARTESIAN_POINT('Ctrl Pts',(0.7686066726839,-0.851698376123668,0.));
#5436=CARTESIAN_POINT('Ctrl Pts',(0.7686066726839,-0.851698376123668,1.));
#5437=CARTESIAN_POINT('Ctrl Pts',(0.773295069893588,-0.853237291724675,
0.));
#5438=CARTESIAN_POINT('Ctrl Pts',(0.773295069893588,-0.853237291724675,
1.));
#5439=CARTESIAN_POINT('Ctrl Pts',(0.778008490808854,-0.854739870625355,
0.));
#5440=CARTESIAN_POINT('Ctrl Pts',(0.778008490808854,-0.854739870625355,
1.));
#5441=CARTESIAN_POINT('Ctrl Pts',(0.782746470093154,-0.856206271483898,
0.));
#5442=CARTESIAN_POINT('Ctrl Pts',(0.782746470093154,-0.856206271483898,
1.));
#5443=CARTESIAN_POINT('Ctrl Pts',(0.787508617807805,-0.857636580442163,
0.));
#5444=CARTESIAN_POINT('Ctrl Pts',(0.787508617807805,-0.857636580442163,
1.));
#5445=CARTESIAN_POINT('Ctrl Pts',(0.792294586019212,-0.859030844408154,
0.));
#5446=CARTESIAN_POINT('Ctrl Pts',(0.792294586019212,-0.859030844408154,
1.));
#5447=CARTESIAN_POINT('Ctrl Pts',(0.797104033120655,-0.860389106758834,
0.));
#5448=CARTESIAN_POINT('Ctrl Pts',(0.797104033120655,-0.860389106758834,
1.));
#5449=CARTESIAN_POINT('Ctrl Pts',(0.801936581653529,-0.861711449536355,
0.));
#5450=CARTESIAN_POINT('Ctrl Pts',(0.801936581653529,-0.861711449536355,
1.));
#5451=CARTESIAN_POINT('Ctrl Pts',(0.806791818517585,-0.862997993573326,
0.));
#5452=CARTESIAN_POINT('Ctrl Pts',(0.806791818517585,-0.862997993573326,
1.));
#5453=CARTESIAN_POINT('Ctrl Pts',(0.811669314490418,-0.864248879434712,
0.));
#5454=CARTESIAN_POINT('Ctrl Pts',(0.811669314490418,-0.864248879434712,
1.));
#5455=CARTESIAN_POINT('Ctrl Pts',(0.816568637945918,-0.865464254294619,
0.));
#5456=CARTESIAN_POINT('Ctrl Pts',(0.816568637945918,-0.865464254294619,
1.));
#5457=CARTESIAN_POINT('Ctrl Pts',(0.821489369481271,-0.866644257775538,
0.));
#5458=CARTESIAN_POINT('Ctrl Pts',(0.821489369481271,-0.866644257775538,
1.));
#5459=CARTESIAN_POINT('Ctrl Pts',(0.826431119346949,-0.86778900559107,0.));
#5460=CARTESIAN_POINT('Ctrl Pts',(0.826431119346949,-0.86778900559107,1.));
#5461=CARTESIAN_POINT('Ctrl Pts',(0.831393527070413,-0.868898588683832,
0.));
#5462=CARTESIAN_POINT('Ctrl Pts',(0.831393527070413,-0.868898588683832,
1.));
#5463=CARTESIAN_POINT('Ctrl Pts',(0.83637625109525,-0.869973081224145,0.));
#5464=CARTESIAN_POINT('Ctrl Pts',(0.83637625109525,-0.869973081224145,1.));
#5465=CARTESIAN_POINT('Ctrl Pts',(0.841378961013765,-0.871012546294828,
0.));
#5466=CARTESIAN_POINT('Ctrl Pts',(0.841378961013765,-0.871012546294828,
1.));
#5467=CARTESIAN_POINT('Ctrl Pts',(0.846401329491667,-0.872017042254143,
0.));
#5468=CARTESIAN_POINT('Ctrl Pts',(0.846401329491667,-0.872017042254143,
1.));
#5469=CARTESIAN_POINT('Ctrl Pts',(0.851443021955019,-0.872986630355408,
0.));
#5470=CARTESIAN_POINT('Ctrl Pts',(0.851443021955019,-0.872986630355408,
1.));
#5471=CARTESIAN_POINT('Ctrl Pts',(0.856503696723414,-0.87392137644594,0.));
#5472=CARTESIAN_POINT('Ctrl Pts',(0.856503696723414,-0.87392137644594,1.));
#5473=CARTESIAN_POINT('Ctrl Pts',(0.861583012972051,-0.874821348026095,
0.));
#5474=CARTESIAN_POINT('Ctrl Pts',(0.861583012972051,-0.874821348026095,
1.));
#5475=CARTESIAN_POINT('Ctrl Pts',(0.866680636679317,-0.875686612905358,
0.));
#5476=CARTESIAN_POINT('Ctrl Pts',(0.866680636679317,-0.875686612905358,
1.));
#5477=CARTESIAN_POINT('Ctrl Pts',(0.87179624638198,-0.876517237461689,0.));
#5478=CARTESIAN_POINT('Ctrl Pts',(0.87179624638198,-0.876517237461689,1.));
#5479=CARTESIAN_POINT('Ctrl Pts',(0.876929541064981,-0.877313285316047,
0.));
#5480=CARTESIAN_POINT('Ctrl Pts',(0.876929541064981,-0.877313285316047,
1.));
#5481=CARTESIAN_POINT('Ctrl Pts',(0.882080238827355,-0.878074816136706,
0.));
#5482=CARTESIAN_POINT('Ctrl Pts',(0.882080238827355,-0.878074816136706,
1.));
#5483=CARTESIAN_POINT('Ctrl Pts',(0.887248065143294,-0.878801884790724,
0.));
#5484=CARTESIAN_POINT('Ctrl Pts',(0.887248065143294,-0.878801884790724,
1.));
#5485=CARTESIAN_POINT('Ctrl Pts',(0.892432743148847,-0.879494540540405,
0.));
#5486=CARTESIAN_POINT('Ctrl Pts',(0.892432743148847,-0.879494540540405,
1.));
#5487=CARTESIAN_POINT('Ctrl Pts',(0.897633984272356,-0.880152826634872,
0.));
#5488=CARTESIAN_POINT('Ctrl Pts',(0.897633984272356,-0.880152826634872,
1.));
#5489=CARTESIAN_POINT('Ctrl Pts',(0.902851475474343,-0.880776779577734,
0.));
#5490=CARTESIAN_POINT('Ctrl Pts',(0.902851475474343,-0.880776779577734,
1.));
#5491=CARTESIAN_POINT('Ctrl Pts',(0.908084878173859,-0.881366430117558,
0.));
#5492=CARTESIAN_POINT('Ctrl Pts',(0.908084878173859,-0.881366430117558,
1.));
#5493=CARTESIAN_POINT('Ctrl Pts',(0.913333850985648,-0.881921807377983,
0.));
#5494=CARTESIAN_POINT('Ctrl Pts',(0.913333850985648,-0.881921807377983,
1.));
#5495=CARTESIAN_POINT('Ctrl Pts',(0.918598067597581,-0.882442942693966,
0.));
#5496=CARTESIAN_POINT('Ctrl Pts',(0.918598067597581,-0.882442942693966,
1.));
#5497=CARTESIAN_POINT('Ctrl Pts',(0.923877235793836,-0.882929873478853,
0.));
#5498=CARTESIAN_POINT('Ctrl Pts',(0.923877235793836,-0.882929873478853,
1.));
#5499=CARTESIAN_POINT('Ctrl Pts',(0.929171117563045,-0.883382648137511,
0.));
#5500=CARTESIAN_POINT('Ctrl Pts',(0.929171117563045,-0.883382648137511,
1.));
#5501=CARTESIAN_POINT('Ctrl Pts',(0.934479543733176,-0.883801328395714,
0.));
#5502=CARTESIAN_POINT('Ctrl Pts',(0.934479543733176,-0.883801328395714,
1.));
#5503=CARTESIAN_POINT('Ctrl Pts',(0.939802400773136,-0.884185978411659,
0.));
#5504=CARTESIAN_POINT('Ctrl Pts',(0.939802400773136,-0.884185978411659,
1.));
#5505=CARTESIAN_POINT('Ctrl Pts',(0.944072177245876,-0.884466520383882,
0.));
#5506=CARTESIAN_POINT('Ctrl Pts',(0.944072177245876,-0.884466520383882,
1.));
#5507=CARTESIAN_POINT('Ctrl Pts',(0.947280958774096,-0.884661658018921,
0.));
#5508=CARTESIAN_POINT('Ctrl Pts',(0.947280958774096,-0.884661658018921,
1.));
#5509=CARTESIAN_POINT('Ctrl Pts',(0.949423011810987,-0.884784965878888,
0.));
#5510=CARTESIAN_POINT('Ctrl Pts',(0.949423011810987,-0.884784965878888,
1.));
#5511=CARTESIAN_POINT('Ctrl Pts',(0.950494754667056,-0.884844923834554,
0.));
#5512=CARTESIAN_POINT('Ctrl Pts',(0.950494754667056,-0.884844923834554,
1.));
#5513=CARTESIAN_POINT('Ctrl Pts',(0.630303918344508,-0.774316650549096,
1.));
#5514=CARTESIAN_POINT('Ctrl Pts',(0.63087272573268,-0.775014249497813,1.));
#5515=CARTESIAN_POINT('Ctrl Pts',(0.632033580626933,-0.77638746010267,1.));
#5516=CARTESIAN_POINT('Ctrl Pts',(0.633844582041006,-0.778381315394782,
1.));
#5517=CARTESIAN_POINT('Ctrl Pts',(0.636391807567205,-0.780914551436108,
1.));
#5518=CARTESIAN_POINT('Ctrl Pts',(0.639756928198687,-0.783910976219684,
1.));
#5519=CARTESIAN_POINT('Ctrl Pts',(0.64325271712251,-0.786785989858907,1.));
#5520=CARTESIAN_POINT('Ctrl Pts',(0.64682963341465,-0.789587187661892,1.));
#5521=CARTESIAN_POINT('Ctrl Pts',(0.650451799695859,-0.792348532013505,
1.));
#5522=CARTESIAN_POINT('Ctrl Pts',(0.654105994870098,-0.795081570986136,
1.));
#5523=CARTESIAN_POINT('Ctrl Pts',(0.657793570264936,-0.797783488195475,
1.));
#5524=CARTESIAN_POINT('Ctrl Pts',(0.661524534471883,-0.800443018664913,
1.));
#5525=CARTESIAN_POINT('Ctrl Pts',(0.665311210912615,-0.803046777117628,
1.));
#5526=CARTESIAN_POINT('Ctrl Pts',(0.669161124707837,-0.80558636739141,1.));
#5527=CARTESIAN_POINT('Ctrl Pts',(0.673073439049249,-0.808061925347329,
1.));
#5528=CARTESIAN_POINT('Ctrl Pts',(0.677042588440919,-0.810478438733104,
1.));
#5529=CARTESIAN_POINT('Ctrl Pts',(0.681060431734039,-0.812843551372363,
1.));
#5530=CARTESIAN_POINT('Ctrl Pts',(0.685118790819677,-0.815164983350169,
1.));
#5531=CARTESIAN_POINT('Ctrl Pts',(0.689212316182395,-0.817447616080758,
1.));
#5532=CARTESIAN_POINT('Ctrl Pts',(0.693339327449124,-0.819692635204512,
1.));
#5533=CARTESIAN_POINT('Ctrl Pts',(0.697500265843475,-0.82189909808979,1.));
#5534=CARTESIAN_POINT('Ctrl Pts',(0.701696744506285,-0.824064894414714,
1.));
#5535=CARTESIAN_POINT('Ctrl Pts',(0.705930448504707,-0.826187859528029,
1.));
#5536=CARTESIAN_POINT('Ctrl Pts',(0.710201872011733,-0.828267052748721,
1.));
#5537=CARTESIAN_POINT('Ctrl Pts',(0.714510122904923,-0.830302953773346,
1.));
#5538=CARTESIAN_POINT('Ctrl Pts',(0.718853547416601,-0.832296827856301,
1.));
#5539=CARTESIAN_POINT('Ctrl Pts',(0.723230127504833,-0.834250321404388,
1.));
#5540=CARTESIAN_POINT('Ctrl Pts',(0.727637933358924,-0.836165001785697,
1.));
#5541=CARTESIAN_POINT('Ctrl Pts',(0.73207564652546,-0.838041825445603,1.));
#5542=CARTESIAN_POINT('Ctrl Pts',(0.736542581291012,-0.839881115376462,
1.));
#5543=CARTESIAN_POINT('Ctrl Pts',(0.741038425381419,-0.841682823530833,
1.));
#5544=CARTESIAN_POINT('Ctrl Pts',(0.745563062151539,-0.843446710562854,
1.));
#5545=CARTESIAN_POINT('Ctrl Pts',(0.750116374619119,-0.845172544070272,
1.));
#5546=CARTESIAN_POINT('Ctrl Pts',(0.754698017805207,-0.84686032899901,1.));
#5547=CARTESIAN_POINT('Ctrl Pts',(0.759307419557819,-0.848510306473762,
1.));
#5548=CARTESIAN_POINT('Ctrl Pts',(0.763943885475586,-0.850122847134013,
1.));
#5549=CARTESIAN_POINT('Ctrl Pts',(0.7686066726839,-0.851698376123668,1.));
#5550=CARTESIAN_POINT('Ctrl Pts',(0.773295069893588,-0.853237291724675,
1.));
#5551=CARTESIAN_POINT('Ctrl Pts',(0.778008490808854,-0.854739870625355,
1.));
#5552=CARTESIAN_POINT('Ctrl Pts',(0.782746470093154,-0.856206271483898,
1.));
#5553=CARTESIAN_POINT('Ctrl Pts',(0.787508617807805,-0.857636580442163,
1.));
#5554=CARTESIAN_POINT('Ctrl Pts',(0.792294586019212,-0.859030844408154,
1.));
#5555=CARTESIAN_POINT('Ctrl Pts',(0.797104033120655,-0.860389106758834,
1.));
#5556=CARTESIAN_POINT('Ctrl Pts',(0.801936581653529,-0.861711449536355,
1.));
#5557=CARTESIAN_POINT('Ctrl Pts',(0.806791818517585,-0.862997993573326,
1.));
#5558=CARTESIAN_POINT('Ctrl Pts',(0.811669314490418,-0.864248879434712,
1.));
#5559=CARTESIAN_POINT('Ctrl Pts',(0.816568637945918,-0.865464254294619,
1.));
#5560=CARTESIAN_POINT('Ctrl Pts',(0.821489369481271,-0.866644257775538,
1.));
#5561=CARTESIAN_POINT('Ctrl Pts',(0.826431119346949,-0.86778900559107,1.));
#5562=CARTESIAN_POINT('Ctrl Pts',(0.831393527070413,-0.868898588683832,
1.));
#5563=CARTESIAN_POINT('Ctrl Pts',(0.83637625109525,-0.869973081224145,1.));
#5564=CARTESIAN_POINT('Ctrl Pts',(0.841378961013765,-0.871012546294828,
1.));
#5565=CARTESIAN_POINT('Ctrl Pts',(0.846401329491667,-0.872017042254143,
1.));
#5566=CARTESIAN_POINT('Ctrl Pts',(0.851443021955019,-0.872986630355408,
1.));
#5567=CARTESIAN_POINT('Ctrl Pts',(0.856503696723414,-0.87392137644594,1.));
#5568=CARTESIAN_POINT('Ctrl Pts',(0.861583012972051,-0.874821348026095,
1.));
#5569=CARTESIAN_POINT('Ctrl Pts',(0.866680636679317,-0.875686612905358,
1.));
#5570=CARTESIAN_POINT('Ctrl Pts',(0.87179624638198,-0.876517237461689,1.));
#5571=CARTESIAN_POINT('Ctrl Pts',(0.876929541064981,-0.877313285316047,
1.));
#5572=CARTESIAN_POINT('Ctrl Pts',(0.882080238827355,-0.878074816136706,
1.));
#5573=CARTESIAN_POINT('Ctrl Pts',(0.887248065143294,-0.878801884790724,
1.));
#5574=CARTESIAN_POINT('Ctrl Pts',(0.892432743148847,-0.879494540540405,
1.));
#5575=CARTESIAN_POINT('Ctrl Pts',(0.897633984272356,-0.880152826634872,
1.));
#5576=CARTESIAN_POINT('Ctrl Pts',(0.902851475474343,-0.880776779577734,
1.));
#5577=CARTESIAN_POINT('Ctrl Pts',(0.908084878173859,-0.881366430117558,
1.));
#5578=CARTESIAN_POINT('Ctrl Pts',(0.913333850985648,-0.881921807377983,
1.));
#5579=CARTESIAN_POINT('Ctrl Pts',(0.918598067597581,-0.882442942693966,
1.));
#5580=CARTESIAN_POINT('Ctrl Pts',(0.923877235793836,-0.882929873478853,
1.));
#5581=CARTESIAN_POINT('Ctrl Pts',(0.929171117563045,-0.883382648137511,
1.));
#5582=CARTESIAN_POINT('Ctrl Pts',(0.934479543733176,-0.883801328395714,
1.));
#5583=CARTESIAN_POINT('Ctrl Pts',(0.939802400773136,-0.884185978411659,
1.));
#5584=CARTESIAN_POINT('Ctrl Pts',(0.944072177245876,-0.884466520383882,
1.));
#5585=CARTESIAN_POINT('Ctrl Pts',(0.947280958774096,-0.884661658018921,
1.));
#5586=CARTESIAN_POINT('Ctrl Pts',(0.949423011810987,-0.884784965878888,
1.));
#5587=CARTESIAN_POINT('Ctrl Pts',(0.950494754667056,-0.884844923834554,
1.));
#5588=CARTESIAN_POINT('Ctrl Pts',(-0.327460049120524,0.943196279163566,
0.));
#5589=CARTESIAN_POINT('Ctrl Pts',(-0.327460049120524,0.943196279163566,
1.));
#5590=CARTESIAN_POINT('Ctrl Pts',(-0.327755960333415,0.94404635133237,0.));
#5591=CARTESIAN_POINT('Ctrl Pts',(-0.327755960333415,0.94404635133237,1.));
#5592=CARTESIAN_POINT('Ctrl Pts',(-0.328377141423458,0.945733782961853,
0.));
#5593=CARTESIAN_POINT('Ctrl Pts',(-0.328377141423458,0.945733782961853,
1.));
#5594=CARTESIAN_POINT('Ctrl Pts',(-0.329396987415716,0.948226793029968,
0.));
#5595=CARTESIAN_POINT('Ctrl Pts',(-0.329396987415716,0.948226793029968,
1.));
#5596=CARTESIAN_POINT('Ctrl Pts',(-0.330924178692231,0.951478458684265,
0.));
#5597=CARTESIAN_POINT('Ctrl Pts',(-0.330924178692231,0.951478458684265,
1.));
#5598=CARTESIAN_POINT('Ctrl Pts',(-0.333061520083745,0.955445115982819,
0.));
#5599=CARTESIAN_POINT('Ctrl Pts',(-0.333061520083745,0.955445115982819,
1.));
#5600=CARTESIAN_POINT('Ctrl Pts',(-0.335363174562336,0.959342375313018,
0.));
#5601=CARTESIAN_POINT('Ctrl Pts',(-0.335363174562336,0.959342375313018,
1.));
#5602=CARTESIAN_POINT('Ctrl Pts',(-0.337766310333169,0.963198017640746,
0.));
#5603=CARTESIAN_POINT('Ctrl Pts',(-0.337766310333169,0.963198017640746,
1.));
#5604=CARTESIAN_POINT('Ctrl Pts',(-0.34022559786797,0.967031686382055,0.));
#5605=CARTESIAN_POINT('Ctrl Pts',(-0.34022559786797,0.967031686382055,1.));
#5606=CARTESIAN_POINT('Ctrl Pts',(-0.34272466372698,0.970849711294189,0.));
#5607=CARTESIAN_POINT('Ctrl Pts',(-0.34272466372698,0.970849711294189,1.));
#5608=CARTESIAN_POINT('Ctrl Pts',(-0.345265741002909,0.974649908022846,
0.));
#5609=CARTESIAN_POINT('Ctrl Pts',(-0.345265741002909,0.974649908022846,
1.));
#5610=CARTESIAN_POINT('Ctrl Pts',(-0.347862087544257,0.978425114092536,
0.));
#5611=CARTESIAN_POINT('Ctrl Pts',(-0.347862087544257,0.978425114092536,
1.));
#5612=CARTESIAN_POINT('Ctrl Pts',(-0.350529861613734,0.982166966315848,
0.));
#5613=CARTESIAN_POINT('Ctrl Pts',(-0.350529861613734,0.982166966315848,
1.));
#5614=CARTESIAN_POINT('Ctrl Pts',(-0.353279006168339,0.985870148623973,
0.));
#5615=CARTESIAN_POINT('Ctrl Pts',(-0.353279006168339,0.985870148623973,
1.));
#5616=CARTESIAN_POINT('Ctrl Pts',(-0.356108688398264,0.989534502479264,
0.));
#5617=CARTESIAN_POINT('Ctrl Pts',(-0.356108688398264,0.989534502479264,
1.));
#5618=CARTESIAN_POINT('Ctrl Pts',(-0.359011972537862,0.993162811319727,
0.));
#5619=CARTESIAN_POINT('Ctrl Pts',(-0.359011972537862,0.993162811319727,
1.));
#5620=CARTESIAN_POINT('Ctrl Pts',(-0.36197859406802,0.996759473553139,0.));
#5621=CARTESIAN_POINT('Ctrl Pts',(-0.36197859406802,0.996759473553139,1.));
#5622=CARTESIAN_POINT('Ctrl Pts',(-0.364998227655524,1.00032894660848,0.));
#5623=CARTESIAN_POINT('Ctrl Pts',(-0.364998227655524,1.00032894660848,1.));
#5624=CARTESIAN_POINT('Ctrl Pts',(-0.368064176858194,1.00387398787264,0.));
#5625=CARTESIAN_POINT('Ctrl Pts',(-0.368064176858194,1.00387398787264,1.));
#5626=CARTESIAN_POINT('Ctrl Pts',(-0.371174457128964,1.00739513676171,0.));
#5627=CARTESIAN_POINT('Ctrl Pts',(-0.371174457128964,1.00739513676171,1.));
#5628=CARTESIAN_POINT('Ctrl Pts',(-0.374329805481415,1.01089165839905,0.));
#5629=CARTESIAN_POINT('Ctrl Pts',(-0.374329805481415,1.01089165839905,1.));
#5630=CARTESIAN_POINT('Ctrl Pts',(-0.377532459544679,1.01436212145742,0.));
#5631=CARTESIAN_POINT('Ctrl Pts',(-0.377532459544679,1.01436212145742,1.));
#5632=CARTESIAN_POINT('Ctrl Pts',(-0.380784743118256,1.01780506815693,0.));
#5633=CARTESIAN_POINT('Ctrl Pts',(-0.380784743118256,1.01780506815693,1.));
#5634=CARTESIAN_POINT('Ctrl Pts',(-0.384087442304718,1.02121978356368,0.));
#5635=CARTESIAN_POINT('Ctrl Pts',(-0.384087442304718,1.02121978356368,1.));
#5636=CARTESIAN_POINT('Ctrl Pts',(-0.387439554717303,1.02460641332114,0.));
#5637=CARTESIAN_POINT('Ctrl Pts',(-0.387439554717303,1.02460641332114,1.));
#5638=CARTESIAN_POINT('Ctrl Pts',(-0.390839093580241,1.02796558075768,0.));
#5639=CARTESIAN_POINT('Ctrl Pts',(-0.390839093580241,1.02796558075768,1.));
#5640=CARTESIAN_POINT('Ctrl Pts',(-0.39428359945013,1.03129814277862,0.));
#5641=CARTESIAN_POINT('Ctrl Pts',(-0.39428359945013,1.03129814277862,1.));
#5642=CARTESIAN_POINT('Ctrl Pts',(-0.397770722826637,1.03460491219407,0.));
#5643=CARTESIAN_POINT('Ctrl Pts',(-0.397770722826637,1.03460491219407,1.));
#5644=CARTESIAN_POINT('Ctrl Pts',(-0.401298897645238,1.03788633683105,0.));
#5645=CARTESIAN_POINT('Ctrl Pts',(-0.401298897645238,1.03788633683105,1.));
#5646=CARTESIAN_POINT('Ctrl Pts',(-0.404867369076189,1.04114248567531,0.));
#5647=CARTESIAN_POINT('Ctrl Pts',(-0.404867369076189,1.04114248567531,1.));
#5648=CARTESIAN_POINT('Ctrl Pts',(-0.40847586011096,1.04437320677295,0.));
#5649=CARTESIAN_POINT('Ctrl Pts',(-0.40847586011096,1.04437320677295,1.));
#5650=CARTESIAN_POINT('Ctrl Pts',(-0.412124343000076,1.04757823531746,0.));
#5651=CARTESIAN_POINT('Ctrl Pts',(-0.412124343000076,1.04757823531746,1.));
#5652=CARTESIAN_POINT('Ctrl Pts',(-0.41581278730243,1.05075731291185,0.));
#5653=CARTESIAN_POINT('Ctrl Pts',(-0.41581278730243,1.05075731291185,1.));
#5654=CARTESIAN_POINT('Ctrl Pts',(-0.419540867152241,1.05391032621403,0.));
#5655=CARTESIAN_POINT('Ctrl Pts',(-0.419540867152241,1.05391032621403,1.));
#5656=CARTESIAN_POINT('Ctrl Pts',(-0.423307962433009,1.05703730611959,0.));
#5657=CARTESIAN_POINT('Ctrl Pts',(-0.423307962433009,1.05703730611959,1.));
#5658=CARTESIAN_POINT('Ctrl Pts',(-0.427113293854723,1.06013836341647,0.));
#5659=CARTESIAN_POINT('Ctrl Pts',(-0.427113293854723,1.06013836341647,1.));
#5660=CARTESIAN_POINT('Ctrl Pts',(-0.430956017935815,1.06321364353116,0.));
#5661=CARTESIAN_POINT('Ctrl Pts',(-0.430956017935815,1.06321364353116,1.));
#5662=CARTESIAN_POINT('Ctrl Pts',(-0.434835330062649,1.06626327745107,0.));
#5663=CARTESIAN_POINT('Ctrl Pts',(-0.434835330062649,1.06626327745107,1.));
#5664=CARTESIAN_POINT('Ctrl Pts',(-0.438750584664415,1.06928732465318,0.));
#5665=CARTESIAN_POINT('Ctrl Pts',(-0.438750584664415,1.06928732465318,1.));
#5666=CARTESIAN_POINT('Ctrl Pts',(-0.442701290203495,1.07228577507296,0.));
#5667=CARTESIAN_POINT('Ctrl Pts',(-0.442701290203495,1.07228577507296,1.));
#5668=CARTESIAN_POINT('Ctrl Pts',(-0.44668705079514,1.07525857629039,0.));
#5669=CARTESIAN_POINT('Ctrl Pts',(-0.44668705079514,1.07525857629039,1.));
#5670=CARTESIAN_POINT('Ctrl Pts',(-0.450707523445233,1.07820565338427,0.));
#5671=CARTESIAN_POINT('Ctrl Pts',(-0.450707523445233,1.07820565338427,1.));
#5672=CARTESIAN_POINT('Ctrl Pts',(-0.454762372312666,1.08112693027925,0.));
#5673=CARTESIAN_POINT('Ctrl Pts',(-0.454762372312666,1.08112693027925,1.));
#5674=CARTESIAN_POINT('Ctrl Pts',(-0.458851214642304,1.08402235497128,0.));
#5675=CARTESIAN_POINT('Ctrl Pts',(-0.458851214642304,1.08402235497128,1.));
#5676=CARTESIAN_POINT('Ctrl Pts',(-0.462973620919705,1.08689189971726,0.));
#5677=CARTESIAN_POINT('Ctrl Pts',(-0.462973620919705,1.08689189971726,1.));
#5678=CARTESIAN_POINT('Ctrl Pts',(-0.467129139731694,1.08973554980235,0.));
#5679=CARTESIAN_POINT('Ctrl Pts',(-0.467129139731694,1.08973554980235,1.));
#5680=CARTESIAN_POINT('Ctrl Pts',(-0.471317315145891,1.09255329590014,0.));
#5681=CARTESIAN_POINT('Ctrl Pts',(-0.471317315145891,1.09255329590014,1.));
#5682=CARTESIAN_POINT('Ctrl Pts',(-0.475537705298862,1.09534512576865,0.));
#5683=CARTESIAN_POINT('Ctrl Pts',(-0.475537705298862,1.09534512576865,1.));
#5684=CARTESIAN_POINT('Ctrl Pts',(-0.47978990436947,1.09811101484091,0.));
#5685=CARTESIAN_POINT('Ctrl Pts',(-0.47978990436947,1.09811101484091,1.));
#5686=CARTESIAN_POINT('Ctrl Pts',(-0.484073542520122,1.10085092528614,0.));
#5687=CARTESIAN_POINT('Ctrl Pts',(-0.484073542520122,1.10085092528614,1.));
#5688=CARTESIAN_POINT('Ctrl Pts',(-0.488388273425033,1.10356480998249,0.));
#5689=CARTESIAN_POINT('Ctrl Pts',(-0.488388273425033,1.10356480998249,1.));
#5690=CARTESIAN_POINT('Ctrl Pts',(-0.492733765026937,1.10625261520232,0.));
#5691=CARTESIAN_POINT('Ctrl Pts',(-0.492733765026937,1.10625261520232,1.));
#5692=CARTESIAN_POINT('Ctrl Pts',(-0.497109689772515,1.10891428382955,0.));
#5693=CARTESIAN_POINT('Ctrl Pts',(-0.497109689772515,1.10891428382955,1.));
#5694=CARTESIAN_POINT('Ctrl Pts',(-0.501515712315237,1.11154975899243,0.));
#5695=CARTESIAN_POINT('Ctrl Pts',(-0.501515712315237,1.11154975899243,1.));
#5696=CARTESIAN_POINT('Ctrl Pts',(-0.505951489059438,1.11415898570562,0.));
#5697=CARTESIAN_POINT('Ctrl Pts',(-0.505951489059438,1.11415898570562,1.));
#5698=CARTESIAN_POINT('Ctrl Pts',(-0.510416676648087,1.11674191082977,0.));
#5699=CARTESIAN_POINT('Ctrl Pts',(-0.510416676648087,1.11674191082977,1.));
#5700=CARTESIAN_POINT('Ctrl Pts',(-0.514910938011328,1.11929848384281,0.));
#5701=CARTESIAN_POINT('Ctrl Pts',(-0.514910938011328,1.11929848384281,1.));
#5702=CARTESIAN_POINT('Ctrl Pts',(-0.519433948369935,1.12182865717274,0.));
#5703=CARTESIAN_POINT('Ctrl Pts',(-0.519433948369935,1.12182865717274,1.));
#5704=CARTESIAN_POINT('Ctrl Pts',(-0.523985403102628,1.12433238765049,0.));
#5705=CARTESIAN_POINT('Ctrl Pts',(-0.523985403102628,1.12433238765049,1.));
#5706=CARTESIAN_POINT('Ctrl Pts',(-0.528565016901401,1.12680963493008,0.));
#5707=CARTESIAN_POINT('Ctrl Pts',(-0.528565016901401,1.12680963493008,1.));
#5708=CARTESIAN_POINT('Ctrl Pts',(-0.533172513030737,1.12926035667632,0.));
#5709=CARTESIAN_POINT('Ctrl Pts',(-0.533172513030737,1.12926035667632,1.));
#5710=CARTESIAN_POINT('Ctrl Pts',(-0.537807614474926,1.1316845044876,0.));
#5711=CARTESIAN_POINT('Ctrl Pts',(-0.537807614474926,1.1316845044876,1.));
#5712=CARTESIAN_POINT('Ctrl Pts',(-0.542470035273236,1.13408202030747,0.));
#5713=CARTESIAN_POINT('Ctrl Pts',(-0.542470035273236,1.13408202030747,1.));
#5714=CARTESIAN_POINT('Ctrl Pts',(-0.547159468779812,1.1364528313723,0.));
#5715=CARTESIAN_POINT('Ctrl Pts',(-0.547159468779812,1.1364528313723,1.));
#5716=CARTESIAN_POINT('Ctrl Pts',(-0.551875586316006,1.13879685077478,0.));
#5717=CARTESIAN_POINT('Ctrl Pts',(-0.551875586316006,1.13879685077478,1.));
#5718=CARTESIAN_POINT('Ctrl Pts',(-0.55661805712374,1.14111398912156,0.));
#5719=CARTESIAN_POINT('Ctrl Pts',(-0.55661805712374,1.14111398912156,1.));
#5720=CARTESIAN_POINT('Ctrl Pts',(-0.561386563852727,1.14340416425253,0.));
#5721=CARTESIAN_POINT('Ctrl Pts',(-0.561386563852727,1.14340416425253,1.));
#5722=CARTESIAN_POINT('Ctrl Pts',(-0.566180819113798,1.14566731138104,0.));
#5723=CARTESIAN_POINT('Ctrl Pts',(-0.566180819113798,1.14566731138104,1.));
#5724=CARTESIAN_POINT('Ctrl Pts',(-0.571000582693989,1.14790339458812,0.));
#5725=CARTESIAN_POINT('Ctrl Pts',(-0.571000582693989,1.14790339458812,1.));
#5726=CARTESIAN_POINT('Ctrl Pts',(-0.57584567451213,1.15011241401676,0.));
#5727=CARTESIAN_POINT('Ctrl Pts',(-0.57584567451213,1.15011241401676,1.));
#5728=CARTESIAN_POINT('Ctrl Pts',(-0.580715965940495,1.15229439112604,0.));
#5729=CARTESIAN_POINT('Ctrl Pts',(-0.580715965940495,1.15229439112604,1.));
#5730=CARTESIAN_POINT('Ctrl Pts',(-0.584632292378785,1.15401836390833,0.));
#5731=CARTESIAN_POINT('Ctrl Pts',(-0.584632292378785,1.15401836390833,1.));
#5732=CARTESIAN_POINT('Ctrl Pts',(-0.587580819700664,1.1552992012222,0.));
#5733=CARTESIAN_POINT('Ctrl Pts',(-0.587580819700664,1.1552992012222,1.));
#5734=CARTESIAN_POINT('Ctrl Pts',(-0.589551517360823,1.15614769799498,0.));
#5735=CARTESIAN_POINT('Ctrl Pts',(-0.589551517360823,1.15614769799498,1.));
#5736=CARTESIAN_POINT('Ctrl Pts',(-0.590538119385461,1.15657059768872,0.));
#5737=CARTESIAN_POINT('Ctrl Pts',(-0.590538119385461,1.15657059768872,1.));
#5738=CARTESIAN_POINT('Ctrl Pts',(-0.327460049120524,0.943196279163566,
1.));
#5739=CARTESIAN_POINT('Ctrl Pts',(-0.327755960333415,0.94404635133237,1.));
#5740=CARTESIAN_POINT('Ctrl Pts',(-0.328377141423458,0.945733782961853,
1.));
#5741=CARTESIAN_POINT('Ctrl Pts',(-0.329396987415716,0.948226793029968,
1.));
#5742=CARTESIAN_POINT('Ctrl Pts',(-0.330924178692231,0.951478458684265,
1.));
#5743=CARTESIAN_POINT('Ctrl Pts',(-0.333061520083745,0.955445115982819,
1.));
#5744=CARTESIAN_POINT('Ctrl Pts',(-0.335363174562336,0.959342375313018,
1.));
#5745=CARTESIAN_POINT('Ctrl Pts',(-0.337766310333169,0.963198017640746,
1.));
#5746=CARTESIAN_POINT('Ctrl Pts',(-0.34022559786797,0.967031686382055,1.));
#5747=CARTESIAN_POINT('Ctrl Pts',(-0.34272466372698,0.970849711294189,1.));
#5748=CARTESIAN_POINT('Ctrl Pts',(-0.345265741002909,0.974649908022846,
1.));
#5749=CARTESIAN_POINT('Ctrl Pts',(-0.347862087544257,0.978425114092536,
1.));
#5750=CARTESIAN_POINT('Ctrl Pts',(-0.350529861613734,0.982166966315848,
1.));
#5751=CARTESIAN_POINT('Ctrl Pts',(-0.353279006168339,0.985870148623973,
1.));
#5752=CARTESIAN_POINT('Ctrl Pts',(-0.356108688398264,0.989534502479264,
1.));
#5753=CARTESIAN_POINT('Ctrl Pts',(-0.359011972537862,0.993162811319727,
1.));
#5754=CARTESIAN_POINT('Ctrl Pts',(-0.36197859406802,0.996759473553139,1.));
#5755=CARTESIAN_POINT('Ctrl Pts',(-0.364998227655524,1.00032894660848,1.));
#5756=CARTESIAN_POINT('Ctrl Pts',(-0.368064176858194,1.00387398787264,1.));
#5757=CARTESIAN_POINT('Ctrl Pts',(-0.371174457128964,1.00739513676171,1.));
#5758=CARTESIAN_POINT('Ctrl Pts',(-0.374329805481415,1.01089165839905,1.));
#5759=CARTESIAN_POINT('Ctrl Pts',(-0.377532459544679,1.01436212145742,1.));
#5760=CARTESIAN_POINT('Ctrl Pts',(-0.380784743118256,1.01780506815693,1.));
#5761=CARTESIAN_POINT('Ctrl Pts',(-0.384087442304718,1.02121978356368,1.));
#5762=CARTESIAN_POINT('Ctrl Pts',(-0.387439554717303,1.02460641332114,1.));
#5763=CARTESIAN_POINT('Ctrl Pts',(-0.390839093580241,1.02796558075768,1.));
#5764=CARTESIAN_POINT('Ctrl Pts',(-0.39428359945013,1.03129814277862,1.));
#5765=CARTESIAN_POINT('Ctrl Pts',(-0.397770722826637,1.03460491219407,1.));
#5766=CARTESIAN_POINT('Ctrl Pts',(-0.401298897645238,1.03788633683105,1.));
#5767=CARTESIAN_POINT('Ctrl Pts',(-0.404867369076189,1.04114248567531,1.));
#5768=CARTESIAN_POINT('Ctrl Pts',(-0.40847586011096,1.04437320677295,1.));
#5769=CARTESIAN_POINT('Ctrl Pts',(-0.412124343000076,1.04757823531746,1.));
#5770=CARTESIAN_POINT('Ctrl Pts',(-0.41581278730243,1.05075731291185,1.));
#5771=CARTESIAN_POINT('Ctrl Pts',(-0.419540867152241,1.05391032621403,1.));
#5772=CARTESIAN_POINT('Ctrl Pts',(-0.423307962433009,1.05703730611959,1.));
#5773=CARTESIAN_POINT('Ctrl Pts',(-0.427113293854723,1.06013836341647,1.));
#5774=CARTESIAN_POINT('Ctrl Pts',(-0.430956017935815,1.06321364353116,1.));
#5775=CARTESIAN_POINT('Ctrl Pts',(-0.434835330062649,1.06626327745107,1.));
#5776=CARTESIAN_POINT('Ctrl Pts',(-0.438750584664415,1.06928732465318,1.));
#5777=CARTESIAN_POINT('Ctrl Pts',(-0.442701290203495,1.07228577507296,1.));
#5778=CARTESIAN_POINT('Ctrl Pts',(-0.44668705079514,1.07525857629039,1.));
#5779=CARTESIAN_POINT('Ctrl Pts',(-0.450707523445233,1.07820565338427,1.));
#5780=CARTESIAN_POINT('Ctrl Pts',(-0.454762372312666,1.08112693027925,1.));
#5781=CARTESIAN_POINT('Ctrl Pts',(-0.458851214642304,1.08402235497128,1.));
#5782=CARTESIAN_POINT('Ctrl Pts',(-0.462973620919705,1.08689189971726,1.));
#5783=CARTESIAN_POINT('Ctrl Pts',(-0.467129139731694,1.08973554980235,1.));
#5784=CARTESIAN_POINT('Ctrl Pts',(-0.471317315145891,1.09255329590014,1.));
#5785=CARTESIAN_POINT('Ctrl Pts',(-0.475537705298862,1.09534512576865,1.));
#5786=CARTESIAN_POINT('Ctrl Pts',(-0.47978990436947,1.09811101484091,1.));
#5787=CARTESIAN_POINT('Ctrl Pts',(-0.484073542520122,1.10085092528614,1.));
#5788=CARTESIAN_POINT('Ctrl Pts',(-0.488388273425033,1.10356480998249,1.));
#5789=CARTESIAN_POINT('Ctrl Pts',(-0.492733765026937,1.10625261520232,1.));
#5790=CARTESIAN_POINT('Ctrl Pts',(-0.497109689772515,1.10891428382955,1.));
#5791=CARTESIAN_POINT('Ctrl Pts',(-0.501515712315237,1.11154975899243,1.));
#5792=CARTESIAN_POINT('Ctrl Pts',(-0.505951489059438,1.11415898570562,1.));
#5793=CARTESIAN_POINT('Ctrl Pts',(-0.510416676648087,1.11674191082977,1.));
#5794=CARTESIAN_POINT('Ctrl Pts',(-0.514910938011328,1.11929848384281,1.));
#5795=CARTESIAN_POINT('Ctrl Pts',(-0.519433948369935,1.12182865717274,1.));
#5796=CARTESIAN_POINT('Ctrl Pts',(-0.523985403102628,1.12433238765049,1.));
#5797=CARTESIAN_POINT('Ctrl Pts',(-0.528565016901401,1.12680963493008,1.));
#5798=CARTESIAN_POINT('Ctrl Pts',(-0.533172513030737,1.12926035667632,1.));
#5799=CARTESIAN_POINT('Ctrl Pts',(-0.537807614474926,1.1316845044876,1.));
#5800=CARTESIAN_POINT('Ctrl Pts',(-0.542470035273236,1.13408202030747,1.));
#5801=CARTESIAN_POINT('Ctrl Pts',(-0.547159468779812,1.1364528313723,1.));
#5802=CARTESIAN_POINT('Ctrl Pts',(-0.551875586316006,1.13879685077478,1.));
#5803=CARTESIAN_POINT('Ctrl Pts',(-0.55661805712374,1.14111398912156,1.));
#5804=CARTESIAN_POINT('Ctrl Pts',(-0.561386563852727,1.14340416425253,1.));
#5805=CARTESIAN_POINT('Ctrl Pts',(-0.566180819113798,1.14566731138104,1.));
#5806=CARTESIAN_POINT('Ctrl Pts',(-0.571000582693989,1.14790339458812,1.));
#5807=CARTESIAN_POINT('Ctrl Pts',(-0.57584567451213,1.15011241401676,1.));
#5808=CARTESIAN_POINT('Ctrl Pts',(-0.580715965940495,1.15229439112604,1.));
#5809=CARTESIAN_POINT('Ctrl Pts',(-0.584632292378785,1.15401836390833,1.));
#5810=CARTESIAN_POINT('Ctrl Pts',(-0.587580819700664,1.1552992012222,1.));
#5811=CARTESIAN_POINT('Ctrl Pts',(-0.589551517360823,1.15614769799498,1.));
#5812=CARTESIAN_POINT('Ctrl Pts',(-0.590538119385461,1.15657059768872,1.));
#5813=CARTESIAN_POINT('Ctrl Pts',(0.159353871491554,1.28879678829753,0.));
#5814=CARTESIAN_POINT('Ctrl Pts',(0.159353871491554,1.28879678829753,1.));
#5815=CARTESIAN_POINT('Ctrl Pts',(0.158571409063214,1.28806195481012,0.));
#5816=CARTESIAN_POINT('Ctrl Pts',(0.158571409063214,1.28806195481012,1.));
#5817=CARTESIAN_POINT('Ctrl Pts',(0.157009762002002,1.28659061035779,0.));
#5818=CARTESIAN_POINT('Ctrl Pts',(0.157009762002002,1.28659061035779,1.));
#5819=CARTESIAN_POINT('Ctrl Pts',(0.154677124797112,1.28437856124829,0.));
#5820=CARTESIAN_POINT('Ctrl Pts',(0.154677124797112,1.28437856124829,1.));
#5821=CARTESIAN_POINT('Ctrl Pts',(0.151586615160552,1.2814190942166,0.));
#5822=CARTESIAN_POINT('Ctrl Pts',(0.151586615160552,1.2814190942166,1.));
#5823=CARTESIAN_POINT('Ctrl Pts',(0.147756318367889,1.27770296865592,0.));
#5824=CARTESIAN_POINT('Ctrl Pts',(0.147756318367889,1.27770296865592,1.));
#5825=CARTESIAN_POINT('Ctrl Pts',(0.143958950480946,1.27397005040159,0.));
#5826=CARTESIAN_POINT('Ctrl Pts',(0.143958950480946,1.27397005040159,1.));
#5827=CARTESIAN_POINT('Ctrl Pts',(0.140194639709679,1.27022036328194,0.));
#5828=CARTESIAN_POINT('Ctrl Pts',(0.140194639709679,1.27022036328194,1.));
#5829=CARTESIAN_POINT('Ctrl Pts',(0.136463555323948,1.26645396875399,0.));
#5830=CARTESIAN_POINT('Ctrl Pts',(0.136463555323948,1.26645396875399,1.));
#5831=CARTESIAN_POINT('Ctrl Pts',(0.132765910765087,1.26267098272822,0.));
#5832=CARTESIAN_POINT('Ctrl Pts',(0.132765910765087,1.26267098272822,1.));
#5833=CARTESIAN_POINT('Ctrl Pts',(0.129101953932236,1.25887156437703,0.));
#5834=CARTESIAN_POINT('Ctrl Pts',(0.129101953932236,1.25887156437703,1.));
#5835=CARTESIAN_POINT('Ctrl Pts',(0.125471954936711,1.25505589944587,0.));
#5836=CARTESIAN_POINT('Ctrl Pts',(0.125471954936711,1.25505589944587,1.));
#5837=CARTESIAN_POINT('Ctrl Pts',(0.121876194015107,1.25122418506294,0.));
#5838=CARTESIAN_POINT('Ctrl Pts',(0.121876194015107,1.25122418506294,1.));
#5839=CARTESIAN_POINT('Ctrl Pts',(0.118314950300273,1.24737661530911,0.));
#5840=CARTESIAN_POINT('Ctrl Pts',(0.118314950300273,1.24737661530911,1.));
#5841=CARTESIAN_POINT('Ctrl Pts',(0.11478848705843,1.24351336343888,0.));
#5842=CARTESIAN_POINT('Ctrl Pts',(0.11478848705843,1.24351336343888,1.));
#5843=CARTESIAN_POINT('Ctrl Pts',(0.111297053148297,1.23963458181181,0.));
#5844=CARTESIAN_POINT('Ctrl Pts',(0.111297053148297,1.23963458181181,1.));
#5845=CARTESIAN_POINT('Ctrl Pts',(0.107840892325158,1.23574041065549,0.));
#5846=CARTESIAN_POINT('Ctrl Pts',(0.107840892325158,1.23574041065549,1.));
#5847=CARTESIAN_POINT('Ctrl Pts',(0.104420250155852,1.2318309844011,0.));
#5848=CARTESIAN_POINT('Ctrl Pts',(0.104420250155852,1.2318309844011,1.));
#5849=CARTESIAN_POINT('Ctrl Pts',(0.101035380943072,1.22790643854254,0.));
#5850=CARTESIAN_POINT('Ctrl Pts',(0.101035380943072,1.22790643854254,1.));
#5851=CARTESIAN_POINT('Ctrl Pts',(0.0976865561724967,1.22396691783208,0.));
#5852=CARTESIAN_POINT('Ctrl Pts',(0.0976865561724967,1.22396691783208,1.));
#5853=CARTESIAN_POINT('Ctrl Pts',(0.0943740647661779,1.22001257805383,0.));
#5854=CARTESIAN_POINT('Ctrl Pts',(0.0943740647661779,1.22001257805383,1.));
#5855=CARTESIAN_POINT('Ctrl Pts',(0.0910982061866141,1.21604358196767,0.));
#5856=CARTESIAN_POINT('Ctrl Pts',(0.0910982061866141,1.21604358196767,1.));
#5857=CARTESIAN_POINT('Ctrl Pts',(0.0878592849091407,1.21206009694329,0.));
#5858=CARTESIAN_POINT('Ctrl Pts',(0.0878592849091407,1.21206009694329,1.));
#5859=CARTESIAN_POINT('Ctrl Pts',(0.0846576050019756,1.20806229216665,0.));
#5860=CARTESIAN_POINT('Ctrl Pts',(0.0846576050019756,1.20806229216665,1.));
#5861=CARTESIAN_POINT('Ctrl Pts',(0.0814934621364977,1.20405033577496,0.));
#5862=CARTESIAN_POINT('Ctrl Pts',(0.0814934621364977,1.20405033577496,1.));
#5863=CARTESIAN_POINT('Ctrl Pts',(0.0783671445772903,1.20002439346962,0.));
#5864=CARTESIAN_POINT('Ctrl Pts',(0.0783671445772903,1.20002439346962,1.));
#5865=CARTESIAN_POINT('Ctrl Pts',(0.0752789459801851,1.19598462930838,0.));
#5866=CARTESIAN_POINT('Ctrl Pts',(0.0752789459801851,1.19598462930838,1.));
#5867=CARTESIAN_POINT('Ctrl Pts',(0.0722291756683384,1.19193120602169,0.));
#5868=CARTESIAN_POINT('Ctrl Pts',(0.0722291756683384,1.19193120602169,1.));
#5869=CARTESIAN_POINT('Ctrl Pts',(0.0692181682365222,1.18786428565075,0.));
#5870=CARTESIAN_POINT('Ctrl Pts',(0.0692181682365222,1.18786428565075,1.));
#5871=CARTESIAN_POINT('Ctrl Pts',(0.0662462966294668,1.18378403007997,0.));
#5872=CARTESIAN_POINT('Ctrl Pts',(0.0662462966294668,1.18378403007997,1.));
#5873=CARTESIAN_POINT('Ctrl Pts',(0.0633139718759738,1.17969060193925,0.));
#5874=CARTESIAN_POINT('Ctrl Pts',(0.0633139718759738,1.17969060193925,1.));
#5875=CARTESIAN_POINT('Ctrl Pts',(0.0604216192225182,1.17558416593059,0.));
#5876=CARTESIAN_POINT('Ctrl Pts',(0.0604216192225182,1.17558416593059,1.));
#5877=CARTESIAN_POINT('Ctrl Pts',(0.0575696578259567,1.17146489027383,0.));
#5878=CARTESIAN_POINT('Ctrl Pts',(0.0575696578259567,1.17146489027383,1.));
#5879=CARTESIAN_POINT('Ctrl Pts',(0.054758481809142,1.16733294794155,0.));
#5880=CARTESIAN_POINT('Ctrl Pts',(0.054758481809142,1.16733294794155,1.));
#5881=CARTESIAN_POINT('Ctrl Pts',(0.0519884330578212,1.16318851871151,0.));
#5882=CARTESIAN_POINT('Ctrl Pts',(0.0519884330578212,1.16318851871151,1.));
#5883=CARTESIAN_POINT('Ctrl Pts',(0.0492598011400971,1.15903178893561,0.));
#5884=CARTESIAN_POINT('Ctrl Pts',(0.0492598011400971,1.15903178893561,1.));
#5885=CARTESIAN_POINT('Ctrl Pts',(0.0465728827404521,1.15486294632764,0.));
#5886=CARTESIAN_POINT('Ctrl Pts',(0.0465728827404521,1.15486294632764,1.));
#5887=CARTESIAN_POINT('Ctrl Pts',(0.0439280319401641,1.15068217554686,0.));
#5888=CARTESIAN_POINT('Ctrl Pts',(0.0439280319401641,1.15068217554686,1.));
#5889=CARTESIAN_POINT('Ctrl Pts',(0.0413257071912294,1.1464896541666,0.));
#5890=CARTESIAN_POINT('Ctrl Pts',(0.0413257071912294,1.1464896541666,1.));
#5891=CARTESIAN_POINT('Ctrl Pts',(0.0387665354741065,1.14228554709499,0.));
#5892=CARTESIAN_POINT('Ctrl Pts',(0.0387665354741065,1.14228554709499,1.));
#5893=CARTESIAN_POINT('Ctrl Pts',(0.0362513176786157,1.13807000643823,0.));
#5894=CARTESIAN_POINT('Ctrl Pts',(0.0362513176786157,1.13807000643823,1.));
#5895=CARTESIAN_POINT('Ctrl Pts',(0.033780896156957,1.13384318402778,0.));
#5896=CARTESIAN_POINT('Ctrl Pts',(0.033780896156957,1.13384318402778,1.));
#5897=CARTESIAN_POINT('Ctrl Pts',(0.0313560410939085,1.12960524228992,0.));
#5898=CARTESIAN_POINT('Ctrl Pts',(0.0313560410939085,1.12960524228992,1.));
#5899=CARTESIAN_POINT('Ctrl Pts',(0.0289773457752851,1.12535636428462,0.));
#5900=CARTESIAN_POINT('Ctrl Pts',(0.0289773457752851,1.12535636428462,1.));
#5901=CARTESIAN_POINT('Ctrl Pts',(0.0266450776494724,1.12109676797129,0.));
#5902=CARTESIAN_POINT('Ctrl Pts',(0.0266450776494724,1.12109676797129,1.));
#5903=CARTESIAN_POINT('Ctrl Pts',(0.0243591769447877,1.11682670657511,0.));
#5904=CARTESIAN_POINT('Ctrl Pts',(0.0243591769447877,1.11682670657511,1.));
#5905=CARTESIAN_POINT('Ctrl Pts',(0.0221195791680387,1.11254643842372,0.));
#5906=CARTESIAN_POINT('Ctrl Pts',(0.0221195791680387,1.11254643842372,1.));
#5907=CARTESIAN_POINT('Ctrl Pts',(0.0199264926508123,1.10825620104954,0.));
#5908=CARTESIAN_POINT('Ctrl Pts',(0.0199264926508123,1.10825620104954,1.));
#5909=CARTESIAN_POINT('Ctrl Pts',(0.0177806502955541,1.10395618779418,0.));
#5910=CARTESIAN_POINT('Ctrl Pts',(0.0177806502955541,1.10395618779418,1.));
#5911=CARTESIAN_POINT('Ctrl Pts',(0.0156836768874111,1.09964651346348,0.));
#5912=CARTESIAN_POINT('Ctrl Pts',(0.0156836768874111,1.09964651346348,1.));
#5913=CARTESIAN_POINT('Ctrl Pts',(0.0136380582319326,1.09532721784224,0.));
#5914=CARTESIAN_POINT('Ctrl Pts',(0.0136380582319326,1.09532721784224,1.));
#5915=CARTESIAN_POINT('Ctrl Pts',(0.0116463985288193,1.09099833688202,0.));
#5916=CARTESIAN_POINT('Ctrl Pts',(0.0116463985288193,1.09099833688202,1.));
#5917=CARTESIAN_POINT('Ctrl Pts',(0.00971077792745856,1.0866599643631,0.));
#5918=CARTESIAN_POINT('Ctrl Pts',(0.00971077792745856,1.0866599643631,1.));
#5919=CARTESIAN_POINT('Ctrl Pts',(0.00783218817629283,1.08231230626184,
0.));
#5920=CARTESIAN_POINT('Ctrl Pts',(0.00783218817629283,1.08231230626184,
1.));
#5921=CARTESIAN_POINT('Ctrl Pts',(0.00600964605874588,1.07795576553344,
0.));
#5922=CARTESIAN_POINT('Ctrl Pts',(0.00600964605874588,1.07795576553344,
1.));
#5923=CARTESIAN_POINT('Ctrl Pts',(0.00424046932748279,1.07359091725666,
0.));
#5924=CARTESIAN_POINT('Ctrl Pts',(0.00424046932748279,1.07359091725666,
1.));
#5925=CARTESIAN_POINT('Ctrl Pts',(0.00252206575617386,1.06921834112493,
0.));
#5926=CARTESIAN_POINT('Ctrl Pts',(0.00252206575617386,1.06921834112493,
1.));
#5927=CARTESIAN_POINT('Ctrl Pts',(0.000853491435984566,1.06483847562288,
0.));
#5928=CARTESIAN_POINT('Ctrl Pts',(0.000853491435984566,1.06483847562288,
1.));
#5929=CARTESIAN_POINT('Ctrl Pts',(-0.000763204277685947,1.0604514926203,
0.));
#5930=CARTESIAN_POINT('Ctrl Pts',(-0.000763204277685947,1.0604514926203,
1.));
#5931=CARTESIAN_POINT('Ctrl Pts',(-0.00232078570567484,1.05605709133917,
0.));
#5932=CARTESIAN_POINT('Ctrl Pts',(-0.00232078570567484,1.05605709133917,
1.));
#5933=CARTESIAN_POINT('Ctrl Pts',(-0.00380802567805461,1.05165461463831,
0.));
#5934=CARTESIAN_POINT('Ctrl Pts',(-0.00380802567805461,1.05165461463831,
1.));
#5935=CARTESIAN_POINT('Ctrl Pts',(-0.00521377435790238,1.0472434400387,
0.));
#5936=CARTESIAN_POINT('Ctrl Pts',(-0.00521377435790238,1.0472434400387,
1.));
#5937=CARTESIAN_POINT('Ctrl Pts',(-0.00653056226555182,1.04282332413574,
0.));
#5938=CARTESIAN_POINT('Ctrl Pts',(-0.00653056226555182,1.04282332413574,
1.));
#5939=CARTESIAN_POINT('Ctrl Pts',(-0.00775766103884212,1.03839470074382,
0.));
#5940=CARTESIAN_POINT('Ctrl Pts',(-0.00775766103884212,1.03839470074382,
1.));
#5941=CARTESIAN_POINT('Ctrl Pts',(-0.00890623220371112,1.03395916464199,
0.));
#5942=CARTESIAN_POINT('Ctrl Pts',(-0.00890623220371112,1.03395916464199,
1.));
#5943=CARTESIAN_POINT('Ctrl Pts',(-0.00999431993894728,1.02951904820442,
0.));
#5944=CARTESIAN_POINT('Ctrl Pts',(-0.00999431993894728,1.02951904820442,
1.));
#5945=CARTESIAN_POINT('Ctrl Pts',(-0.0110368322578479,1.02507654750523,
0.));
#5946=CARTESIAN_POINT('Ctrl Pts',(-0.0110368322578479,1.02507654750523,
1.));
#5947=CARTESIAN_POINT('Ctrl Pts',(-0.0120366146743258,1.02063295140336,
0.));
#5948=CARTESIAN_POINT('Ctrl Pts',(-0.0120366146743258,1.02063295140336,
1.));
#5949=CARTESIAN_POINT('Ctrl Pts',(-0.0129761162833819,1.01618791191883,
0.));
#5950=CARTESIAN_POINT('Ctrl Pts',(-0.0129761162833819,1.01618791191883,
1.));
#5951=CARTESIAN_POINT('Ctrl Pts',(-0.0138060228178211,1.0117384738903,0.));
#5952=CARTESIAN_POINT('Ctrl Pts',(-0.0138060228178211,1.0117384738903,1.));
#5953=CARTESIAN_POINT('Ctrl Pts',(-0.014457790053752,1.0072800214886,0.));
#5954=CARTESIAN_POINT('Ctrl Pts',(-0.014457790053752,1.0072800214886,1.));
#5955=CARTESIAN_POINT('Ctrl Pts',(-0.0147807452736923,1.00370212508871,
0.));
#5956=CARTESIAN_POINT('Ctrl Pts',(-0.0147807452736923,1.00370212508871,
1.));
#5957=CARTESIAN_POINT('Ctrl Pts',(-0.0148864273661455,1.00101065405172,
0.));
#5958=CARTESIAN_POINT('Ctrl Pts',(-0.0148864273661455,1.00101065405172,
1.));
#5959=CARTESIAN_POINT('Ctrl Pts',(-0.0148930110448632,0.999212530555966,
0.));
#5960=CARTESIAN_POINT('Ctrl Pts',(-0.0148930110448632,0.999212530555966,
1.));
#5961=CARTESIAN_POINT('Ctrl Pts',(-0.0148803348230123,0.998312516416361,
0.));
#5962=CARTESIAN_POINT('Ctrl Pts',(-0.0148803348230123,0.998312516416361,
1.));
#5963=CARTESIAN_POINT('',(0.159353871491554,1.28879678829753,1.));
#5964=CARTESIAN_POINT('Ctrl Pts',(0.159353871491554,1.28879678829753,1.));
#5965=CARTESIAN_POINT('Ctrl Pts',(0.158571409063214,1.28806195481012,1.));
#5966=CARTESIAN_POINT('Ctrl Pts',(0.157009762002002,1.28659061035779,1.));
#5967=CARTESIAN_POINT('Ctrl Pts',(0.154677124797112,1.28437856124829,1.));
#5968=CARTESIAN_POINT('Ctrl Pts',(0.151586615160552,1.2814190942166,1.));
#5969=CARTESIAN_POINT('Ctrl Pts',(0.147756318367889,1.27770296865592,1.));
#5970=CARTESIAN_POINT('Ctrl Pts',(0.143958950480946,1.27397005040159,1.));
#5971=CARTESIAN_POINT('Ctrl Pts',(0.140194639709679,1.27022036328194,1.));
#5972=CARTESIAN_POINT('Ctrl Pts',(0.136463555323948,1.26645396875399,1.));
#5973=CARTESIAN_POINT('Ctrl Pts',(0.132765910765087,1.26267098272822,1.));
#5974=CARTESIAN_POINT('Ctrl Pts',(0.129101953932236,1.25887156437703,1.));
#5975=CARTESIAN_POINT('Ctrl Pts',(0.125471954936711,1.25505589944587,1.));
#5976=CARTESIAN_POINT('Ctrl Pts',(0.121876194015107,1.25122418506294,1.));
#5977=CARTESIAN_POINT('Ctrl Pts',(0.118314950300273,1.24737661530911,1.));
#5978=CARTESIAN_POINT('Ctrl Pts',(0.11478848705843,1.24351336343888,1.));
#5979=CARTESIAN_POINT('Ctrl Pts',(0.111297053148297,1.23963458181181,1.));
#5980=CARTESIAN_POINT('Ctrl Pts',(0.107840892325158,1.23574041065549,1.));
#5981=CARTESIAN_POINT('Ctrl Pts',(0.104420250155852,1.2318309844011,1.));
#5982=CARTESIAN_POINT('Ctrl Pts',(0.101035380943072,1.22790643854254,1.));
#5983=CARTESIAN_POINT('Ctrl Pts',(0.0976865561724967,1.22396691783208,1.));
#5984=CARTESIAN_POINT('Ctrl Pts',(0.0943740647661779,1.22001257805383,1.));
#5985=CARTESIAN_POINT('Ctrl Pts',(0.0910982061866141,1.21604358196767,1.));
#5986=CARTESIAN_POINT('Ctrl Pts',(0.0878592849091407,1.21206009694329,1.));
#5987=CARTESIAN_POINT('Ctrl Pts',(0.0846576050019756,1.20806229216665,1.));
#5988=CARTESIAN_POINT('Ctrl Pts',(0.0814934621364977,1.20405033577496,1.));
#5989=CARTESIAN_POINT('Ctrl Pts',(0.0783671445772903,1.20002439346962,1.));
#5990=CARTESIAN_POINT('Ctrl Pts',(0.0752789459801851,1.19598462930838,1.));
#5991=CARTESIAN_POINT('Ctrl Pts',(0.0722291756683384,1.19193120602169,1.));
#5992=CARTESIAN_POINT('Ctrl Pts',(0.0692181682365222,1.18786428565075,1.));
#5993=CARTESIAN_POINT('Ctrl Pts',(0.0662462966294668,1.18378403007997,1.));
#5994=CARTESIAN_POINT('Ctrl Pts',(0.0633139718759738,1.17969060193925,1.));
#5995=CARTESIAN_POINT('Ctrl Pts',(0.0604216192225182,1.17558416593059,1.));
#5996=CARTESIAN_POINT('Ctrl Pts',(0.0575696578259567,1.17146489027383,1.));
#5997=CARTESIAN_POINT('Ctrl Pts',(0.054758481809142,1.16733294794155,1.));
#5998=CARTESIAN_POINT('Ctrl Pts',(0.0519884330578212,1.16318851871151,1.));
#5999=CARTESIAN_POINT('Ctrl Pts',(0.0492598011400971,1.15903178893561,1.));
#6000=CARTESIAN_POINT('Ctrl Pts',(0.0465728827404521,1.15486294632764,1.));
#6001=CARTESIAN_POINT('Ctrl Pts',(0.0439280319401641,1.15068217554686,1.));
#6002=CARTESIAN_POINT('Ctrl Pts',(0.0413257071912294,1.1464896541666,1.));
#6003=CARTESIAN_POINT('Ctrl Pts',(0.0387665354741065,1.14228554709499,1.));
#6004=CARTESIAN_POINT('Ctrl Pts',(0.0362513176786157,1.13807000643823,1.));
#6005=CARTESIAN_POINT('Ctrl Pts',(0.033780896156957,1.13384318402778,1.));
#6006=CARTESIAN_POINT('Ctrl Pts',(0.0313560410939085,1.12960524228992,1.));
#6007=CARTESIAN_POINT('Ctrl Pts',(0.0289773457752851,1.12535636428462,1.));
#6008=CARTESIAN_POINT('Ctrl Pts',(0.0266450776494724,1.12109676797129,1.));
#6009=CARTESIAN_POINT('Ctrl Pts',(0.0243591769447877,1.11682670657511,1.));
#6010=CARTESIAN_POINT('Ctrl Pts',(0.0221195791680387,1.11254643842372,1.));
#6011=CARTESIAN_POINT('Ctrl Pts',(0.0199264926508123,1.10825620104954,1.));
#6012=CARTESIAN_POINT('Ctrl Pts',(0.0177806502955541,1.10395618779418,1.));
#6013=CARTESIAN_POINT('Ctrl Pts',(0.0156836768874111,1.09964651346348,1.));
#6014=CARTESIAN_POINT('Ctrl Pts',(0.0136380582319326,1.09532721784224,1.));
#6015=CARTESIAN_POINT('Ctrl Pts',(0.0116463985288193,1.09099833688202,1.));
#6016=CARTESIAN_POINT('Ctrl Pts',(0.00971077792745856,1.0866599643631,1.));
#6017=CARTESIAN_POINT('Ctrl Pts',(0.00783218817629283,1.08231230626184,
1.));
#6018=CARTESIAN_POINT('Ctrl Pts',(0.00600964605874588,1.07795576553344,
1.));
#6019=CARTESIAN_POINT('Ctrl Pts',(0.00424046932748279,1.07359091725666,
1.));
#6020=CARTESIAN_POINT('Ctrl Pts',(0.00252206575617386,1.06921834112493,
1.));
#6021=CARTESIAN_POINT('Ctrl Pts',(0.000853491435984566,1.06483847562288,
1.));
#6022=CARTESIAN_POINT('Ctrl Pts',(-0.000763204277685947,1.0604514926203,
1.));
#6023=CARTESIAN_POINT('Ctrl Pts',(-0.00232078570567484,1.05605709133917,
1.));
#6024=CARTESIAN_POINT('Ctrl Pts',(-0.00380802567805461,1.05165461463831,
1.));
#6025=CARTESIAN_POINT('Ctrl Pts',(-0.00521377435790238,1.0472434400387,
1.));
#6026=CARTESIAN_POINT('Ctrl Pts',(-0.00653056226555182,1.04282332413574,
1.));
#6027=CARTESIAN_POINT('Ctrl Pts',(-0.00775766103884212,1.03839470074382,
1.));
#6028=CARTESIAN_POINT('Ctrl Pts',(-0.00890623220371112,1.03395916464199,
1.));
#6029=CARTESIAN_POINT('Ctrl Pts',(-0.00999431993894728,1.02951904820442,
1.));
#6030=CARTESIAN_POINT('Ctrl Pts',(-0.0110368322578479,1.02507654750523,
1.));
#6031=CARTESIAN_POINT('Ctrl Pts',(-0.0120366146743258,1.02063295140336,
1.));
#6032=CARTESIAN_POINT('Ctrl Pts',(-0.0129761162833819,1.01618791191883,
1.));
#6033=CARTESIAN_POINT('Ctrl Pts',(-0.0138060228178211,1.0117384738903,1.));
#6034=CARTESIAN_POINT('Ctrl Pts',(-0.014457790053752,1.0072800214886,1.));
#6035=CARTESIAN_POINT('Ctrl Pts',(-0.0147807452736923,1.00370212508871,
1.));
#6036=CARTESIAN_POINT('Ctrl Pts',(-0.0148864273661455,1.00101065405172,
1.));
#6037=CARTESIAN_POINT('Ctrl Pts',(-0.0148930110448632,0.999212530555966,
1.));
#6038=CARTESIAN_POINT('Ctrl Pts',(-0.0148803348230123,0.998312516416361,
1.));
#6039=CARTESIAN_POINT('',(0.159353871491554,1.28879678829753,0.));
#6040=CARTESIAN_POINT('Origin',(-1.34634501876097E-14,-7.63150607809201E-14,
0.));
#6041=CARTESIAN_POINT('',(0.291050805116902,1.26557506562281,1.));
#6042=CARTESIAN_POINT('Origin',(-1.34634501876097E-14,-7.63150607809201E-14,
1.));
#6043=CARTESIAN_POINT('',(0.291050805116902,1.26557506562281,0.));
#6044=CARTESIAN_POINT('Ctrl Pts',(0.355425930776541,0.933017530665764,0.));
#6045=CARTESIAN_POINT('Ctrl Pts',(0.355425930776541,0.933017530665764,1.));
#6046=CARTESIAN_POINT('Ctrl Pts',(0.355745665493697,0.933858931788141,0.));
#6047=CARTESIAN_POINT('Ctrl Pts',(0.355745665493697,0.933858931788141,1.));
#6048=CARTESIAN_POINT('Ctrl Pts',(0.356354473315123,0.9355508669191,0.));
#6049=CARTESIAN_POINT('Ctrl Pts',(0.356354473315123,0.9355508669191,1.));
#6050=CARTESIAN_POINT('Ctrl Pts',(0.357175701942525,0.938116167796032,0.));
#6051=CARTESIAN_POINT('Ctrl Pts',(0.357175701942525,0.938116167796032,1.));
#6052=CARTESIAN_POINT('Ctrl Pts',(0.358095935944996,0.941588747831552,0.));
#6053=CARTESIAN_POINT('Ctrl Pts',(0.358095935944996,0.941588747831552,1.));
#6054=CARTESIAN_POINT('Ctrl Pts',(0.359008355612362,0.946001240177002,0.));
#6055=CARTESIAN_POINT('Ctrl Pts',(0.359008355612362,0.946001240177002,1.));
#6056=CARTESIAN_POINT('Ctrl Pts',(0.359750295998244,0.950466189010913,0.));
#6057=CARTESIAN_POINT('Ctrl Pts',(0.359750295998244,0.950466189010913,1.));
#6058=CARTESIAN_POINT('Ctrl Pts',(0.360387746310584,0.954964488288608,0.));
#6059=CARTESIAN_POINT('Ctrl Pts',(0.360387746310584,0.954964488288608,1.));
#6060=CARTESIAN_POINT('Ctrl Pts',(0.360968057527074,0.959482048480674,0.));
#6061=CARTESIAN_POINT('Ctrl Pts',(0.360968057527074,0.959482048480674,1.));
#6062=CARTESIAN_POINT('Ctrl Pts',(0.361507841119785,0.964013193818267,0.));
#6063=CARTESIAN_POINT('Ctrl Pts',(0.361507841119785,0.964013193818267,1.));
#6064=CARTESIAN_POINT('Ctrl Pts',(0.362003982364576,0.968557686393236,0.));
#6065=CARTESIAN_POINT('Ctrl Pts',(0.362003982364576,0.968557686393236,1.));
#6066=CARTESIAN_POINT('Ctrl Pts',(0.362441721209774,0.973118561411782,0.));
#6067=CARTESIAN_POINT('Ctrl Pts',(0.362441721209774,0.973118561411782,1.));
#6068=CARTESIAN_POINT('Ctrl Pts',(0.362803303954778,0.977699798631726,0.));
#6069=CARTESIAN_POINT('Ctrl Pts',(0.362803303954778,0.977699798631726,1.));
#6070=CARTESIAN_POINT('Ctrl Pts',(0.363077696749466,0.982303716917658,0.));
#6071=CARTESIAN_POINT('Ctrl Pts',(0.363077696749466,0.982303716917658,1.));
#6072=CARTESIAN_POINT('Ctrl Pts',(0.363265435657127,0.986929659502872,0.));
#6073=CARTESIAN_POINT('Ctrl Pts',(0.363265435657127,0.986929659502872,1.));
#6074=CARTESIAN_POINT('Ctrl Pts',(0.363373622941958,0.991575300400361,0.));
#6075=CARTESIAN_POINT('Ctrl Pts',(0.363373622941958,0.991575300400361,1.));
#6076=CARTESIAN_POINT('Ctrl Pts',(0.363412948923808,0.996237411080257,0.));
#6077=CARTESIAN_POINT('Ctrl Pts',(0.363412948923808,0.996237411080257,1.));
#6078=CARTESIAN_POINT('Ctrl Pts',(0.363394188446927,1.000912769135,0.));
#6079=CARTESIAN_POINT('Ctrl Pts',(0.363394188446927,1.000912769135,1.));
#6080=CARTESIAN_POINT('Ctrl Pts',(0.363324243697767,1.00559918245545,0.));
#6081=CARTESIAN_POINT('Ctrl Pts',(0.363324243697767,1.00559918245545,1.));
#6082=CARTESIAN_POINT('Ctrl Pts',(0.363204981657556,1.01029578861601,0.));
#6083=CARTESIAN_POINT('Ctrl Pts',(0.363204981657556,1.01029578861601,1.));
#6084=CARTESIAN_POINT('Ctrl Pts',(0.363035365371538,1.01500249841174,0.));
#6085=CARTESIAN_POINT('Ctrl Pts',(0.363035365371538,1.01500249841174,1.));
#6086=CARTESIAN_POINT('Ctrl Pts',(0.362812760676941,1.01971965370264,0.));
#6087=CARTESIAN_POINT('Ctrl Pts',(0.362812760676941,1.01971965370264,1.));
#6088=CARTESIAN_POINT('Ctrl Pts',(0.362534450397209,1.02444763147403,0.));
#6089=CARTESIAN_POINT('Ctrl Pts',(0.362534450397209,1.02444763147403,1.));
#6090=CARTESIAN_POINT('Ctrl Pts',(0.362199372792191,1.02918638935179,0.));
#6091=CARTESIAN_POINT('Ctrl Pts',(0.362199372792191,1.02918638935179,1.));
#6092=CARTESIAN_POINT('Ctrl Pts',(0.361808389352512,1.03393539458348,0.));
#6093=CARTESIAN_POINT('Ctrl Pts',(0.361808389352512,1.03393539458348,1.));
#6094=CARTESIAN_POINT('Ctrl Pts',(0.36136342270446,1.03869384759149,0.));
#6095=CARTESIAN_POINT('Ctrl Pts',(0.36136342270446,1.03869384759149,1.));
#6096=CARTESIAN_POINT('Ctrl Pts',(0.360866907699116,1.04346082390364,0.));
#6097=CARTESIAN_POINT('Ctrl Pts',(0.360866907699116,1.04346082390364,1.));
#6098=CARTESIAN_POINT('Ctrl Pts',(0.360321166622412,1.04823543593889,0.));
#6099=CARTESIAN_POINT('Ctrl Pts',(0.360321166622412,1.04823543593889,1.));
#6100=CARTESIAN_POINT('Ctrl Pts',(0.359727687007046,1.05301702010577,0.));
#6101=CARTESIAN_POINT('Ctrl Pts',(0.359727687007046,1.05301702010577,1.));
#6102=CARTESIAN_POINT('Ctrl Pts',(0.359087091429319,1.05780514405521,0.));
#6103=CARTESIAN_POINT('Ctrl Pts',(0.359087091429319,1.05780514405521,1.));
#6104=CARTESIAN_POINT('Ctrl Pts',(0.358399494416006,1.06259951332615,0.));
#6105=CARTESIAN_POINT('Ctrl Pts',(0.358399494416006,1.06259951332615,1.));
#6106=CARTESIAN_POINT('Ctrl Pts',(0.357664747010082,1.06739990722798,0.));
#6107=CARTESIAN_POINT('Ctrl Pts',(0.357664747010082,1.06739990722798,1.));
#6108=CARTESIAN_POINT('Ctrl Pts',(0.356882706436419,1.07220610824998,0.));
#6109=CARTESIAN_POINT('Ctrl Pts',(0.356882706436419,1.07220610824998,1.));
#6110=CARTESIAN_POINT('Ctrl Pts',(0.356053549467786,1.07701782010458,0.));
#6111=CARTESIAN_POINT('Ctrl Pts',(0.356053549467786,1.07701782010458,1.));
#6112=CARTESIAN_POINT('Ctrl Pts',(0.355177771000288,1.08183466785596,0.));
#6113=CARTESIAN_POINT('Ctrl Pts',(0.355177771000288,1.08183466785596,1.));
#6114=CARTESIAN_POINT('Ctrl Pts',(0.354256039217817,1.08665623545465,0.));
#6115=CARTESIAN_POINT('Ctrl Pts',(0.354256039217817,1.08665623545465,1.));
#6116=CARTESIAN_POINT('Ctrl Pts',(0.3532890937431,1.09148209212432,0.));
#6117=CARTESIAN_POINT('Ctrl Pts',(0.3532890937431,1.09148209212432,1.));
#6118=CARTESIAN_POINT('Ctrl Pts',(0.352277635143009,1.09631182101145,0.));
#6119=CARTESIAN_POINT('Ctrl Pts',(0.352277635143009,1.09631182101145,1.));
#6120=CARTESIAN_POINT('Ctrl Pts',(0.351222196184554,1.10114505271314,0.));
#6121=CARTESIAN_POINT('Ctrl Pts',(0.351222196184554,1.10114505271314,1.));
#6122=CARTESIAN_POINT('Ctrl Pts',(0.350123146938034,1.10598146356522,0.));
#6123=CARTESIAN_POINT('Ctrl Pts',(0.350123146938034,1.10598146356522,1.));
#6124=CARTESIAN_POINT('Ctrl Pts',(0.348980756973826,1.11082075894181,0.));
#6125=CARTESIAN_POINT('Ctrl Pts',(0.348980756973826,1.11082075894181,1.));
#6126=CARTESIAN_POINT('Ctrl Pts',(0.347795240882253,1.11566266097759,0.));
#6127=CARTESIAN_POINT('Ctrl Pts',(0.347795240882253,1.11566266097759,1.));
#6128=CARTESIAN_POINT('Ctrl Pts',(0.346566807032224,1.12050689552094,0.));
#6129=CARTESIAN_POINT('Ctrl Pts',(0.346566807032224,1.12050689552094,1.));
#6130=CARTESIAN_POINT('Ctrl Pts',(0.345295715203631,1.12535317670419,0.));
#6131=CARTESIAN_POINT('Ctrl Pts',(0.345295715203631,1.12535317670419,1.));
#6132=CARTESIAN_POINT('Ctrl Pts',(0.343982276590707,1.13020120718834,0.));
#6133=CARTESIAN_POINT('Ctrl Pts',(0.343982276590707,1.13020120718834,1.));
#6134=CARTESIAN_POINT('Ctrl Pts',(0.342626827537485,1.13505068553836,0.));
#6135=CARTESIAN_POINT('Ctrl Pts',(0.342626827537485,1.13505068553836,1.));
#6136=CARTESIAN_POINT('Ctrl Pts',(0.341229711313536,1.13990131154213,0.));
#6137=CARTESIAN_POINT('Ctrl Pts',(0.341229711313536,1.13990131154213,1.));
#6138=CARTESIAN_POINT('Ctrl Pts',(0.339791258536889,1.14475279179741,0.));
#6139=CARTESIAN_POINT('Ctrl Pts',(0.339791258536889,1.14475279179741,1.));
#6140=CARTESIAN_POINT('Ctrl Pts',(0.338311764293228,1.149604846628,0.));
#6141=CARTESIAN_POINT('Ctrl Pts',(0.338311764293228,1.149604846628,1.));
#6142=CARTESIAN_POINT('Ctrl Pts',(0.336791487577437,1.15445720932684,0.));
#6143=CARTESIAN_POINT('Ctrl Pts',(0.336791487577437,1.15445720932684,1.));
#6144=CARTESIAN_POINT('Ctrl Pts',(0.335230663401107,1.15930962118255,0.));
#6145=CARTESIAN_POINT('Ctrl Pts',(0.335230663401107,1.15930962118255,1.));
#6146=CARTESIAN_POINT('Ctrl Pts',(0.333629511599408,1.16416182759509,0.));
#6147=CARTESIAN_POINT('Ctrl Pts',(0.333629511599408,1.16416182759509,1.));
#6148=CARTESIAN_POINT('Ctrl Pts',(0.331988246379222,1.16901357426378,0.));
#6149=CARTESIAN_POINT('Ctrl Pts',(0.331988246379222,1.16901357426378,1.));
#6150=CARTESIAN_POINT('Ctrl Pts',(0.330307088074448,1.17386460206574,0.));
#6151=CARTESIAN_POINT('Ctrl Pts',(0.330307088074448,1.17386460206574,1.));
#6152=CARTESIAN_POINT('Ctrl Pts',(0.328586264550741,1.17871464802073,0.));
#6153=CARTESIAN_POINT('Ctrl Pts',(0.328586264550741,1.17871464802073,1.));
#6154=CARTESIAN_POINT('Ctrl Pts',(0.32682600467752,1.18356345071598,0.));
#6155=CARTESIAN_POINT('Ctrl Pts',(0.32682600467752,1.18356345071598,1.));
#6156=CARTESIAN_POINT('Ctrl Pts',(0.325026534190331,1.18841075478504,0.));
#6157=CARTESIAN_POINT('Ctrl Pts',(0.325026534190331,1.18841075478504,1.));
#6158=CARTESIAN_POINT('Ctrl Pts',(0.323188071305789,1.19325631502156,0.));
#6159=CARTESIAN_POINT('Ctrl Pts',(0.323188071305789,1.19325631502156,1.));
#6160=CARTESIAN_POINT('Ctrl Pts',(0.321310821628791,1.19809990254933,0.));
#6161=CARTESIAN_POINT('Ctrl Pts',(0.321310821628791,1.19809990254933,1.));
#6162=CARTESIAN_POINT('Ctrl Pts',(0.319394977784059,1.20294130306909,0.));
#6163=CARTESIAN_POINT('Ctrl Pts',(0.319394977784059,1.20294130306909,1.));
#6164=CARTESIAN_POINT('Ctrl Pts',(0.317440724550766,1.20778030626805,0.));
#6165=CARTESIAN_POINT('Ctrl Pts',(0.317440724550766,1.20778030626805,1.));
#6166=CARTESIAN_POINT('Ctrl Pts',(0.315448243023289,1.21261669700614,0.));
#6167=CARTESIAN_POINT('Ctrl Pts',(0.315448243023289,1.21261669700614,1.));
#6168=CARTESIAN_POINT('Ctrl Pts',(0.313417714942302,1.21745024699754,0.));
#6169=CARTESIAN_POINT('Ctrl Pts',(0.313417714942302,1.21745024699754,1.));
#6170=CARTESIAN_POINT('Ctrl Pts',(0.311349328440593,1.22228070339391,0.));
#6171=CARTESIAN_POINT('Ctrl Pts',(0.311349328440593,1.22228070339391,1.));
#6172=CARTESIAN_POINT('Ctrl Pts',(0.309243279437677,1.22710778834984,0.));
#6173=CARTESIAN_POINT('Ctrl Pts',(0.309243279437677,1.22710778834984,1.));
#6174=CARTESIAN_POINT('Ctrl Pts',(0.307099763847995,1.23193122077883,0.));
#6175=CARTESIAN_POINT('Ctrl Pts',(0.307099763847995,1.23193122077883,1.));
#6176=CARTESIAN_POINT('Ctrl Pts',(0.30491897196448,1.23675073375378,0.));
#6177=CARTESIAN_POINT('Ctrl Pts',(0.30491897196448,1.23675073375378,1.));
#6178=CARTESIAN_POINT('Ctrl Pts',(0.302701082295949,1.24156609291503,0.));
#6179=CARTESIAN_POINT('Ctrl Pts',(0.302701082295949,1.24156609291503,1.));
#6180=CARTESIAN_POINT('Ctrl Pts',(0.300446255767931,1.24637711634113,0.));
#6181=CARTESIAN_POINT('Ctrl Pts',(0.300446255767931,1.24637711634113,1.));
#6182=CARTESIAN_POINT('Ctrl Pts',(0.298154630422533,1.25118368838768,0.));
#6183=CARTESIAN_POINT('Ctrl Pts',(0.298154630422533,1.25118368838768,1.));
#6184=CARTESIAN_POINT('Ctrl Pts',(0.295826318587927,1.25598574281297,0.));
#6185=CARTESIAN_POINT('Ctrl Pts',(0.295826318587927,1.25598574281297,1.));
#6186=CARTESIAN_POINT('Ctrl Pts',(0.293934386826331,1.25982374869296,0.));
#6187=CARTESIAN_POINT('Ctrl Pts',(0.293934386826331,1.25982374869296,1.));
#6188=CARTESIAN_POINT('Ctrl Pts',(0.292498990211399,1.26270020382911,0.));
#6189=CARTESIAN_POINT('Ctrl Pts',(0.292498990211399,1.26270020382911,1.));
#6190=CARTESIAN_POINT('Ctrl Pts',(0.291534751432171,1.26461693010529,0.));
#6191=CARTESIAN_POINT('Ctrl Pts',(0.291534751432171,1.26461693010529,1.));
#6192=CARTESIAN_POINT('Ctrl Pts',(0.291050805116902,1.26557506562281,0.));
#6193=CARTESIAN_POINT('Ctrl Pts',(0.291050805116902,1.26557506562281,1.));
#6194=CARTESIAN_POINT('Ctrl Pts',(0.355425930776541,0.933017530665764,1.));
#6195=CARTESIAN_POINT('Ctrl Pts',(0.355745665493697,0.933858931788141,1.));
#6196=CARTESIAN_POINT('Ctrl Pts',(0.356354473315123,0.9355508669191,1.));
#6197=CARTESIAN_POINT('Ctrl Pts',(0.357175701942525,0.938116167796032,1.));
#6198=CARTESIAN_POINT('Ctrl Pts',(0.358095935944996,0.941588747831552,1.));
#6199=CARTESIAN_POINT('Ctrl Pts',(0.359008355612362,0.946001240177002,1.));
#6200=CARTESIAN_POINT('Ctrl Pts',(0.359750295998244,0.950466189010913,1.));
#6201=CARTESIAN_POINT('Ctrl Pts',(0.360387746310584,0.954964488288608,1.));
#6202=CARTESIAN_POINT('Ctrl Pts',(0.360968057527074,0.959482048480674,1.));
#6203=CARTESIAN_POINT('Ctrl Pts',(0.361507841119785,0.964013193818267,1.));
#6204=CARTESIAN_POINT('Ctrl Pts',(0.362003982364576,0.968557686393236,1.));
#6205=CARTESIAN_POINT('Ctrl Pts',(0.362441721209774,0.973118561411782,1.));
#6206=CARTESIAN_POINT('Ctrl Pts',(0.362803303954778,0.977699798631726,1.));
#6207=CARTESIAN_POINT('Ctrl Pts',(0.363077696749466,0.982303716917658,1.));
#6208=CARTESIAN_POINT('Ctrl Pts',(0.363265435657127,0.986929659502872,1.));
#6209=CARTESIAN_POINT('Ctrl Pts',(0.363373622941958,0.991575300400361,1.));
#6210=CARTESIAN_POINT('Ctrl Pts',(0.363412948923808,0.996237411080257,1.));
#6211=CARTESIAN_POINT('Ctrl Pts',(0.363394188446927,1.000912769135,1.));
#6212=CARTESIAN_POINT('Ctrl Pts',(0.363324243697767,1.00559918245545,1.));
#6213=CARTESIAN_POINT('Ctrl Pts',(0.363204981657556,1.01029578861601,1.));
#6214=CARTESIAN_POINT('Ctrl Pts',(0.363035365371538,1.01500249841174,1.));
#6215=CARTESIAN_POINT('Ctrl Pts',(0.362812760676941,1.01971965370264,1.));
#6216=CARTESIAN_POINT('Ctrl Pts',(0.362534450397209,1.02444763147403,1.));
#6217=CARTESIAN_POINT('Ctrl Pts',(0.362199372792191,1.02918638935179,1.));
#6218=CARTESIAN_POINT('Ctrl Pts',(0.361808389352512,1.03393539458348,1.));
#6219=CARTESIAN_POINT('Ctrl Pts',(0.36136342270446,1.03869384759149,1.));
#6220=CARTESIAN_POINT('Ctrl Pts',(0.360866907699116,1.04346082390364,1.));
#6221=CARTESIAN_POINT('Ctrl Pts',(0.360321166622412,1.04823543593889,1.));
#6222=CARTESIAN_POINT('Ctrl Pts',(0.359727687007046,1.05301702010577,1.));
#6223=CARTESIAN_POINT('Ctrl Pts',(0.359087091429319,1.05780514405521,1.));
#6224=CARTESIAN_POINT('Ctrl Pts',(0.358399494416006,1.06259951332615,1.));
#6225=CARTESIAN_POINT('Ctrl Pts',(0.357664747010082,1.06739990722798,1.));
#6226=CARTESIAN_POINT('Ctrl Pts',(0.356882706436419,1.07220610824998,1.));
#6227=CARTESIAN_POINT('Ctrl Pts',(0.356053549467786,1.07701782010458,1.));
#6228=CARTESIAN_POINT('Ctrl Pts',(0.355177771000288,1.08183466785596,1.));
#6229=CARTESIAN_POINT('Ctrl Pts',(0.354256039217817,1.08665623545465,1.));
#6230=CARTESIAN_POINT('Ctrl Pts',(0.3532890937431,1.09148209212432,1.));
#6231=CARTESIAN_POINT('Ctrl Pts',(0.352277635143009,1.09631182101145,1.));
#6232=CARTESIAN_POINT('Ctrl Pts',(0.351222196184554,1.10114505271314,1.));
#6233=CARTESIAN_POINT('Ctrl Pts',(0.350123146938034,1.10598146356522,1.));
#6234=CARTESIAN_POINT('Ctrl Pts',(0.348980756973826,1.11082075894181,1.));
#6235=CARTESIAN_POINT('Ctrl Pts',(0.347795240882253,1.11566266097759,1.));
#6236=CARTESIAN_POINT('Ctrl Pts',(0.346566807032224,1.12050689552094,1.));
#6237=CARTESIAN_POINT('Ctrl Pts',(0.345295715203631,1.12535317670419,1.));
#6238=CARTESIAN_POINT('Ctrl Pts',(0.343982276590707,1.13020120718834,1.));
#6239=CARTESIAN_POINT('Ctrl Pts',(0.342626827537485,1.13505068553836,1.));
#6240=CARTESIAN_POINT('Ctrl Pts',(0.341229711313536,1.13990131154213,1.));
#6241=CARTESIAN_POINT('Ctrl Pts',(0.339791258536889,1.14475279179741,1.));
#6242=CARTESIAN_POINT('Ctrl Pts',(0.338311764293228,1.149604846628,1.));
#6243=CARTESIAN_POINT('Ctrl Pts',(0.336791487577437,1.15445720932684,1.));
#6244=CARTESIAN_POINT('Ctrl Pts',(0.335230663401107,1.15930962118255,1.));
#6245=CARTESIAN_POINT('Ctrl Pts',(0.333629511599408,1.16416182759509,1.));
#6246=CARTESIAN_POINT('Ctrl Pts',(0.331988246379222,1.16901357426378,1.));
#6247=CARTESIAN_POINT('Ctrl Pts',(0.330307088074448,1.17386460206574,1.));
#6248=CARTESIAN_POINT('Ctrl Pts',(0.328586264550741,1.17871464802073,1.));
#6249=CARTESIAN_POINT('Ctrl Pts',(0.32682600467752,1.18356345071598,1.));
#6250=CARTESIAN_POINT('Ctrl Pts',(0.325026534190331,1.18841075478504,1.));
#6251=CARTESIAN_POINT('Ctrl Pts',(0.323188071305789,1.19325631502156,1.));
#6252=CARTESIAN_POINT('Ctrl Pts',(0.321310821628791,1.19809990254933,1.));
#6253=CARTESIAN_POINT('Ctrl Pts',(0.319394977784059,1.20294130306909,1.));
#6254=CARTESIAN_POINT('Ctrl Pts',(0.317440724550766,1.20778030626805,1.));
#6255=CARTESIAN_POINT('Ctrl Pts',(0.315448243023289,1.21261669700614,1.));
#6256=CARTESIAN_POINT('Ctrl Pts',(0.313417714942302,1.21745024699754,1.));
#6257=CARTESIAN_POINT('Ctrl Pts',(0.311349328440593,1.22228070339391,1.));
#6258=CARTESIAN_POINT('Ctrl Pts',(0.309243279437677,1.22710778834984,1.));
#6259=CARTESIAN_POINT('Ctrl Pts',(0.307099763847995,1.23193122077883,1.));
#6260=CARTESIAN_POINT('Ctrl Pts',(0.30491897196448,1.23675073375378,1.));
#6261=CARTESIAN_POINT('Ctrl Pts',(0.302701082295949,1.24156609291503,1.));
#6262=CARTESIAN_POINT('Ctrl Pts',(0.300446255767931,1.24637711634113,1.));
#6263=CARTESIAN_POINT('Ctrl Pts',(0.298154630422533,1.25118368838768,1.));
#6264=CARTESIAN_POINT('Ctrl Pts',(0.295826318587927,1.25598574281297,1.));
#6265=CARTESIAN_POINT('Ctrl Pts',(0.293934386826331,1.25982374869296,1.));
#6266=CARTESIAN_POINT('Ctrl Pts',(0.292498990211399,1.26270020382911,1.));
#6267=CARTESIAN_POINT('Ctrl Pts',(0.291534751432171,1.26461693010529,1.));
#6268=CARTESIAN_POINT('Ctrl Pts',(0.291050805116902,1.26557506562281,1.));
#6269=CARTESIAN_POINT('Ctrl Pts',(0.950494754667056,0.884844923834553,0.));
#6270=CARTESIAN_POINT('Ctrl Pts',(0.950494754667056,0.884844923834553,1.));
#6271=CARTESIAN_POINT('Ctrl Pts',(0.949423011810987,0.884784965878888,0.));
#6272=CARTESIAN_POINT('Ctrl Pts',(0.949423011810987,0.884784965878888,1.));
#6273=CARTESIAN_POINT('Ctrl Pts',(0.947280958774097,0.884661658018921,0.));
#6274=CARTESIAN_POINT('Ctrl Pts',(0.947280958774097,0.884661658018921,1.));
#6275=CARTESIAN_POINT('Ctrl Pts',(0.944072177245876,0.884466520383882,0.));
#6276=CARTESIAN_POINT('Ctrl Pts',(0.944072177245876,0.884466520383882,1.));
#6277=CARTESIAN_POINT('Ctrl Pts',(0.939802400773136,0.884185978411658,0.));
#6278=CARTESIAN_POINT('Ctrl Pts',(0.939802400773136,0.884185978411658,1.));
#6279=CARTESIAN_POINT('Ctrl Pts',(0.934479543733176,0.883801328395713,0.));
#6280=CARTESIAN_POINT('Ctrl Pts',(0.934479543733176,0.883801328395713,1.));
#6281=CARTESIAN_POINT('Ctrl Pts',(0.929171117563045,0.88338264813751,0.));
#6282=CARTESIAN_POINT('Ctrl Pts',(0.929171117563045,0.88338264813751,1.));
#6283=CARTESIAN_POINT('Ctrl Pts',(0.923877235793836,0.882929873478853,0.));
#6284=CARTESIAN_POINT('Ctrl Pts',(0.923877235793836,0.882929873478853,1.));
#6285=CARTESIAN_POINT('Ctrl Pts',(0.918598067597581,0.882442942693966,0.));
#6286=CARTESIAN_POINT('Ctrl Pts',(0.918598067597581,0.882442942693966,1.));
#6287=CARTESIAN_POINT('Ctrl Pts',(0.913333850985649,0.881921807377983,0.));
#6288=CARTESIAN_POINT('Ctrl Pts',(0.913333850985649,0.881921807377983,1.));
#6289=CARTESIAN_POINT('Ctrl Pts',(0.90808487817386,0.881366430117557,0.));
#6290=CARTESIAN_POINT('Ctrl Pts',(0.90808487817386,0.881366430117557,1.));
#6291=CARTESIAN_POINT('Ctrl Pts',(0.902851475474343,0.880776779577734,0.));
#6292=CARTESIAN_POINT('Ctrl Pts',(0.902851475474343,0.880776779577734,1.));
#6293=CARTESIAN_POINT('Ctrl Pts',(0.897633984272357,0.880152826634872,0.));
#6294=CARTESIAN_POINT('Ctrl Pts',(0.897633984272357,0.880152826634872,1.));
#6295=CARTESIAN_POINT('Ctrl Pts',(0.892432743148848,0.879494540540405,0.));
#6296=CARTESIAN_POINT('Ctrl Pts',(0.892432743148848,0.879494540540405,1.));
#6297=CARTESIAN_POINT('Ctrl Pts',(0.887248065143294,0.878801884790724,0.));
#6298=CARTESIAN_POINT('Ctrl Pts',(0.887248065143294,0.878801884790724,1.));
#6299=CARTESIAN_POINT('Ctrl Pts',(0.882080238827356,0.878074816136705,0.));
#6300=CARTESIAN_POINT('Ctrl Pts',(0.882080238827356,0.878074816136705,1.));
#6301=CARTESIAN_POINT('Ctrl Pts',(0.876929541064981,0.877313285316046,0.));
#6302=CARTESIAN_POINT('Ctrl Pts',(0.876929541064981,0.877313285316046,1.));
#6303=CARTESIAN_POINT('Ctrl Pts',(0.871796246381981,0.876517237461689,0.));
#6304=CARTESIAN_POINT('Ctrl Pts',(0.871796246381981,0.876517237461689,1.));
#6305=CARTESIAN_POINT('Ctrl Pts',(0.866680636679318,0.875686612905358,0.));
#6306=CARTESIAN_POINT('Ctrl Pts',(0.866680636679318,0.875686612905358,1.));
#6307=CARTESIAN_POINT('Ctrl Pts',(0.861583012972052,0.874821348026095,0.));
#6308=CARTESIAN_POINT('Ctrl Pts',(0.861583012972052,0.874821348026095,1.));
#6309=CARTESIAN_POINT('Ctrl Pts',(0.856503696723414,0.87392137644594,0.));
#6310=CARTESIAN_POINT('Ctrl Pts',(0.856503696723414,0.87392137644594,1.));
#6311=CARTESIAN_POINT('Ctrl Pts',(0.85144302195502,0.872986630355407,0.));
#6312=CARTESIAN_POINT('Ctrl Pts',(0.85144302195502,0.872986630355407,1.));
#6313=CARTESIAN_POINT('Ctrl Pts',(0.846401329491668,0.872017042254143,0.));
#6314=CARTESIAN_POINT('Ctrl Pts',(0.846401329491668,0.872017042254143,1.));
#6315=CARTESIAN_POINT('Ctrl Pts',(0.841378961013765,0.871012546294828,0.));
#6316=CARTESIAN_POINT('Ctrl Pts',(0.841378961013765,0.871012546294828,1.));
#6317=CARTESIAN_POINT('Ctrl Pts',(0.83637625109525,0.869973081224145,0.));
#6318=CARTESIAN_POINT('Ctrl Pts',(0.83637625109525,0.869973081224145,1.));
#6319=CARTESIAN_POINT('Ctrl Pts',(0.831393527070414,0.868898588683832,0.));
#6320=CARTESIAN_POINT('Ctrl Pts',(0.831393527070414,0.868898588683832,1.));
#6321=CARTESIAN_POINT('Ctrl Pts',(0.82643111934695,0.86778900559107,0.));
#6322=CARTESIAN_POINT('Ctrl Pts',(0.82643111934695,0.86778900559107,1.));
#6323=CARTESIAN_POINT('Ctrl Pts',(0.821489369481272,0.866644257775538,0.));
#6324=CARTESIAN_POINT('Ctrl Pts',(0.821489369481272,0.866644257775538,1.));
#6325=CARTESIAN_POINT('Ctrl Pts',(0.816568637945918,0.865464254294618,0.));
#6326=CARTESIAN_POINT('Ctrl Pts',(0.816568637945918,0.865464254294618,1.));
#6327=CARTESIAN_POINT('Ctrl Pts',(0.811669314490418,0.864248879434711,0.));
#6328=CARTESIAN_POINT('Ctrl Pts',(0.811669314490418,0.864248879434711,1.));
#6329=CARTESIAN_POINT('Ctrl Pts',(0.806791818517586,0.862997993573326,0.));
#6330=CARTESIAN_POINT('Ctrl Pts',(0.806791818517586,0.862997993573326,1.));
#6331=CARTESIAN_POINT('Ctrl Pts',(0.801936581653529,0.861711449536355,0.));
#6332=CARTESIAN_POINT('Ctrl Pts',(0.801936581653529,0.861711449536355,1.));
#6333=CARTESIAN_POINT('Ctrl Pts',(0.797104033120656,0.860389106758834,0.));
#6334=CARTESIAN_POINT('Ctrl Pts',(0.797104033120656,0.860389106758834,1.));
#6335=CARTESIAN_POINT('Ctrl Pts',(0.792294586019212,0.859030844408154,0.));
#6336=CARTESIAN_POINT('Ctrl Pts',(0.792294586019212,0.859030844408154,1.));
#6337=CARTESIAN_POINT('Ctrl Pts',(0.787508617807805,0.857636580442163,0.));
#6338=CARTESIAN_POINT('Ctrl Pts',(0.787508617807805,0.857636580442163,1.));
#6339=CARTESIAN_POINT('Ctrl Pts',(0.782746470093154,0.856206271483898,0.));
#6340=CARTESIAN_POINT('Ctrl Pts',(0.782746470093154,0.856206271483898,1.));
#6341=CARTESIAN_POINT('Ctrl Pts',(0.778008490808855,0.854739870625355,0.));
#6342=CARTESIAN_POINT('Ctrl Pts',(0.778008490808855,0.854739870625355,1.));
#6343=CARTESIAN_POINT('Ctrl Pts',(0.773295069893588,0.853237291724675,0.));
#6344=CARTESIAN_POINT('Ctrl Pts',(0.773295069893588,0.853237291724675,1.));
#6345=CARTESIAN_POINT('Ctrl Pts',(0.7686066726839,0.851698376123668,0.));
#6346=CARTESIAN_POINT('Ctrl Pts',(0.7686066726839,0.851698376123668,1.));
#6347=CARTESIAN_POINT('Ctrl Pts',(0.763943885475587,0.850122847134013,0.));
#6348=CARTESIAN_POINT('Ctrl Pts',(0.763943885475587,0.850122847134013,1.));
#6349=CARTESIAN_POINT('Ctrl Pts',(0.75930741955782,0.848510306473762,0.));
#6350=CARTESIAN_POINT('Ctrl Pts',(0.75930741955782,0.848510306473762,1.));
#6351=CARTESIAN_POINT('Ctrl Pts',(0.754698017805207,0.846860328999009,0.));
#6352=CARTESIAN_POINT('Ctrl Pts',(0.754698017805207,0.846860328999009,1.));
#6353=CARTESIAN_POINT('Ctrl Pts',(0.750116374619119,0.845172544070272,0.));
#6354=CARTESIAN_POINT('Ctrl Pts',(0.750116374619119,0.845172544070272,1.));
#6355=CARTESIAN_POINT('Ctrl Pts',(0.74556306215154,0.843446710562854,0.));
#6356=CARTESIAN_POINT('Ctrl Pts',(0.74556306215154,0.843446710562854,1.));
#6357=CARTESIAN_POINT('Ctrl Pts',(0.74103842538142,0.841682823530833,0.));
#6358=CARTESIAN_POINT('Ctrl Pts',(0.74103842538142,0.841682823530833,1.));
#6359=CARTESIAN_POINT('Ctrl Pts',(0.736542581291012,0.839881115376462,0.));
#6360=CARTESIAN_POINT('Ctrl Pts',(0.736542581291012,0.839881115376462,1.));
#6361=CARTESIAN_POINT('Ctrl Pts',(0.73207564652546,0.838041825445603,0.));
#6362=CARTESIAN_POINT('Ctrl Pts',(0.73207564652546,0.838041825445603,1.));
#6363=CARTESIAN_POINT('Ctrl Pts',(0.727637933358924,0.836165001785697,0.));
#6364=CARTESIAN_POINT('Ctrl Pts',(0.727637933358924,0.836165001785697,1.));
#6365=CARTESIAN_POINT('Ctrl Pts',(0.723230127504833,0.834250321404387,0.));
#6366=CARTESIAN_POINT('Ctrl Pts',(0.723230127504833,0.834250321404387,1.));
#6367=CARTESIAN_POINT('Ctrl Pts',(0.718853547416601,0.832296827856301,0.));
#6368=CARTESIAN_POINT('Ctrl Pts',(0.718853547416601,0.832296827856301,1.));
#6369=CARTESIAN_POINT('Ctrl Pts',(0.714510122904923,0.830302953773345,0.));
#6370=CARTESIAN_POINT('Ctrl Pts',(0.714510122904923,0.830302953773345,1.));
#6371=CARTESIAN_POINT('Ctrl Pts',(0.710201872011734,0.828267052748721,0.));
#6372=CARTESIAN_POINT('Ctrl Pts',(0.710201872011734,0.828267052748721,1.));
#6373=CARTESIAN_POINT('Ctrl Pts',(0.705930448504707,0.826187859528029,0.));
#6374=CARTESIAN_POINT('Ctrl Pts',(0.705930448504707,0.826187859528029,1.));
#6375=CARTESIAN_POINT('Ctrl Pts',(0.701696744506285,0.824064894414714,0.));
#6376=CARTESIAN_POINT('Ctrl Pts',(0.701696744506285,0.824064894414714,1.));
#6377=CARTESIAN_POINT('Ctrl Pts',(0.697500265843475,0.82189909808979,0.));
#6378=CARTESIAN_POINT('Ctrl Pts',(0.697500265843475,0.82189909808979,1.));
#6379=CARTESIAN_POINT('Ctrl Pts',(0.693339327449124,0.819692635204511,0.));
#6380=CARTESIAN_POINT('Ctrl Pts',(0.693339327449124,0.819692635204511,1.));
#6381=CARTESIAN_POINT('Ctrl Pts',(0.689212316182395,0.817447616080757,0.));
#6382=CARTESIAN_POINT('Ctrl Pts',(0.689212316182395,0.817447616080757,1.));
#6383=CARTESIAN_POINT('Ctrl Pts',(0.685118790819677,0.815164983350169,0.));
#6384=CARTESIAN_POINT('Ctrl Pts',(0.685118790819677,0.815164983350169,1.));
#6385=CARTESIAN_POINT('Ctrl Pts',(0.68106043173404,0.812843551372363,0.));
#6386=CARTESIAN_POINT('Ctrl Pts',(0.68106043173404,0.812843551372363,1.));
#6387=CARTESIAN_POINT('Ctrl Pts',(0.677042588440919,0.810478438733104,0.));
#6388=CARTESIAN_POINT('Ctrl Pts',(0.677042588440919,0.810478438733104,1.));
#6389=CARTESIAN_POINT('Ctrl Pts',(0.67307343904925,0.808061925347329,0.));
#6390=CARTESIAN_POINT('Ctrl Pts',(0.67307343904925,0.808061925347329,1.));
#6391=CARTESIAN_POINT('Ctrl Pts',(0.669161124707837,0.805586367391409,0.));
#6392=CARTESIAN_POINT('Ctrl Pts',(0.669161124707837,0.805586367391409,1.));
#6393=CARTESIAN_POINT('Ctrl Pts',(0.665311210912615,0.803046777117628,0.));
#6394=CARTESIAN_POINT('Ctrl Pts',(0.665311210912615,0.803046777117628,1.));
#6395=CARTESIAN_POINT('Ctrl Pts',(0.661524534471883,0.800443018664913,0.));
#6396=CARTESIAN_POINT('Ctrl Pts',(0.661524534471883,0.800443018664913,1.));
#6397=CARTESIAN_POINT('Ctrl Pts',(0.657793570264936,0.797783488195474,0.));
#6398=CARTESIAN_POINT('Ctrl Pts',(0.657793570264936,0.797783488195474,1.));
#6399=CARTESIAN_POINT('Ctrl Pts',(0.654105994870098,0.795081570986136,0.));
#6400=CARTESIAN_POINT('Ctrl Pts',(0.654105994870098,0.795081570986136,1.));
#6401=CARTESIAN_POINT('Ctrl Pts',(0.650451799695859,0.792348532013505,0.));
#6402=CARTESIAN_POINT('Ctrl Pts',(0.650451799695859,0.792348532013505,1.));
#6403=CARTESIAN_POINT('Ctrl Pts',(0.64682963341465,0.789587187661891,0.));
#6404=CARTESIAN_POINT('Ctrl Pts',(0.64682963341465,0.789587187661891,1.));
#6405=CARTESIAN_POINT('Ctrl Pts',(0.64325271712251,0.786785989858907,0.));
#6406=CARTESIAN_POINT('Ctrl Pts',(0.64325271712251,0.786785989858907,1.));
#6407=CARTESIAN_POINT('Ctrl Pts',(0.639756928198687,0.783910976219684,0.));
#6408=CARTESIAN_POINT('Ctrl Pts',(0.639756928198687,0.783910976219684,1.));
#6409=CARTESIAN_POINT('Ctrl Pts',(0.636391807567205,0.780914551436108,0.));
#6410=CARTESIAN_POINT('Ctrl Pts',(0.636391807567205,0.780914551436108,1.));
#6411=CARTESIAN_POINT('Ctrl Pts',(0.633844582041006,0.778381315394781,0.));
#6412=CARTESIAN_POINT('Ctrl Pts',(0.633844582041006,0.778381315394781,1.));
#6413=CARTESIAN_POINT('Ctrl Pts',(0.632033580626934,0.77638746010267,0.));
#6414=CARTESIAN_POINT('Ctrl Pts',(0.632033580626934,0.77638746010267,1.));
#6415=CARTESIAN_POINT('Ctrl Pts',(0.630872725732681,0.775014249497813,0.));
#6416=CARTESIAN_POINT('Ctrl Pts',(0.630872725732681,0.775014249497813,1.));
#6417=CARTESIAN_POINT('Ctrl Pts',(0.630303918344508,0.774316650549096,0.));
#6418=CARTESIAN_POINT('Ctrl Pts',(0.630303918344508,0.774316650549096,1.));
#6419=CARTESIAN_POINT('',(0.950494754667056,0.884844923834553,1.));
#6420=CARTESIAN_POINT('Ctrl Pts',(0.950494754667056,0.884844923834553,1.));
#6421=CARTESIAN_POINT('Ctrl Pts',(0.949423011810987,0.884784965878888,1.));
#6422=CARTESIAN_POINT('Ctrl Pts',(0.947280958774097,0.884661658018921,1.));
#6423=CARTESIAN_POINT('Ctrl Pts',(0.944072177245876,0.884466520383882,1.));
#6424=CARTESIAN_POINT('Ctrl Pts',(0.939802400773136,0.884185978411658,1.));
#6425=CARTESIAN_POINT('Ctrl Pts',(0.934479543733176,0.883801328395713,1.));
#6426=CARTESIAN_POINT('Ctrl Pts',(0.929171117563045,0.88338264813751,1.));
#6427=CARTESIAN_POINT('Ctrl Pts',(0.923877235793836,0.882929873478853,1.));
#6428=CARTESIAN_POINT('Ctrl Pts',(0.918598067597581,0.882442942693966,1.));
#6429=CARTESIAN_POINT('Ctrl Pts',(0.913333850985649,0.881921807377983,1.));
#6430=CARTESIAN_POINT('Ctrl Pts',(0.90808487817386,0.881366430117557,1.));
#6431=CARTESIAN_POINT('Ctrl Pts',(0.902851475474343,0.880776779577734,1.));
#6432=CARTESIAN_POINT('Ctrl Pts',(0.897633984272357,0.880152826634872,1.));
#6433=CARTESIAN_POINT('Ctrl Pts',(0.892432743148848,0.879494540540405,1.));
#6434=CARTESIAN_POINT('Ctrl Pts',(0.887248065143294,0.878801884790724,1.));
#6435=CARTESIAN_POINT('Ctrl Pts',(0.882080238827356,0.878074816136705,1.));
#6436=CARTESIAN_POINT('Ctrl Pts',(0.876929541064981,0.877313285316046,1.));
#6437=CARTESIAN_POINT('Ctrl Pts',(0.871796246381981,0.876517237461689,1.));
#6438=CARTESIAN_POINT('Ctrl Pts',(0.866680636679318,0.875686612905358,1.));
#6439=CARTESIAN_POINT('Ctrl Pts',(0.861583012972052,0.874821348026095,1.));
#6440=CARTESIAN_POINT('Ctrl Pts',(0.856503696723414,0.87392137644594,1.));
#6441=CARTESIAN_POINT('Ctrl Pts',(0.85144302195502,0.872986630355407,1.));
#6442=CARTESIAN_POINT('Ctrl Pts',(0.846401329491668,0.872017042254143,1.));
#6443=CARTESIAN_POINT('Ctrl Pts',(0.841378961013765,0.871012546294828,1.));
#6444=CARTESIAN_POINT('Ctrl Pts',(0.83637625109525,0.869973081224145,1.));
#6445=CARTESIAN_POINT('Ctrl Pts',(0.831393527070414,0.868898588683832,1.));
#6446=CARTESIAN_POINT('Ctrl Pts',(0.82643111934695,0.86778900559107,1.));
#6447=CARTESIAN_POINT('Ctrl Pts',(0.821489369481272,0.866644257775538,1.));
#6448=CARTESIAN_POINT('Ctrl Pts',(0.816568637945918,0.865464254294618,1.));
#6449=CARTESIAN_POINT('Ctrl Pts',(0.811669314490418,0.864248879434711,1.));
#6450=CARTESIAN_POINT('Ctrl Pts',(0.806791818517586,0.862997993573326,1.));
#6451=CARTESIAN_POINT('Ctrl Pts',(0.801936581653529,0.861711449536355,1.));
#6452=CARTESIAN_POINT('Ctrl Pts',(0.797104033120656,0.860389106758834,1.));
#6453=CARTESIAN_POINT('Ctrl Pts',(0.792294586019212,0.859030844408154,1.));
#6454=CARTESIAN_POINT('Ctrl Pts',(0.787508617807805,0.857636580442163,1.));
#6455=CARTESIAN_POINT('Ctrl Pts',(0.782746470093154,0.856206271483898,1.));
#6456=CARTESIAN_POINT('Ctrl Pts',(0.778008490808855,0.854739870625355,1.));
#6457=CARTESIAN_POINT('Ctrl Pts',(0.773295069893588,0.853237291724675,1.));
#6458=CARTESIAN_POINT('Ctrl Pts',(0.7686066726839,0.851698376123668,1.));
#6459=CARTESIAN_POINT('Ctrl Pts',(0.763943885475587,0.850122847134013,1.));
#6460=CARTESIAN_POINT('Ctrl Pts',(0.75930741955782,0.848510306473762,1.));
#6461=CARTESIAN_POINT('Ctrl Pts',(0.754698017805207,0.846860328999009,1.));
#6462=CARTESIAN_POINT('Ctrl Pts',(0.750116374619119,0.845172544070272,1.));
#6463=CARTESIAN_POINT('Ctrl Pts',(0.74556306215154,0.843446710562854,1.));
#6464=CARTESIAN_POINT('Ctrl Pts',(0.74103842538142,0.841682823530833,1.));
#6465=CARTESIAN_POINT('Ctrl Pts',(0.736542581291012,0.839881115376462,1.));
#6466=CARTESIAN_POINT('Ctrl Pts',(0.73207564652546,0.838041825445603,1.));
#6467=CARTESIAN_POINT('Ctrl Pts',(0.727637933358924,0.836165001785697,1.));
#6468=CARTESIAN_POINT('Ctrl Pts',(0.723230127504833,0.834250321404387,1.));
#6469=CARTESIAN_POINT('Ctrl Pts',(0.718853547416601,0.832296827856301,1.));
#6470=CARTESIAN_POINT('Ctrl Pts',(0.714510122904923,0.830302953773345,1.));
#6471=CARTESIAN_POINT('Ctrl Pts',(0.710201872011734,0.828267052748721,1.));
#6472=CARTESIAN_POINT('Ctrl Pts',(0.705930448504707,0.826187859528029,1.));
#6473=CARTESIAN_POINT('Ctrl Pts',(0.701696744506285,0.824064894414714,1.));
#6474=CARTESIAN_POINT('Ctrl Pts',(0.697500265843475,0.82189909808979,1.));
#6475=CARTESIAN_POINT('Ctrl Pts',(0.693339327449124,0.819692635204511,1.));
#6476=CARTESIAN_POINT('Ctrl Pts',(0.689212316182395,0.817447616080757,1.));
#6477=CARTESIAN_POINT('Ctrl Pts',(0.685118790819677,0.815164983350169,1.));
#6478=CARTESIAN_POINT('Ctrl Pts',(0.68106043173404,0.812843551372363,1.));
#6479=CARTESIAN_POINT('Ctrl Pts',(0.677042588440919,0.810478438733104,1.));
#6480=CARTESIAN_POINT('Ctrl Pts',(0.67307343904925,0.808061925347329,1.));
#6481=CARTESIAN_POINT('Ctrl Pts',(0.669161124707837,0.805586367391409,1.));
#6482=CARTESIAN_POINT('Ctrl Pts',(0.665311210912615,0.803046777117628,1.));
#6483=CARTESIAN_POINT('Ctrl Pts',(0.661524534471883,0.800443018664913,1.));
#6484=CARTESIAN_POINT('Ctrl Pts',(0.657793570264936,0.797783488195474,1.));
#6485=CARTESIAN_POINT('Ctrl Pts',(0.654105994870098,0.795081570986136,1.));
#6486=CARTESIAN_POINT('Ctrl Pts',(0.650451799695859,0.792348532013505,1.));
#6487=CARTESIAN_POINT('Ctrl Pts',(0.64682963341465,0.789587187661891,1.));
#6488=CARTESIAN_POINT('Ctrl Pts',(0.64325271712251,0.786785989858907,1.));
#6489=CARTESIAN_POINT('Ctrl Pts',(0.639756928198687,0.783910976219684,1.));
#6490=CARTESIAN_POINT('Ctrl Pts',(0.636391807567205,0.780914551436108,1.));
#6491=CARTESIAN_POINT('Ctrl Pts',(0.633844582041006,0.778381315394781,1.));
#6492=CARTESIAN_POINT('Ctrl Pts',(0.632033580626934,0.77638746010267,1.));
#6493=CARTESIAN_POINT('Ctrl Pts',(0.630872725732681,0.775014249497813,1.));
#6494=CARTESIAN_POINT('Ctrl Pts',(0.630303918344508,0.774316650549096,1.));
#6495=CARTESIAN_POINT('',(0.950494754667056,0.884844923834553,0.));
#6496=CARTESIAN_POINT('Origin',(-5.93679767038782E-14,-4.98065892732835E-14,
0.));
#6497=CARTESIAN_POINT('',(1.03645382323568,0.78240289505185,1.));
#6498=CARTESIAN_POINT('Origin',(-5.93679767038782E-14,-4.98065892732835E-14,
1.));
#6499=CARTESIAN_POINT('',(1.03645382323568,0.78240289505185,0.));
#6500=CARTESIAN_POINT('Ctrl Pts',(0.872004167544044,0.486269510234633,0.));
#6501=CARTESIAN_POINT('Ctrl Pts',(0.872004167544044,0.486269510234633,1.));
#6502=CARTESIAN_POINT('Ctrl Pts',(0.872789940763633,0.486708539374289,0.));
#6503=CARTESIAN_POINT('Ctrl Pts',(0.872789940763633,0.486708539374289,1.));
#6504=CARTESIAN_POINT('Ctrl Pts',(0.874343869550738,0.487613302755186,0.));
#6505=CARTESIAN_POINT('Ctrl Pts',(0.874343869550738,0.487613302755186,1.));
#6506=CARTESIAN_POINT('Ctrl Pts',(0.876621910796099,0.489050561650473,0.));
#6507=CARTESIAN_POINT('Ctrl Pts',(0.876621910796099,0.489050561650473,1.));
#6508=CARTESIAN_POINT('Ctrl Pts',(0.879558982360539,0.491119197275169,0.));
#6509=CARTESIAN_POINT('Ctrl Pts',(0.879558982360539,0.491119197275169,1.));
#6510=CARTESIAN_POINT('Ctrl Pts',(0.883094231784009,0.493912870459689,0.));
#6511=CARTESIAN_POINT('Ctrl Pts',(0.883094231784009,0.493912870459689,1.));
#6512=CARTESIAN_POINT('Ctrl Pts',(0.886532604882061,0.496856309615545,0.));
#6513=CARTESIAN_POINT('Ctrl Pts',(0.886532604882061,0.496856309615545,1.));
#6514=CARTESIAN_POINT('Ctrl Pts',(0.889912371191958,0.499892461618148,0.));
#6515=CARTESIAN_POINT('Ctrl Pts',(0.889912371191958,0.499892461618148,1.));
#6516=CARTESIAN_POINT('Ctrl Pts',(0.893260747092103,0.502980096640013,0.));
#6517=CARTESIAN_POINT('Ctrl Pts',(0.893260747092103,0.502980096640013,1.));
#6518=CARTESIAN_POINT('Ctrl Pts',(0.89658680939448,0.506104189141533,0.));
#6519=CARTESIAN_POINT('Ctrl Pts',(0.89658680939448,0.506104189141533,1.));
#6520=CARTESIAN_POINT('Ctrl Pts',(0.899888019157557,0.509266558980579,0.));
#6521=CARTESIAN_POINT('Ctrl Pts',(0.899888019157557,0.509266558980579,1.));
#6522=CARTESIAN_POINT('Ctrl Pts',(0.903155020518709,0.512479018838323,0.));
#6523=CARTESIAN_POINT('Ctrl Pts',(0.903155020518709,0.512479018838323,1.));
#6524=CARTESIAN_POINT('Ctrl Pts',(0.906376771493261,0.515756029244906,0.));
#6525=CARTESIAN_POINT('Ctrl Pts',(0.906376771493261,0.515756029244906,1.));
#6526=CARTESIAN_POINT('Ctrl Pts',(0.90954631019907,0.519106458975806,0.));
#6527=CARTESIAN_POINT('Ctrl Pts',(0.90954631019907,0.519106458975806,1.));
#6528=CARTESIAN_POINT('Ctrl Pts',(0.912663625122938,0.522529460343696,0.));
#6529=CARTESIAN_POINT('Ctrl Pts',(0.912663625122938,0.522529460343696,1.));
#6530=CARTESIAN_POINT('Ctrl Pts',(0.915732661799258,0.526018686291728,0.));
#6531=CARTESIAN_POINT('Ctrl Pts',(0.915732661799258,0.526018686291728,1.));
#6532=CARTESIAN_POINT('Ctrl Pts',(0.918759534229149,0.529564792017397,0.));
#6533=CARTESIAN_POINT('Ctrl Pts',(0.918759534229149,0.529564792017397,1.));
#6534=CARTESIAN_POINT('Ctrl Pts',(0.921750425098521,0.533158383076917,0.));
#6535=CARTESIAN_POINT('Ctrl Pts',(0.921750425098521,0.533158383076917,1.));
#6536=CARTESIAN_POINT('Ctrl Pts',(0.924709212728354,0.536793343577324,0.));
#6537=CARTESIAN_POINT('Ctrl Pts',(0.924709212728354,0.536793343577324,1.));
#6538=CARTESIAN_POINT('Ctrl Pts',(0.927636772952766,0.5404678127899,0.));
#6539=CARTESIAN_POINT('Ctrl Pts',(0.927636772952766,0.5404678127899,1.));
#6540=CARTESIAN_POINT('Ctrl Pts',(0.930532254078485,0.544182388921345,0.));
#6541=CARTESIAN_POINT('Ctrl Pts',(0.930532254078485,0.544182388921345,1.));
#6542=CARTESIAN_POINT('Ctrl Pts',(0.933393857963131,0.54793902705881,0.));
#6543=CARTESIAN_POINT('Ctrl Pts',(0.933393857963131,0.54793902705881,1.));
#6544=CARTESIAN_POINT('Ctrl Pts',(0.936219745450205,0.551739762557237,0.));
#6545=CARTESIAN_POINT('Ctrl Pts',(0.936219745450205,0.551739762557237,1.));
#6546=CARTESIAN_POINT('Ctrl Pts',(0.939009075961992,0.555585245429565,0.));
#6547=CARTESIAN_POINT('Ctrl Pts',(0.939009075961992,0.555585245429565,1.));
#6548=CARTESIAN_POINT('Ctrl Pts',(0.941762166991942,0.559474513808263,0.));
#6549=CARTESIAN_POINT('Ctrl Pts',(0.941762166991942,0.559474513808263,1.));
#6550=CARTESIAN_POINT('Ctrl Pts',(0.944479977398654,0.563405719340984,0.));
#6551=CARTESIAN_POINT('Ctrl Pts',(0.944479977398654,0.563405719340984,1.));
#6552=CARTESIAN_POINT('Ctrl Pts',(0.947163778147003,0.567376588748845,0.));
#6553=CARTESIAN_POINT('Ctrl Pts',(0.947163778147003,0.567376588748845,1.));
#6554=CARTESIAN_POINT('Ctrl Pts',(0.949814777685129,0.571384949368697,0.));
#6555=CARTESIAN_POINT('Ctrl Pts',(0.949814777685129,0.571384949368697,1.));
#6556=CARTESIAN_POINT('Ctrl Pts',(0.952433688980819,0.575429336692401,0.));
#6557=CARTESIAN_POINT('Ctrl Pts',(0.952433688980819,0.575429336692401,1.));
#6558=CARTESIAN_POINT('Ctrl Pts',(0.955020711046562,0.579509019337022,0.));
#6559=CARTESIAN_POINT('Ctrl Pts',(0.955020711046562,0.579509019337022,1.));
#6560=CARTESIAN_POINT('Ctrl Pts',(0.957575742339025,0.583623698115895,0.));
#6561=CARTESIAN_POINT('Ctrl Pts',(0.957575742339025,0.583623698115895,1.));
#6562=CARTESIAN_POINT('Ctrl Pts',(0.960098526893333,0.587773299717953,0.));
#6563=CARTESIAN_POINT('Ctrl Pts',(0.960098526893333,0.587773299717953,1.));
#6564=CARTESIAN_POINT('Ctrl Pts',(0.96258881552419,0.591957749294392,0.));
#6565=CARTESIAN_POINT('Ctrl Pts',(0.96258881552419,0.591957749294392,1.));
#6566=CARTESIAN_POINT('Ctrl Pts',(0.965046553197413,0.596176706248419,0.));
#6567=CARTESIAN_POINT('Ctrl Pts',(0.965046553197413,0.596176706248419,1.));
#6568=CARTESIAN_POINT('Ctrl Pts',(0.96747187802132,0.600429565249457,0.));
#6569=CARTESIAN_POINT('Ctrl Pts',(0.96747187802132,0.600429565249457,1.));
#6570=CARTESIAN_POINT('Ctrl Pts',(0.969865034423018,0.604715578084784,0.));
#6571=CARTESIAN_POINT('Ctrl Pts',(0.969865034423018,0.604715578084784,1.));
#6572=CARTESIAN_POINT('Ctrl Pts',(0.972226312088698,0.609033939340263,0.));
#6573=CARTESIAN_POINT('Ctrl Pts',(0.972226312088698,0.609033939340263,1.));
#6574=CARTESIAN_POINT('Ctrl Pts',(0.974555979735442,0.613383879371866,0.));
#6575=CARTESIAN_POINT('Ctrl Pts',(0.974555979735442,0.613383879371866,1.));
#6576=CARTESIAN_POINT('Ctrl Pts',(0.976854208038857,0.617764772744527,0.));
#6577=CARTESIAN_POINT('Ctrl Pts',(0.976854208038857,0.617764772744527,1.));
#6578=CARTESIAN_POINT('Ctrl Pts',(0.979121072441917,0.622176133640501,0.));
#6579=CARTESIAN_POINT('Ctrl Pts',(0.979121072441917,0.622176133640501,1.));
#6580=CARTESIAN_POINT('Ctrl Pts',(0.981356590065649,0.626617563086775,0.));
#6581=CARTESIAN_POINT('Ctrl Pts',(0.981356590065649,0.626617563086775,1.));
#6582=CARTESIAN_POINT('Ctrl Pts',(0.983560746687385,0.631088710290157,0.));
#6583=CARTESIAN_POINT('Ctrl Pts',(0.983560746687385,0.631088710290157,1.));
#6584=CARTESIAN_POINT('Ctrl Pts',(0.98573352570571,0.635589231301372,0.));
#6585=CARTESIAN_POINT('Ctrl Pts',(0.98573352570571,0.635589231301372,1.));
#6586=CARTESIAN_POINT('Ctrl Pts',(0.987874942371373,0.640118740149786,0.));
#6587=CARTESIAN_POINT('Ctrl Pts',(0.987874942371373,0.640118740149786,1.));
#6588=CARTESIAN_POINT('Ctrl Pts',(0.989985043947159,0.644676809028711,0.));
#6589=CARTESIAN_POINT('Ctrl Pts',(0.989985043947159,0.644676809028711,1.));
#6590=CARTESIAN_POINT('Ctrl Pts',(0.992063894328844,0.649262990827744,0.));
#6591=CARTESIAN_POINT('Ctrl Pts',(0.992063894328844,0.649262990827744,1.));
#6592=CARTESIAN_POINT('Ctrl Pts',(0.994111563503545,0.653876834921629,0.));
#6593=CARTESIAN_POINT('Ctrl Pts',(0.994111563503545,0.653876834921629,1.));
#6594=CARTESIAN_POINT('Ctrl Pts',(0.996128116144039,0.658517904034035,0.));
#6595=CARTESIAN_POINT('Ctrl Pts',(0.996128116144039,0.658517904034035,1.));
#6596=CARTESIAN_POINT('Ctrl Pts',(0.998113598526679,0.663185794243147,0.));
#6597=CARTESIAN_POINT('Ctrl Pts',(0.998113598526679,0.663185794243147,1.));
#6598=CARTESIAN_POINT('Ctrl Pts',(1.00006803761706,0.667880134760794,0.));
#6599=CARTESIAN_POINT('Ctrl Pts',(1.00006803761706,0.667880134760794,1.));
#6600=CARTESIAN_POINT('Ctrl Pts',(1.00199144714805,0.67260057634003,0.));
#6601=CARTESIAN_POINT('Ctrl Pts',(1.00199144714805,0.67260057634003,1.));
#6602=CARTESIAN_POINT('Ctrl Pts',(1.00388383186939,0.677346782638583,0.));
#6603=CARTESIAN_POINT('Ctrl Pts',(1.00388383186939,0.677346782638583,1.));
#6604=CARTESIAN_POINT('Ctrl Pts',(1.00574519241175,0.682118421161297,0.));
#6605=CARTESIAN_POINT('Ctrl Pts',(1.00574519241175,0.682118421161297,1.));
#6606=CARTESIAN_POINT('Ctrl Pts',(1.00757553099972,0.686915151780636,0.));
#6607=CARTESIAN_POINT('Ctrl Pts',(1.00757553099972,0.686915151780636,1.));
#6608=CARTESIAN_POINT('Ctrl Pts',(1.00937485314807,0.691736626572823,0.));
#6609=CARTESIAN_POINT('Ctrl Pts',(1.00937485314807,0.691736626572823,1.));
#6610=CARTESIAN_POINT('Ctrl Pts',(1.01114316614807,0.696582498169635,0.));
#6611=CARTESIAN_POINT('Ctrl Pts',(1.01114316614807,0.696582498169635,1.));
#6612=CARTESIAN_POINT('Ctrl Pts',(1.01288047877678,0.701452425849007,0.));
#6613=CARTESIAN_POINT('Ctrl Pts',(1.01288047877678,0.701452425849007,1.));
#6614=CARTESIAN_POINT('Ctrl Pts',(1.01458680058221,0.706346081505041,0.));
#6615=CARTESIAN_POINT('Ctrl Pts',(1.01458680058221,0.706346081505041,1.));
#6616=CARTESIAN_POINT('Ctrl Pts',(1.01626214194809,0.711263157648111,0.));
#6617=CARTESIAN_POINT('Ctrl Pts',(1.01626214194809,0.711263157648111,1.));
#6618=CARTESIAN_POINT('Ctrl Pts',(1.01790651268458,0.716203366298676,0.));
#6619=CARTESIAN_POINT('Ctrl Pts',(1.01790651268458,0.716203366298676,1.));
#6620=CARTESIAN_POINT('Ctrl Pts',(1.01951991915429,0.721166427574024,0.));
#6621=CARTESIAN_POINT('Ctrl Pts',(1.01951991915429,0.721166427574024,1.));
#6622=CARTESIAN_POINT('Ctrl Pts',(1.0211023617942,0.726152060262082,0.));
#6623=CARTESIAN_POINT('Ctrl Pts',(1.0211023617942,0.726152060262082,1.));
#6624=CARTESIAN_POINT('Ctrl Pts',(1.02265383308643,0.731159972665112,0.));
#6625=CARTESIAN_POINT('Ctrl Pts',(1.02265383308643,0.731159972665112,1.));
#6626=CARTESIAN_POINT('Ctrl Pts',(1.0241743146213,0.736189850160623,0.));
#6627=CARTESIAN_POINT('Ctrl Pts',(1.0241743146213,0.736189850160623,1.));
#6628=CARTESIAN_POINT('Ctrl Pts',(1.02566377788625,0.741241353972041,0.));
#6629=CARTESIAN_POINT('Ctrl Pts',(1.02566377788625,0.741241353972041,1.));
#6630=CARTESIAN_POINT('Ctrl Pts',(1.02712219228155,0.746314142843251,0.));
#6631=CARTESIAN_POINT('Ctrl Pts',(1.02712219228155,0.746314142843251,1.));
#6632=CARTESIAN_POINT('Ctrl Pts',(1.02854953200261,0.75140788997828,0.));
#6633=CARTESIAN_POINT('Ctrl Pts',(1.02854953200261,0.75140788997828,1.));
#6634=CARTESIAN_POINT('Ctrl Pts',(1.02994578315162,0.756522301103961,0.));
#6635=CARTESIAN_POINT('Ctrl Pts',(1.02994578315162,0.756522301103961,1.));
#6636=CARTESIAN_POINT('Ctrl Pts',(1.03131095206784,0.761657133419439,0.));
#6637=CARTESIAN_POINT('Ctrl Pts',(1.03131095206784,0.761657133419439,1.));
#6638=CARTESIAN_POINT('Ctrl Pts',(1.03264507016288,0.766812209604214,0.));
#6639=CARTESIAN_POINT('Ctrl Pts',(1.03264507016288,0.766812209604214,1.));
#6640=CARTESIAN_POINT('Ctrl Pts',(1.03394818090575,0.771987406711034,0.));
#6641=CARTESIAN_POINT('Ctrl Pts',(1.03394818090575,0.771987406711034,1.));
#6642=CARTESIAN_POINT('Ctrl Pts',(1.03496589971857,0.776143600082782,0.));
#6643=CARTESIAN_POINT('Ctrl Pts',(1.03496589971857,0.776143600082782,1.));
#6644=CARTESIAN_POINT('Ctrl Pts',(1.03571527183937,0.779269747714777,0.));
#6645=CARTESIAN_POINT('Ctrl Pts',(1.03571527183937,0.779269747714777,1.));
#6646=CARTESIAN_POINT('Ctrl Pts',(1.0362086699822,0.781357845967696,0.));
#6647=CARTESIAN_POINT('Ctrl Pts',(1.0362086699822,0.781357845967696,1.));
#6648=CARTESIAN_POINT('Ctrl Pts',(1.03645382323568,0.78240289505185,0.));
#6649=CARTESIAN_POINT('Ctrl Pts',(1.03645382323568,0.78240289505185,1.));
#6650=CARTESIAN_POINT('Ctrl Pts',(0.872004167544044,0.486269510234633,1.));
#6651=CARTESIAN_POINT('Ctrl Pts',(0.872789940763633,0.486708539374289,1.));
#6652=CARTESIAN_POINT('Ctrl Pts',(0.874343869550738,0.487613302755186,1.));
#6653=CARTESIAN_POINT('Ctrl Pts',(0.876621910796099,0.489050561650473,1.));
#6654=CARTESIAN_POINT('Ctrl Pts',(0.879558982360539,0.491119197275169,1.));
#6655=CARTESIAN_POINT('Ctrl Pts',(0.883094231784009,0.493912870459689,1.));
#6656=CARTESIAN_POINT('Ctrl Pts',(0.886532604882061,0.496856309615545,1.));
#6657=CARTESIAN_POINT('Ctrl Pts',(0.889912371191958,0.499892461618148,1.));
#6658=CARTESIAN_POINT('Ctrl Pts',(0.893260747092103,0.502980096640013,1.));
#6659=CARTESIAN_POINT('Ctrl Pts',(0.89658680939448,0.506104189141533,1.));
#6660=CARTESIAN_POINT('Ctrl Pts',(0.899888019157557,0.509266558980579,1.));
#6661=CARTESIAN_POINT('Ctrl Pts',(0.903155020518709,0.512479018838323,1.));
#6662=CARTESIAN_POINT('Ctrl Pts',(0.906376771493261,0.515756029244906,1.));
#6663=CARTESIAN_POINT('Ctrl Pts',(0.90954631019907,0.519106458975806,1.));
#6664=CARTESIAN_POINT('Ctrl Pts',(0.912663625122938,0.522529460343696,1.));
#6665=CARTESIAN_POINT('Ctrl Pts',(0.915732661799258,0.526018686291728,1.));
#6666=CARTESIAN_POINT('Ctrl Pts',(0.918759534229149,0.529564792017397,1.));
#6667=CARTESIAN_POINT('Ctrl Pts',(0.921750425098521,0.533158383076917,1.));
#6668=CARTESIAN_POINT('Ctrl Pts',(0.924709212728354,0.536793343577324,1.));
#6669=CARTESIAN_POINT('Ctrl Pts',(0.927636772952766,0.5404678127899,1.));
#6670=CARTESIAN_POINT('Ctrl Pts',(0.930532254078485,0.544182388921345,1.));
#6671=CARTESIAN_POINT('Ctrl Pts',(0.933393857963131,0.54793902705881,1.));
#6672=CARTESIAN_POINT('Ctrl Pts',(0.936219745450205,0.551739762557237,1.));
#6673=CARTESIAN_POINT('Ctrl Pts',(0.939009075961992,0.555585245429565,1.));
#6674=CARTESIAN_POINT('Ctrl Pts',(0.941762166991942,0.559474513808263,1.));
#6675=CARTESIAN_POINT('Ctrl Pts',(0.944479977398654,0.563405719340984,1.));
#6676=CARTESIAN_POINT('Ctrl Pts',(0.947163778147003,0.567376588748845,1.));
#6677=CARTESIAN_POINT('Ctrl Pts',(0.949814777685129,0.571384949368697,1.));
#6678=CARTESIAN_POINT('Ctrl Pts',(0.952433688980819,0.575429336692401,1.));
#6679=CARTESIAN_POINT('Ctrl Pts',(0.955020711046562,0.579509019337022,1.));
#6680=CARTESIAN_POINT('Ctrl Pts',(0.957575742339025,0.583623698115895,1.));
#6681=CARTESIAN_POINT('Ctrl Pts',(0.960098526893333,0.587773299717953,1.));
#6682=CARTESIAN_POINT('Ctrl Pts',(0.96258881552419,0.591957749294392,1.));
#6683=CARTESIAN_POINT('Ctrl Pts',(0.965046553197413,0.596176706248419,1.));
#6684=CARTESIAN_POINT('Ctrl Pts',(0.96747187802132,0.600429565249457,1.));
#6685=CARTESIAN_POINT('Ctrl Pts',(0.969865034423018,0.604715578084784,1.));
#6686=CARTESIAN_POINT('Ctrl Pts',(0.972226312088698,0.609033939340263,1.));
#6687=CARTESIAN_POINT('Ctrl Pts',(0.974555979735442,0.613383879371866,1.));
#6688=CARTESIAN_POINT('Ctrl Pts',(0.976854208038857,0.617764772744527,1.));
#6689=CARTESIAN_POINT('Ctrl Pts',(0.979121072441917,0.622176133640501,1.));
#6690=CARTESIAN_POINT('Ctrl Pts',(0.981356590065649,0.626617563086775,1.));
#6691=CARTESIAN_POINT('Ctrl Pts',(0.983560746687385,0.631088710290157,1.));
#6692=CARTESIAN_POINT('Ctrl Pts',(0.98573352570571,0.635589231301372,1.));
#6693=CARTESIAN_POINT('Ctrl Pts',(0.987874942371373,0.640118740149786,1.));
#6694=CARTESIAN_POINT('Ctrl Pts',(0.989985043947159,0.644676809028711,1.));
#6695=CARTESIAN_POINT('Ctrl Pts',(0.992063894328844,0.649262990827744,1.));
#6696=CARTESIAN_POINT('Ctrl Pts',(0.994111563503545,0.653876834921629,1.));
#6697=CARTESIAN_POINT('Ctrl Pts',(0.996128116144039,0.658517904034035,1.));
#6698=CARTESIAN_POINT('Ctrl Pts',(0.998113598526679,0.663185794243147,1.));
#6699=CARTESIAN_POINT('Ctrl Pts',(1.00006803761706,0.667880134760794,1.));
#6700=CARTESIAN_POINT('Ctrl Pts',(1.00199144714805,0.67260057634003,1.));
#6701=CARTESIAN_POINT('Ctrl Pts',(1.00388383186939,0.677346782638583,1.));
#6702=CARTESIAN_POINT('Ctrl Pts',(1.00574519241175,0.682118421161297,1.));
#6703=CARTESIAN_POINT('Ctrl Pts',(1.00757553099972,0.686915151780636,1.));
#6704=CARTESIAN_POINT('Ctrl Pts',(1.00937485314807,0.691736626572823,1.));
#6705=CARTESIAN_POINT('Ctrl Pts',(1.01114316614807,0.696582498169635,1.));
#6706=CARTESIAN_POINT('Ctrl Pts',(1.01288047877678,0.701452425849007,1.));
#6707=CARTESIAN_POINT('Ctrl Pts',(1.01458680058221,0.706346081505041,1.));
#6708=CARTESIAN_POINT('Ctrl Pts',(1.01626214194809,0.711263157648111,1.));
#6709=CARTESIAN_POINT('Ctrl Pts',(1.01790651268458,0.716203366298676,1.));
#6710=CARTESIAN_POINT('Ctrl Pts',(1.01951991915429,0.721166427574024,1.));
#6711=CARTESIAN_POINT('Ctrl Pts',(1.0211023617942,0.726152060262082,1.));
#6712=CARTESIAN_POINT('Ctrl Pts',(1.02265383308643,0.731159972665112,1.));
#6713=CARTESIAN_POINT('Ctrl Pts',(1.0241743146213,0.736189850160623,1.));
#6714=CARTESIAN_POINT('Ctrl Pts',(1.02566377788625,0.741241353972041,1.));
#6715=CARTESIAN_POINT('Ctrl Pts',(1.02712219228155,0.746314142843251,1.));
#6716=CARTESIAN_POINT('Ctrl Pts',(1.02854953200261,0.75140788997828,1.));
#6717=CARTESIAN_POINT('Ctrl Pts',(1.02994578315162,0.756522301103961,1.));
#6718=CARTESIAN_POINT('Ctrl Pts',(1.03131095206784,0.761657133419439,1.));
#6719=CARTESIAN_POINT('Ctrl Pts',(1.03264507016288,0.766812209604214,1.));
#6720=CARTESIAN_POINT('Ctrl Pts',(1.03394818090575,0.771987406711034,1.));
#6721=CARTESIAN_POINT('Ctrl Pts',(1.03496589971857,0.776143600082782,1.));
#6722=CARTESIAN_POINT('Ctrl Pts',(1.03571527183937,0.779269747714777,1.));
#6723=CARTESIAN_POINT('Ctrl Pts',(1.0362086699822,0.781357845967696,1.));
#6724=CARTESIAN_POINT('Ctrl Pts',(1.03645382323568,0.78240289505185,1.));
#6725=CARTESIAN_POINT('Origin',(0.,0.,0.));
#6726=CARTESIAN_POINT('',(0.729896241738495,0.257801558958544,1.));
#6727=CARTESIAN_POINT('Origin',(0.,0.,1.));
#6728=CARTESIAN_POINT('',(0.729896241738495,0.257801558958544,0.));
#6729=CARTESIAN_POINT('Origin',(0.,0.,0.));
#6730=CARTESIAN_POINT('Origin',(0.,0.,1.));
#6731=CARTESIAN_POINT('Origin',(0.,0.,0.));
#6732=CARTESIAN_POINT('Origin',(0.,0.,1.));
#6733=CARTESIAN_POINT('Origin',(0.,0.,0.));
#6734=CARTESIAN_POINT('Origin',(0.,0.,1.));
#6735=CARTESIAN_POINT('Origin',(0.858132385249866,0.303094952487082,0.));
#6736=CARTESIAN_POINT('',(0.883632395600378,0.16950696847608,1.));
#6737=CARTESIAN_POINT('Origin',(0.858132385249866,0.303094952487082,1.));
#6738=CARTESIAN_POINT('',(0.883632395600378,0.16950696847608,0.));
#6739=CARTESIAN_POINT('Origin',(0.980561963070869,0.188009418318908,0.));
#6740=CARTESIAN_POINT('',(0.980561963070869,0.188009418318908,1.));
#6741=CARTESIAN_POINT('',(0.759256415878333,0.145765396254989,1.));
#6742=CARTESIAN_POINT('',(0.980561963070869,0.188009418318908,0.));
#6743=CARTESIAN_POINT('Origin',(0.858132385249866,-0.303094952487082,0.));
#6744=CARTESIAN_POINT('',(0.883632395600378,-0.16950696847608,1.));
#6745=CARTESIAN_POINT('',(0.883632395600378,-0.16950696847608,0.));
#6746=CARTESIAN_POINT('',(0.729896241738495,-0.257801558958544,1.));
#6747=CARTESIAN_POINT('Origin',(0.858132385249866,-0.303094952487082,1.));
#6748=CARTESIAN_POINT('',(0.729896241738495,-0.257801558958544,0.));
#6749=CARTESIAN_POINT('Origin',(0.759256415878333,-0.145765396254989,0.));
#6750=CARTESIAN_POINT('',(0.980561963070869,-0.188009418318908,1.));
#6751=CARTESIAN_POINT('',(0.980561963070869,-0.188009418318908,0.));
#6752=CARTESIAN_POINT('',(0.759256415878333,-0.145765396254989,1.));
#6753=CARTESIAN_POINT('Ctrl Pts',(1.29688857856132,0.0668642855534643,0.));
#6754=CARTESIAN_POINT('Ctrl Pts',(1.29688857856132,0.0668642855534643,1.));
#6755=CARTESIAN_POINT('Ctrl Pts',(1.29602903567097,0.0675072581233568,0.));
#6756=CARTESIAN_POINT('Ctrl Pts',(1.29602903567097,0.0675072581233568,1.));
#6757=CARTESIAN_POINT('Ctrl Pts',(1.29430886708063,0.0687896839738412,0.));
#6758=CARTESIAN_POINT('Ctrl Pts',(1.29430886708063,0.0687896839738412,1.));
#6759=CARTESIAN_POINT('Ctrl Pts',(1.29172536576776,0.0707027648814073,0.));
#6760=CARTESIAN_POINT('Ctrl Pts',(1.29172536576776,0.0707027648814073,1.));
#6761=CARTESIAN_POINT('Ctrl Pts',(1.28827419832372,0.0732324166753325,0.));
#6762=CARTESIAN_POINT('Ctrl Pts',(1.28827419832372,0.0732324166753325,1.));
#6763=CARTESIAN_POINT('Ctrl Pts',(1.28394940500243,0.076359224221491,0.));
#6764=CARTESIAN_POINT('Ctrl Pts',(1.28394940500243,0.076359224221491,1.));
#6765=CARTESIAN_POINT('Ctrl Pts',(1.2796137921507,0.079450687105347,0.));
#6766=CARTESIAN_POINT('Ctrl Pts',(1.2796137921507,0.079450687105347,1.));
#6767=CARTESIAN_POINT('Ctrl Pts',(1.2752674054983,0.0825066832024906,0.));
#6768=CARTESIAN_POINT('Ctrl Pts',(1.2752674054983,0.0825066832024906,1.));
#6769=CARTESIAN_POINT('Ctrl Pts',(1.27091033496197,0.0855270564865482,0.));
#6770=CARTESIAN_POINT('Ctrl Pts',(1.27091033496197,0.0855270564865482,1.));
#6771=CARTESIAN_POINT('Ctrl Pts',(1.26654273175494,0.0885116168864824,0.));
#6772=CARTESIAN_POINT('Ctrl Pts',(1.26654273175494,0.0885116168864824,1.));
#6773=CARTESIAN_POINT('Ctrl Pts',(1.26216479567868,0.0914601479092982,0.));
#6774=CARTESIAN_POINT('Ctrl Pts',(1.26216479567868,0.0914601479092982,1.));
#6775=CARTESIAN_POINT('Ctrl Pts',(1.25777675656107,0.094372415801634,0.));
#6776=CARTESIAN_POINT('Ctrl Pts',(1.25777675656107,0.094372415801634,1.));
#6777=CARTESIAN_POINT('Ctrl Pts',(1.25337885719807,0.0972481788152722,0.));
#6778=CARTESIAN_POINT('Ctrl Pts',(1.25337885719807,0.0972481788152722,1.));
#6779=CARTESIAN_POINT('Ctrl Pts',(1.24897133719293,0.100087195759807,0.));
#6780=CARTESIAN_POINT('Ctrl Pts',(1.24897133719293,0.100087195759807,1.));
#6781=CARTESIAN_POINT('Ctrl Pts',(1.24455441288374,0.102889237453954,0.));
#6782=CARTESIAN_POINT('Ctrl Pts',(1.24455441288374,0.102889237453954,1.));
#6783=CARTESIAN_POINT('Ctrl Pts',(1.24012827752922,0.105654085276674,0.));
#6784=CARTESIAN_POINT('Ctrl Pts',(1.24012827752922,0.105654085276674,1.));
#6785=CARTESIAN_POINT('Ctrl Pts',(1.23569311155425,0.108381523526139,0.));
#6786=CARTESIAN_POINT('Ctrl Pts',(1.23569311155425,0.108381523526139,1.));
#6787=CARTESIAN_POINT('Ctrl Pts',(1.23124908998995,0.111071333709954,0.));
#6788=CARTESIAN_POINT('Ctrl Pts',(1.23124908998995,0.111071333709954,1.));
#6789=CARTESIAN_POINT('Ctrl Pts',(1.22679639043095,0.113723288917122,0.));
#6790=CARTESIAN_POINT('Ctrl Pts',(1.22679639043095,0.113723288917122,1.));
#6791=CARTESIAN_POINT('Ctrl Pts',(1.2223352025734,0.116337146922412,0.));
#6792=CARTESIAN_POINT('Ctrl Pts',(1.2223352025734,0.116337146922412,1.));
#6793=CARTESIAN_POINT('Ctrl Pts',(1.21786573000549,0.118912650244773,0.));
#6794=CARTESIAN_POINT('Ctrl Pts',(1.21786573000549,0.118912650244773,1.));
#6795=CARTESIAN_POINT('Ctrl Pts',(1.21338818501553,0.12144953223417,0.));
#6796=CARTESIAN_POINT('Ctrl Pts',(1.21338818501553,0.12144953223417,1.));
#6797=CARTESIAN_POINT('Ctrl Pts',(1.20890278530207,0.123947522104375,0.));
#6798=CARTESIAN_POINT('Ctrl Pts',(1.20890278530207,0.123947522104375,1.));
#6799=CARTESIAN_POINT('Ctrl Pts',(1.20440975028165,0.126406349785482,0.));
#6800=CARTESIAN_POINT('Ctrl Pts',(1.20440975028165,0.126406349785482,1.));
#6801=CARTESIAN_POINT('Ctrl Pts',(1.1999092968799,0.128825753294747,0.));
#6802=CARTESIAN_POINT('Ctrl Pts',(1.1999092968799,0.128825753294747,1.));
#6803=CARTESIAN_POINT('Ctrl Pts',(1.19540163833747,0.131205477520719,0.));
#6804=CARTESIAN_POINT('Ctrl Pts',(1.19540163833747,0.131205477520719,1.));
#6805=CARTESIAN_POINT('Ctrl Pts',(1.19088698721247,0.133545261757186,0.));
#6806=CARTESIAN_POINT('Ctrl Pts',(1.19088698721247,0.133545261757186,1.));
#6807=CARTESIAN_POINT('Ctrl Pts',(1.18636555747654,0.135844829638153,0.));
#6808=CARTESIAN_POINT('Ctrl Pts',(1.18636555747654,0.135844829638153,1.));
#6809=CARTESIAN_POINT('Ctrl Pts',(1.18183756681088,0.138103879790253,0.));
#6810=CARTESIAN_POINT('Ctrl Pts',(1.18183756681088,0.138103879790253,1.));
#6811=CARTESIAN_POINT('Ctrl Pts',(1.17730323940168,0.140322073045556,0.));
#6812=CARTESIAN_POINT('Ctrl Pts',(1.17730323940168,0.140322073045556,1.));
#6813=CARTESIAN_POINT('Ctrl Pts',(1.17276280678253,0.142499032860099,0.));
#6814=CARTESIAN_POINT('Ctrl Pts',(1.17276280678253,0.142499032860099,1.));
#6815=CARTESIAN_POINT('Ctrl Pts',(1.16821650499651,0.144634369048058,0.));
#6816=CARTESIAN_POINT('Ctrl Pts',(1.16821650499651,0.144634369048058,1.));
#6817=CARTESIAN_POINT('Ctrl Pts',(1.16366457249365,0.146727698031579,0.));
#6818=CARTESIAN_POINT('Ctrl Pts',(1.16366457249365,0.146727698031579,1.));
#6819=CARTESIAN_POINT('Ctrl Pts',(1.15910724805739,0.148778661711794,0.));
#6820=CARTESIAN_POINT('Ctrl Pts',(1.15910724805739,0.148778661711794,1.));
#6821=CARTESIAN_POINT('Ctrl Pts',(1.15454476810213,0.150786954615052,0.));
#6822=CARTESIAN_POINT('Ctrl Pts',(1.15454476810213,0.150786954615052,1.));
#6823=CARTESIAN_POINT('Ctrl Pts',(1.14997736643161,0.152752323932104,0.));
#6824=CARTESIAN_POINT('Ctrl Pts',(1.14997736643161,0.152752323932104,1.));
#6825=CARTESIAN_POINT('Ctrl Pts',(1.14540527942656,0.154674510081931,0.));
#6826=CARTESIAN_POINT('Ctrl Pts',(1.14540527942656,0.154674510081931,1.));
#6827=CARTESIAN_POINT('Ctrl Pts',(1.1408287504264,0.156553196428289,0.));
#6828=CARTESIAN_POINT('Ctrl Pts',(1.1408287504264,0.156553196428289,1.));
#6829=CARTESIAN_POINT('Ctrl Pts',(1.13624803391611,0.158387962319384,0.));
#6830=CARTESIAN_POINT('Ctrl Pts',(1.13624803391611,0.158387962319384,1.));
#6831=CARTESIAN_POINT('Ctrl Pts',(1.13166340117248,0.160178218935995,0.));
#6832=CARTESIAN_POINT('Ctrl Pts',(1.13166340117248,0.160178218935995,1.));
#6833=CARTESIAN_POINT('Ctrl Pts',(1.12707514106394,0.161923203968581,0.));
#6834=CARTESIAN_POINT('Ctrl Pts',(1.12707514106394,0.161923203968581,1.));
#6835=CARTESIAN_POINT('Ctrl Pts',(1.12248354938822,0.163622114227422,0.));
#6836=CARTESIAN_POINT('Ctrl Pts',(1.12248354938822,0.163622114227422,1.));
#6837=CARTESIAN_POINT('Ctrl Pts',(1.11788891984515,0.165274219433605,0.));
#6838=CARTESIAN_POINT('Ctrl Pts',(1.11788891984515,0.165274219433605,1.));
#6839=CARTESIAN_POINT('Ctrl Pts',(1.11329153573663,0.16687896710269,0.));
#6840=CARTESIAN_POINT('Ctrl Pts',(1.11329153573663,0.16687896710269,1.));
#6841=CARTESIAN_POINT('Ctrl Pts',(1.10869165815268,0.168436131697686,0.));
#6842=CARTESIAN_POINT('Ctrl Pts',(1.10869165815268,0.168436131697686,1.));
#6843=CARTESIAN_POINT('Ctrl Pts',(1.10408952609219,0.169945816054304,0.));
#6844=CARTESIAN_POINT('Ctrl Pts',(1.10408952609219,0.169945816054304,1.));
#6845=CARTESIAN_POINT('Ctrl Pts',(1.09948538275908,0.17140812854406,0.));
#6846=CARTESIAN_POINT('Ctrl Pts',(1.09948538275908,0.17140812854406,1.));
#6847=CARTESIAN_POINT('Ctrl Pts',(1.09487949825355,0.172822905247467,0.));
#6848=CARTESIAN_POINT('Ctrl Pts',(1.09487949825355,0.172822905247467,1.));
#6849=CARTESIAN_POINT('Ctrl Pts',(1.09027219024706,0.17418945796993,0.));
#6850=CARTESIAN_POINT('Ctrl Pts',(1.09027219024706,0.17418945796993,1.));
#6851=CARTESIAN_POINT('Ctrl Pts',(1.08566385394229,0.175506206546266,0.));
#6852=CARTESIAN_POINT('Ctrl Pts',(1.08566385394229,0.175506206546266,1.));
#6853=CARTESIAN_POINT('Ctrl Pts',(1.08105496017522,0.176770709844454,0.));
#6854=CARTESIAN_POINT('Ctrl Pts',(1.08105496017522,0.176770709844454,1.));
#6855=CARTESIAN_POINT('Ctrl Pts',(1.07644599656575,0.177980409471363,0.));
#6856=CARTESIAN_POINT('Ctrl Pts',(1.07644599656575,0.177980409471363,1.));
#6857=CARTESIAN_POINT('Ctrl Pts',(1.07183741668358,0.179133273164522,0.));
#6858=CARTESIAN_POINT('Ctrl Pts',(1.07183741668358,0.179133273164522,1.));
#6859=CARTESIAN_POINT('Ctrl Pts',(1.06722959559114,0.180228360009797,0.));
#6860=CARTESIAN_POINT('Ctrl Pts',(1.06722959559114,0.180228360009797,1.));
#6861=CARTESIAN_POINT('Ctrl Pts',(1.06262275938806,0.18126670825893,0.));
#6862=CARTESIAN_POINT('Ctrl Pts',(1.06262275938806,0.18126670825893,1.));
#6863=CARTESIAN_POINT('Ctrl Pts',(1.05801700864902,0.182251059271272,0.));
#6864=CARTESIAN_POINT('Ctrl Pts',(1.05801700864902,0.182251059271272,1.));
#6865=CARTESIAN_POINT('Ctrl Pts',(1.05341246412519,0.183184066554115,0.));
#6866=CARTESIAN_POINT('Ctrl Pts',(1.05341246412519,0.183184066554115,1.));
#6867=CARTESIAN_POINT('Ctrl Pts',(1.04880939373163,0.184066735818259,0.));
#6868=CARTESIAN_POINT('Ctrl Pts',(1.04880939373163,0.184066735818259,1.));
#6869=CARTESIAN_POINT('Ctrl Pts',(1.04420832259383,0.184897078687489,0.));
#6870=CARTESIAN_POINT('Ctrl Pts',(1.04420832259383,0.184897078687489,1.));
#6871=CARTESIAN_POINT('Ctrl Pts',(1.03961021096579,0.185667917179314,0.));
#6872=CARTESIAN_POINT('Ctrl Pts',(1.03961021096579,0.185667917179314,1.));
#6873=CARTESIAN_POINT('Ctrl Pts',(1.03501636126737,0.186368080578378,0.));
#6874=CARTESIAN_POINT('Ctrl Pts',(1.03501636126737,0.186368080578378,1.));
#6875=CARTESIAN_POINT('Ctrl Pts',(1.03042809662527,0.186986480346486,0.));
#6876=CARTESIAN_POINT('Ctrl Pts',(1.03042809662527,0.186986480346486,1.));
#6877=CARTESIAN_POINT('Ctrl Pts',(1.02584647439429,0.187515718215386,0.));
#6878=CARTESIAN_POINT('Ctrl Pts',(1.02584647439429,0.187515718215386,1.));
#6879=CARTESIAN_POINT('Ctrl Pts',(1.02127204827695,0.187955152219454,0.));
#6880=CARTESIAN_POINT('Ctrl Pts',(1.02127204827695,0.187955152219454,1.));
#6881=CARTESIAN_POINT('Ctrl Pts',(1.01670445064541,0.188316051246445,0.));
#6882=CARTESIAN_POINT('Ctrl Pts',(1.01670445064541,0.188316051246445,1.));
#6883=CARTESIAN_POINT('Ctrl Pts',(1.01214284510105,0.18861659035605,0.));
#6884=CARTESIAN_POINT('Ctrl Pts',(1.01214284510105,0.18861659035605,1.));
#6885=CARTESIAN_POINT('Ctrl Pts',(1.00758680560535,0.188871832419616,0.));
#6886=CARTESIAN_POINT('Ctrl Pts',(1.00758680560535,0.188871832419616,1.));
#6887=CARTESIAN_POINT('Ctrl Pts',(1.00303710731828,0.18908480352931,0.));
#6888=CARTESIAN_POINT('Ctrl Pts',(1.00303710731828,0.18908480352931,1.));
#6889=CARTESIAN_POINT('Ctrl Pts',(0.998496455229147,0.18923815899173,0.));
#6890=CARTESIAN_POINT('Ctrl Pts',(0.998496455229147,0.18923815899173,1.));
#6891=CARTESIAN_POINT('Ctrl Pts',(0.993970502404763,0.189282820575825,0.));
#6892=CARTESIAN_POINT('Ctrl Pts',(0.993970502404763,0.189282820575825,1.));
#6893=CARTESIAN_POINT('Ctrl Pts',(0.989466605720351,0.189150483868159,0.));
#6894=CARTESIAN_POINT('Ctrl Pts',(0.989466605720351,0.189150483868159,1.));
#6895=CARTESIAN_POINT('Ctrl Pts',(0.985886985020859,0.188847237482911,0.));
#6896=CARTESIAN_POINT('Ctrl Pts',(0.985886985020859,0.188847237482911,1.));
#6897=CARTESIAN_POINT('Ctrl Pts',(0.983218051973852,0.188483944986096,0.));
#6898=CARTESIAN_POINT('Ctrl Pts',(0.983218051973852,0.188483944986096,1.));
#6899=CARTESIAN_POINT('Ctrl Pts',(0.981446102770549,0.188178187775683,0.));
#6900=CARTESIAN_POINT('Ctrl Pts',(0.981446102770549,0.188178187775683,1.));
#6901=CARTESIAN_POINT('Ctrl Pts',(0.980561963070869,0.188009418318908,0.));
#6902=CARTESIAN_POINT('Ctrl Pts',(0.980561963070869,0.188009418318908,1.));
#6903=CARTESIAN_POINT('',(1.29688857856132,0.0668642855534642,1.));
#6904=CARTESIAN_POINT('Ctrl Pts',(1.29688857856132,0.0668642855534643,1.));
#6905=CARTESIAN_POINT('Ctrl Pts',(1.29602903567097,0.0675072581233568,1.));
#6906=CARTESIAN_POINT('Ctrl Pts',(1.29430886708063,0.0687896839738412,1.));
#6907=CARTESIAN_POINT('Ctrl Pts',(1.29172536576776,0.0707027648814073,1.));
#6908=CARTESIAN_POINT('Ctrl Pts',(1.28827419832372,0.0732324166753325,1.));
#6909=CARTESIAN_POINT('Ctrl Pts',(1.28394940500243,0.076359224221491,1.));
#6910=CARTESIAN_POINT('Ctrl Pts',(1.2796137921507,0.079450687105347,1.));
#6911=CARTESIAN_POINT('Ctrl Pts',(1.2752674054983,0.0825066832024906,1.));
#6912=CARTESIAN_POINT('Ctrl Pts',(1.27091033496197,0.0855270564865482,1.));
#6913=CARTESIAN_POINT('Ctrl Pts',(1.26654273175494,0.0885116168864824,1.));
#6914=CARTESIAN_POINT('Ctrl Pts',(1.26216479567868,0.0914601479092982,1.));
#6915=CARTESIAN_POINT('Ctrl Pts',(1.25777675656107,0.094372415801634,1.));
#6916=CARTESIAN_POINT('Ctrl Pts',(1.25337885719807,0.0972481788152722,1.));
#6917=CARTESIAN_POINT('Ctrl Pts',(1.24897133719293,0.100087195759807,1.));
#6918=CARTESIAN_POINT('Ctrl Pts',(1.24455441288374,0.102889237453954,1.));
#6919=CARTESIAN_POINT('Ctrl Pts',(1.24012827752922,0.105654085276674,1.));
#6920=CARTESIAN_POINT('Ctrl Pts',(1.23569311155425,0.108381523526139,1.));
#6921=CARTESIAN_POINT('Ctrl Pts',(1.23124908998995,0.111071333709954,1.));
#6922=CARTESIAN_POINT('Ctrl Pts',(1.22679639043095,0.113723288917122,1.));
#6923=CARTESIAN_POINT('Ctrl Pts',(1.2223352025734,0.116337146922412,1.));
#6924=CARTESIAN_POINT('Ctrl Pts',(1.21786573000549,0.118912650244773,1.));
#6925=CARTESIAN_POINT('Ctrl Pts',(1.21338818501553,0.12144953223417,1.));
#6926=CARTESIAN_POINT('Ctrl Pts',(1.20890278530207,0.123947522104375,1.));
#6927=CARTESIAN_POINT('Ctrl Pts',(1.20440975028165,0.126406349785482,1.));
#6928=CARTESIAN_POINT('Ctrl Pts',(1.1999092968799,0.128825753294747,1.));
#6929=CARTESIAN_POINT('Ctrl Pts',(1.19540163833747,0.131205477520719,1.));
#6930=CARTESIAN_POINT('Ctrl Pts',(1.19088698721247,0.133545261757186,1.));
#6931=CARTESIAN_POINT('Ctrl Pts',(1.18636555747654,0.135844829638153,1.));
#6932=CARTESIAN_POINT('Ctrl Pts',(1.18183756681088,0.138103879790253,1.));
#6933=CARTESIAN_POINT('Ctrl Pts',(1.17730323940168,0.140322073045556,1.));
#6934=CARTESIAN_POINT('Ctrl Pts',(1.17276280678253,0.142499032860099,1.));
#6935=CARTESIAN_POINT('Ctrl Pts',(1.16821650499651,0.144634369048058,1.));
#6936=CARTESIAN_POINT('Ctrl Pts',(1.16366457249365,0.146727698031579,1.));
#6937=CARTESIAN_POINT('Ctrl Pts',(1.15910724805739,0.148778661711794,1.));
#6938=CARTESIAN_POINT('Ctrl Pts',(1.15454476810213,0.150786954615052,1.));
#6939=CARTESIAN_POINT('Ctrl Pts',(1.14997736643161,0.152752323932104,1.));
#6940=CARTESIAN_POINT('Ctrl Pts',(1.14540527942656,0.154674510081931,1.));
#6941=CARTESIAN_POINT('Ctrl Pts',(1.1408287504264,0.156553196428289,1.));
#6942=CARTESIAN_POINT('Ctrl Pts',(1.13624803391611,0.158387962319384,1.));
#6943=CARTESIAN_POINT('Ctrl Pts',(1.13166340117248,0.160178218935995,1.));
#6944=CARTESIAN_POINT('Ctrl Pts',(1.12707514106394,0.161923203968581,1.));
#6945=CARTESIAN_POINT('Ctrl Pts',(1.12248354938822,0.163622114227422,1.));
#6946=CARTESIAN_POINT('Ctrl Pts',(1.11788891984515,0.165274219433605,1.));
#6947=CARTESIAN_POINT('Ctrl Pts',(1.11329153573663,0.16687896710269,1.));
#6948=CARTESIAN_POINT('Ctrl Pts',(1.10869165815268,0.168436131697686,1.));
#6949=CARTESIAN_POINT('Ctrl Pts',(1.10408952609219,0.169945816054304,1.));
#6950=CARTESIAN_POINT('Ctrl Pts',(1.09948538275908,0.17140812854406,1.));
#6951=CARTESIAN_POINT('Ctrl Pts',(1.09487949825355,0.172822905247467,1.));
#6952=CARTESIAN_POINT('Ctrl Pts',(1.09027219024706,0.17418945796993,1.));
#6953=CARTESIAN_POINT('Ctrl Pts',(1.08566385394229,0.175506206546266,1.));
#6954=CARTESIAN_POINT('Ctrl Pts',(1.08105496017522,0.176770709844454,1.));
#6955=CARTESIAN_POINT('Ctrl Pts',(1.07644599656575,0.177980409471363,1.));
#6956=CARTESIAN_POINT('Ctrl Pts',(1.07183741668358,0.179133273164522,1.));
#6957=CARTESIAN_POINT('Ctrl Pts',(1.06722959559114,0.180228360009797,1.));
#6958=CARTESIAN_POINT('Ctrl Pts',(1.06262275938806,0.18126670825893,1.));
#6959=CARTESIAN_POINT('Ctrl Pts',(1.05801700864902,0.182251059271272,1.));
#6960=CARTESIAN_POINT('Ctrl Pts',(1.05341246412519,0.183184066554115,1.));
#6961=CARTESIAN_POINT('Ctrl Pts',(1.04880939373163,0.184066735818259,1.));
#6962=CARTESIAN_POINT('Ctrl Pts',(1.04420832259383,0.184897078687489,1.));
#6963=CARTESIAN_POINT('Ctrl Pts',(1.03961021096579,0.185667917179314,1.));
#6964=CARTESIAN_POINT('Ctrl Pts',(1.03501636126737,0.186368080578378,1.));
#6965=CARTESIAN_POINT('Ctrl Pts',(1.03042809662527,0.186986480346486,1.));
#6966=CARTESIAN_POINT('Ctrl Pts',(1.02584647439429,0.187515718215386,1.));
#6967=CARTESIAN_POINT('Ctrl Pts',(1.02127204827695,0.187955152219454,1.));
#6968=CARTESIAN_POINT('Ctrl Pts',(1.01670445064541,0.188316051246445,1.));
#6969=CARTESIAN_POINT('Ctrl Pts',(1.01214284510105,0.18861659035605,1.));
#6970=CARTESIAN_POINT('Ctrl Pts',(1.00758680560535,0.188871832419616,1.));
#6971=CARTESIAN_POINT('Ctrl Pts',(1.00303710731828,0.18908480352931,1.));
#6972=CARTESIAN_POINT('Ctrl Pts',(0.998496455229147,0.18923815899173,1.));
#6973=CARTESIAN_POINT('Ctrl Pts',(0.993970502404763,0.189282820575825,1.));
#6974=CARTESIAN_POINT('Ctrl Pts',(0.989466605720351,0.189150483868159,1.));
#6975=CARTESIAN_POINT('Ctrl Pts',(0.985886985020859,0.188847237482911,1.));
#6976=CARTESIAN_POINT('Ctrl Pts',(0.983218051973852,0.188483944986096,1.));
#6977=CARTESIAN_POINT('Ctrl Pts',(0.981446102770549,0.188178187775683,1.));
#6978=CARTESIAN_POINT('Ctrl Pts',(0.980561963070869,0.188009418318908,1.));
#6979=CARTESIAN_POINT('',(1.29688857856132,0.0668642855534642,0.));
#6980=CARTESIAN_POINT('Origin',(-7.74935671188359E-14,6.93889390390723E-18,
0.));
#6981=CARTESIAN_POINT('',(1.29688857856132,-0.0668642855534642,1.));
#6982=CARTESIAN_POINT('Origin',(-7.74935671188359E-14,6.93889390390723E-18,
1.));
#6983=CARTESIAN_POINT('',(1.29688857856132,-0.0668642855534642,0.));
#6984=CARTESIAN_POINT('Ctrl Pts',(0.980561963070869,-0.188009418318908,
0.));
#6985=CARTESIAN_POINT('Ctrl Pts',(0.980561963070869,-0.188009418318908,
1.));
#6986=CARTESIAN_POINT('Ctrl Pts',(0.981446102770549,-0.188178187775683,
0.));
#6987=CARTESIAN_POINT('Ctrl Pts',(0.981446102770549,-0.188178187775683,
1.));
#6988=CARTESIAN_POINT('Ctrl Pts',(0.983218051973852,-0.188483944986096,
0.));
#6989=CARTESIAN_POINT('Ctrl Pts',(0.983218051973852,-0.188483944986096,
1.));
#6990=CARTESIAN_POINT('Ctrl Pts',(0.985886985020859,-0.188847237482911,
0.));
#6991=CARTESIAN_POINT('Ctrl Pts',(0.985886985020859,-0.188847237482911,
1.));
#6992=CARTESIAN_POINT('Ctrl Pts',(0.989466605720351,-0.189150483868159,
0.));
#6993=CARTESIAN_POINT('Ctrl Pts',(0.989466605720351,-0.189150483868159,
1.));
#6994=CARTESIAN_POINT('Ctrl Pts',(0.993970502404763,-0.189282820575825,
0.));
#6995=CARTESIAN_POINT('Ctrl Pts',(0.993970502404763,-0.189282820575825,
1.));
#6996=CARTESIAN_POINT('Ctrl Pts',(0.998496455229147,-0.18923815899173,0.));
#6997=CARTESIAN_POINT('Ctrl Pts',(0.998496455229147,-0.18923815899173,1.));
#6998=CARTESIAN_POINT('Ctrl Pts',(1.00303710731828,-0.18908480352931,0.));
#6999=CARTESIAN_POINT('Ctrl Pts',(1.00303710731828,-0.18908480352931,1.));
#7000=CARTESIAN_POINT('Ctrl Pts',(1.00758680560535,-0.188871832419616,0.));
#7001=CARTESIAN_POINT('Ctrl Pts',(1.00758680560535,-0.188871832419616,1.));
#7002=CARTESIAN_POINT('Ctrl Pts',(1.01214284510105,-0.18861659035605,0.));
#7003=CARTESIAN_POINT('Ctrl Pts',(1.01214284510105,-0.18861659035605,1.));
#7004=CARTESIAN_POINT('Ctrl Pts',(1.01670445064541,-0.188316051246445,0.));
#7005=CARTESIAN_POINT('Ctrl Pts',(1.01670445064541,-0.188316051246445,1.));
#7006=CARTESIAN_POINT('Ctrl Pts',(1.02127204827695,-0.187955152219454,0.));
#7007=CARTESIAN_POINT('Ctrl Pts',(1.02127204827695,-0.187955152219454,1.));
#7008=CARTESIAN_POINT('Ctrl Pts',(1.02584647439429,-0.187515718215386,0.));
#7009=CARTESIAN_POINT('Ctrl Pts',(1.02584647439429,-0.187515718215386,1.));
#7010=CARTESIAN_POINT('Ctrl Pts',(1.03042809662527,-0.186986480346486,0.));
#7011=CARTESIAN_POINT('Ctrl Pts',(1.03042809662527,-0.186986480346486,1.));
#7012=CARTESIAN_POINT('Ctrl Pts',(1.03501636126737,-0.186368080578378,0.));
#7013=CARTESIAN_POINT('Ctrl Pts',(1.03501636126737,-0.186368080578378,1.));
#7014=CARTESIAN_POINT('Ctrl Pts',(1.03961021096579,-0.185667917179314,0.));
#7015=CARTESIAN_POINT('Ctrl Pts',(1.03961021096579,-0.185667917179314,1.));
#7016=CARTESIAN_POINT('Ctrl Pts',(1.04420832259383,-0.184897078687489,0.));
#7017=CARTESIAN_POINT('Ctrl Pts',(1.04420832259383,-0.184897078687489,1.));
#7018=CARTESIAN_POINT('Ctrl Pts',(1.04880939373163,-0.184066735818259,0.));
#7019=CARTESIAN_POINT('Ctrl Pts',(1.04880939373163,-0.184066735818259,1.));
#7020=CARTESIAN_POINT('Ctrl Pts',(1.05341246412519,-0.183184066554115,0.));
#7021=CARTESIAN_POINT('Ctrl Pts',(1.05341246412519,-0.183184066554115,1.));
#7022=CARTESIAN_POINT('Ctrl Pts',(1.05801700864902,-0.182251059271272,0.));
#7023=CARTESIAN_POINT('Ctrl Pts',(1.05801700864902,-0.182251059271272,1.));
#7024=CARTESIAN_POINT('Ctrl Pts',(1.06262275938806,-0.18126670825893,0.));
#7025=CARTESIAN_POINT('Ctrl Pts',(1.06262275938806,-0.18126670825893,1.));
#7026=CARTESIAN_POINT('Ctrl Pts',(1.06722959559114,-0.180228360009797,0.));
#7027=CARTESIAN_POINT('Ctrl Pts',(1.06722959559114,-0.180228360009797,1.));
#7028=CARTESIAN_POINT('Ctrl Pts',(1.07183741668358,-0.179133273164522,0.));
#7029=CARTESIAN_POINT('Ctrl Pts',(1.07183741668358,-0.179133273164522,1.));
#7030=CARTESIAN_POINT('Ctrl Pts',(1.07644599656575,-0.177980409471363,0.));
#7031=CARTESIAN_POINT('Ctrl Pts',(1.07644599656575,-0.177980409471363,1.));
#7032=CARTESIAN_POINT('Ctrl Pts',(1.08105496017522,-0.176770709844454,0.));
#7033=CARTESIAN_POINT('Ctrl Pts',(1.08105496017522,-0.176770709844454,1.));
#7034=CARTESIAN_POINT('Ctrl Pts',(1.08566385394229,-0.175506206546266,0.));
#7035=CARTESIAN_POINT('Ctrl Pts',(1.08566385394229,-0.175506206546266,1.));
#7036=CARTESIAN_POINT('Ctrl Pts',(1.09027219024706,-0.17418945796993,0.));
#7037=CARTESIAN_POINT('Ctrl Pts',(1.09027219024706,-0.17418945796993,1.));
#7038=CARTESIAN_POINT('Ctrl Pts',(1.09487949825355,-0.172822905247467,0.));
#7039=CARTESIAN_POINT('Ctrl Pts',(1.09487949825355,-0.172822905247467,1.));
#7040=CARTESIAN_POINT('Ctrl Pts',(1.09948538275908,-0.17140812854406,0.));
#7041=CARTESIAN_POINT('Ctrl Pts',(1.09948538275908,-0.17140812854406,1.));
#7042=CARTESIAN_POINT('Ctrl Pts',(1.10408952609219,-0.169945816054304,0.));
#7043=CARTESIAN_POINT('Ctrl Pts',(1.10408952609219,-0.169945816054304,1.));
#7044=CARTESIAN_POINT('Ctrl Pts',(1.10869165815268,-0.168436131697686,0.));
#7045=CARTESIAN_POINT('Ctrl Pts',(1.10869165815268,-0.168436131697686,1.));
#7046=CARTESIAN_POINT('Ctrl Pts',(1.11329153573663,-0.16687896710269,0.));
#7047=CARTESIAN_POINT('Ctrl Pts',(1.11329153573663,-0.16687896710269,1.));
#7048=CARTESIAN_POINT('Ctrl Pts',(1.11788891984515,-0.165274219433605,0.));
#7049=CARTESIAN_POINT('Ctrl Pts',(1.11788891984515,-0.165274219433605,1.));
#7050=CARTESIAN_POINT('Ctrl Pts',(1.12248354938822,-0.163622114227422,0.));
#7051=CARTESIAN_POINT('Ctrl Pts',(1.12248354938822,-0.163622114227422,1.));
#7052=CARTESIAN_POINT('Ctrl Pts',(1.12707514106394,-0.161923203968581,0.));
#7053=CARTESIAN_POINT('Ctrl Pts',(1.12707514106394,-0.161923203968581,1.));
#7054=CARTESIAN_POINT('Ctrl Pts',(1.13166340117248,-0.160178218935995,0.));
#7055=CARTESIAN_POINT('Ctrl Pts',(1.13166340117248,-0.160178218935995,1.));
#7056=CARTESIAN_POINT('Ctrl Pts',(1.13624803391611,-0.158387962319384,0.));
#7057=CARTESIAN_POINT('Ctrl Pts',(1.13624803391611,-0.158387962319384,1.));
#7058=CARTESIAN_POINT('Ctrl Pts',(1.1408287504264,-0.156553196428289,0.));
#7059=CARTESIAN_POINT('Ctrl Pts',(1.1408287504264,-0.156553196428289,1.));
#7060=CARTESIAN_POINT('Ctrl Pts',(1.14540527942656,-0.154674510081931,0.));
#7061=CARTESIAN_POINT('Ctrl Pts',(1.14540527942656,-0.154674510081931,1.));
#7062=CARTESIAN_POINT('Ctrl Pts',(1.14997736643161,-0.152752323932104,0.));
#7063=CARTESIAN_POINT('Ctrl Pts',(1.14997736643161,-0.152752323932104,1.));
#7064=CARTESIAN_POINT('Ctrl Pts',(1.15454476810213,-0.150786954615052,0.));
#7065=CARTESIAN_POINT('Ctrl Pts',(1.15454476810213,-0.150786954615052,1.));
#7066=CARTESIAN_POINT('Ctrl Pts',(1.15910724805739,-0.148778661711794,0.));
#7067=CARTESIAN_POINT('Ctrl Pts',(1.15910724805739,-0.148778661711794,1.));
#7068=CARTESIAN_POINT('Ctrl Pts',(1.16366457249365,-0.146727698031579,0.));
#7069=CARTESIAN_POINT('Ctrl Pts',(1.16366457249365,-0.146727698031579,1.));
#7070=CARTESIAN_POINT('Ctrl Pts',(1.16821650499651,-0.144634369048058,0.));
#7071=CARTESIAN_POINT('Ctrl Pts',(1.16821650499651,-0.144634369048058,1.));
#7072=CARTESIAN_POINT('Ctrl Pts',(1.17276280678253,-0.142499032860099,0.));
#7073=CARTESIAN_POINT('Ctrl Pts',(1.17276280678253,-0.142499032860099,1.));
#7074=CARTESIAN_POINT('Ctrl Pts',(1.17730323940168,-0.140322073045556,0.));
#7075=CARTESIAN_POINT('Ctrl Pts',(1.17730323940168,-0.140322073045556,1.));
#7076=CARTESIAN_POINT('Ctrl Pts',(1.18183756681088,-0.138103879790253,0.));
#7077=CARTESIAN_POINT('Ctrl Pts',(1.18183756681088,-0.138103879790253,1.));
#7078=CARTESIAN_POINT('Ctrl Pts',(1.18636555747654,-0.135844829638153,0.));
#7079=CARTESIAN_POINT('Ctrl Pts',(1.18636555747654,-0.135844829638153,1.));
#7080=CARTESIAN_POINT('Ctrl Pts',(1.19088698721247,-0.133545261757186,0.));
#7081=CARTESIAN_POINT('Ctrl Pts',(1.19088698721247,-0.133545261757186,1.));
#7082=CARTESIAN_POINT('Ctrl Pts',(1.19540163833747,-0.131205477520719,0.));
#7083=CARTESIAN_POINT('Ctrl Pts',(1.19540163833747,-0.131205477520719,1.));
#7084=CARTESIAN_POINT('Ctrl Pts',(1.1999092968799,-0.128825753294747,0.));
#7085=CARTESIAN_POINT('Ctrl Pts',(1.1999092968799,-0.128825753294747,1.));
#7086=CARTESIAN_POINT('Ctrl Pts',(1.20440975028165,-0.126406349785482,0.));
#7087=CARTESIAN_POINT('Ctrl Pts',(1.20440975028165,-0.126406349785482,1.));
#7088=CARTESIAN_POINT('Ctrl Pts',(1.20890278530207,-0.123947522104375,0.));
#7089=CARTESIAN_POINT('Ctrl Pts',(1.20890278530207,-0.123947522104375,1.));
#7090=CARTESIAN_POINT('Ctrl Pts',(1.21338818501553,-0.12144953223417,0.));
#7091=CARTESIAN_POINT('Ctrl Pts',(1.21338818501553,-0.12144953223417,1.));
#7092=CARTESIAN_POINT('Ctrl Pts',(1.21786573000549,-0.118912650244773,0.));
#7093=CARTESIAN_POINT('Ctrl Pts',(1.21786573000549,-0.118912650244773,1.));
#7094=CARTESIAN_POINT('Ctrl Pts',(1.2223352025734,-0.116337146922412,0.));
#7095=CARTESIAN_POINT('Ctrl Pts',(1.2223352025734,-0.116337146922412,1.));
#7096=CARTESIAN_POINT('Ctrl Pts',(1.22679639043095,-0.113723288917122,0.));
#7097=CARTESIAN_POINT('Ctrl Pts',(1.22679639043095,-0.113723288917122,1.));
#7098=CARTESIAN_POINT('Ctrl Pts',(1.23124908998995,-0.111071333709954,0.));
#7099=CARTESIAN_POINT('Ctrl Pts',(1.23124908998995,-0.111071333709954,1.));
#7100=CARTESIAN_POINT('Ctrl Pts',(1.23569311155425,-0.108381523526139,0.));
#7101=CARTESIAN_POINT('Ctrl Pts',(1.23569311155425,-0.108381523526139,1.));
#7102=CARTESIAN_POINT('Ctrl Pts',(1.24012827752922,-0.105654085276674,0.));
#7103=CARTESIAN_POINT('Ctrl Pts',(1.24012827752922,-0.105654085276674,1.));
#7104=CARTESIAN_POINT('Ctrl Pts',(1.24455441288374,-0.102889237453954,0.));
#7105=CARTESIAN_POINT('Ctrl Pts',(1.24455441288374,-0.102889237453954,1.));
#7106=CARTESIAN_POINT('Ctrl Pts',(1.24897133719293,-0.100087195759807,0.));
#7107=CARTESIAN_POINT('Ctrl Pts',(1.24897133719293,-0.100087195759807,1.));
#7108=CARTESIAN_POINT('Ctrl Pts',(1.25337885719807,-0.0972481788152722,
0.));
#7109=CARTESIAN_POINT('Ctrl Pts',(1.25337885719807,-0.0972481788152722,
1.));
#7110=CARTESIAN_POINT('Ctrl Pts',(1.25777675656107,-0.094372415801634,0.));
#7111=CARTESIAN_POINT('Ctrl Pts',(1.25777675656107,-0.094372415801634,1.));
#7112=CARTESIAN_POINT('Ctrl Pts',(1.26216479567868,-0.0914601479092982,
0.));
#7113=CARTESIAN_POINT('Ctrl Pts',(1.26216479567868,-0.0914601479092982,
1.));
#7114=CARTESIAN_POINT('Ctrl Pts',(1.26654273175494,-0.0885116168864824,
0.));
#7115=CARTESIAN_POINT('Ctrl Pts',(1.26654273175494,-0.0885116168864824,
1.));
#7116=CARTESIAN_POINT('Ctrl Pts',(1.27091033496197,-0.0855270564865482,
0.));
#7117=CARTESIAN_POINT('Ctrl Pts',(1.27091033496197,-0.0855270564865482,
1.));
#7118=CARTESIAN_POINT('Ctrl Pts',(1.2752674054983,-0.0825066832024906,0.));
#7119=CARTESIAN_POINT('Ctrl Pts',(1.2752674054983,-0.0825066832024906,1.));
#7120=CARTESIAN_POINT('Ctrl Pts',(1.2796137921507,-0.079450687105347,0.));
#7121=CARTESIAN_POINT('Ctrl Pts',(1.2796137921507,-0.079450687105347,1.));
#7122=CARTESIAN_POINT('Ctrl Pts',(1.28394940500243,-0.076359224221491,0.));
#7123=CARTESIAN_POINT('Ctrl Pts',(1.28394940500243,-0.076359224221491,1.));
#7124=CARTESIAN_POINT('Ctrl Pts',(1.28827419832372,-0.0732324166753325,
0.));
#7125=CARTESIAN_POINT('Ctrl Pts',(1.28827419832372,-0.0732324166753325,
1.));
#7126=CARTESIAN_POINT('Ctrl Pts',(1.29172536576776,-0.0707027648814073,
0.));
#7127=CARTESIAN_POINT('Ctrl Pts',(1.29172536576776,-0.0707027648814073,
1.));
#7128=CARTESIAN_POINT('Ctrl Pts',(1.29430886708063,-0.0687896839738412,
0.));
#7129=CARTESIAN_POINT('Ctrl Pts',(1.29430886708063,-0.0687896839738412,
1.));
#7130=CARTESIAN_POINT('Ctrl Pts',(1.29602903567097,-0.0675072581233568,
0.));
#7131=CARTESIAN_POINT('Ctrl Pts',(1.29602903567097,-0.0675072581233568,
1.));
#7132=CARTESIAN_POINT('Ctrl Pts',(1.29688857856132,-0.0668642855534643,
0.));
#7133=CARTESIAN_POINT('Ctrl Pts',(1.29688857856132,-0.0668642855534643,
1.));
#7134=CARTESIAN_POINT('Ctrl Pts',(0.980561963070869,-0.188009418318908,
1.));
#7135=CARTESIAN_POINT('Ctrl Pts',(0.981446102770549,-0.188178187775683,
1.));
#7136=CARTESIAN_POINT('Ctrl Pts',(0.983218051973852,-0.188483944986096,
1.));
#7137=CARTESIAN_POINT('Ctrl Pts',(0.985886985020859,-0.188847237482911,
1.));
#7138=CARTESIAN_POINT('Ctrl Pts',(0.989466605720351,-0.189150483868159,
1.));
#7139=CARTESIAN_POINT('Ctrl Pts',(0.993970502404763,-0.189282820575825,
1.));
#7140=CARTESIAN_POINT('Ctrl Pts',(0.998496455229147,-0.18923815899173,1.));
#7141=CARTESIAN_POINT('Ctrl Pts',(1.00303710731828,-0.18908480352931,1.));
#7142=CARTESIAN_POINT('Ctrl Pts',(1.00758680560535,-0.188871832419616,1.));
#7143=CARTESIAN_POINT('Ctrl Pts',(1.01214284510105,-0.18861659035605,1.));
#7144=CARTESIAN_POINT('Ctrl Pts',(1.01670445064541,-0.188316051246445,1.));
#7145=CARTESIAN_POINT('Ctrl Pts',(1.02127204827695,-0.187955152219454,1.));
#7146=CARTESIAN_POINT('Ctrl Pts',(1.02584647439429,-0.187515718215386,1.));
#7147=CARTESIAN_POINT('Ctrl Pts',(1.03042809662527,-0.186986480346486,1.));
#7148=CARTESIAN_POINT('Ctrl Pts',(1.03501636126737,-0.186368080578378,1.));
#7149=CARTESIAN_POINT('Ctrl Pts',(1.03961021096579,-0.185667917179314,1.));
#7150=CARTESIAN_POINT('Ctrl Pts',(1.04420832259383,-0.184897078687489,1.));
#7151=CARTESIAN_POINT('Ctrl Pts',(1.04880939373163,-0.184066735818259,1.));
#7152=CARTESIAN_POINT('Ctrl Pts',(1.05341246412519,-0.183184066554115,1.));
#7153=CARTESIAN_POINT('Ctrl Pts',(1.05801700864902,-0.182251059271272,1.));
#7154=CARTESIAN_POINT('Ctrl Pts',(1.06262275938806,-0.18126670825893,1.));
#7155=CARTESIAN_POINT('Ctrl Pts',(1.06722959559114,-0.180228360009797,1.));
#7156=CARTESIAN_POINT('Ctrl Pts',(1.07183741668358,-0.179133273164522,1.));
#7157=CARTESIAN_POINT('Ctrl Pts',(1.07644599656575,-0.177980409471363,1.));
#7158=CARTESIAN_POINT('Ctrl Pts',(1.08105496017522,-0.176770709844454,1.));
#7159=CARTESIAN_POINT('Ctrl Pts',(1.08566385394229,-0.175506206546266,1.));
#7160=CARTESIAN_POINT('Ctrl Pts',(1.09027219024706,-0.17418945796993,1.));
#7161=CARTESIAN_POINT('Ctrl Pts',(1.09487949825355,-0.172822905247467,1.));
#7162=CARTESIAN_POINT('Ctrl Pts',(1.09948538275908,-0.17140812854406,1.));
#7163=CARTESIAN_POINT('Ctrl Pts',(1.10408952609219,-0.169945816054304,1.));
#7164=CARTESIAN_POINT('Ctrl Pts',(1.10869165815268,-0.168436131697686,1.));
#7165=CARTESIAN_POINT('Ctrl Pts',(1.11329153573663,-0.16687896710269,1.));
#7166=CARTESIAN_POINT('Ctrl Pts',(1.11788891984515,-0.165274219433605,1.));
#7167=CARTESIAN_POINT('Ctrl Pts',(1.12248354938822,-0.163622114227422,1.));
#7168=CARTESIAN_POINT('Ctrl Pts',(1.12707514106394,-0.161923203968581,1.));
#7169=CARTESIAN_POINT('Ctrl Pts',(1.13166340117248,-0.160178218935995,1.));
#7170=CARTESIAN_POINT('Ctrl Pts',(1.13624803391611,-0.158387962319384,1.));
#7171=CARTESIAN_POINT('Ctrl Pts',(1.1408287504264,-0.156553196428289,1.));
#7172=CARTESIAN_POINT('Ctrl Pts',(1.14540527942656,-0.154674510081931,1.));
#7173=CARTESIAN_POINT('Ctrl Pts',(1.14997736643161,-0.152752323932104,1.));
#7174=CARTESIAN_POINT('Ctrl Pts',(1.15454476810213,-0.150786954615052,1.));
#7175=CARTESIAN_POINT('Ctrl Pts',(1.15910724805739,-0.148778661711794,1.));
#7176=CARTESIAN_POINT('Ctrl Pts',(1.16366457249365,-0.146727698031579,1.));
#7177=CARTESIAN_POINT('Ctrl Pts',(1.16821650499651,-0.144634369048058,1.));
#7178=CARTESIAN_POINT('Ctrl Pts',(1.17276280678253,-0.142499032860099,1.));
#7179=CARTESIAN_POINT('Ctrl Pts',(1.17730323940168,-0.140322073045556,1.));
#7180=CARTESIAN_POINT('Ctrl Pts',(1.18183756681088,-0.138103879790253,1.));
#7181=CARTESIAN_POINT('Ctrl Pts',(1.18636555747654,-0.135844829638153,1.));
#7182=CARTESIAN_POINT('Ctrl Pts',(1.19088698721247,-0.133545261757186,1.));
#7183=CARTESIAN_POINT('Ctrl Pts',(1.19540163833747,-0.131205477520719,1.));
#7184=CARTESIAN_POINT('Ctrl Pts',(1.1999092968799,-0.128825753294747,1.));
#7185=CARTESIAN_POINT('Ctrl Pts',(1.20440975028165,-0.126406349785482,1.));
#7186=CARTESIAN_POINT('Ctrl Pts',(1.20890278530207,-0.123947522104375,1.));
#7187=CARTESIAN_POINT('Ctrl Pts',(1.21338818501553,-0.12144953223417,1.));
#7188=CARTESIAN_POINT('Ctrl Pts',(1.21786573000549,-0.118912650244773,1.));
#7189=CARTESIAN_POINT('Ctrl Pts',(1.2223352025734,-0.116337146922412,1.));
#7190=CARTESIAN_POINT('Ctrl Pts',(1.22679639043095,-0.113723288917122,1.));
#7191=CARTESIAN_POINT('Ctrl Pts',(1.23124908998995,-0.111071333709954,1.));
#7192=CARTESIAN_POINT('Ctrl Pts',(1.23569311155425,-0.108381523526139,1.));
#7193=CARTESIAN_POINT('Ctrl Pts',(1.24012827752922,-0.105654085276674,1.));
#7194=CARTESIAN_POINT('Ctrl Pts',(1.24455441288374,-0.102889237453954,1.));
#7195=CARTESIAN_POINT('Ctrl Pts',(1.24897133719293,-0.100087195759807,1.));
#7196=CARTESIAN_POINT('Ctrl Pts',(1.25337885719807,-0.0972481788152722,
1.));
#7197=CARTESIAN_POINT('Ctrl Pts',(1.25777675656107,-0.094372415801634,1.));
#7198=CARTESIAN_POINT('Ctrl Pts',(1.26216479567868,-0.0914601479092982,
1.));
#7199=CARTESIAN_POINT('Ctrl Pts',(1.26654273175494,-0.0885116168864824,
1.));
#7200=CARTESIAN_POINT('Ctrl Pts',(1.27091033496197,-0.0855270564865482,
1.));
#7201=CARTESIAN_POINT('Ctrl Pts',(1.2752674054983,-0.0825066832024906,1.));
#7202=CARTESIAN_POINT('Ctrl Pts',(1.2796137921507,-0.079450687105347,1.));
#7203=CARTESIAN_POINT('Ctrl Pts',(1.28394940500243,-0.076359224221491,1.));
#7204=CARTESIAN_POINT('Ctrl Pts',(1.28827419832372,-0.0732324166753325,
1.));
#7205=CARTESIAN_POINT('Ctrl Pts',(1.29172536576776,-0.0707027648814073,
1.));
#7206=CARTESIAN_POINT('Ctrl Pts',(1.29430886708063,-0.0687896839738412,
1.));
#7207=CARTESIAN_POINT('Ctrl Pts',(1.29602903567097,-0.0675072581233568,
1.));
#7208=CARTESIAN_POINT('Ctrl Pts',(1.29688857856132,-0.0668642855534643,
1.));
#7209=CARTESIAN_POINT('Origin',(0.,0.,1.));
#7210=CARTESIAN_POINT('Origin',(0.,0.,1.));
#7211=CARTESIAN_POINT('Origin',(0.,0.,0.));
#7212=UNCERTAINTY_MEASURE_WITH_UNIT(LENGTH_MEASURE(0.001),#7216,
'DISTANCE_ACCURACY_VALUE',
'Maximum model space distance between geometric entities at asserted c
onnectivities');
#7213=UNCERTAINTY_MEASURE_WITH_UNIT(LENGTH_MEASURE(0.001),#7216,
'DISTANCE_ACCURACY_VALUE',
'Maximum model space distance between geometric entities at asserted c
onnectivities');
#7214=(
GEOMETRIC_REPRESENTATION_CONTEXT(3)
GLOBAL_UNCERTAINTY_ASSIGNED_CONTEXT((#7212))
GLOBAL_UNIT_ASSIGNED_CONTEXT((#7216,#7218,#7219))
REPRESENTATION_CONTEXT('','3D')
);
#7215=(
GEOMETRIC_REPRESENTATION_CONTEXT(3)
GLOBAL_UNCERTAINTY_ASSIGNED_CONTEXT((#7213))
GLOBAL_UNIT_ASSIGNED_CONTEXT((#7216,#7218,#7219))
REPRESENTATION_CONTEXT('','3D')
);
#7216=(
LENGTH_UNIT()
NAMED_UNIT(*)
SI_UNIT(.CENTI.,.METRE.)
);
#7217=(
LENGTH_UNIT()
NAMED_UNIT(*)
SI_UNIT($,.METRE.)
);
#7218=(
NAMED_UNIT(*)
PLANE_ANGLE_UNIT()
SI_UNIT($,.RADIAN.)
);
#7219=(
NAMED_UNIT(*)
SI_UNIT($,.STERADIAN.)
SOLID_ANGLE_UNIT()
);
#7220=SHAPE_DEFINITION_REPRESENTATION(#7221,#7222);
#7221=PRODUCT_DEFINITION_SHAPE('',$,#7224);
#7222=SHAPE_REPRESENTATION('',(#1484),#7214);
#7223=PRODUCT_DEFINITION_CONTEXT('part definition',#7228,'design');
#7224=PRODUCT_DEFINITION('Gear_small','Gear_small v7',#7225,#7223);
#7225=PRODUCT_DEFINITION_FORMATION('',$,#7230);
#7226=PRODUCT_RELATED_PRODUCT_CATEGORY('Gear_small v7','Gear_small v7',
(#7230));
#7227=APPLICATION_PROTOCOL_DEFINITION('international standard',
'automotive_design',2009,#7228);
#7228=APPLICATION_CONTEXT(
'Core Data for Automotive Mechanical Design Process');
#7229=PRODUCT_CONTEXT('part definition',#7228,'mechanical');
#7230=PRODUCT('Gear_small','Gear_small v7',
'Spur Gear; Module: 2.3611111111; Num Teeth: 9; Pressure Angle: 20.0; 
Backlash: 0.00 mm',(#7229));
#7231=PRESENTATION_STYLE_ASSIGNMENT((#7232));
#7232=SURFACE_STYLE_USAGE(.BOTH.,#7233);
#7233=SURFACE_SIDE_STYLE('',(#7234));
#7234=SURFACE_STYLE_FILL_AREA(#7235);
#7235=FILL_AREA_STYLE('Steel - Satin',(#7236));
#7236=FILL_AREA_STYLE_COLOUR('Steel - Satin',#7237);
#7237=COLOUR_RGB('Steel - Satin',0.627450980392157,0.627450980392157,0.627450980392157);
ENDSEC;
END-ISO-10303-21;
