ISO-10303-21;
HEADER;
/* Generated by software containing ST-Developer
 * from STEP Tools, Inc. (www.steptools.com) 
 */

FILE_DESCRIPTION(
/* description */ (''),
/* implementation_level */ '2;1');

FILE_NAME(
/* name */ 'Battery Box v9.step',
/* time_stamp */ '2025-04-15T18:49:49+05:30',
/* author */ (''),
/* organization */ (''),
/* preprocessor_version */ 'ST-DEVELOPER v20.1',
/* originating_system */ 'Autodesk Translation Framework v14.4.0.0',
/* authorisation */ '');

FILE_SCHEMA (('AUTOMOTIVE_DESIGN { 1 0 10303 214 3 1 1 }'));
ENDSEC;

DATA;
#10=MECHANICAL_DESIGN_GEOMETRIC_PRESENTATION_REPRESENTATION('',(#13),#3307);
#11=SHAPE_REPRESENTATION_RELATIONSHIP('SRR','None',#3313,#12);
#12=ADVANCED_BREP_SHAPE_REPRESENTATION('',(#14),#3306);
#13=STYLED_ITEM('',(#3322),#14);
#14=MANIFOLD_SOLID_BREP('Body3',#1903);
#15=FACE_BOUND('',#190,.T.);
#16=FACE_BOUND('',#225,.T.);
#17=FACE_BOUND('',#226,.T.);
#18=FACE_BOUND('',#231,.T.);
#19=FACE_BOUND('',#232,.T.);
#20=FACE_BOUND('',#251,.T.);
#21=FACE_BOUND('',#252,.T.);
#22=FACE_BOUND('',#253,.T.);
#23=FACE_BOUND('',#255,.T.);
#24=FACE_BOUND('',#256,.T.);
#25=FACE_BOUND('',#262,.T.);
#26=FACE_BOUND('',#263,.T.);
#27=FACE_BOUND('',#264,.T.);
#28=FACE_BOUND('',#266,.T.);
#29=FACE_BOUND('',#267,.T.);
#30=PLANE('',#1920);
#31=PLANE('',#1941);
#32=PLANE('',#1946);
#33=PLANE('',#1959);
#34=PLANE('',#1973);
#35=PLANE('',#1974);
#36=PLANE('',#1975);
#37=PLANE('',#1976);
#38=PLANE('',#1977);
#39=PLANE('',#1978);
#40=PLANE('',#1979);
#41=PLANE('',#1980);
#42=PLANE('',#1981);
#43=PLANE('',#1982);
#44=PLANE('',#1983);
#45=PLANE('',#1984);
#46=PLANE('',#1985);
#47=PLANE('',#1986);
#48=PLANE('',#1987);
#49=PLANE('',#1988);
#50=PLANE('',#1989);
#51=PLANE('',#1990);
#52=PLANE('',#1991);
#53=PLANE('',#1992);
#54=PLANE('',#1993);
#55=PLANE('',#1994);
#56=PLANE('',#1996);
#57=PLANE('',#1999);
#58=PLANE('',#2006);
#59=PLANE('',#2013);
#60=PLANE('',#2018);
#61=PLANE('',#2019);
#62=PLANE('',#2021);
#63=PLANE('',#2023);
#64=PLANE('',#2024);
#65=PLANE('',#2026);
#66=PLANE('',#2029);
#67=PLANE('',#2030);
#68=PLANE('',#2037);
#69=PLANE('',#2044);
#70=PLANE('',#2049);
#71=PLANE('',#2050);
#72=PLANE('',#2052);
#73=PLANE('',#2054);
#74=PLANE('',#2058);
#75=PLANE('',#2059);
#76=PLANE('',#2060);
#77=PLANE('',#2064);
#78=PLANE('',#2065);
#79=PLANE('',#2066);
#80=PLANE('',#2067);
#81=FACE_OUTER_BOUND('',#168,.T.);
#82=FACE_OUTER_BOUND('',#169,.T.);
#83=FACE_OUTER_BOUND('',#170,.T.);
#84=FACE_OUTER_BOUND('',#171,.T.);
#85=FACE_OUTER_BOUND('',#172,.T.);
#86=FACE_OUTER_BOUND('',#173,.T.);
#87=FACE_OUTER_BOUND('',#174,.T.);
#88=FACE_OUTER_BOUND('',#175,.T.);
#89=FACE_OUTER_BOUND('',#176,.T.);
#90=FACE_OUTER_BOUND('',#177,.T.);
#91=FACE_OUTER_BOUND('',#178,.T.);
#92=FACE_OUTER_BOUND('',#179,.T.);
#93=FACE_OUTER_BOUND('',#180,.T.);
#94=FACE_OUTER_BOUND('',#181,.T.);
#95=FACE_OUTER_BOUND('',#182,.T.);
#96=FACE_OUTER_BOUND('',#183,.T.);
#97=FACE_OUTER_BOUND('',#184,.T.);
#98=FACE_OUTER_BOUND('',#185,.T.);
#99=FACE_OUTER_BOUND('',#186,.T.);
#100=FACE_OUTER_BOUND('',#187,.T.);
#101=FACE_OUTER_BOUND('',#188,.T.);
#102=FACE_OUTER_BOUND('',#189,.T.);
#103=FACE_OUTER_BOUND('',#191,.T.);
#104=FACE_OUTER_BOUND('',#192,.T.);
#105=FACE_OUTER_BOUND('',#193,.T.);
#106=FACE_OUTER_BOUND('',#194,.T.);
#107=FACE_OUTER_BOUND('',#195,.T.);
#108=FACE_OUTER_BOUND('',#196,.T.);
#109=FACE_OUTER_BOUND('',#197,.T.);
#110=FACE_OUTER_BOUND('',#198,.T.);
#111=FACE_OUTER_BOUND('',#199,.T.);
#112=FACE_OUTER_BOUND('',#200,.T.);
#113=FACE_OUTER_BOUND('',#201,.T.);
#114=FACE_OUTER_BOUND('',#202,.T.);
#115=FACE_OUTER_BOUND('',#203,.T.);
#116=FACE_OUTER_BOUND('',#204,.T.);
#117=FACE_OUTER_BOUND('',#205,.T.);
#118=FACE_OUTER_BOUND('',#206,.T.);
#119=FACE_OUTER_BOUND('',#207,.T.);
#120=FACE_OUTER_BOUND('',#208,.T.);
#121=FACE_OUTER_BOUND('',#209,.T.);
#122=FACE_OUTER_BOUND('',#210,.T.);
#123=FACE_OUTER_BOUND('',#211,.T.);
#124=FACE_OUTER_BOUND('',#212,.T.);
#125=FACE_OUTER_BOUND('',#213,.T.);
#126=FACE_OUTER_BOUND('',#214,.T.);
#127=FACE_OUTER_BOUND('',#215,.T.);
#128=FACE_OUTER_BOUND('',#216,.T.);
#129=FACE_OUTER_BOUND('',#217,.T.);
#130=FACE_OUTER_BOUND('',#218,.T.);
#131=FACE_OUTER_BOUND('',#219,.T.);
#132=FACE_OUTER_BOUND('',#220,.T.);
#133=FACE_OUTER_BOUND('',#221,.T.);
#134=FACE_OUTER_BOUND('',#222,.T.);
#135=FACE_OUTER_BOUND('',#223,.T.);
#136=FACE_OUTER_BOUND('',#224,.T.);
#137=FACE_OUTER_BOUND('',#227,.T.);
#138=FACE_OUTER_BOUND('',#228,.T.);
#139=FACE_OUTER_BOUND('',#229,.T.);
#140=FACE_OUTER_BOUND('',#230,.T.);
#141=FACE_OUTER_BOUND('',#233,.T.);
#142=FACE_OUTER_BOUND('',#234,.T.);
#143=FACE_OUTER_BOUND('',#235,.T.);
#144=FACE_OUTER_BOUND('',#236,.T.);
#145=FACE_OUTER_BOUND('',#237,.T.);
#146=FACE_OUTER_BOUND('',#238,.T.);
#147=FACE_OUTER_BOUND('',#239,.T.);
#148=FACE_OUTER_BOUND('',#240,.T.);
#149=FACE_OUTER_BOUND('',#241,.T.);
#150=FACE_OUTER_BOUND('',#242,.T.);
#151=FACE_OUTER_BOUND('',#243,.T.);
#152=FACE_OUTER_BOUND('',#244,.T.);
#153=FACE_OUTER_BOUND('',#245,.T.);
#154=FACE_OUTER_BOUND('',#246,.T.);
#155=FACE_OUTER_BOUND('',#247,.T.);
#156=FACE_OUTER_BOUND('',#248,.T.);
#157=FACE_OUTER_BOUND('',#249,.T.);
#158=FACE_OUTER_BOUND('',#250,.T.);
#159=FACE_OUTER_BOUND('',#254,.T.);
#160=FACE_OUTER_BOUND('',#257,.T.);
#161=FACE_OUTER_BOUND('',#258,.T.);
#162=FACE_OUTER_BOUND('',#259,.T.);
#163=FACE_OUTER_BOUND('',#260,.T.);
#164=FACE_OUTER_BOUND('',#261,.T.);
#165=FACE_OUTER_BOUND('',#265,.T.);
#166=FACE_OUTER_BOUND('',#268,.T.);
#167=FACE_OUTER_BOUND('',#269,.T.);
#168=EDGE_LOOP('',(#1216,#1217,#1218,#1219,#1220,#1221,#1222,#1223));
#169=EDGE_LOOP('',(#1224,#1225,#1226,#1227,#1228,#1229,#1230,#1231));
#170=EDGE_LOOP('',(#1232,#1233,#1234,#1235,#1236,#1237,#1238,#1239));
#171=EDGE_LOOP('',(#1240,#1241,#1242,#1243,#1244,#1245,#1246,#1247,#1248,
#1249));
#172=EDGE_LOOP('',(#1250,#1251,#1252,#1253));
#173=EDGE_LOOP('',(#1254,#1255,#1256,#1257));
#174=EDGE_LOOP('',(#1258,#1259,#1260,#1261));
#175=EDGE_LOOP('',(#1262,#1263,#1264,#1265,#1266,#1267,#1268,#1269));
#176=EDGE_LOOP('',(#1270,#1271,#1272,#1273,#1274,#1275,#1276,#1277));
#177=EDGE_LOOP('',(#1278,#1279,#1280,#1281,#1282,#1283,#1284,#1285));
#178=EDGE_LOOP('',(#1286,#1287,#1288,#1289,#1290,#1291,#1292,#1293,#1294,
#1295));
#179=EDGE_LOOP('',(#1296,#1297,#1298,#1299));
#180=EDGE_LOOP('',(#1300,#1301,#1302,#1303));
#181=EDGE_LOOP('',(#1304,#1305,#1306,#1307));
#182=EDGE_LOOP('',(#1308,#1309,#1310,#1311,#1312,#1313,#1314,#1315,#1316,
#1317,#1318,#1319,#1320,#1321,#1322,#1323,#1324,#1325,#1326,#1327,#1328,
#1329,#1330,#1331,#1332,#1333,#1334,#1335,#1336,#1337,#1338,#1339,#1340,
#1341,#1342,#1343));
#183=EDGE_LOOP('',(#1344,#1345,#1346,#1347,#1348,#1349,#1350,#1351,#1352,
#1353,#1354,#1355,#1356,#1357,#1358,#1359,#1360,#1361,#1362,#1363,#1364,
#1365,#1366,#1367,#1368,#1369,#1370,#1371,#1372,#1373,#1374,#1375,#1376,
#1377,#1378,#1379));
#184=EDGE_LOOP('',(#1380,#1381,#1382,#1383));
#185=EDGE_LOOP('',(#1384,#1385,#1386,#1387));
#186=EDGE_LOOP('',(#1388,#1389,#1390,#1391));
#187=EDGE_LOOP('',(#1392,#1393,#1394,#1395));
#188=EDGE_LOOP('',(#1396,#1397,#1398,#1399));
#189=EDGE_LOOP('',(#1400,#1401,#1402,#1403));
#190=EDGE_LOOP('',(#1404,#1405,#1406,#1407));
#191=EDGE_LOOP('',(#1408,#1409,#1410,#1411));
#192=EDGE_LOOP('',(#1412,#1413,#1414,#1415));
#193=EDGE_LOOP('',(#1416,#1417,#1418,#1419));
#194=EDGE_LOOP('',(#1420,#1421,#1422,#1423));
#195=EDGE_LOOP('',(#1424,#1425,#1426,#1427));
#196=EDGE_LOOP('',(#1428,#1429,#1430,#1431));
#197=EDGE_LOOP('',(#1432,#1433,#1434,#1435));
#198=EDGE_LOOP('',(#1436,#1437,#1438,#1439));
#199=EDGE_LOOP('',(#1440,#1441,#1442,#1443));
#200=EDGE_LOOP('',(#1444,#1445,#1446,#1447));
#201=EDGE_LOOP('',(#1448,#1449,#1450,#1451));
#202=EDGE_LOOP('',(#1452,#1453,#1454,#1455));
#203=EDGE_LOOP('',(#1456,#1457,#1458,#1459));
#204=EDGE_LOOP('',(#1460,#1461,#1462,#1463));
#205=EDGE_LOOP('',(#1464,#1465,#1466,#1467));
#206=EDGE_LOOP('',(#1468,#1469,#1470,#1471));
#207=EDGE_LOOP('',(#1472,#1473,#1474,#1475));
#208=EDGE_LOOP('',(#1476,#1477,#1478,#1479));
#209=EDGE_LOOP('',(#1480,#1481,#1482,#1483));
#210=EDGE_LOOP('',(#1484,#1485,#1486,#1487,#1488,#1489,#1490,#1491,#1492,
#1493));
#211=EDGE_LOOP('',(#1494,#1495,#1496,#1497));
#212=EDGE_LOOP('',(#1498,#1499,#1500,#1501));
#213=EDGE_LOOP('',(#1502,#1503,#1504,#1505,#1506));
#214=EDGE_LOOP('',(#1507,#1508,#1509,#1510));
#215=EDGE_LOOP('',(#1511,#1512,#1513,#1514));
#216=EDGE_LOOP('',(#1515,#1516,#1517,#1518,#1519));
#217=EDGE_LOOP('',(#1520,#1521,#1522,#1523,#1524,#1525,#1526,#1527));
#218=EDGE_LOOP('',(#1528,#1529,#1530,#1531));
#219=EDGE_LOOP('',(#1532,#1533,#1534,#1535,#1536));
#220=EDGE_LOOP('',(#1537,#1538,#1539,#1540,#1541));
#221=EDGE_LOOP('',(#1542,#1543,#1544,#1545,#1546,#1547,#1548));
#222=EDGE_LOOP('',(#1549,#1550,#1551,#1552,#1553,#1554,#1555));
#223=EDGE_LOOP('',(#1556,#1557,#1558,#1559));
#224=EDGE_LOOP('',(#1560,#1561,#1562,#1563,#1564,#1565,#1566,#1567,#1568,
#1569,#1570,#1571,#1572,#1573,#1574,#1575,#1576));
#225=EDGE_LOOP('',(#1577,#1578,#1579,#1580));
#226=EDGE_LOOP('',(#1581,#1582,#1583,#1584));
#227=EDGE_LOOP('',(#1585,#1586,#1587,#1588));
#228=EDGE_LOOP('',(#1589,#1590,#1591,#1592));
#229=EDGE_LOOP('',(#1593,#1594,#1595,#1596));
#230=EDGE_LOOP('',(#1597,#1598,#1599,#1600,#1601,#1602,#1603,#1604,#1605,
#1606,#1607,#1608,#1609,#1610,#1611,#1612,#1613));
#231=EDGE_LOOP('',(#1614,#1615,#1616,#1617));
#232=EDGE_LOOP('',(#1618,#1619,#1620,#1621));
#233=EDGE_LOOP('',(#1622,#1623,#1624,#1625,#1626,#1627,#1628,#1629,#1630,
#1631));
#234=EDGE_LOOP('',(#1632,#1633,#1634,#1635));
#235=EDGE_LOOP('',(#1636,#1637,#1638,#1639));
#236=EDGE_LOOP('',(#1640,#1641,#1642,#1643,#1644));
#237=EDGE_LOOP('',(#1645,#1646,#1647,#1648));
#238=EDGE_LOOP('',(#1649,#1650,#1651,#1652));
#239=EDGE_LOOP('',(#1653,#1654,#1655,#1656,#1657));
#240=EDGE_LOOP('',(#1658,#1659,#1660,#1661,#1662,#1663,#1664,#1665));
#241=EDGE_LOOP('',(#1666,#1667,#1668,#1669));
#242=EDGE_LOOP('',(#1670,#1671,#1672,#1673,#1674));
#243=EDGE_LOOP('',(#1675,#1676,#1677,#1678,#1679));
#244=EDGE_LOOP('',(#1680,#1681,#1682,#1683,#1684,#1685,#1686));
#245=EDGE_LOOP('',(#1687,#1688,#1689,#1690,#1691,#1692,#1693));
#246=EDGE_LOOP('',(#1694,#1695,#1696,#1697));
#247=EDGE_LOOP('',(#1698,#1699,#1700,#1701,#1702,#1703,#1704,#1705));
#248=EDGE_LOOP('',(#1706,#1707,#1708,#1709));
#249=EDGE_LOOP('',(#1710,#1711,#1712,#1713));
#250=EDGE_LOOP('',(#1714,#1715,#1716,#1717));
#251=EDGE_LOOP('',(#1718));
#252=EDGE_LOOP('',(#1719));
#253=EDGE_LOOP('',(#1720));
#254=EDGE_LOOP('',(#1721,#1722,#1723,#1724));
#255=EDGE_LOOP('',(#1725,#1726,#1727,#1728));
#256=EDGE_LOOP('',(#1729,#1730,#1731,#1732));
#257=EDGE_LOOP('',(#1733,#1734,#1735,#1736));
#258=EDGE_LOOP('',(#1737,#1738,#1739,#1740,#1741,#1742,#1743,#1744));
#259=EDGE_LOOP('',(#1745,#1746,#1747,#1748));
#260=EDGE_LOOP('',(#1749,#1750,#1751,#1752));
#261=EDGE_LOOP('',(#1753,#1754,#1755,#1756));
#262=EDGE_LOOP('',(#1757));
#263=EDGE_LOOP('',(#1758));
#264=EDGE_LOOP('',(#1759));
#265=EDGE_LOOP('',(#1760,#1761,#1762,#1763));
#266=EDGE_LOOP('',(#1764,#1765,#1766,#1767));
#267=EDGE_LOOP('',(#1768,#1769,#1770,#1771));
#268=EDGE_LOOP('',(#1772,#1773,#1774,#1775));
#269=EDGE_LOOP('',(#1776,#1777,#1778,#1779));
#270=B_SPLINE_CURVE_WITH_KNOTS('',3,(#2599,#2600,#2601,#2602,#2603,#2604,
#2605,#2606,#2607,#2608,#2609,#2610,#2611,#2612),.UNSPECIFIED.,.F.,.F.,
(4,2,2,2,2,2,4),(1.76851766487279,1.77459624874418,1.82690405717204,1.87921186559991,
1.9840493714574,2.03646812438615,2.0452092910809),.UNSPECIFIED.);
#271=B_SPLINE_CURVE_WITH_KNOTS('',3,(#2616,#2617,#2618,#2619,#2620,#2621,
#2622,#2623,#2624,#2625,#2626,#2627,#2628,#2629),.UNSPECIFIED.,.F.,.F.,
(4,2,2,2,2,2,4),(1.08812102489144,1.09686219158619,1.14928094451494,1.25411845037243,
1.30642625880029,1.35873406722816,1.36481265109954),.UNSPECIFIED.);
#272=B_SPLINE_CURVE_WITH_KNOTS('',3,(#2639,#2640,#2641,#2642,#2643,#2644,
#2645,#2646,#2647,#2648,#2649,#2650,#2651,#2652),.UNSPECIFIED.,.F.,.F.,
(4,2,2,2,2,2,4),(1.76851766487279,1.77459624874418,1.82690405717204,1.87921186559991,
1.9840493714574,2.03646812438615,2.0452092910809),.UNSPECIFIED.);
#273=B_SPLINE_CURVE_WITH_KNOTS('',3,(#2656,#2657,#2658,#2659,#2660,#2661,
#2662,#2663,#2664,#2665,#2666,#2667,#2668,#2669),.UNSPECIFIED.,.F.,.F.,
(4,2,2,2,2,2,4),(1.08812102489144,1.09686219158619,1.14928094451494,1.25411845037243,
1.30642625880029,1.35873406722816,1.36481265109954),.UNSPECIFIED.);
#274=B_SPLINE_CURVE_WITH_KNOTS('',3,(#2679,#2680,#2681,#2682,#2683,#2684,
#2685,#2686,#2687,#2688,#2689,#2690,#2691,#2692),.UNSPECIFIED.,.F.,.F.,
(4,2,2,2,2,2,4),(1.76851766487279,1.77459624874418,1.82690405717204,1.87921186559991,
1.9840493714574,2.03646812438614,2.0452092910809),.UNSPECIFIED.);
#275=B_SPLINE_CURVE_WITH_KNOTS('',3,(#2696,#2697,#2698,#2699,#2700,#2701,
#2702,#2703,#2704,#2705,#2706,#2707,#2708,#2709),.UNSPECIFIED.,.F.,.F.,
(4,2,2,2,2,2,4),(1.08812102489144,1.09686219158619,1.14928094451493,1.25411845037242,
1.30642625880029,1.35873406722815,1.36481265109954),.UNSPECIFIED.);
#276=B_SPLINE_CURVE_WITH_KNOTS('',3,(#2741,#2742,#2743,#2744,#2745,#2746,
#2747,#2748,#2749,#2750,#2751,#2752,#2753,#2754),.UNSPECIFIED.,.F.,.F.,
(4,2,2,2,2,2,4),(0.724074226215348,0.730152810086734,0.7824606185146,0.834768426942465,
0.939605932799955,0.9920246857287,1.00076585242345),.UNSPECIFIED.);
#277=B_SPLINE_CURVE_WITH_KNOTS('',3,(#2758,#2759,#2760,#2761,#2762,#2763,
#2764,#2765,#2766,#2767,#2768,#2769,#2770,#2771),.UNSPECIFIED.,.F.,.F.,
(4,2,2,2,2,2,4),(0.0436775862339943,0.052418752928745,0.10483750585749,
0.20967501171498,0.261982820142846,0.314290628570711,0.320369212442098),
 .UNSPECIFIED.);
#278=B_SPLINE_CURVE_WITH_KNOTS('',3,(#2781,#2782,#2783,#2784,#2785,#2786,
#2787,#2788,#2789,#2790,#2791,#2792,#2793,#2794),.UNSPECIFIED.,.F.,.F.,
(4,2,2,2,2,2,4),(0.724074226215348,0.730152810086734,0.7824606185146,0.834768426942465,
0.939605932799955,0.9920246857287,1.00076585242345),.UNSPECIFIED.);
#279=B_SPLINE_CURVE_WITH_KNOTS('',3,(#2798,#2799,#2800,#2801,#2802,#2803,
#2804,#2805,#2806,#2807,#2808,#2809,#2810,#2811),.UNSPECIFIED.,.F.,.F.,
(4,2,2,2,2,2,4),(0.0436775862339943,0.052418752928745,0.10483750585749,
0.20967501171498,0.261982820142846,0.314290628570711,0.320369212442098),
 .UNSPECIFIED.);
#280=B_SPLINE_CURVE_WITH_KNOTS('',3,(#2821,#2822,#2823,#2824,#2825,#2826,
#2827,#2828,#2829,#2830,#2831,#2832,#2833,#2834),.UNSPECIFIED.,.F.,.F.,
(4,2,2,2,2,2,4),(0.724074226215348,0.730152810086734,0.7824606185146,0.834768426942465,
0.939605932799955,0.9920246857287,1.00076585242345),.UNSPECIFIED.);
#281=B_SPLINE_CURVE_WITH_KNOTS('',3,(#2838,#2839,#2840,#2841,#2842,#2843,
#2844,#2845,#2846,#2847,#2848,#2849,#2850,#2851),.UNSPECIFIED.,.F.,.F.,
(4,2,2,2,2,2,4),(0.0436775862339943,0.0524187529287449,0.10483750585749,
0.209675011714979,0.261982820142845,0.31429062857071,0.320369212442097),
 .UNSPECIFIED.);
#282=ELLIPSE('',#1907,8.26433229817978,1.75);
#283=ELLIPSE('',#1909,8.26433229817978,1.75);
#284=ELLIPSE('',#1912,8.26433229817978,1.75);
#285=ELLIPSE('',#1914,8.26433229817978,1.75);
#286=ELLIPSE('',#1917,8.26433229817978,1.75);
#287=ELLIPSE('',#1919,8.26433229817978,1.75);
#288=ELLIPSE('',#1928,8.26433229817978,1.75);
#289=ELLIPSE('',#1930,8.26433229817978,1.75);
#290=ELLIPSE('',#1933,8.26433229817978,1.75);
#291=ELLIPSE('',#1935,8.26433229817978,1.75);
#292=ELLIPSE('',#1938,8.26433229817978,1.75);
#293=ELLIPSE('',#1940,8.26433229817978,1.75);
#294=ELLIPSE('',#2000,5.01746559523845,5.);
#295=ELLIPSE('',#2001,5.01746559523845,5.);
#296=ELLIPSE('',#2007,5.01746559523845,5.);
#297=ELLIPSE('',#2011,7.07106781186547,5.);
#298=ELLIPSE('',#2015,7.07106781186547,5.);
#299=ELLIPSE('',#2017,5.01746559523845,5.);
#300=ELLIPSE('',#2031,5.01746559523845,5.);
#301=ELLIPSE('',#2032,5.01746559523845,5.);
#302=ELLIPSE('',#2038,5.01746559523845,5.);
#303=ELLIPSE('',#2042,7.07106781186547,5.);
#304=ELLIPSE('',#2046,7.07106781186547,5.);
#305=ELLIPSE('',#2048,5.01746559523845,5.);
#306=LINE('',#2595,#500);
#307=LINE('',#2635,#501);
#308=LINE('',#2675,#502);
#309=LINE('',#2713,#503);
#310=LINE('',#2715,#504);
#311=LINE('',#2717,#505);
#312=LINE('',#2719,#506);
#313=LINE('',#2720,#507);
#314=LINE('',#2721,#508);
#315=LINE('',#2722,#509);
#316=LINE('',#2725,#510);
#317=LINE('',#2730,#511);
#318=LINE('',#2732,#512);
#319=LINE('',#2737,#513);
#320=LINE('',#2777,#514);
#321=LINE('',#2817,#515);
#322=LINE('',#2854,#516);
#323=LINE('',#2855,#517);
#324=LINE('',#2857,#518);
#325=LINE('',#2859,#519);
#326=LINE('',#2861,#520);
#327=LINE('',#2863,#521);
#328=LINE('',#2864,#522);
#329=LINE('',#2867,#523);
#330=LINE('',#2870,#524);
#331=LINE('',#2872,#525);
#332=LINE('',#2876,#526);
#333=LINE('',#2880,#527);
#334=LINE('',#2881,#528);
#335=LINE('',#2883,#529);
#336=LINE('',#2887,#530);
#337=LINE('',#2891,#531);
#338=LINE('',#2893,#532);
#339=LINE('',#2895,#533);
#340=LINE('',#2899,#534);
#341=LINE('',#2905,#535);
#342=LINE('',#2911,#536);
#343=LINE('',#2915,#537);
#344=LINE('',#2917,#538);
#345=LINE('',#2919,#539);
#346=LINE('',#2923,#540);
#347=LINE('',#2926,#541);
#348=LINE('',#2928,#542);
#349=LINE('',#2930,#543);
#350=LINE('',#2934,#544);
#351=LINE('',#2935,#545);
#352=LINE('',#2939,#546);
#353=LINE('',#2941,#547);
#354=LINE('',#2945,#548);
#355=LINE('',#2946,#549);
#356=LINE('',#2948,#550);
#357=LINE('',#2952,#551);
#358=LINE('',#2956,#552);
#359=LINE('',#2958,#553);
#360=LINE('',#2960,#554);
#361=LINE('',#2964,#555);
#362=LINE('',#2970,#556);
#363=LINE('',#2976,#557);
#364=LINE('',#2980,#558);
#365=LINE('',#2982,#559);
#366=LINE('',#2984,#560);
#367=LINE('',#2988,#561);
#368=LINE('',#2992,#562);
#369=LINE('',#2995,#563);
#370=LINE('',#2997,#564);
#371=LINE('',#3000,#565);
#372=LINE('',#3004,#566);
#373=LINE('',#3006,#567);
#374=LINE('',#3008,#568);
#375=LINE('',#3009,#569);
#376=LINE('',#3013,#570);
#377=LINE('',#3015,#571);
#378=LINE('',#3017,#572);
#379=LINE('',#3018,#573);
#380=LINE('',#3020,#574);
#381=LINE('',#3021,#575);
#382=LINE('',#3023,#576);
#383=LINE('',#3024,#577);
#384=LINE('',#3027,#578);
#385=LINE('',#3028,#579);
#386=LINE('',#3032,#580);
#387=LINE('',#3034,#581);
#388=LINE('',#3036,#582);
#389=LINE('',#3037,#583);
#390=LINE('',#3040,#584);
#391=LINE('',#3042,#585);
#392=LINE('',#3043,#586);
#393=LINE('',#3046,#587);
#394=LINE('',#3048,#588);
#395=LINE('',#3049,#589);
#396=LINE('',#3051,#590);
#397=LINE('',#3052,#591);
#398=LINE('',#3056,#592);
#399=LINE('',#3058,#593);
#400=LINE('',#3060,#594);
#401=LINE('',#3061,#595);
#402=LINE('',#3064,#596);
#403=LINE('',#3066,#597);
#404=LINE('',#3067,#598);
#405=LINE('',#3070,#599);
#406=LINE('',#3072,#600);
#407=LINE('',#3073,#601);
#408=LINE('',#3075,#602);
#409=LINE('',#3076,#603);
#410=LINE('',#3080,#604);
#411=LINE('',#3082,#605);
#412=LINE('',#3084,#606);
#413=LINE('',#3085,#607);
#414=LINE('',#3088,#608);
#415=LINE('',#3090,#609);
#416=LINE('',#3091,#610);
#417=LINE('',#3094,#611);
#418=LINE('',#3096,#612);
#419=LINE('',#3097,#613);
#420=LINE('',#3099,#614);
#421=LINE('',#3100,#615);
#422=LINE('',#3104,#616);
#423=LINE('',#3106,#617);
#424=LINE('',#3108,#618);
#425=LINE('',#3109,#619);
#426=LINE('',#3112,#620);
#427=LINE('',#3114,#621);
#428=LINE('',#3115,#622);
#429=LINE('',#3118,#623);
#430=LINE('',#3120,#624);
#431=LINE('',#3121,#625);
#432=LINE('',#3123,#626);
#433=LINE('',#3124,#627);
#434=LINE('',#3126,#628);
#435=LINE('',#3127,#629);
#436=LINE('',#3129,#630);
#437=LINE('',#3134,#631);
#438=LINE('',#3135,#632);
#439=LINE('',#3138,#633);
#440=LINE('',#3142,#634);
#441=LINE('',#3146,#635);
#442=LINE('',#3147,#636);
#443=LINE('',#3151,#637);
#444=LINE('',#3156,#638);
#445=LINE('',#3157,#639);
#446=LINE('',#3160,#640);
#447=LINE('',#3163,#641);
#448=LINE('',#3168,#642);
#449=LINE('',#3169,#643);
#450=LINE('',#3172,#644);
#451=LINE('',#3175,#645);
#452=LINE('',#3176,#646);
#453=LINE('',#3178,#647);
#454=LINE('',#3180,#648);
#455=LINE('',#3181,#649);
#456=LINE('',#3184,#650);
#457=LINE('',#3189,#651);
#458=LINE('',#3191,#652);
#459=LINE('',#3194,#653);
#460=LINE('',#3199,#654);
#461=LINE('',#3202,#655);
#462=LINE('',#3203,#656);
#463=LINE('',#3205,#657);
#464=LINE('',#3206,#658);
#465=LINE('',#3208,#659);
#466=LINE('',#3213,#660);
#467=LINE('',#3214,#661);
#468=LINE('',#3216,#662);
#469=LINE('',#3218,#663);
#470=LINE('',#3220,#664);
#471=LINE('',#3222,#665);
#472=LINE('',#3224,#666);
#473=LINE('',#3225,#667);
#474=LINE('',#3228,#668);
#475=LINE('',#3230,#669);
#476=LINE('',#3234,#670);
#477=LINE('',#3237,#671);
#478=LINE('',#3240,#672);
#479=LINE('',#3245,#673);
#480=LINE('',#3248,#674);
#481=LINE('',#3251,#675);
#482=LINE('',#3255,#676);
#483=LINE('',#3258,#677);
#484=LINE('',#3261,#678);
#485=LINE('',#3262,#679);
#486=LINE('',#3265,#680);
#487=LINE('',#3266,#681);
#488=LINE('',#3267,#682);
#489=LINE('',#3270,#683);
#490=LINE('',#3274,#684);
#491=LINE('',#3277,#685);
#492=LINE('',#3284,#686);
#493=LINE('',#3287,#687);
#494=LINE('',#3288,#688);
#495=LINE('',#3290,#689);
#496=LINE('',#3294,#690);
#497=LINE('',#3297,#691);
#498=LINE('',#3298,#692);
#499=LINE('',#3300,#693);
#500=VECTOR('',#2074,1.75);
#501=VECTOR('',#2085,1.75);
#502=VECTOR('',#2096,1.75);
#503=VECTOR('',#2105,10.);
#504=VECTOR('',#2106,10.);
#505=VECTOR('',#2107,10.);
#506=VECTOR('',#2108,10.);
#507=VECTOR('',#2109,10.);
#508=VECTOR('',#2110,10.);
#509=VECTOR('',#2111,10.);
#510=VECTOR('',#2114,10.);
#511=VECTOR('',#2121,10.);
#512=VECTOR('',#2124,10.);
#513=VECTOR('',#2129,1.75);
#514=VECTOR('',#2140,1.75);
#515=VECTOR('',#2151,1.75);
#516=VECTOR('',#2160,10.);
#517=VECTOR('',#2161,10.);
#518=VECTOR('',#2162,10.);
#519=VECTOR('',#2163,10.);
#520=VECTOR('',#2164,10.);
#521=VECTOR('',#2165,10.);
#522=VECTOR('',#2166,10.);
#523=VECTOR('',#2169,10.);
#524=VECTOR('',#2174,10.);
#525=VECTOR('',#2177,10.);
#526=VECTOR('',#2180,10.);
#527=VECTOR('',#2183,10.);
#528=VECTOR('',#2184,10.);
#529=VECTOR('',#2185,10.);
#530=VECTOR('',#2188,10.);
#531=VECTOR('',#2191,10.);
#532=VECTOR('',#2192,10.);
#533=VECTOR('',#2193,10.);
#534=VECTOR('',#2196,10.);
#535=VECTOR('',#2201,10.);
#536=VECTOR('',#2206,10.);
#537=VECTOR('',#2209,10.);
#538=VECTOR('',#2210,10.);
#539=VECTOR('',#2211,10.);
#540=VECTOR('',#2214,10.);
#541=VECTOR('',#2217,10.);
#542=VECTOR('',#2218,10.);
#543=VECTOR('',#2219,10.);
#544=VECTOR('',#2222,10.);
#545=VECTOR('',#2223,10.);
#546=VECTOR('',#2226,10.);
#547=VECTOR('',#2227,10.);
#548=VECTOR('',#2230,10.);
#549=VECTOR('',#2231,10.);
#550=VECTOR('',#2232,10.);
#551=VECTOR('',#2235,10.);
#552=VECTOR('',#2238,10.);
#553=VECTOR('',#2239,10.);
#554=VECTOR('',#2240,10.);
#555=VECTOR('',#2243,10.);
#556=VECTOR('',#2248,10.);
#557=VECTOR('',#2253,10.);
#558=VECTOR('',#2256,10.);
#559=VECTOR('',#2257,10.);
#560=VECTOR('',#2258,10.);
#561=VECTOR('',#2261,10.);
#562=VECTOR('',#2264,10.);
#563=VECTOR('',#2267,10.);
#564=VECTOR('',#2268,10.);
#565=VECTOR('',#2271,10.);
#566=VECTOR('',#2274,10.);
#567=VECTOR('',#2275,10.);
#568=VECTOR('',#2276,10.);
#569=VECTOR('',#2277,10.);
#570=VECTOR('',#2280,10.);
#571=VECTOR('',#2281,10.);
#572=VECTOR('',#2282,10.);
#573=VECTOR('',#2283,10.);
#574=VECTOR('',#2286,10.);
#575=VECTOR('',#2287,10.);
#576=VECTOR('',#2290,10.);
#577=VECTOR('',#2291,10.);
#578=VECTOR('',#2296,10.);
#579=VECTOR('',#2297,10.);
#580=VECTOR('',#2300,10.);
#581=VECTOR('',#2301,10.);
#582=VECTOR('',#2302,10.);
#583=VECTOR('',#2303,10.);
#584=VECTOR('',#2306,10.);
#585=VECTOR('',#2307,10.);
#586=VECTOR('',#2308,10.);
#587=VECTOR('',#2311,10.);
#588=VECTOR('',#2312,10.);
#589=VECTOR('',#2313,10.);
#590=VECTOR('',#2316,10.);
#591=VECTOR('',#2317,10.);
#592=VECTOR('',#2320,10.);
#593=VECTOR('',#2321,10.);
#594=VECTOR('',#2322,10.);
#595=VECTOR('',#2323,10.);
#596=VECTOR('',#2326,10.);
#597=VECTOR('',#2327,10.);
#598=VECTOR('',#2328,10.);
#599=VECTOR('',#2331,10.);
#600=VECTOR('',#2332,10.);
#601=VECTOR('',#2333,10.);
#602=VECTOR('',#2336,10.);
#603=VECTOR('',#2337,10.);
#604=VECTOR('',#2340,10.);
#605=VECTOR('',#2341,10.);
#606=VECTOR('',#2342,10.);
#607=VECTOR('',#2343,10.);
#608=VECTOR('',#2346,10.);
#609=VECTOR('',#2347,10.);
#610=VECTOR('',#2348,10.);
#611=VECTOR('',#2351,10.);
#612=VECTOR('',#2352,10.);
#613=VECTOR('',#2353,10.);
#614=VECTOR('',#2356,10.);
#615=VECTOR('',#2357,10.);
#616=VECTOR('',#2360,10.);
#617=VECTOR('',#2361,10.);
#618=VECTOR('',#2362,10.);
#619=VECTOR('',#2363,10.);
#620=VECTOR('',#2366,10.);
#621=VECTOR('',#2367,10.);
#622=VECTOR('',#2368,10.);
#623=VECTOR('',#2371,10.);
#624=VECTOR('',#2372,10.);
#625=VECTOR('',#2373,10.);
#626=VECTOR('',#2376,10.);
#627=VECTOR('',#2377,10.);
#628=VECTOR('',#2380,10.);
#629=VECTOR('',#2381,10.);
#630=VECTOR('',#2384,10.);
#631=VECTOR('',#2389,7.5);
#632=VECTOR('',#2390,10.);
#633=VECTOR('',#2393,10.);
#634=VECTOR('',#2396,10.);
#635=VECTOR('',#2399,10.);
#636=VECTOR('',#2400,7.5);
#637=VECTOR('',#2405,10.);
#638=VECTOR('',#2410,10.);
#639=VECTOR('',#2411,10.);
#640=VECTOR('',#2414,10.);
#641=VECTOR('',#2417,10.);
#642=VECTOR('',#2422,10.);
#643=VECTOR('',#2423,10.);
#644=VECTOR('',#2426,10.);
#645=VECTOR('',#2431,10.);
#646=VECTOR('',#2432,10.);
#647=VECTOR('',#2435,10.);
#648=VECTOR('',#2436,10.);
#649=VECTOR('',#2437,10.);
#650=VECTOR('',#2440,10.);
#651=VECTOR('',#2447,10.);
#652=VECTOR('',#2450,10.);
#653=VECTOR('',#2453,10.);
#654=VECTOR('',#2460,10.);
#655=VECTOR('',#2465,10.);
#656=VECTOR('',#2466,10.);
#657=VECTOR('',#2469,10.);
#658=VECTOR('',#2470,10.);
#659=VECTOR('',#2473,10.);
#660=VECTOR('',#2478,7.5);
#661=VECTOR('',#2479,7.5);
#662=VECTOR('',#2482,10.);
#663=VECTOR('',#2483,10.);
#664=VECTOR('',#2484,10.);
#665=VECTOR('',#2485,10.);
#666=VECTOR('',#2486,10.);
#667=VECTOR('',#2487,10.);
#668=VECTOR('',#2490,7.5);
#669=VECTOR('',#2491,10.);
#670=VECTOR('',#2494,10.);
#671=VECTOR('',#2497,10.);
#672=VECTOR('',#2500,7.5);
#673=VECTOR('',#2507,10.);
#674=VECTOR('',#2510,10.);
#675=VECTOR('',#2513,10.);
#676=VECTOR('',#2518,10.);
#677=VECTOR('',#2521,10.);
#678=VECTOR('',#2526,10.);
#679=VECTOR('',#2527,10.);
#680=VECTOR('',#2530,10.);
#681=VECTOR('',#2531,10.);
#682=VECTOR('',#2532,10.);
#683=VECTOR('',#2535,10.);
#684=VECTOR('',#2540,10.);
#685=VECTOR('',#2545,10.);
#686=VECTOR('',#2558,10.);
#687=VECTOR('',#2563,10.);
#688=VECTOR('',#2564,10.);
#689=VECTOR('',#2567,10.);
#690=VECTOR('',#2574,10.);
#691=VECTOR('',#2579,10.);
#692=VECTOR('',#2580,10.);
#693=VECTOR('',#2583,10.);
#694=CIRCLE('',#1906,1.75000000000001);
#695=CIRCLE('',#1908,1.75);
#696=CIRCLE('',#1911,1.75000000000001);
#697=CIRCLE('',#1913,1.75);
#698=CIRCLE('',#1916,1.75000000000001);
#699=CIRCLE('',#1918,1.75);
#700=CIRCLE('',#1922,2.);
#701=CIRCLE('',#1924,2.);
#702=CIRCLE('',#1927,1.75000000000001);
#703=CIRCLE('',#1929,1.75);
#704=CIRCLE('',#1932,1.75000000000001);
#705=CIRCLE('',#1934,1.75);
#706=CIRCLE('',#1937,1.75000000000001);
#707=CIRCLE('',#1939,1.75);
#708=CIRCLE('',#1943,2.);
#709=CIRCLE('',#1947,1.);
#710=CIRCLE('',#1948,100.);
#711=CIRCLE('',#1949,5.);
#712=CIRCLE('',#1950,5.);
#713=CIRCLE('',#1951,7.5);
#714=CIRCLE('',#1952,5.);
#715=CIRCLE('',#1953,5.);
#716=CIRCLE('',#1954,7.5);
#717=CIRCLE('',#1955,5.);
#718=CIRCLE('',#1956,5.);
#719=CIRCLE('',#1957,100.);
#720=CIRCLE('',#1958,1.);
#721=CIRCLE('',#1960,1.);
#722=CIRCLE('',#1961,100.);
#723=CIRCLE('',#1962,5.);
#724=CIRCLE('',#1963,5.);
#725=CIRCLE('',#1964,7.5);
#726=CIRCLE('',#1965,5.);
#727=CIRCLE('',#1966,5.);
#728=CIRCLE('',#1967,7.5);
#729=CIRCLE('',#1968,5.);
#730=CIRCLE('',#1969,5.);
#731=CIRCLE('',#1970,100.);
#732=CIRCLE('',#1971,2.);
#733=CIRCLE('',#1972,1.);
#734=CIRCLE('',#1998,7.5);
#735=CIRCLE('',#2003,7.5);
#736=CIRCLE('',#2005,100.);
#737=CIRCLE('',#2009,100.);
#738=CIRCLE('',#2020,5.);
#739=CIRCLE('',#2022,5.);
#740=CIRCLE('',#2028,7.5);
#741=CIRCLE('',#2034,7.5);
#742=CIRCLE('',#2036,100.);
#743=CIRCLE('',#2040,100.);
#744=CIRCLE('',#2051,5.);
#745=CIRCLE('',#2053,5.);
#746=VERTEX_POINT('',#2592);
#747=VERTEX_POINT('',#2594);
#748=VERTEX_POINT('',#2596);
#749=VERTEX_POINT('',#2598);
#750=VERTEX_POINT('',#2613);
#751=VERTEX_POINT('',#2615);
#752=VERTEX_POINT('',#2632);
#753=VERTEX_POINT('',#2634);
#754=VERTEX_POINT('',#2636);
#755=VERTEX_POINT('',#2638);
#756=VERTEX_POINT('',#2653);
#757=VERTEX_POINT('',#2655);
#758=VERTEX_POINT('',#2672);
#759=VERTEX_POINT('',#2674);
#760=VERTEX_POINT('',#2676);
#761=VERTEX_POINT('',#2678);
#762=VERTEX_POINT('',#2693);
#763=VERTEX_POINT('',#2695);
#764=VERTEX_POINT('',#2712);
#765=VERTEX_POINT('',#2714);
#766=VERTEX_POINT('',#2716);
#767=VERTEX_POINT('',#2718);
#768=VERTEX_POINT('',#2724);
#769=VERTEX_POINT('',#2728);
#770=VERTEX_POINT('',#2734);
#771=VERTEX_POINT('',#2736);
#772=VERTEX_POINT('',#2738);
#773=VERTEX_POINT('',#2740);
#774=VERTEX_POINT('',#2755);
#775=VERTEX_POINT('',#2757);
#776=VERTEX_POINT('',#2774);
#777=VERTEX_POINT('',#2776);
#778=VERTEX_POINT('',#2778);
#779=VERTEX_POINT('',#2780);
#780=VERTEX_POINT('',#2795);
#781=VERTEX_POINT('',#2797);
#782=VERTEX_POINT('',#2814);
#783=VERTEX_POINT('',#2816);
#784=VERTEX_POINT('',#2818);
#785=VERTEX_POINT('',#2820);
#786=VERTEX_POINT('',#2835);
#787=VERTEX_POINT('',#2837);
#788=VERTEX_POINT('',#2856);
#789=VERTEX_POINT('',#2858);
#790=VERTEX_POINT('',#2860);
#791=VERTEX_POINT('',#2862);
#792=VERTEX_POINT('',#2866);
#793=VERTEX_POINT('',#2874);
#794=VERTEX_POINT('',#2875);
#795=VERTEX_POINT('',#2877);
#796=VERTEX_POINT('',#2879);
#797=VERTEX_POINT('',#2882);
#798=VERTEX_POINT('',#2884);
#799=VERTEX_POINT('',#2886);
#800=VERTEX_POINT('',#2888);
#801=VERTEX_POINT('',#2890);
#802=VERTEX_POINT('',#2892);
#803=VERTEX_POINT('',#2894);
#804=VERTEX_POINT('',#2896);
#805=VERTEX_POINT('',#2898);
#806=VERTEX_POINT('',#2900);
#807=VERTEX_POINT('',#2902);
#808=VERTEX_POINT('',#2904);
#809=VERTEX_POINT('',#2906);
#810=VERTEX_POINT('',#2908);
#811=VERTEX_POINT('',#2910);
#812=VERTEX_POINT('',#2912);
#813=VERTEX_POINT('',#2914);
#814=VERTEX_POINT('',#2916);
#815=VERTEX_POINT('',#2918);
#816=VERTEX_POINT('',#2920);
#817=VERTEX_POINT('',#2922);
#818=VERTEX_POINT('',#2924);
#819=VERTEX_POINT('',#2927);
#820=VERTEX_POINT('',#2929);
#821=VERTEX_POINT('',#2931);
#822=VERTEX_POINT('',#2933);
#823=VERTEX_POINT('',#2937);
#824=VERTEX_POINT('',#2938);
#825=VERTEX_POINT('',#2940);
#826=VERTEX_POINT('',#2942);
#827=VERTEX_POINT('',#2944);
#828=VERTEX_POINT('',#2947);
#829=VERTEX_POINT('',#2949);
#830=VERTEX_POINT('',#2951);
#831=VERTEX_POINT('',#2953);
#832=VERTEX_POINT('',#2955);
#833=VERTEX_POINT('',#2957);
#834=VERTEX_POINT('',#2959);
#835=VERTEX_POINT('',#2961);
#836=VERTEX_POINT('',#2963);
#837=VERTEX_POINT('',#2965);
#838=VERTEX_POINT('',#2967);
#839=VERTEX_POINT('',#2969);
#840=VERTEX_POINT('',#2971);
#841=VERTEX_POINT('',#2973);
#842=VERTEX_POINT('',#2975);
#843=VERTEX_POINT('',#2977);
#844=VERTEX_POINT('',#2979);
#845=VERTEX_POINT('',#2981);
#846=VERTEX_POINT('',#2983);
#847=VERTEX_POINT('',#2985);
#848=VERTEX_POINT('',#2987);
#849=VERTEX_POINT('',#2989);
#850=VERTEX_POINT('',#2991);
#851=VERTEX_POINT('',#2994);
#852=VERTEX_POINT('',#2996);
#853=VERTEX_POINT('',#2998);
#854=VERTEX_POINT('',#3002);
#855=VERTEX_POINT('',#3003);
#856=VERTEX_POINT('',#3005);
#857=VERTEX_POINT('',#3007);
#858=VERTEX_POINT('',#3011);
#859=VERTEX_POINT('',#3012);
#860=VERTEX_POINT('',#3014);
#861=VERTEX_POINT('',#3016);
#862=VERTEX_POINT('',#3030);
#863=VERTEX_POINT('',#3031);
#864=VERTEX_POINT('',#3033);
#865=VERTEX_POINT('',#3035);
#866=VERTEX_POINT('',#3039);
#867=VERTEX_POINT('',#3041);
#868=VERTEX_POINT('',#3045);
#869=VERTEX_POINT('',#3047);
#870=VERTEX_POINT('',#3054);
#871=VERTEX_POINT('',#3055);
#872=VERTEX_POINT('',#3057);
#873=VERTEX_POINT('',#3059);
#874=VERTEX_POINT('',#3063);
#875=VERTEX_POINT('',#3065);
#876=VERTEX_POINT('',#3069);
#877=VERTEX_POINT('',#3071);
#878=VERTEX_POINT('',#3078);
#879=VERTEX_POINT('',#3079);
#880=VERTEX_POINT('',#3081);
#881=VERTEX_POINT('',#3083);
#882=VERTEX_POINT('',#3087);
#883=VERTEX_POINT('',#3089);
#884=VERTEX_POINT('',#3093);
#885=VERTEX_POINT('',#3095);
#886=VERTEX_POINT('',#3102);
#887=VERTEX_POINT('',#3103);
#888=VERTEX_POINT('',#3105);
#889=VERTEX_POINT('',#3107);
#890=VERTEX_POINT('',#3111);
#891=VERTEX_POINT('',#3113);
#892=VERTEX_POINT('',#3117);
#893=VERTEX_POINT('',#3119);
#894=VERTEX_POINT('',#3131);
#895=VERTEX_POINT('',#3132);
#896=VERTEX_POINT('',#3137);
#897=VERTEX_POINT('',#3139);
#898=VERTEX_POINT('',#3141);
#899=VERTEX_POINT('',#3143);
#900=VERTEX_POINT('',#3145);
#901=VERTEX_POINT('',#3149);
#902=VERTEX_POINT('',#3153);
#903=VERTEX_POINT('',#3154);
#904=VERTEX_POINT('',#3159);
#905=VERTEX_POINT('',#3161);
#906=VERTEX_POINT('',#3165);
#907=VERTEX_POINT('',#3166);
#908=VERTEX_POINT('',#3171);
#909=VERTEX_POINT('',#3179);
#910=VERTEX_POINT('',#3183);
#911=VERTEX_POINT('',#3187);
#912=VERTEX_POINT('',#3193);
#913=VERTEX_POINT('',#3197);
#914=VERTEX_POINT('',#3210);
#915=VERTEX_POINT('',#3211);
#916=VERTEX_POINT('',#3217);
#917=VERTEX_POINT('',#3219);
#918=VERTEX_POINT('',#3221);
#919=VERTEX_POINT('',#3223);
#920=VERTEX_POINT('',#3227);
#921=VERTEX_POINT('',#3229);
#922=VERTEX_POINT('',#3231);
#923=VERTEX_POINT('',#3233);
#924=VERTEX_POINT('',#3235);
#925=VERTEX_POINT('',#3239);
#926=VERTEX_POINT('',#3243);
#927=VERTEX_POINT('',#3247);
#928=VERTEX_POINT('',#3249);
#929=VERTEX_POINT('',#3253);
#930=VERTEX_POINT('',#3257);
#931=VERTEX_POINT('',#3264);
#932=VERTEX_POINT('',#3269);
#933=VERTEX_POINT('',#3273);
#934=EDGE_CURVE('',#746,#746,#694,.T.);
#935=EDGE_CURVE('',#746,#747,#306,.T.);
#936=EDGE_CURVE('',#748,#747,#282,.T.);
#937=EDGE_CURVE('',#749,#748,#270,.T.);
#938=EDGE_CURVE('',#750,#749,#695,.T.);
#939=EDGE_CURVE('',#751,#750,#271,.T.);
#940=EDGE_CURVE('',#747,#751,#283,.T.);
#941=EDGE_CURVE('',#752,#752,#696,.T.);
#942=EDGE_CURVE('',#752,#753,#307,.T.);
#943=EDGE_CURVE('',#754,#753,#284,.T.);
#944=EDGE_CURVE('',#755,#754,#272,.T.);
#945=EDGE_CURVE('',#756,#755,#697,.T.);
#946=EDGE_CURVE('',#757,#756,#273,.T.);
#947=EDGE_CURVE('',#753,#757,#285,.T.);
#948=EDGE_CURVE('',#758,#758,#698,.T.);
#949=EDGE_CURVE('',#758,#759,#308,.T.);
#950=EDGE_CURVE('',#760,#759,#286,.T.);
#951=EDGE_CURVE('',#761,#760,#274,.T.);
#952=EDGE_CURVE('',#762,#761,#699,.T.);
#953=EDGE_CURVE('',#763,#762,#275,.T.);
#954=EDGE_CURVE('',#759,#763,#287,.T.);
#955=EDGE_CURVE('',#749,#764,#309,.T.);
#956=EDGE_CURVE('',#765,#764,#310,.T.);
#957=EDGE_CURVE('',#765,#766,#311,.T.);
#958=EDGE_CURVE('',#767,#766,#312,.T.);
#959=EDGE_CURVE('',#767,#762,#313,.T.);
#960=EDGE_CURVE('',#761,#756,#314,.T.);
#961=EDGE_CURVE('',#755,#750,#315,.T.);
#962=EDGE_CURVE('',#748,#768,#316,.T.);
#963=EDGE_CURVE('',#764,#768,#700,.T.);
#964=EDGE_CURVE('',#769,#767,#701,.T.);
#965=EDGE_CURVE('',#769,#763,#317,.T.);
#966=EDGE_CURVE('',#760,#757,#318,.T.);
#967=EDGE_CURVE('',#770,#770,#702,.T.);
#968=EDGE_CURVE('',#770,#771,#319,.T.);
#969=EDGE_CURVE('',#772,#771,#288,.T.);
#970=EDGE_CURVE('',#773,#772,#276,.T.);
#971=EDGE_CURVE('',#774,#773,#703,.T.);
#972=EDGE_CURVE('',#775,#774,#277,.T.);
#973=EDGE_CURVE('',#771,#775,#289,.T.);
#974=EDGE_CURVE('',#776,#776,#704,.T.);
#975=EDGE_CURVE('',#776,#777,#320,.T.);
#976=EDGE_CURVE('',#778,#777,#290,.T.);
#977=EDGE_CURVE('',#779,#778,#278,.T.);
#978=EDGE_CURVE('',#780,#779,#705,.T.);
#979=EDGE_CURVE('',#781,#780,#279,.T.);
#980=EDGE_CURVE('',#777,#781,#291,.T.);
#981=EDGE_CURVE('',#782,#782,#706,.T.);
#982=EDGE_CURVE('',#782,#783,#321,.T.);
#983=EDGE_CURVE('',#784,#783,#292,.T.);
#984=EDGE_CURVE('',#785,#784,#280,.T.);
#985=EDGE_CURVE('',#786,#785,#707,.T.);
#986=EDGE_CURVE('',#787,#786,#281,.T.);
#987=EDGE_CURVE('',#783,#787,#293,.T.);
#988=EDGE_CURVE('',#773,#780,#322,.T.);
#989=EDGE_CURVE('',#779,#786,#323,.T.);
#990=EDGE_CURVE('',#785,#788,#324,.T.);
#991=EDGE_CURVE('',#789,#788,#325,.T.);
#992=EDGE_CURVE('',#790,#789,#326,.T.);
#993=EDGE_CURVE('',#791,#790,#327,.T.);
#994=EDGE_CURVE('',#791,#774,#328,.T.);
#995=EDGE_CURVE('',#792,#784,#329,.T.);
#996=EDGE_CURVE('',#788,#792,#708,.T.);
#997=EDGE_CURVE('',#787,#778,#330,.T.);
#998=EDGE_CURVE('',#781,#772,#331,.T.);
#999=EDGE_CURVE('',#793,#794,#332,.T.);
#1000=EDGE_CURVE('',#794,#795,#709,.T.);
#1001=EDGE_CURVE('',#795,#796,#333,.T.);
#1002=EDGE_CURVE('',#796,#789,#334,.T.);
#1003=EDGE_CURVE('',#792,#797,#335,.T.);
#1004=EDGE_CURVE('',#797,#798,#710,.T.);
#1005=EDGE_CURVE('',#798,#799,#336,.T.);
#1006=EDGE_CURVE('',#799,#800,#711,.T.);
#1007=EDGE_CURVE('',#800,#801,#337,.T.);
#1008=EDGE_CURVE('',#801,#802,#338,.T.);
#1009=EDGE_CURVE('',#802,#803,#339,.T.);
#1010=EDGE_CURVE('',#803,#804,#712,.T.);
#1011=EDGE_CURVE('',#804,#805,#340,.T.);
#1012=EDGE_CURVE('',#805,#806,#713,.T.);
#1013=EDGE_CURVE('',#806,#807,#714,.T.);
#1014=EDGE_CURVE('',#807,#808,#341,.T.);
#1015=EDGE_CURVE('',#808,#809,#715,.T.);
#1016=EDGE_CURVE('',#809,#810,#716,.T.);
#1017=EDGE_CURVE('',#810,#811,#342,.T.);
#1018=EDGE_CURVE('',#811,#812,#717,.T.);
#1019=EDGE_CURVE('',#812,#813,#343,.T.);
#1020=EDGE_CURVE('',#813,#814,#344,.T.);
#1021=EDGE_CURVE('',#814,#815,#345,.T.);
#1022=EDGE_CURVE('',#815,#816,#718,.T.);
#1023=EDGE_CURVE('',#816,#817,#346,.T.);
#1024=EDGE_CURVE('',#817,#818,#719,.T.);
#1025=EDGE_CURVE('',#818,#769,#347,.T.);
#1026=EDGE_CURVE('',#766,#819,#348,.T.);
#1027=EDGE_CURVE('',#819,#820,#349,.T.);
#1028=EDGE_CURVE('',#820,#821,#720,.T.);
#1029=EDGE_CURVE('',#821,#822,#350,.T.);
#1030=EDGE_CURVE('',#793,#822,#351,.T.);
#1031=EDGE_CURVE('',#823,#824,#352,.T.);
#1032=EDGE_CURVE('',#823,#825,#353,.T.);
#1033=EDGE_CURVE('',#825,#826,#721,.T.);
#1034=EDGE_CURVE('',#826,#827,#354,.T.);
#1035=EDGE_CURVE('',#827,#765,#355,.T.);
#1036=EDGE_CURVE('',#768,#828,#356,.T.);
#1037=EDGE_CURVE('',#828,#829,#722,.T.);
#1038=EDGE_CURVE('',#829,#830,#357,.T.);
#1039=EDGE_CURVE('',#830,#831,#723,.T.);
#1040=EDGE_CURVE('',#831,#832,#358,.T.);
#1041=EDGE_CURVE('',#832,#833,#359,.T.);
#1042=EDGE_CURVE('',#833,#834,#360,.T.);
#1043=EDGE_CURVE('',#834,#835,#724,.T.);
#1044=EDGE_CURVE('',#835,#836,#361,.T.);
#1045=EDGE_CURVE('',#836,#837,#725,.T.);
#1046=EDGE_CURVE('',#837,#838,#726,.T.);
#1047=EDGE_CURVE('',#838,#839,#362,.T.);
#1048=EDGE_CURVE('',#839,#840,#727,.T.);
#1049=EDGE_CURVE('',#840,#841,#728,.T.);
#1050=EDGE_CURVE('',#841,#842,#363,.T.);
#1051=EDGE_CURVE('',#842,#843,#729,.T.);
#1052=EDGE_CURVE('',#843,#844,#364,.T.);
#1053=EDGE_CURVE('',#844,#845,#365,.T.);
#1054=EDGE_CURVE('',#845,#846,#366,.T.);
#1055=EDGE_CURVE('',#846,#847,#730,.T.);
#1056=EDGE_CURVE('',#847,#848,#367,.T.);
#1057=EDGE_CURVE('',#848,#849,#731,.T.);
#1058=EDGE_CURVE('',#849,#850,#368,.T.);
#1059=EDGE_CURVE('',#850,#791,#732,.T.);
#1060=EDGE_CURVE('',#790,#851,#369,.T.);
#1061=EDGE_CURVE('',#851,#852,#370,.T.);
#1062=EDGE_CURVE('',#852,#853,#733,.T.);
#1063=EDGE_CURVE('',#853,#824,#371,.T.);
#1064=EDGE_CURVE('',#854,#855,#372,.T.);
#1065=EDGE_CURVE('',#855,#856,#373,.T.);
#1066=EDGE_CURVE('',#856,#857,#374,.T.);
#1067=EDGE_CURVE('',#857,#854,#375,.T.);
#1068=EDGE_CURVE('',#858,#859,#376,.T.);
#1069=EDGE_CURVE('',#859,#860,#377,.T.);
#1070=EDGE_CURVE('',#860,#861,#378,.T.);
#1071=EDGE_CURVE('',#858,#861,#379,.T.);
#1072=EDGE_CURVE('',#859,#854,#380,.T.);
#1073=EDGE_CURVE('',#855,#858,#381,.T.);
#1074=EDGE_CURVE('',#857,#860,#382,.T.);
#1075=EDGE_CURVE('',#861,#856,#383,.T.);
#1076=EDGE_CURVE('',#823,#822,#384,.T.);
#1077=EDGE_CURVE('',#793,#824,#385,.T.);
#1078=EDGE_CURVE('',#862,#863,#386,.T.);
#1079=EDGE_CURVE('',#864,#862,#387,.T.);
#1080=EDGE_CURVE('',#865,#864,#388,.T.);
#1081=EDGE_CURVE('',#865,#863,#389,.T.);
#1082=EDGE_CURVE('',#863,#866,#390,.T.);
#1083=EDGE_CURVE('',#867,#865,#391,.T.);
#1084=EDGE_CURVE('',#867,#866,#392,.T.);
#1085=EDGE_CURVE('',#866,#868,#393,.T.);
#1086=EDGE_CURVE('',#869,#867,#394,.T.);
#1087=EDGE_CURVE('',#869,#868,#395,.T.);
#1088=EDGE_CURVE('',#868,#862,#396,.T.);
#1089=EDGE_CURVE('',#864,#869,#397,.T.);
#1090=EDGE_CURVE('',#870,#871,#398,.T.);
#1091=EDGE_CURVE('',#872,#870,#399,.T.);
#1092=EDGE_CURVE('',#873,#872,#400,.T.);
#1093=EDGE_CURVE('',#873,#871,#401,.T.);
#1094=EDGE_CURVE('',#871,#874,#402,.T.);
#1095=EDGE_CURVE('',#875,#873,#403,.T.);
#1096=EDGE_CURVE('',#875,#874,#404,.T.);
#1097=EDGE_CURVE('',#874,#876,#405,.T.);
#1098=EDGE_CURVE('',#877,#875,#406,.T.);
#1099=EDGE_CURVE('',#877,#876,#407,.T.);
#1100=EDGE_CURVE('',#876,#870,#408,.T.);
#1101=EDGE_CURVE('',#872,#877,#409,.T.);
#1102=EDGE_CURVE('',#878,#879,#410,.T.);
#1103=EDGE_CURVE('',#880,#878,#411,.T.);
#1104=EDGE_CURVE('',#881,#880,#412,.T.);
#1105=EDGE_CURVE('',#881,#879,#413,.T.);
#1106=EDGE_CURVE('',#879,#882,#414,.T.);
#1107=EDGE_CURVE('',#883,#881,#415,.T.);
#1108=EDGE_CURVE('',#883,#882,#416,.T.);
#1109=EDGE_CURVE('',#882,#884,#417,.T.);
#1110=EDGE_CURVE('',#885,#883,#418,.T.);
#1111=EDGE_CURVE('',#885,#884,#419,.T.);
#1112=EDGE_CURVE('',#884,#878,#420,.T.);
#1113=EDGE_CURVE('',#880,#885,#421,.T.);
#1114=EDGE_CURVE('',#886,#887,#422,.T.);
#1115=EDGE_CURVE('',#888,#886,#423,.T.);
#1116=EDGE_CURVE('',#889,#888,#424,.T.);
#1117=EDGE_CURVE('',#889,#887,#425,.T.);
#1118=EDGE_CURVE('',#887,#890,#426,.T.);
#1119=EDGE_CURVE('',#891,#889,#427,.T.);
#1120=EDGE_CURVE('',#891,#890,#428,.T.);
#1121=EDGE_CURVE('',#890,#892,#429,.T.);
#1122=EDGE_CURVE('',#893,#891,#430,.T.);
#1123=EDGE_CURVE('',#893,#892,#431,.T.);
#1124=EDGE_CURVE('',#892,#886,#432,.T.);
#1125=EDGE_CURVE('',#888,#893,#433,.T.);
#1126=EDGE_CURVE('',#834,#812,#434,.T.);
#1127=EDGE_CURVE('',#811,#835,#435,.T.);
#1128=EDGE_CURVE('',#813,#833,#436,.T.);
#1129=EDGE_CURVE('',#894,#895,#734,.F.);
#1130=EDGE_CURVE('',#810,#895,#437,.T.);
#1131=EDGE_CURVE('',#894,#809,#438,.T.);
#1132=EDGE_CURVE('',#896,#895,#439,.T.);
#1133=EDGE_CURVE('',#896,#897,#294,.T.);
#1134=EDGE_CURVE('',#897,#898,#440,.T.);
#1135=EDGE_CURVE('',#898,#899,#295,.T.);
#1136=EDGE_CURVE('',#899,#900,#441,.T.);
#1137=EDGE_CURVE('',#900,#836,#442,.T.);
#1138=EDGE_CURVE('',#901,#900,#735,.T.);
#1139=EDGE_CURVE('',#837,#901,#443,.T.);
#1140=EDGE_CURVE('',#902,#903,#736,.T.);
#1141=EDGE_CURVE('',#902,#818,#444,.T.);
#1142=EDGE_CURVE('',#903,#817,#445,.T.);
#1143=EDGE_CURVE('',#816,#904,#446,.T.);
#1144=EDGE_CURVE('',#904,#905,#296,.T.);
#1145=EDGE_CURVE('',#903,#905,#447,.T.);
#1146=EDGE_CURVE('',#906,#907,#737,.T.);
#1147=EDGE_CURVE('',#829,#906,#448,.T.);
#1148=EDGE_CURVE('',#828,#907,#449,.T.);
#1149=EDGE_CURVE('',#908,#815,#450,.T.);
#1150=EDGE_CURVE('',#904,#908,#297,.T.);
#1151=EDGE_CURVE('',#905,#896,#451,.T.);
#1152=EDGE_CURVE('',#897,#908,#452,.T.);
#1153=EDGE_CURVE('',#814,#832,#453,.T.);
#1154=EDGE_CURVE('',#831,#909,#454,.T.);
#1155=EDGE_CURVE('',#909,#898,#455,.T.);
#1156=EDGE_CURVE('',#910,#830,#456,.T.);
#1157=EDGE_CURVE('',#909,#910,#298,.T.);
#1158=EDGE_CURVE('',#911,#910,#299,.T.);
#1159=EDGE_CURVE('',#899,#911,#457,.T.);
#1160=EDGE_CURVE('',#906,#911,#458,.T.);
#1161=EDGE_CURVE('',#912,#907,#459,.T.);
#1162=EDGE_CURVE('',#901,#912,#738,.T.);
#1163=EDGE_CURVE('',#913,#894,#739,.T.);
#1164=EDGE_CURVE('',#902,#913,#460,.T.);
#1165=EDGE_CURVE('',#754,#751,#461,.T.);
#1166=EDGE_CURVE('',#912,#913,#462,.T.);
#1167=EDGE_CURVE('',#804,#842,#463,.T.);
#1168=EDGE_CURVE('',#803,#843,#464,.T.);
#1169=EDGE_CURVE('',#844,#802,#465,.T.);
#1170=EDGE_CURVE('',#914,#915,#740,.F.);
#1171=EDGE_CURVE('',#914,#806,#466,.T.);
#1172=EDGE_CURVE('',#805,#915,#467,.T.);
#1173=EDGE_CURVE('',#775,#850,#468,.T.);
#1174=EDGE_CURVE('',#916,#849,#469,.T.);
#1175=EDGE_CURVE('',#916,#917,#470,.T.);
#1176=EDGE_CURVE('',#917,#918,#471,.T.);
#1177=EDGE_CURVE('',#918,#919,#472,.T.);
#1178=EDGE_CURVE('',#919,#797,#473,.T.);
#1179=EDGE_CURVE('',#920,#841,#474,.T.);
#1180=EDGE_CURVE('',#921,#920,#475,.T.);
#1181=EDGE_CURVE('',#922,#921,#300,.T.);
#1182=EDGE_CURVE('',#923,#922,#476,.T.);
#1183=EDGE_CURVE('',#924,#923,#301,.T.);
#1184=EDGE_CURVE('',#924,#915,#477,.T.);
#1185=EDGE_CURVE('',#840,#925,#478,.T.);
#1186=EDGE_CURVE('',#925,#920,#741,.T.);
#1187=EDGE_CURVE('',#919,#926,#742,.T.);
#1188=EDGE_CURVE('',#926,#798,#479,.T.);
#1189=EDGE_CURVE('',#926,#927,#480,.T.);
#1190=EDGE_CURVE('',#928,#927,#302,.T.);
#1191=EDGE_CURVE('',#799,#928,#481,.T.);
#1192=EDGE_CURVE('',#929,#916,#743,.T.);
#1193=EDGE_CURVE('',#929,#848,#482,.T.);
#1194=EDGE_CURVE('',#930,#800,#483,.T.);
#1195=EDGE_CURVE('',#928,#930,#303,.T.);
#1196=EDGE_CURVE('',#927,#924,#484,.T.);
#1197=EDGE_CURVE('',#923,#930,#485,.T.);
#1198=EDGE_CURVE('',#931,#922,#486,.T.);
#1199=EDGE_CURVE('',#846,#931,#487,.T.);
#1200=EDGE_CURVE('',#801,#845,#488,.T.);
#1201=EDGE_CURVE('',#932,#847,#489,.T.);
#1202=EDGE_CURVE('',#931,#932,#304,.T.);
#1203=EDGE_CURVE('',#921,#933,#490,.T.);
#1204=EDGE_CURVE('',#933,#932,#305,.T.);
#1205=EDGE_CURVE('',#929,#933,#491,.T.);
#1206=EDGE_CURVE('',#917,#925,#744,.T.);
#1207=EDGE_CURVE('',#914,#918,#745,.T.);
#1208=EDGE_CURVE('',#839,#807,#492,.T.);
#1209=EDGE_CURVE('',#853,#794,#493,.T.);
#1210=EDGE_CURVE('',#852,#795,#494,.T.);
#1211=EDGE_CURVE('',#851,#796,#495,.T.);
#1212=EDGE_CURVE('',#808,#838,#496,.T.);
#1213=EDGE_CURVE('',#820,#826,#497,.T.);
#1214=EDGE_CURVE('',#821,#825,#498,.T.);
#1215=EDGE_CURVE('',#827,#819,#499,.T.);
#1216=ORIENTED_EDGE('',*,*,#934,.F.);
#1217=ORIENTED_EDGE('',*,*,#935,.T.);
#1218=ORIENTED_EDGE('',*,*,#936,.F.);
#1219=ORIENTED_EDGE('',*,*,#937,.F.);
#1220=ORIENTED_EDGE('',*,*,#938,.F.);
#1221=ORIENTED_EDGE('',*,*,#939,.F.);
#1222=ORIENTED_EDGE('',*,*,#940,.F.);
#1223=ORIENTED_EDGE('',*,*,#935,.F.);
#1224=ORIENTED_EDGE('',*,*,#941,.F.);
#1225=ORIENTED_EDGE('',*,*,#942,.T.);
#1226=ORIENTED_EDGE('',*,*,#943,.F.);
#1227=ORIENTED_EDGE('',*,*,#944,.F.);
#1228=ORIENTED_EDGE('',*,*,#945,.F.);
#1229=ORIENTED_EDGE('',*,*,#946,.F.);
#1230=ORIENTED_EDGE('',*,*,#947,.F.);
#1231=ORIENTED_EDGE('',*,*,#942,.F.);
#1232=ORIENTED_EDGE('',*,*,#948,.F.);
#1233=ORIENTED_EDGE('',*,*,#949,.T.);
#1234=ORIENTED_EDGE('',*,*,#950,.F.);
#1235=ORIENTED_EDGE('',*,*,#951,.F.);
#1236=ORIENTED_EDGE('',*,*,#952,.F.);
#1237=ORIENTED_EDGE('',*,*,#953,.F.);
#1238=ORIENTED_EDGE('',*,*,#954,.F.);
#1239=ORIENTED_EDGE('',*,*,#949,.F.);
#1240=ORIENTED_EDGE('',*,*,#938,.T.);
#1241=ORIENTED_EDGE('',*,*,#955,.T.);
#1242=ORIENTED_EDGE('',*,*,#956,.F.);
#1243=ORIENTED_EDGE('',*,*,#957,.T.);
#1244=ORIENTED_EDGE('',*,*,#958,.F.);
#1245=ORIENTED_EDGE('',*,*,#959,.T.);
#1246=ORIENTED_EDGE('',*,*,#952,.T.);
#1247=ORIENTED_EDGE('',*,*,#960,.T.);
#1248=ORIENTED_EDGE('',*,*,#945,.T.);
#1249=ORIENTED_EDGE('',*,*,#961,.T.);
#1250=ORIENTED_EDGE('',*,*,#937,.T.);
#1251=ORIENTED_EDGE('',*,*,#962,.T.);
#1252=ORIENTED_EDGE('',*,*,#963,.F.);
#1253=ORIENTED_EDGE('',*,*,#955,.F.);
#1254=ORIENTED_EDGE('',*,*,#953,.T.);
#1255=ORIENTED_EDGE('',*,*,#959,.F.);
#1256=ORIENTED_EDGE('',*,*,#964,.F.);
#1257=ORIENTED_EDGE('',*,*,#965,.T.);
#1258=ORIENTED_EDGE('',*,*,#946,.T.);
#1259=ORIENTED_EDGE('',*,*,#960,.F.);
#1260=ORIENTED_EDGE('',*,*,#951,.T.);
#1261=ORIENTED_EDGE('',*,*,#966,.T.);
#1262=ORIENTED_EDGE('',*,*,#967,.F.);
#1263=ORIENTED_EDGE('',*,*,#968,.T.);
#1264=ORIENTED_EDGE('',*,*,#969,.F.);
#1265=ORIENTED_EDGE('',*,*,#970,.F.);
#1266=ORIENTED_EDGE('',*,*,#971,.F.);
#1267=ORIENTED_EDGE('',*,*,#972,.F.);
#1268=ORIENTED_EDGE('',*,*,#973,.F.);
#1269=ORIENTED_EDGE('',*,*,#968,.F.);
#1270=ORIENTED_EDGE('',*,*,#974,.F.);
#1271=ORIENTED_EDGE('',*,*,#975,.T.);
#1272=ORIENTED_EDGE('',*,*,#976,.F.);
#1273=ORIENTED_EDGE('',*,*,#977,.F.);
#1274=ORIENTED_EDGE('',*,*,#978,.F.);
#1275=ORIENTED_EDGE('',*,*,#979,.F.);
#1276=ORIENTED_EDGE('',*,*,#980,.F.);
#1277=ORIENTED_EDGE('',*,*,#975,.F.);
#1278=ORIENTED_EDGE('',*,*,#981,.F.);
#1279=ORIENTED_EDGE('',*,*,#982,.T.);
#1280=ORIENTED_EDGE('',*,*,#983,.F.);
#1281=ORIENTED_EDGE('',*,*,#984,.F.);
#1282=ORIENTED_EDGE('',*,*,#985,.F.);
#1283=ORIENTED_EDGE('',*,*,#986,.F.);
#1284=ORIENTED_EDGE('',*,*,#987,.F.);
#1285=ORIENTED_EDGE('',*,*,#982,.F.);
#1286=ORIENTED_EDGE('',*,*,#971,.T.);
#1287=ORIENTED_EDGE('',*,*,#988,.T.);
#1288=ORIENTED_EDGE('',*,*,#978,.T.);
#1289=ORIENTED_EDGE('',*,*,#989,.T.);
#1290=ORIENTED_EDGE('',*,*,#985,.T.);
#1291=ORIENTED_EDGE('',*,*,#990,.T.);
#1292=ORIENTED_EDGE('',*,*,#991,.F.);
#1293=ORIENTED_EDGE('',*,*,#992,.F.);
#1294=ORIENTED_EDGE('',*,*,#993,.F.);
#1295=ORIENTED_EDGE('',*,*,#994,.T.);
#1296=ORIENTED_EDGE('',*,*,#984,.T.);
#1297=ORIENTED_EDGE('',*,*,#995,.F.);
#1298=ORIENTED_EDGE('',*,*,#996,.F.);
#1299=ORIENTED_EDGE('',*,*,#990,.F.);
#1300=ORIENTED_EDGE('',*,*,#977,.T.);
#1301=ORIENTED_EDGE('',*,*,#997,.F.);
#1302=ORIENTED_EDGE('',*,*,#986,.T.);
#1303=ORIENTED_EDGE('',*,*,#989,.F.);
#1304=ORIENTED_EDGE('',*,*,#970,.T.);
#1305=ORIENTED_EDGE('',*,*,#998,.F.);
#1306=ORIENTED_EDGE('',*,*,#979,.T.);
#1307=ORIENTED_EDGE('',*,*,#988,.F.);
#1308=ORIENTED_EDGE('',*,*,#999,.T.);
#1309=ORIENTED_EDGE('',*,*,#1000,.T.);
#1310=ORIENTED_EDGE('',*,*,#1001,.T.);
#1311=ORIENTED_EDGE('',*,*,#1002,.T.);
#1312=ORIENTED_EDGE('',*,*,#991,.T.);
#1313=ORIENTED_EDGE('',*,*,#996,.T.);
#1314=ORIENTED_EDGE('',*,*,#1003,.T.);
#1315=ORIENTED_EDGE('',*,*,#1004,.T.);
#1316=ORIENTED_EDGE('',*,*,#1005,.T.);
#1317=ORIENTED_EDGE('',*,*,#1006,.T.);
#1318=ORIENTED_EDGE('',*,*,#1007,.T.);
#1319=ORIENTED_EDGE('',*,*,#1008,.T.);
#1320=ORIENTED_EDGE('',*,*,#1009,.T.);
#1321=ORIENTED_EDGE('',*,*,#1010,.T.);
#1322=ORIENTED_EDGE('',*,*,#1011,.T.);
#1323=ORIENTED_EDGE('',*,*,#1012,.T.);
#1324=ORIENTED_EDGE('',*,*,#1013,.T.);
#1325=ORIENTED_EDGE('',*,*,#1014,.T.);
#1326=ORIENTED_EDGE('',*,*,#1015,.T.);
#1327=ORIENTED_EDGE('',*,*,#1016,.T.);
#1328=ORIENTED_EDGE('',*,*,#1017,.T.);
#1329=ORIENTED_EDGE('',*,*,#1018,.T.);
#1330=ORIENTED_EDGE('',*,*,#1019,.T.);
#1331=ORIENTED_EDGE('',*,*,#1020,.T.);
#1332=ORIENTED_EDGE('',*,*,#1021,.T.);
#1333=ORIENTED_EDGE('',*,*,#1022,.T.);
#1334=ORIENTED_EDGE('',*,*,#1023,.T.);
#1335=ORIENTED_EDGE('',*,*,#1024,.T.);
#1336=ORIENTED_EDGE('',*,*,#1025,.T.);
#1337=ORIENTED_EDGE('',*,*,#964,.T.);
#1338=ORIENTED_EDGE('',*,*,#958,.T.);
#1339=ORIENTED_EDGE('',*,*,#1026,.T.);
#1340=ORIENTED_EDGE('',*,*,#1027,.T.);
#1341=ORIENTED_EDGE('',*,*,#1028,.T.);
#1342=ORIENTED_EDGE('',*,*,#1029,.T.);
#1343=ORIENTED_EDGE('',*,*,#1030,.F.);
#1344=ORIENTED_EDGE('',*,*,#1031,.F.);
#1345=ORIENTED_EDGE('',*,*,#1032,.T.);
#1346=ORIENTED_EDGE('',*,*,#1033,.T.);
#1347=ORIENTED_EDGE('',*,*,#1034,.T.);
#1348=ORIENTED_EDGE('',*,*,#1035,.T.);
#1349=ORIENTED_EDGE('',*,*,#956,.T.);
#1350=ORIENTED_EDGE('',*,*,#963,.T.);
#1351=ORIENTED_EDGE('',*,*,#1036,.T.);
#1352=ORIENTED_EDGE('',*,*,#1037,.T.);
#1353=ORIENTED_EDGE('',*,*,#1038,.T.);
#1354=ORIENTED_EDGE('',*,*,#1039,.T.);
#1355=ORIENTED_EDGE('',*,*,#1040,.T.);
#1356=ORIENTED_EDGE('',*,*,#1041,.T.);
#1357=ORIENTED_EDGE('',*,*,#1042,.T.);
#1358=ORIENTED_EDGE('',*,*,#1043,.T.);
#1359=ORIENTED_EDGE('',*,*,#1044,.T.);
#1360=ORIENTED_EDGE('',*,*,#1045,.T.);
#1361=ORIENTED_EDGE('',*,*,#1046,.T.);
#1362=ORIENTED_EDGE('',*,*,#1047,.T.);
#1363=ORIENTED_EDGE('',*,*,#1048,.T.);
#1364=ORIENTED_EDGE('',*,*,#1049,.T.);
#1365=ORIENTED_EDGE('',*,*,#1050,.T.);
#1366=ORIENTED_EDGE('',*,*,#1051,.T.);
#1367=ORIENTED_EDGE('',*,*,#1052,.T.);
#1368=ORIENTED_EDGE('',*,*,#1053,.T.);
#1369=ORIENTED_EDGE('',*,*,#1054,.T.);
#1370=ORIENTED_EDGE('',*,*,#1055,.T.);
#1371=ORIENTED_EDGE('',*,*,#1056,.T.);
#1372=ORIENTED_EDGE('',*,*,#1057,.T.);
#1373=ORIENTED_EDGE('',*,*,#1058,.T.);
#1374=ORIENTED_EDGE('',*,*,#1059,.T.);
#1375=ORIENTED_EDGE('',*,*,#993,.T.);
#1376=ORIENTED_EDGE('',*,*,#1060,.T.);
#1377=ORIENTED_EDGE('',*,*,#1061,.T.);
#1378=ORIENTED_EDGE('',*,*,#1062,.T.);
#1379=ORIENTED_EDGE('',*,*,#1063,.T.);
#1380=ORIENTED_EDGE('',*,*,#1064,.T.);
#1381=ORIENTED_EDGE('',*,*,#1065,.T.);
#1382=ORIENTED_EDGE('',*,*,#1066,.T.);
#1383=ORIENTED_EDGE('',*,*,#1067,.T.);
#1384=ORIENTED_EDGE('',*,*,#1068,.T.);
#1385=ORIENTED_EDGE('',*,*,#1069,.T.);
#1386=ORIENTED_EDGE('',*,*,#1070,.T.);
#1387=ORIENTED_EDGE('',*,*,#1071,.F.);
#1388=ORIENTED_EDGE('',*,*,#1072,.F.);
#1389=ORIENTED_EDGE('',*,*,#1068,.F.);
#1390=ORIENTED_EDGE('',*,*,#1073,.F.);
#1391=ORIENTED_EDGE('',*,*,#1064,.F.);
#1392=ORIENTED_EDGE('',*,*,#1074,.F.);
#1393=ORIENTED_EDGE('',*,*,#1066,.F.);
#1394=ORIENTED_EDGE('',*,*,#1075,.F.);
#1395=ORIENTED_EDGE('',*,*,#1070,.F.);
#1396=ORIENTED_EDGE('',*,*,#1069,.F.);
#1397=ORIENTED_EDGE('',*,*,#1072,.T.);
#1398=ORIENTED_EDGE('',*,*,#1067,.F.);
#1399=ORIENTED_EDGE('',*,*,#1074,.T.);
#1400=ORIENTED_EDGE('',*,*,#1030,.T.);
#1401=ORIENTED_EDGE('',*,*,#1076,.F.);
#1402=ORIENTED_EDGE('',*,*,#1031,.T.);
#1403=ORIENTED_EDGE('',*,*,#1077,.F.);
#1404=ORIENTED_EDGE('',*,*,#1065,.F.);
#1405=ORIENTED_EDGE('',*,*,#1073,.T.);
#1406=ORIENTED_EDGE('',*,*,#1071,.T.);
#1407=ORIENTED_EDGE('',*,*,#1075,.T.);
#1408=ORIENTED_EDGE('',*,*,#1078,.F.);
#1409=ORIENTED_EDGE('',*,*,#1079,.F.);
#1410=ORIENTED_EDGE('',*,*,#1080,.F.);
#1411=ORIENTED_EDGE('',*,*,#1081,.T.);
#1412=ORIENTED_EDGE('',*,*,#1082,.F.);
#1413=ORIENTED_EDGE('',*,*,#1081,.F.);
#1414=ORIENTED_EDGE('',*,*,#1083,.F.);
#1415=ORIENTED_EDGE('',*,*,#1084,.T.);
#1416=ORIENTED_EDGE('',*,*,#1085,.F.);
#1417=ORIENTED_EDGE('',*,*,#1084,.F.);
#1418=ORIENTED_EDGE('',*,*,#1086,.F.);
#1419=ORIENTED_EDGE('',*,*,#1087,.T.);
#1420=ORIENTED_EDGE('',*,*,#1088,.F.);
#1421=ORIENTED_EDGE('',*,*,#1087,.F.);
#1422=ORIENTED_EDGE('',*,*,#1089,.F.);
#1423=ORIENTED_EDGE('',*,*,#1079,.T.);
#1424=ORIENTED_EDGE('',*,*,#1090,.F.);
#1425=ORIENTED_EDGE('',*,*,#1091,.F.);
#1426=ORIENTED_EDGE('',*,*,#1092,.F.);
#1427=ORIENTED_EDGE('',*,*,#1093,.T.);
#1428=ORIENTED_EDGE('',*,*,#1094,.F.);
#1429=ORIENTED_EDGE('',*,*,#1093,.F.);
#1430=ORIENTED_EDGE('',*,*,#1095,.F.);
#1431=ORIENTED_EDGE('',*,*,#1096,.T.);
#1432=ORIENTED_EDGE('',*,*,#1097,.F.);
#1433=ORIENTED_EDGE('',*,*,#1096,.F.);
#1434=ORIENTED_EDGE('',*,*,#1098,.F.);
#1435=ORIENTED_EDGE('',*,*,#1099,.T.);
#1436=ORIENTED_EDGE('',*,*,#1100,.F.);
#1437=ORIENTED_EDGE('',*,*,#1099,.F.);
#1438=ORIENTED_EDGE('',*,*,#1101,.F.);
#1439=ORIENTED_EDGE('',*,*,#1091,.T.);
#1440=ORIENTED_EDGE('',*,*,#1102,.F.);
#1441=ORIENTED_EDGE('',*,*,#1103,.F.);
#1442=ORIENTED_EDGE('',*,*,#1104,.F.);
#1443=ORIENTED_EDGE('',*,*,#1105,.T.);
#1444=ORIENTED_EDGE('',*,*,#1106,.F.);
#1445=ORIENTED_EDGE('',*,*,#1105,.F.);
#1446=ORIENTED_EDGE('',*,*,#1107,.F.);
#1447=ORIENTED_EDGE('',*,*,#1108,.T.);
#1448=ORIENTED_EDGE('',*,*,#1109,.F.);
#1449=ORIENTED_EDGE('',*,*,#1108,.F.);
#1450=ORIENTED_EDGE('',*,*,#1110,.F.);
#1451=ORIENTED_EDGE('',*,*,#1111,.T.);
#1452=ORIENTED_EDGE('',*,*,#1112,.F.);
#1453=ORIENTED_EDGE('',*,*,#1111,.F.);
#1454=ORIENTED_EDGE('',*,*,#1113,.F.);
#1455=ORIENTED_EDGE('',*,*,#1103,.T.);
#1456=ORIENTED_EDGE('',*,*,#1114,.F.);
#1457=ORIENTED_EDGE('',*,*,#1115,.F.);
#1458=ORIENTED_EDGE('',*,*,#1116,.F.);
#1459=ORIENTED_EDGE('',*,*,#1117,.T.);
#1460=ORIENTED_EDGE('',*,*,#1118,.F.);
#1461=ORIENTED_EDGE('',*,*,#1117,.F.);
#1462=ORIENTED_EDGE('',*,*,#1119,.F.);
#1463=ORIENTED_EDGE('',*,*,#1120,.T.);
#1464=ORIENTED_EDGE('',*,*,#1121,.F.);
#1465=ORIENTED_EDGE('',*,*,#1120,.F.);
#1466=ORIENTED_EDGE('',*,*,#1122,.F.);
#1467=ORIENTED_EDGE('',*,*,#1123,.T.);
#1468=ORIENTED_EDGE('',*,*,#1124,.F.);
#1469=ORIENTED_EDGE('',*,*,#1123,.F.);
#1470=ORIENTED_EDGE('',*,*,#1125,.F.);
#1471=ORIENTED_EDGE('',*,*,#1115,.T.);
#1472=ORIENTED_EDGE('',*,*,#1126,.T.);
#1473=ORIENTED_EDGE('',*,*,#1018,.F.);
#1474=ORIENTED_EDGE('',*,*,#1127,.T.);
#1475=ORIENTED_EDGE('',*,*,#1043,.F.);
#1476=ORIENTED_EDGE('',*,*,#1126,.F.);
#1477=ORIENTED_EDGE('',*,*,#1042,.F.);
#1478=ORIENTED_EDGE('',*,*,#1128,.F.);
#1479=ORIENTED_EDGE('',*,*,#1019,.F.);
#1480=ORIENTED_EDGE('',*,*,#1129,.T.);
#1481=ORIENTED_EDGE('',*,*,#1130,.F.);
#1482=ORIENTED_EDGE('',*,*,#1016,.F.);
#1483=ORIENTED_EDGE('',*,*,#1131,.F.);
#1484=ORIENTED_EDGE('',*,*,#1127,.F.);
#1485=ORIENTED_EDGE('',*,*,#1017,.F.);
#1486=ORIENTED_EDGE('',*,*,#1130,.T.);
#1487=ORIENTED_EDGE('',*,*,#1132,.F.);
#1488=ORIENTED_EDGE('',*,*,#1133,.T.);
#1489=ORIENTED_EDGE('',*,*,#1134,.T.);
#1490=ORIENTED_EDGE('',*,*,#1135,.T.);
#1491=ORIENTED_EDGE('',*,*,#1136,.T.);
#1492=ORIENTED_EDGE('',*,*,#1137,.T.);
#1493=ORIENTED_EDGE('',*,*,#1044,.F.);
#1494=ORIENTED_EDGE('',*,*,#1137,.F.);
#1495=ORIENTED_EDGE('',*,*,#1138,.F.);
#1496=ORIENTED_EDGE('',*,*,#1139,.F.);
#1497=ORIENTED_EDGE('',*,*,#1045,.F.);
#1498=ORIENTED_EDGE('',*,*,#1140,.F.);
#1499=ORIENTED_EDGE('',*,*,#1141,.T.);
#1500=ORIENTED_EDGE('',*,*,#1024,.F.);
#1501=ORIENTED_EDGE('',*,*,#1142,.F.);
#1502=ORIENTED_EDGE('',*,*,#1142,.T.);
#1503=ORIENTED_EDGE('',*,*,#1023,.F.);
#1504=ORIENTED_EDGE('',*,*,#1143,.T.);
#1505=ORIENTED_EDGE('',*,*,#1144,.T.);
#1506=ORIENTED_EDGE('',*,*,#1145,.F.);
#1507=ORIENTED_EDGE('',*,*,#1146,.F.);
#1508=ORIENTED_EDGE('',*,*,#1147,.F.);
#1509=ORIENTED_EDGE('',*,*,#1037,.F.);
#1510=ORIENTED_EDGE('',*,*,#1148,.T.);
#1511=ORIENTED_EDGE('',*,*,#1149,.F.);
#1512=ORIENTED_EDGE('',*,*,#1150,.F.);
#1513=ORIENTED_EDGE('',*,*,#1143,.F.);
#1514=ORIENTED_EDGE('',*,*,#1022,.F.);
#1515=ORIENTED_EDGE('',*,*,#1151,.F.);
#1516=ORIENTED_EDGE('',*,*,#1144,.F.);
#1517=ORIENTED_EDGE('',*,*,#1150,.T.);
#1518=ORIENTED_EDGE('',*,*,#1152,.F.);
#1519=ORIENTED_EDGE('',*,*,#1133,.F.);
#1520=ORIENTED_EDGE('',*,*,#1149,.T.);
#1521=ORIENTED_EDGE('',*,*,#1021,.F.);
#1522=ORIENTED_EDGE('',*,*,#1153,.T.);
#1523=ORIENTED_EDGE('',*,*,#1040,.F.);
#1524=ORIENTED_EDGE('',*,*,#1154,.T.);
#1525=ORIENTED_EDGE('',*,*,#1155,.T.);
#1526=ORIENTED_EDGE('',*,*,#1134,.F.);
#1527=ORIENTED_EDGE('',*,*,#1152,.T.);
#1528=ORIENTED_EDGE('',*,*,#1156,.F.);
#1529=ORIENTED_EDGE('',*,*,#1157,.F.);
#1530=ORIENTED_EDGE('',*,*,#1154,.F.);
#1531=ORIENTED_EDGE('',*,*,#1039,.F.);
#1532=ORIENTED_EDGE('',*,*,#1155,.F.);
#1533=ORIENTED_EDGE('',*,*,#1157,.T.);
#1534=ORIENTED_EDGE('',*,*,#1158,.F.);
#1535=ORIENTED_EDGE('',*,*,#1159,.F.);
#1536=ORIENTED_EDGE('',*,*,#1135,.F.);
#1537=ORIENTED_EDGE('',*,*,#1147,.T.);
#1538=ORIENTED_EDGE('',*,*,#1160,.T.);
#1539=ORIENTED_EDGE('',*,*,#1158,.T.);
#1540=ORIENTED_EDGE('',*,*,#1156,.T.);
#1541=ORIENTED_EDGE('',*,*,#1038,.F.);
#1542=ORIENTED_EDGE('',*,*,#1159,.T.);
#1543=ORIENTED_EDGE('',*,*,#1160,.F.);
#1544=ORIENTED_EDGE('',*,*,#1146,.T.);
#1545=ORIENTED_EDGE('',*,*,#1161,.F.);
#1546=ORIENTED_EDGE('',*,*,#1162,.F.);
#1547=ORIENTED_EDGE('',*,*,#1138,.T.);
#1548=ORIENTED_EDGE('',*,*,#1136,.F.);
#1549=ORIENTED_EDGE('',*,*,#1151,.T.);
#1550=ORIENTED_EDGE('',*,*,#1132,.T.);
#1551=ORIENTED_EDGE('',*,*,#1129,.F.);
#1552=ORIENTED_EDGE('',*,*,#1163,.F.);
#1553=ORIENTED_EDGE('',*,*,#1164,.F.);
#1554=ORIENTED_EDGE('',*,*,#1140,.T.);
#1555=ORIENTED_EDGE('',*,*,#1145,.T.);
#1556=ORIENTED_EDGE('',*,*,#1128,.T.);
#1557=ORIENTED_EDGE('',*,*,#1041,.F.);
#1558=ORIENTED_EDGE('',*,*,#1153,.F.);
#1559=ORIENTED_EDGE('',*,*,#1020,.F.);
#1560=ORIENTED_EDGE('',*,*,#936,.T.);
#1561=ORIENTED_EDGE('',*,*,#940,.T.);
#1562=ORIENTED_EDGE('',*,*,#1165,.F.);
#1563=ORIENTED_EDGE('',*,*,#943,.T.);
#1564=ORIENTED_EDGE('',*,*,#947,.T.);
#1565=ORIENTED_EDGE('',*,*,#966,.F.);
#1566=ORIENTED_EDGE('',*,*,#950,.T.);
#1567=ORIENTED_EDGE('',*,*,#954,.T.);
#1568=ORIENTED_EDGE('',*,*,#965,.F.);
#1569=ORIENTED_EDGE('',*,*,#1025,.F.);
#1570=ORIENTED_EDGE('',*,*,#1141,.F.);
#1571=ORIENTED_EDGE('',*,*,#1164,.T.);
#1572=ORIENTED_EDGE('',*,*,#1166,.F.);
#1573=ORIENTED_EDGE('',*,*,#1161,.T.);
#1574=ORIENTED_EDGE('',*,*,#1148,.F.);
#1575=ORIENTED_EDGE('',*,*,#1036,.F.);
#1576=ORIENTED_EDGE('',*,*,#962,.F.);
#1577=ORIENTED_EDGE('',*,*,#1110,.T.);
#1578=ORIENTED_EDGE('',*,*,#1107,.T.);
#1579=ORIENTED_EDGE('',*,*,#1104,.T.);
#1580=ORIENTED_EDGE('',*,*,#1113,.T.);
#1581=ORIENTED_EDGE('',*,*,#1122,.T.);
#1582=ORIENTED_EDGE('',*,*,#1119,.T.);
#1583=ORIENTED_EDGE('',*,*,#1116,.T.);
#1584=ORIENTED_EDGE('',*,*,#1125,.T.);
#1585=ORIENTED_EDGE('',*,*,#1167,.F.);
#1586=ORIENTED_EDGE('',*,*,#1010,.F.);
#1587=ORIENTED_EDGE('',*,*,#1168,.T.);
#1588=ORIENTED_EDGE('',*,*,#1051,.F.);
#1589=ORIENTED_EDGE('',*,*,#1168,.F.);
#1590=ORIENTED_EDGE('',*,*,#1009,.F.);
#1591=ORIENTED_EDGE('',*,*,#1169,.F.);
#1592=ORIENTED_EDGE('',*,*,#1052,.F.);
#1593=ORIENTED_EDGE('',*,*,#1170,.F.);
#1594=ORIENTED_EDGE('',*,*,#1171,.T.);
#1595=ORIENTED_EDGE('',*,*,#1012,.F.);
#1596=ORIENTED_EDGE('',*,*,#1172,.T.);
#1597=ORIENTED_EDGE('',*,*,#969,.T.);
#1598=ORIENTED_EDGE('',*,*,#973,.T.);
#1599=ORIENTED_EDGE('',*,*,#1173,.T.);
#1600=ORIENTED_EDGE('',*,*,#1058,.F.);
#1601=ORIENTED_EDGE('',*,*,#1174,.F.);
#1602=ORIENTED_EDGE('',*,*,#1175,.T.);
#1603=ORIENTED_EDGE('',*,*,#1176,.T.);
#1604=ORIENTED_EDGE('',*,*,#1177,.T.);
#1605=ORIENTED_EDGE('',*,*,#1178,.T.);
#1606=ORIENTED_EDGE('',*,*,#1003,.F.);
#1607=ORIENTED_EDGE('',*,*,#995,.T.);
#1608=ORIENTED_EDGE('',*,*,#983,.T.);
#1609=ORIENTED_EDGE('',*,*,#987,.T.);
#1610=ORIENTED_EDGE('',*,*,#997,.T.);
#1611=ORIENTED_EDGE('',*,*,#976,.T.);
#1612=ORIENTED_EDGE('',*,*,#980,.T.);
#1613=ORIENTED_EDGE('',*,*,#998,.T.);
#1614=ORIENTED_EDGE('',*,*,#1086,.T.);
#1615=ORIENTED_EDGE('',*,*,#1083,.T.);
#1616=ORIENTED_EDGE('',*,*,#1080,.T.);
#1617=ORIENTED_EDGE('',*,*,#1089,.T.);
#1618=ORIENTED_EDGE('',*,*,#1098,.T.);
#1619=ORIENTED_EDGE('',*,*,#1095,.T.);
#1620=ORIENTED_EDGE('',*,*,#1092,.T.);
#1621=ORIENTED_EDGE('',*,*,#1101,.T.);
#1622=ORIENTED_EDGE('',*,*,#1167,.T.);
#1623=ORIENTED_EDGE('',*,*,#1050,.F.);
#1624=ORIENTED_EDGE('',*,*,#1179,.F.);
#1625=ORIENTED_EDGE('',*,*,#1180,.F.);
#1626=ORIENTED_EDGE('',*,*,#1181,.F.);
#1627=ORIENTED_EDGE('',*,*,#1182,.F.);
#1628=ORIENTED_EDGE('',*,*,#1183,.F.);
#1629=ORIENTED_EDGE('',*,*,#1184,.T.);
#1630=ORIENTED_EDGE('',*,*,#1172,.F.);
#1631=ORIENTED_EDGE('',*,*,#1011,.F.);
#1632=ORIENTED_EDGE('',*,*,#1185,.T.);
#1633=ORIENTED_EDGE('',*,*,#1186,.T.);
#1634=ORIENTED_EDGE('',*,*,#1179,.T.);
#1635=ORIENTED_EDGE('',*,*,#1049,.F.);
#1636=ORIENTED_EDGE('',*,*,#1187,.T.);
#1637=ORIENTED_EDGE('',*,*,#1188,.T.);
#1638=ORIENTED_EDGE('',*,*,#1004,.F.);
#1639=ORIENTED_EDGE('',*,*,#1178,.F.);
#1640=ORIENTED_EDGE('',*,*,#1188,.F.);
#1641=ORIENTED_EDGE('',*,*,#1189,.T.);
#1642=ORIENTED_EDGE('',*,*,#1190,.F.);
#1643=ORIENTED_EDGE('',*,*,#1191,.F.);
#1644=ORIENTED_EDGE('',*,*,#1005,.F.);
#1645=ORIENTED_EDGE('',*,*,#1192,.T.);
#1646=ORIENTED_EDGE('',*,*,#1174,.T.);
#1647=ORIENTED_EDGE('',*,*,#1057,.F.);
#1648=ORIENTED_EDGE('',*,*,#1193,.F.);
#1649=ORIENTED_EDGE('',*,*,#1194,.T.);
#1650=ORIENTED_EDGE('',*,*,#1006,.F.);
#1651=ORIENTED_EDGE('',*,*,#1191,.T.);
#1652=ORIENTED_EDGE('',*,*,#1195,.T.);
#1653=ORIENTED_EDGE('',*,*,#1196,.T.);
#1654=ORIENTED_EDGE('',*,*,#1183,.T.);
#1655=ORIENTED_EDGE('',*,*,#1197,.T.);
#1656=ORIENTED_EDGE('',*,*,#1195,.F.);
#1657=ORIENTED_EDGE('',*,*,#1190,.T.);
#1658=ORIENTED_EDGE('',*,*,#1194,.F.);
#1659=ORIENTED_EDGE('',*,*,#1197,.F.);
#1660=ORIENTED_EDGE('',*,*,#1182,.T.);
#1661=ORIENTED_EDGE('',*,*,#1198,.F.);
#1662=ORIENTED_EDGE('',*,*,#1199,.F.);
#1663=ORIENTED_EDGE('',*,*,#1054,.F.);
#1664=ORIENTED_EDGE('',*,*,#1200,.F.);
#1665=ORIENTED_EDGE('',*,*,#1007,.F.);
#1666=ORIENTED_EDGE('',*,*,#1201,.T.);
#1667=ORIENTED_EDGE('',*,*,#1055,.F.);
#1668=ORIENTED_EDGE('',*,*,#1199,.T.);
#1669=ORIENTED_EDGE('',*,*,#1202,.T.);
#1670=ORIENTED_EDGE('',*,*,#1198,.T.);
#1671=ORIENTED_EDGE('',*,*,#1181,.T.);
#1672=ORIENTED_EDGE('',*,*,#1203,.T.);
#1673=ORIENTED_EDGE('',*,*,#1204,.T.);
#1674=ORIENTED_EDGE('',*,*,#1202,.F.);
#1675=ORIENTED_EDGE('',*,*,#1193,.T.);
#1676=ORIENTED_EDGE('',*,*,#1056,.F.);
#1677=ORIENTED_EDGE('',*,*,#1201,.F.);
#1678=ORIENTED_EDGE('',*,*,#1204,.F.);
#1679=ORIENTED_EDGE('',*,*,#1205,.F.);
#1680=ORIENTED_EDGE('',*,*,#1203,.F.);
#1681=ORIENTED_EDGE('',*,*,#1180,.T.);
#1682=ORIENTED_EDGE('',*,*,#1186,.F.);
#1683=ORIENTED_EDGE('',*,*,#1206,.F.);
#1684=ORIENTED_EDGE('',*,*,#1175,.F.);
#1685=ORIENTED_EDGE('',*,*,#1192,.F.);
#1686=ORIENTED_EDGE('',*,*,#1205,.T.);
#1687=ORIENTED_EDGE('',*,*,#1196,.F.);
#1688=ORIENTED_EDGE('',*,*,#1189,.F.);
#1689=ORIENTED_EDGE('',*,*,#1187,.F.);
#1690=ORIENTED_EDGE('',*,*,#1177,.F.);
#1691=ORIENTED_EDGE('',*,*,#1207,.F.);
#1692=ORIENTED_EDGE('',*,*,#1170,.T.);
#1693=ORIENTED_EDGE('',*,*,#1184,.F.);
#1694=ORIENTED_EDGE('',*,*,#1200,.T.);
#1695=ORIENTED_EDGE('',*,*,#1053,.F.);
#1696=ORIENTED_EDGE('',*,*,#1169,.T.);
#1697=ORIENTED_EDGE('',*,*,#1008,.F.);
#1698=ORIENTED_EDGE('',*,*,#1207,.T.);
#1699=ORIENTED_EDGE('',*,*,#1176,.F.);
#1700=ORIENTED_EDGE('',*,*,#1206,.T.);
#1701=ORIENTED_EDGE('',*,*,#1185,.F.);
#1702=ORIENTED_EDGE('',*,*,#1048,.F.);
#1703=ORIENTED_EDGE('',*,*,#1208,.T.);
#1704=ORIENTED_EDGE('',*,*,#1013,.F.);
#1705=ORIENTED_EDGE('',*,*,#1171,.F.);
#1706=ORIENTED_EDGE('',*,*,#972,.T.);
#1707=ORIENTED_EDGE('',*,*,#994,.F.);
#1708=ORIENTED_EDGE('',*,*,#1059,.F.);
#1709=ORIENTED_EDGE('',*,*,#1173,.F.);
#1710=ORIENTED_EDGE('',*,*,#1209,.F.);
#1711=ORIENTED_EDGE('',*,*,#1062,.F.);
#1712=ORIENTED_EDGE('',*,*,#1210,.T.);
#1713=ORIENTED_EDGE('',*,*,#1000,.F.);
#1714=ORIENTED_EDGE('',*,*,#1210,.F.);
#1715=ORIENTED_EDGE('',*,*,#1061,.F.);
#1716=ORIENTED_EDGE('',*,*,#1211,.T.);
#1717=ORIENTED_EDGE('',*,*,#1001,.F.);
#1718=ORIENTED_EDGE('',*,*,#967,.T.);
#1719=ORIENTED_EDGE('',*,*,#974,.T.);
#1720=ORIENTED_EDGE('',*,*,#981,.T.);
#1721=ORIENTED_EDGE('',*,*,#1077,.T.);
#1722=ORIENTED_EDGE('',*,*,#1063,.F.);
#1723=ORIENTED_EDGE('',*,*,#1209,.T.);
#1724=ORIENTED_EDGE('',*,*,#999,.F.);
#1725=ORIENTED_EDGE('',*,*,#1085,.T.);
#1726=ORIENTED_EDGE('',*,*,#1088,.T.);
#1727=ORIENTED_EDGE('',*,*,#1078,.T.);
#1728=ORIENTED_EDGE('',*,*,#1082,.T.);
#1729=ORIENTED_EDGE('',*,*,#1097,.T.);
#1730=ORIENTED_EDGE('',*,*,#1100,.T.);
#1731=ORIENTED_EDGE('',*,*,#1090,.T.);
#1732=ORIENTED_EDGE('',*,*,#1094,.T.);
#1733=ORIENTED_EDGE('',*,*,#992,.T.);
#1734=ORIENTED_EDGE('',*,*,#1002,.F.);
#1735=ORIENTED_EDGE('',*,*,#1211,.F.);
#1736=ORIENTED_EDGE('',*,*,#1060,.F.);
#1737=ORIENTED_EDGE('',*,*,#1162,.T.);
#1738=ORIENTED_EDGE('',*,*,#1166,.T.);
#1739=ORIENTED_EDGE('',*,*,#1163,.T.);
#1740=ORIENTED_EDGE('',*,*,#1131,.T.);
#1741=ORIENTED_EDGE('',*,*,#1015,.F.);
#1742=ORIENTED_EDGE('',*,*,#1212,.T.);
#1743=ORIENTED_EDGE('',*,*,#1046,.F.);
#1744=ORIENTED_EDGE('',*,*,#1139,.T.);
#1745=ORIENTED_EDGE('',*,*,#939,.T.);
#1746=ORIENTED_EDGE('',*,*,#961,.F.);
#1747=ORIENTED_EDGE('',*,*,#944,.T.);
#1748=ORIENTED_EDGE('',*,*,#1165,.T.);
#1749=ORIENTED_EDGE('',*,*,#1213,.T.);
#1750=ORIENTED_EDGE('',*,*,#1033,.F.);
#1751=ORIENTED_EDGE('',*,*,#1214,.F.);
#1752=ORIENTED_EDGE('',*,*,#1028,.F.);
#1753=ORIENTED_EDGE('',*,*,#1213,.F.);
#1754=ORIENTED_EDGE('',*,*,#1027,.F.);
#1755=ORIENTED_EDGE('',*,*,#1215,.F.);
#1756=ORIENTED_EDGE('',*,*,#1034,.F.);
#1757=ORIENTED_EDGE('',*,*,#934,.T.);
#1758=ORIENTED_EDGE('',*,*,#941,.T.);
#1759=ORIENTED_EDGE('',*,*,#948,.T.);
#1760=ORIENTED_EDGE('',*,*,#1076,.T.);
#1761=ORIENTED_EDGE('',*,*,#1029,.F.);
#1762=ORIENTED_EDGE('',*,*,#1214,.T.);
#1763=ORIENTED_EDGE('',*,*,#1032,.F.);
#1764=ORIENTED_EDGE('',*,*,#1109,.T.);
#1765=ORIENTED_EDGE('',*,*,#1112,.T.);
#1766=ORIENTED_EDGE('',*,*,#1102,.T.);
#1767=ORIENTED_EDGE('',*,*,#1106,.T.);
#1768=ORIENTED_EDGE('',*,*,#1121,.T.);
#1769=ORIENTED_EDGE('',*,*,#1124,.T.);
#1770=ORIENTED_EDGE('',*,*,#1114,.T.);
#1771=ORIENTED_EDGE('',*,*,#1118,.T.);
#1772=ORIENTED_EDGE('',*,*,#1215,.T.);
#1773=ORIENTED_EDGE('',*,*,#1026,.F.);
#1774=ORIENTED_EDGE('',*,*,#957,.F.);
#1775=ORIENTED_EDGE('',*,*,#1035,.F.);
#1776=ORIENTED_EDGE('',*,*,#1212,.F.);
#1777=ORIENTED_EDGE('',*,*,#1014,.F.);
#1778=ORIENTED_EDGE('',*,*,#1208,.F.);
#1779=ORIENTED_EDGE('',*,*,#1047,.F.);
#1780=CYLINDRICAL_SURFACE('',#1905,1.75);
#1781=CYLINDRICAL_SURFACE('',#1910,1.75);
#1782=CYLINDRICAL_SURFACE('',#1915,1.75);
#1783=CYLINDRICAL_SURFACE('',#1921,2.);
#1784=CYLINDRICAL_SURFACE('',#1923,2.);
#1785=CYLINDRICAL_SURFACE('',#1925,2.);
#1786=CYLINDRICAL_SURFACE('',#1926,1.75);
#1787=CYLINDRICAL_SURFACE('',#1931,1.75);
#1788=CYLINDRICAL_SURFACE('',#1936,1.75);
#1789=CYLINDRICAL_SURFACE('',#1942,2.);
#1790=CYLINDRICAL_SURFACE('',#1944,2.);
#1791=CYLINDRICAL_SURFACE('',#1945,2.);
#1792=CYLINDRICAL_SURFACE('',#1995,5.);
#1793=CYLINDRICAL_SURFACE('',#1997,7.5);
#1794=CYLINDRICAL_SURFACE('',#2002,7.5);
#1795=CYLINDRICAL_SURFACE('',#2004,100.);
#1796=CYLINDRICAL_SURFACE('',#2008,100.);
#1797=CYLINDRICAL_SURFACE('',#2010,5.);
#1798=CYLINDRICAL_SURFACE('',#2012,5.);
#1799=CYLINDRICAL_SURFACE('',#2014,5.);
#1800=CYLINDRICAL_SURFACE('',#2016,5.);
#1801=CYLINDRICAL_SURFACE('',#2025,5.);
#1802=CYLINDRICAL_SURFACE('',#2027,7.5);
#1803=CYLINDRICAL_SURFACE('',#2033,7.5);
#1804=CYLINDRICAL_SURFACE('',#2035,100.);
#1805=CYLINDRICAL_SURFACE('',#2039,100.);
#1806=CYLINDRICAL_SURFACE('',#2041,5.);
#1807=CYLINDRICAL_SURFACE('',#2043,5.);
#1808=CYLINDRICAL_SURFACE('',#2045,5.);
#1809=CYLINDRICAL_SURFACE('',#2047,5.);
#1810=CYLINDRICAL_SURFACE('',#2055,5.);
#1811=CYLINDRICAL_SURFACE('',#2056,2.);
#1812=CYLINDRICAL_SURFACE('',#2057,1.);
#1813=CYLINDRICAL_SURFACE('',#2061,5.);
#1814=CYLINDRICAL_SURFACE('',#2062,2.);
#1815=CYLINDRICAL_SURFACE('',#2063,1.);
#1816=ADVANCED_FACE('',(#81),#1780,.F.);
#1817=ADVANCED_FACE('',(#82),#1781,.F.);
#1818=ADVANCED_FACE('',(#83),#1782,.F.);
#1819=ADVANCED_FACE('',(#84),#30,.T.);
#1820=ADVANCED_FACE('',(#85),#1783,.F.);
#1821=ADVANCED_FACE('',(#86),#1784,.F.);
#1822=ADVANCED_FACE('',(#87),#1785,.F.);
#1823=ADVANCED_FACE('',(#88),#1786,.F.);
#1824=ADVANCED_FACE('',(#89),#1787,.F.);
#1825=ADVANCED_FACE('',(#90),#1788,.F.);
#1826=ADVANCED_FACE('',(#91),#31,.F.);
#1827=ADVANCED_FACE('',(#92),#1789,.F.);
#1828=ADVANCED_FACE('',(#93),#1790,.F.);
#1829=ADVANCED_FACE('',(#94),#1791,.F.);
#1830=ADVANCED_FACE('',(#95),#32,.T.);
#1831=ADVANCED_FACE('',(#96),#33,.T.);
#1832=ADVANCED_FACE('',(#97),#34,.F.);
#1833=ADVANCED_FACE('',(#98),#35,.F.);
#1834=ADVANCED_FACE('',(#99),#36,.F.);
#1835=ADVANCED_FACE('',(#100),#37,.F.);
#1836=ADVANCED_FACE('',(#101),#38,.T.);
#1837=ADVANCED_FACE('',(#102,#15),#39,.T.);
#1838=ADVANCED_FACE('',(#103),#40,.F.);
#1839=ADVANCED_FACE('',(#104),#41,.F.);
#1840=ADVANCED_FACE('',(#105),#42,.F.);
#1841=ADVANCED_FACE('',(#106),#43,.F.);
#1842=ADVANCED_FACE('',(#107),#44,.T.);
#1843=ADVANCED_FACE('',(#108),#45,.T.);
#1844=ADVANCED_FACE('',(#109),#46,.T.);
#1845=ADVANCED_FACE('',(#110),#47,.T.);
#1846=ADVANCED_FACE('',(#111),#48,.T.);
#1847=ADVANCED_FACE('',(#112),#49,.T.);
#1848=ADVANCED_FACE('',(#113),#50,.T.);
#1849=ADVANCED_FACE('',(#114),#51,.T.);
#1850=ADVANCED_FACE('',(#115),#52,.F.);
#1851=ADVANCED_FACE('',(#116),#53,.F.);
#1852=ADVANCED_FACE('',(#117),#54,.F.);
#1853=ADVANCED_FACE('',(#118),#55,.F.);
#1854=ADVANCED_FACE('',(#119),#1792,.T.);
#1855=ADVANCED_FACE('',(#120),#56,.T.);
#1856=ADVANCED_FACE('',(#121),#1793,.F.);
#1857=ADVANCED_FACE('',(#122),#57,.T.);
#1858=ADVANCED_FACE('',(#123),#1794,.F.);
#1859=ADVANCED_FACE('',(#124),#1795,.F.);
#1860=ADVANCED_FACE('',(#125),#58,.T.);
#1861=ADVANCED_FACE('',(#126),#1796,.F.);
#1862=ADVANCED_FACE('',(#127),#1797,.F.);
#1863=ADVANCED_FACE('',(#128),#1798,.F.);
#1864=ADVANCED_FACE('',(#129),#59,.T.);
#1865=ADVANCED_FACE('',(#130),#1799,.F.);
#1866=ADVANCED_FACE('',(#131),#1800,.F.);
#1867=ADVANCED_FACE('',(#132),#60,.F.);
#1868=ADVANCED_FACE('',(#133),#61,.F.);
#1869=ADVANCED_FACE('',(#134),#62,.T.);
#1870=ADVANCED_FACE('',(#135),#63,.T.);
#1871=ADVANCED_FACE('',(#136,#16,#17),#64,.T.);
#1872=ADVANCED_FACE('',(#137),#1801,.T.);
#1873=ADVANCED_FACE('',(#138),#65,.F.);
#1874=ADVANCED_FACE('',(#139),#1802,.F.);
#1875=ADVANCED_FACE('',(#140,#18,#19),#66,.F.);
#1876=ADVANCED_FACE('',(#141),#67,.F.);
#1877=ADVANCED_FACE('',(#142),#1803,.F.);
#1878=ADVANCED_FACE('',(#143),#1804,.F.);
#1879=ADVANCED_FACE('',(#144),#68,.F.);
#1880=ADVANCED_FACE('',(#145),#1805,.F.);
#1881=ADVANCED_FACE('',(#146),#1806,.F.);
#1882=ADVANCED_FACE('',(#147),#1807,.F.);
#1883=ADVANCED_FACE('',(#148),#69,.F.);
#1884=ADVANCED_FACE('',(#149),#1808,.F.);
#1885=ADVANCED_FACE('',(#150),#1809,.F.);
#1886=ADVANCED_FACE('',(#151),#70,.T.);
#1887=ADVANCED_FACE('',(#152),#71,.T.);
#1888=ADVANCED_FACE('',(#153),#72,.F.);
#1889=ADVANCED_FACE('',(#154),#73,.F.);
#1890=ADVANCED_FACE('',(#155),#1810,.T.);
#1891=ADVANCED_FACE('',(#156),#1811,.F.);
#1892=ADVANCED_FACE('',(#157),#1812,.T.);
#1893=ADVANCED_FACE('',(#158,#20,#21,#22),#74,.F.);
#1894=ADVANCED_FACE('',(#159,#23,#24),#75,.F.);
#1895=ADVANCED_FACE('',(#160),#76,.F.);
#1896=ADVANCED_FACE('',(#161),#1813,.T.);
#1897=ADVANCED_FACE('',(#162),#1814,.F.);
#1898=ADVANCED_FACE('',(#163),#1815,.T.);
#1899=ADVANCED_FACE('',(#164,#25,#26,#27),#77,.T.);
#1900=ADVANCED_FACE('',(#165,#28,#29),#78,.T.);
#1901=ADVANCED_FACE('',(#166),#79,.T.);
#1902=ADVANCED_FACE('',(#167),#80,.T.);
#1903=CLOSED_SHELL('',(#1816,#1817,#1818,#1819,#1820,#1821,#1822,#1823,
#1824,#1825,#1826,#1827,#1828,#1829,#1830,#1831,#1832,#1833,#1834,#1835,
#1836,#1837,#1838,#1839,#1840,#1841,#1842,#1843,#1844,#1845,#1846,#1847,
#1848,#1849,#1850,#1851,#1852,#1853,#1854,#1855,#1856,#1857,#1858,#1859,
#1860,#1861,#1862,#1863,#1864,#1865,#1866,#1867,#1868,#1869,#1870,#1871,
#1872,#1873,#1874,#1875,#1876,#1877,#1878,#1879,#1880,#1881,#1882,#1883,
#1884,#1885,#1886,#1887,#1888,#1889,#1890,#1891,#1892,#1893,#1894,#1895,
#1896,#1897,#1898,#1899,#1900,#1901,#1902));
#1904=AXIS2_PLACEMENT_3D('',#2590,#2068,#2069);
#1905=AXIS2_PLACEMENT_3D('',#2591,#2070,#2071);
#1906=AXIS2_PLACEMENT_3D('',#2593,#2072,#2073);
#1907=AXIS2_PLACEMENT_3D('',#2597,#2075,#2076);
#1908=AXIS2_PLACEMENT_3D('',#2614,#2077,#2078);
#1909=AXIS2_PLACEMENT_3D('',#2630,#2079,#2080);
#1910=AXIS2_PLACEMENT_3D('',#2631,#2081,#2082);
#1911=AXIS2_PLACEMENT_3D('',#2633,#2083,#2084);
#1912=AXIS2_PLACEMENT_3D('',#2637,#2086,#2087);
#1913=AXIS2_PLACEMENT_3D('',#2654,#2088,#2089);
#1914=AXIS2_PLACEMENT_3D('',#2670,#2090,#2091);
#1915=AXIS2_PLACEMENT_3D('',#2671,#2092,#2093);
#1916=AXIS2_PLACEMENT_3D('',#2673,#2094,#2095);
#1917=AXIS2_PLACEMENT_3D('',#2677,#2097,#2098);
#1918=AXIS2_PLACEMENT_3D('',#2694,#2099,#2100);
#1919=AXIS2_PLACEMENT_3D('',#2710,#2101,#2102);
#1920=AXIS2_PLACEMENT_3D('',#2711,#2103,#2104);
#1921=AXIS2_PLACEMENT_3D('',#2723,#2112,#2113);
#1922=AXIS2_PLACEMENT_3D('',#2726,#2115,#2116);
#1923=AXIS2_PLACEMENT_3D('',#2727,#2117,#2118);
#1924=AXIS2_PLACEMENT_3D('',#2729,#2119,#2120);
#1925=AXIS2_PLACEMENT_3D('',#2731,#2122,#2123);
#1926=AXIS2_PLACEMENT_3D('',#2733,#2125,#2126);
#1927=AXIS2_PLACEMENT_3D('',#2735,#2127,#2128);
#1928=AXIS2_PLACEMENT_3D('',#2739,#2130,#2131);
#1929=AXIS2_PLACEMENT_3D('',#2756,#2132,#2133);
#1930=AXIS2_PLACEMENT_3D('',#2772,#2134,#2135);
#1931=AXIS2_PLACEMENT_3D('',#2773,#2136,#2137);
#1932=AXIS2_PLACEMENT_3D('',#2775,#2138,#2139);
#1933=AXIS2_PLACEMENT_3D('',#2779,#2141,#2142);
#1934=AXIS2_PLACEMENT_3D('',#2796,#2143,#2144);
#1935=AXIS2_PLACEMENT_3D('',#2812,#2145,#2146);
#1936=AXIS2_PLACEMENT_3D('',#2813,#2147,#2148);
#1937=AXIS2_PLACEMENT_3D('',#2815,#2149,#2150);
#1938=AXIS2_PLACEMENT_3D('',#2819,#2152,#2153);
#1939=AXIS2_PLACEMENT_3D('',#2836,#2154,#2155);
#1940=AXIS2_PLACEMENT_3D('',#2852,#2156,#2157);
#1941=AXIS2_PLACEMENT_3D('',#2853,#2158,#2159);
#1942=AXIS2_PLACEMENT_3D('',#2865,#2167,#2168);
#1943=AXIS2_PLACEMENT_3D('',#2868,#2170,#2171);
#1944=AXIS2_PLACEMENT_3D('',#2869,#2172,#2173);
#1945=AXIS2_PLACEMENT_3D('',#2871,#2175,#2176);
#1946=AXIS2_PLACEMENT_3D('',#2873,#2178,#2179);
#1947=AXIS2_PLACEMENT_3D('',#2878,#2181,#2182);
#1948=AXIS2_PLACEMENT_3D('',#2885,#2186,#2187);
#1949=AXIS2_PLACEMENT_3D('',#2889,#2189,#2190);
#1950=AXIS2_PLACEMENT_3D('',#2897,#2194,#2195);
#1951=AXIS2_PLACEMENT_3D('',#2901,#2197,#2198);
#1952=AXIS2_PLACEMENT_3D('',#2903,#2199,#2200);
#1953=AXIS2_PLACEMENT_3D('',#2907,#2202,#2203);
#1954=AXIS2_PLACEMENT_3D('',#2909,#2204,#2205);
#1955=AXIS2_PLACEMENT_3D('',#2913,#2207,#2208);
#1956=AXIS2_PLACEMENT_3D('',#2921,#2212,#2213);
#1957=AXIS2_PLACEMENT_3D('',#2925,#2215,#2216);
#1958=AXIS2_PLACEMENT_3D('',#2932,#2220,#2221);
#1959=AXIS2_PLACEMENT_3D('',#2936,#2224,#2225);
#1960=AXIS2_PLACEMENT_3D('',#2943,#2228,#2229);
#1961=AXIS2_PLACEMENT_3D('',#2950,#2233,#2234);
#1962=AXIS2_PLACEMENT_3D('',#2954,#2236,#2237);
#1963=AXIS2_PLACEMENT_3D('',#2962,#2241,#2242);
#1964=AXIS2_PLACEMENT_3D('',#2966,#2244,#2245);
#1965=AXIS2_PLACEMENT_3D('',#2968,#2246,#2247);
#1966=AXIS2_PLACEMENT_3D('',#2972,#2249,#2250);
#1967=AXIS2_PLACEMENT_3D('',#2974,#2251,#2252);
#1968=AXIS2_PLACEMENT_3D('',#2978,#2254,#2255);
#1969=AXIS2_PLACEMENT_3D('',#2986,#2259,#2260);
#1970=AXIS2_PLACEMENT_3D('',#2990,#2262,#2263);
#1971=AXIS2_PLACEMENT_3D('',#2993,#2265,#2266);
#1972=AXIS2_PLACEMENT_3D('',#2999,#2269,#2270);
#1973=AXIS2_PLACEMENT_3D('',#3001,#2272,#2273);
#1974=AXIS2_PLACEMENT_3D('',#3010,#2278,#2279);
#1975=AXIS2_PLACEMENT_3D('',#3019,#2284,#2285);
#1976=AXIS2_PLACEMENT_3D('',#3022,#2288,#2289);
#1977=AXIS2_PLACEMENT_3D('',#3025,#2292,#2293);
#1978=AXIS2_PLACEMENT_3D('',#3026,#2294,#2295);
#1979=AXIS2_PLACEMENT_3D('',#3029,#2298,#2299);
#1980=AXIS2_PLACEMENT_3D('',#3038,#2304,#2305);
#1981=AXIS2_PLACEMENT_3D('',#3044,#2309,#2310);
#1982=AXIS2_PLACEMENT_3D('',#3050,#2314,#2315);
#1983=AXIS2_PLACEMENT_3D('',#3053,#2318,#2319);
#1984=AXIS2_PLACEMENT_3D('',#3062,#2324,#2325);
#1985=AXIS2_PLACEMENT_3D('',#3068,#2329,#2330);
#1986=AXIS2_PLACEMENT_3D('',#3074,#2334,#2335);
#1987=AXIS2_PLACEMENT_3D('',#3077,#2338,#2339);
#1988=AXIS2_PLACEMENT_3D('',#3086,#2344,#2345);
#1989=AXIS2_PLACEMENT_3D('',#3092,#2349,#2350);
#1990=AXIS2_PLACEMENT_3D('',#3098,#2354,#2355);
#1991=AXIS2_PLACEMENT_3D('',#3101,#2358,#2359);
#1992=AXIS2_PLACEMENT_3D('',#3110,#2364,#2365);
#1993=AXIS2_PLACEMENT_3D('',#3116,#2369,#2370);
#1994=AXIS2_PLACEMENT_3D('',#3122,#2374,#2375);
#1995=AXIS2_PLACEMENT_3D('',#3125,#2378,#2379);
#1996=AXIS2_PLACEMENT_3D('',#3128,#2382,#2383);
#1997=AXIS2_PLACEMENT_3D('',#3130,#2385,#2386);
#1998=AXIS2_PLACEMENT_3D('',#3133,#2387,#2388);
#1999=AXIS2_PLACEMENT_3D('',#3136,#2391,#2392);
#2000=AXIS2_PLACEMENT_3D('',#3140,#2394,#2395);
#2001=AXIS2_PLACEMENT_3D('',#3144,#2397,#2398);
#2002=AXIS2_PLACEMENT_3D('',#3148,#2401,#2402);
#2003=AXIS2_PLACEMENT_3D('',#3150,#2403,#2404);
#2004=AXIS2_PLACEMENT_3D('',#3152,#2406,#2407);
#2005=AXIS2_PLACEMENT_3D('',#3155,#2408,#2409);
#2006=AXIS2_PLACEMENT_3D('',#3158,#2412,#2413);
#2007=AXIS2_PLACEMENT_3D('',#3162,#2415,#2416);
#2008=AXIS2_PLACEMENT_3D('',#3164,#2418,#2419);
#2009=AXIS2_PLACEMENT_3D('',#3167,#2420,#2421);
#2010=AXIS2_PLACEMENT_3D('',#3170,#2424,#2425);
#2011=AXIS2_PLACEMENT_3D('',#3173,#2427,#2428);
#2012=AXIS2_PLACEMENT_3D('',#3174,#2429,#2430);
#2013=AXIS2_PLACEMENT_3D('',#3177,#2433,#2434);
#2014=AXIS2_PLACEMENT_3D('',#3182,#2438,#2439);
#2015=AXIS2_PLACEMENT_3D('',#3185,#2441,#2442);
#2016=AXIS2_PLACEMENT_3D('',#3186,#2443,#2444);
#2017=AXIS2_PLACEMENT_3D('',#3188,#2445,#2446);
#2018=AXIS2_PLACEMENT_3D('',#3190,#2448,#2449);
#2019=AXIS2_PLACEMENT_3D('',#3192,#2451,#2452);
#2020=AXIS2_PLACEMENT_3D('',#3195,#2454,#2455);
#2021=AXIS2_PLACEMENT_3D('',#3196,#2456,#2457);
#2022=AXIS2_PLACEMENT_3D('',#3198,#2458,#2459);
#2023=AXIS2_PLACEMENT_3D('',#3200,#2461,#2462);
#2024=AXIS2_PLACEMENT_3D('',#3201,#2463,#2464);
#2025=AXIS2_PLACEMENT_3D('',#3204,#2467,#2468);
#2026=AXIS2_PLACEMENT_3D('',#3207,#2471,#2472);
#2027=AXIS2_PLACEMENT_3D('',#3209,#2474,#2475);
#2028=AXIS2_PLACEMENT_3D('',#3212,#2476,#2477);
#2029=AXIS2_PLACEMENT_3D('',#3215,#2480,#2481);
#2030=AXIS2_PLACEMENT_3D('',#3226,#2488,#2489);
#2031=AXIS2_PLACEMENT_3D('',#3232,#2492,#2493);
#2032=AXIS2_PLACEMENT_3D('',#3236,#2495,#2496);
#2033=AXIS2_PLACEMENT_3D('',#3238,#2498,#2499);
#2034=AXIS2_PLACEMENT_3D('',#3241,#2501,#2502);
#2035=AXIS2_PLACEMENT_3D('',#3242,#2503,#2504);
#2036=AXIS2_PLACEMENT_3D('',#3244,#2505,#2506);
#2037=AXIS2_PLACEMENT_3D('',#3246,#2508,#2509);
#2038=AXIS2_PLACEMENT_3D('',#3250,#2511,#2512);
#2039=AXIS2_PLACEMENT_3D('',#3252,#2514,#2515);
#2040=AXIS2_PLACEMENT_3D('',#3254,#2516,#2517);
#2041=AXIS2_PLACEMENT_3D('',#3256,#2519,#2520);
#2042=AXIS2_PLACEMENT_3D('',#3259,#2522,#2523);
#2043=AXIS2_PLACEMENT_3D('',#3260,#2524,#2525);
#2044=AXIS2_PLACEMENT_3D('',#3263,#2528,#2529);
#2045=AXIS2_PLACEMENT_3D('',#3268,#2533,#2534);
#2046=AXIS2_PLACEMENT_3D('',#3271,#2536,#2537);
#2047=AXIS2_PLACEMENT_3D('',#3272,#2538,#2539);
#2048=AXIS2_PLACEMENT_3D('',#3275,#2541,#2542);
#2049=AXIS2_PLACEMENT_3D('',#3276,#2543,#2544);
#2050=AXIS2_PLACEMENT_3D('',#3278,#2546,#2547);
#2051=AXIS2_PLACEMENT_3D('',#3279,#2548,#2549);
#2052=AXIS2_PLACEMENT_3D('',#3280,#2550,#2551);
#2053=AXIS2_PLACEMENT_3D('',#3281,#2552,#2553);
#2054=AXIS2_PLACEMENT_3D('',#3282,#2554,#2555);
#2055=AXIS2_PLACEMENT_3D('',#3283,#2556,#2557);
#2056=AXIS2_PLACEMENT_3D('',#3285,#2559,#2560);
#2057=AXIS2_PLACEMENT_3D('',#3286,#2561,#2562);
#2058=AXIS2_PLACEMENT_3D('',#3289,#2565,#2566);
#2059=AXIS2_PLACEMENT_3D('',#3291,#2568,#2569);
#2060=AXIS2_PLACEMENT_3D('',#3292,#2570,#2571);
#2061=AXIS2_PLACEMENT_3D('',#3293,#2572,#2573);
#2062=AXIS2_PLACEMENT_3D('',#3295,#2575,#2576);
#2063=AXIS2_PLACEMENT_3D('',#3296,#2577,#2578);
#2064=AXIS2_PLACEMENT_3D('',#3299,#2581,#2582);
#2065=AXIS2_PLACEMENT_3D('',#3301,#2584,#2585);
#2066=AXIS2_PLACEMENT_3D('',#3302,#2586,#2587);
#2067=AXIS2_PLACEMENT_3D('',#3303,#2588,#2589);
#2068=DIRECTION('axis',(0.,0.,1.));
#2069=DIRECTION('refdir',(1.,0.,0.));
#2070=DIRECTION('center_axis',(0.,0.,1.));
#2071=DIRECTION('ref_axis',(-1.,0.,0.));
#2072=DIRECTION('center_axis',(8.94069671630856E-8,0.,-0.999999999999996));
#2073=DIRECTION('ref_axis',(-0.999999999999996,0.,-8.94069671630856E-8));
#2074=DIRECTION('',(0.,0.,-1.));
#2075=DIRECTION('center_axis',(0.977323140679806,0.,0.21175334399192));
#2076=DIRECTION('ref_axis',(-0.21175334399192,0.,0.977323140679806));
#2077=DIRECTION('center_axis',(0.,0.,1.));
#2078=DIRECTION('ref_axis',(-1.,0.,0.));
#2079=DIRECTION('center_axis',(0.977323140679806,0.,0.21175334399192));
#2080=DIRECTION('ref_axis',(-0.21175334399192,0.,0.977323140679806));
#2081=DIRECTION('center_axis',(0.,0.,1.));
#2082=DIRECTION('ref_axis',(-1.,0.,0.));
#2083=DIRECTION('center_axis',(8.94069671630856E-8,0.,-0.999999999999996));
#2084=DIRECTION('ref_axis',(-0.999999999999996,0.,-8.94069671630856E-8));
#2085=DIRECTION('',(0.,0.,-1.));
#2086=DIRECTION('center_axis',(0.977323140679806,0.,0.21175334399192));
#2087=DIRECTION('ref_axis',(-0.21175334399192,0.,0.977323140679806));
#2088=DIRECTION('center_axis',(0.,0.,1.));
#2089=DIRECTION('ref_axis',(-1.,0.,0.));
#2090=DIRECTION('center_axis',(0.977323140679806,0.,0.21175334399192));
#2091=DIRECTION('ref_axis',(-0.21175334399192,0.,0.977323140679806));
#2092=DIRECTION('center_axis',(0.,0.,1.));
#2093=DIRECTION('ref_axis',(-1.,0.,0.));
#2094=DIRECTION('center_axis',(8.94069671630856E-8,0.,-0.999999999999996));
#2095=DIRECTION('ref_axis',(-0.999999999999996,0.,-8.94069671630856E-8));
#2096=DIRECTION('',(0.,0.,-1.));
#2097=DIRECTION('center_axis',(0.977323140679806,0.,0.21175334399192));
#2098=DIRECTION('ref_axis',(-0.21175334399192,0.,0.977323140679806));
#2099=DIRECTION('center_axis',(0.,0.,1.));
#2100=DIRECTION('ref_axis',(-1.,0.,0.));
#2101=DIRECTION('center_axis',(0.977323140679806,0.,0.21175334399192));
#2102=DIRECTION('ref_axis',(-0.21175334399192,0.,0.977323140679806));
#2103=DIRECTION('center_axis',(0.,0.,-1.));
#2104=DIRECTION('ref_axis',(-1.,0.,0.));
#2105=DIRECTION('',(0.,-1.,0.));
#2106=DIRECTION('',(1.,0.,0.));
#2107=DIRECTION('',(0.,1.,0.));
#2108=DIRECTION('',(-1.,0.,0.));
#2109=DIRECTION('',(0.,-1.,0.));
#2110=DIRECTION('',(0.,-1.,0.));
#2111=DIRECTION('',(0.,-1.,0.));
#2112=DIRECTION('center_axis',(0.,1.,0.));
#2113=DIRECTION('ref_axis',(0.627792424296471,0.,0.778380801405044));
#2114=DIRECTION('',(0.,-1.,0.));
#2115=DIRECTION('center_axis',(0.,1.,0.));
#2116=DIRECTION('ref_axis',(0.627792424296471,0.,0.778380801405044));
#2117=DIRECTION('center_axis',(0.,1.,0.));
#2118=DIRECTION('ref_axis',(0.627792424296471,0.,0.778380801405044));
#2119=DIRECTION('center_axis',(0.,-1.,0.));
#2120=DIRECTION('ref_axis',(0.627792424296471,0.,0.778380801405044));
#2121=DIRECTION('',(0.,-1.,0.));
#2122=DIRECTION('center_axis',(0.,1.,0.));
#2123=DIRECTION('ref_axis',(0.627792424296471,0.,0.778380801405044));
#2124=DIRECTION('',(0.,-1.,0.));
#2125=DIRECTION('center_axis',(0.,0.,-1.));
#2126=DIRECTION('ref_axis',(1.,0.,0.));
#2127=DIRECTION('center_axis',(-8.94069671630856E-8,0.,-0.999999999999996));
#2128=DIRECTION('ref_axis',(0.999999999999996,0.,-8.94069671630856E-8));
#2129=DIRECTION('',(0.,0.,-1.));
#2130=DIRECTION('center_axis',(-0.977323140679806,0.,0.21175334399192));
#2131=DIRECTION('ref_axis',(0.21175334399192,0.,0.977323140679806));
#2132=DIRECTION('center_axis',(0.,0.,1.));
#2133=DIRECTION('ref_axis',(1.,0.,0.));
#2134=DIRECTION('center_axis',(-0.977323140679806,0.,0.21175334399192));
#2135=DIRECTION('ref_axis',(0.21175334399192,0.,0.977323140679806));
#2136=DIRECTION('center_axis',(0.,0.,-1.));
#2137=DIRECTION('ref_axis',(1.,0.,0.));
#2138=DIRECTION('center_axis',(-8.94069671630856E-8,0.,-0.999999999999996));
#2139=DIRECTION('ref_axis',(0.999999999999996,0.,-8.94069671630856E-8));
#2140=DIRECTION('',(0.,0.,-1.));
#2141=DIRECTION('center_axis',(-0.977323140679806,0.,0.21175334399192));
#2142=DIRECTION('ref_axis',(0.21175334399192,0.,0.977323140679806));
#2143=DIRECTION('center_axis',(0.,0.,1.));
#2144=DIRECTION('ref_axis',(1.,0.,0.));
#2145=DIRECTION('center_axis',(-0.977323140679806,0.,0.21175334399192));
#2146=DIRECTION('ref_axis',(0.21175334399192,0.,0.977323140679806));
#2147=DIRECTION('center_axis',(0.,0.,-1.));
#2148=DIRECTION('ref_axis',(1.,0.,0.));
#2149=DIRECTION('center_axis',(-8.94069671630856E-8,0.,-0.999999999999996));
#2150=DIRECTION('ref_axis',(0.999999999999996,0.,-8.94069671630856E-8));
#2151=DIRECTION('',(0.,0.,-1.));
#2152=DIRECTION('center_axis',(-0.977323140679806,0.,0.21175334399192));
#2153=DIRECTION('ref_axis',(0.21175334399192,0.,0.977323140679806));
#2154=DIRECTION('center_axis',(0.,0.,1.));
#2155=DIRECTION('ref_axis',(1.,0.,0.));
#2156=DIRECTION('center_axis',(-0.977323140679806,0.,0.21175334399192));
#2157=DIRECTION('ref_axis',(0.21175334399192,0.,0.977323140679806));
#2158=DIRECTION('center_axis',(0.,0.,1.));
#2159=DIRECTION('ref_axis',(1.,0.,0.));
#2160=DIRECTION('',(0.,1.,0.));
#2161=DIRECTION('',(0.,1.,0.));
#2162=DIRECTION('',(0.,1.,0.));
#2163=DIRECTION('',(-1.,0.,0.));
#2164=DIRECTION('',(0.,1.,0.));
#2165=DIRECTION('',(1.,0.,0.));
#2166=DIRECTION('',(0.,1.,0.));
#2167=DIRECTION('center_axis',(0.,-1.,0.));
#2168=DIRECTION('ref_axis',(-0.627792424296471,0.,0.778380801405044));
#2169=DIRECTION('',(0.,-1.,0.));
#2170=DIRECTION('center_axis',(0.,-1.,0.));
#2171=DIRECTION('ref_axis',(-0.627792424296471,0.,0.778380801405044));
#2172=DIRECTION('center_axis',(0.,-1.,0.));
#2173=DIRECTION('ref_axis',(-0.627792424296471,0.,0.778380801405044));
#2174=DIRECTION('',(0.,-1.,0.));
#2175=DIRECTION('center_axis',(0.,-1.,0.));
#2176=DIRECTION('ref_axis',(-0.627792424296471,0.,0.778380801405044));
#2177=DIRECTION('',(0.,-1.,0.));
#2178=DIRECTION('center_axis',(0.,1.,0.));
#2179=DIRECTION('ref_axis',(0.,0.,1.));
#2180=DIRECTION('',(0.211753343991921,0.,0.977323140679806));
#2181=DIRECTION('center_axis',(0.,1.,0.));
#2182=DIRECTION('ref_axis',(-0.627792389500136,0.,0.778380829469553));
#2183=DIRECTION('',(0.999999999999996,0.,-8.94069671630856E-8));
#2184=DIRECTION('',(0.,0.,-1.));
#2185=DIRECTION('',(-0.21175334399192,0.,-0.977323140679806));
#2186=DIRECTION('center_axis',(0.,-1.,0.));
#2187=DIRECTION('ref_axis',(-0.997891285686124,0.,0.0649074876396682));
#2188=DIRECTION('',(0.0833654736836582,0.,-0.996519040358738));
#2189=DIRECTION('center_axis',(0.,-1.,0.));
#2190=DIRECTION('ref_axis',(-0.676991331671368,0.,-0.735990989647175));
#2191=DIRECTION('',(1.,0.,0.));
#2192=DIRECTION('',(0.,0.,-1.));
#2193=DIRECTION('',(-1.,0.,0.));
#2194=DIRECTION('center_axis',(0.,1.,0.));
#2195=DIRECTION('ref_axis',(-0.676991331671368,0.,-0.735990989647175));
#2196=DIRECTION('',(-0.0833654736836581,0.,0.996519040358738));
#2197=DIRECTION('center_axis',(0.,-1.,0.));
#2198=DIRECTION('ref_axis',(-0.996519040358738,0.,-0.0833654736836579));
#2199=DIRECTION('center_axis',(0.,1.,0.));
#2200=DIRECTION('ref_axis',(0.627792424296471,0.,-0.778380801405045));
#2201=DIRECTION('',(-1.,0.,0.));
#2202=DIRECTION('center_axis',(0.,1.,0.));
#2203=DIRECTION('ref_axis',(-0.627792424296471,0.,-0.778380801405045));
#2204=DIRECTION('center_axis',(0.,-1.,0.));
#2205=DIRECTION('ref_axis',(0.996519040358738,0.,-0.0833654736836579));
#2206=DIRECTION('',(-0.0833654736836581,0.,-0.996519040358738));
#2207=DIRECTION('center_axis',(0.,1.,0.));
#2208=DIRECTION('ref_axis',(0.676991331671368,0.,-0.735990989647175));
#2209=DIRECTION('',(-1.,0.,0.));
#2210=DIRECTION('',(0.,0.,1.));
#2211=DIRECTION('',(1.,0.,0.));
#2212=DIRECTION('center_axis',(0.,-1.,0.));
#2213=DIRECTION('ref_axis',(0.676991331671368,0.,-0.735990989647175));
#2214=DIRECTION('',(0.0833654736836582,0.,0.996519040358738));
#2215=DIRECTION('center_axis',(0.,-1.,0.));
#2216=DIRECTION('ref_axis',(0.997891285686124,0.,0.0649074876396682));
#2217=DIRECTION('',(-0.21175334399192,0.,0.977323140679806));
#2218=DIRECTION('',(0.,0.,1.));
#2219=DIRECTION('',(0.999999999999996,0.,8.94069671630856E-8));
#2220=DIRECTION('center_axis',(0.,1.,0.));
#2221=DIRECTION('ref_axis',(0.627792389500136,0.,0.778380829469553));
#2222=DIRECTION('',(0.211753343991921,0.,-0.977323140679806));
#2223=DIRECTION('',(-1.,0.,0.));
#2224=DIRECTION('center_axis',(0.,-1.,0.));
#2225=DIRECTION('ref_axis',(0.,0.,-1.));
#2226=DIRECTION('',(1.,0.,0.));
#2227=DIRECTION('',(-0.211753343991921,0.,0.977323140679806));
#2228=DIRECTION('center_axis',(0.,-1.,0.));
#2229=DIRECTION('ref_axis',(0.627792389500136,0.,0.778380829469553));
#2230=DIRECTION('',(-0.999999999999996,0.,-8.94069671630856E-8));
#2231=DIRECTION('',(0.,0.,-1.));
#2232=DIRECTION('',(0.21175334399192,0.,-0.977323140679806));
#2233=DIRECTION('center_axis',(0.,1.,0.));
#2234=DIRECTION('ref_axis',(0.997891285686124,0.,0.0649074876396682));
#2235=DIRECTION('',(-0.0833654736836582,0.,-0.996519040358738));
#2236=DIRECTION('center_axis',(0.,1.,0.));
#2237=DIRECTION('ref_axis',(0.676991331671368,0.,-0.735990989647175));
#2238=DIRECTION('',(-1.,0.,0.));
#2239=DIRECTION('',(0.,0.,-1.));
#2240=DIRECTION('',(1.,0.,0.));
#2241=DIRECTION('center_axis',(0.,-1.,0.));
#2242=DIRECTION('ref_axis',(0.676991331671368,0.,-0.735990989647175));
#2243=DIRECTION('',(0.0833654736836581,0.,0.996519040358738));
#2244=DIRECTION('center_axis',(0.,1.,0.));
#2245=DIRECTION('ref_axis',(0.996519040358738,0.,-0.0833654736836579));
#2246=DIRECTION('center_axis',(0.,-1.,0.));
#2247=DIRECTION('ref_axis',(-0.627792424296471,0.,-0.778380801405045));
#2248=DIRECTION('',(1.,0.,0.));
#2249=DIRECTION('center_axis',(0.,-1.,0.));
#2250=DIRECTION('ref_axis',(0.627792424296471,0.,-0.778380801405045));
#2251=DIRECTION('center_axis',(0.,1.,0.));
#2252=DIRECTION('ref_axis',(-0.996519040358738,0.,-0.0833654736836579));
#2253=DIRECTION('',(0.0833654736836581,0.,-0.996519040358738));
#2254=DIRECTION('center_axis',(0.,-1.,0.));
#2255=DIRECTION('ref_axis',(-0.676991331671368,0.,-0.735990989647175));
#2256=DIRECTION('',(1.,0.,0.));
#2257=DIRECTION('',(0.,0.,1.));
#2258=DIRECTION('',(-1.,0.,0.));
#2259=DIRECTION('center_axis',(0.,1.,0.));
#2260=DIRECTION('ref_axis',(-0.676991331671368,0.,-0.735990989647175));
#2261=DIRECTION('',(-0.0833654736836582,0.,0.996519040358738));
#2262=DIRECTION('center_axis',(0.,1.,0.));
#2263=DIRECTION('ref_axis',(-0.997891285686124,0.,0.0649074876396682));
#2264=DIRECTION('',(0.21175334399192,0.,0.977323140679806));
#2265=DIRECTION('center_axis',(0.,1.,0.));
#2266=DIRECTION('ref_axis',(-0.627792424296471,0.,0.778380801405044));
#2267=DIRECTION('',(0.,0.,1.));
#2268=DIRECTION('',(-0.999999999999996,0.,8.94069671630856E-8));
#2269=DIRECTION('center_axis',(0.,-1.,0.));
#2270=DIRECTION('ref_axis',(-0.627792389500136,0.,0.778380829469553));
#2271=DIRECTION('',(-0.211753343991921,0.,-0.977323140679806));
#2272=DIRECTION('center_axis',(0.,-1.,0.));
#2273=DIRECTION('ref_axis',(1.,0.,0.));
#2274=DIRECTION('',(0.,0.,1.));
#2275=DIRECTION('',(1.,0.,0.));
#2276=DIRECTION('',(0.,0.,-1.));
#2277=DIRECTION('',(-1.,0.,0.));
#2278=DIRECTION('center_axis',(0.,1.,0.));
#2279=DIRECTION('ref_axis',(-1.,0.,0.));
#2280=DIRECTION('',(0.,0.,-1.));
#2281=DIRECTION('',(1.,0.,0.));
#2282=DIRECTION('',(0.,0.,1.));
#2283=DIRECTION('',(1.,0.,0.));
#2284=DIRECTION('center_axis',(-1.,0.,0.));
#2285=DIRECTION('ref_axis',(0.,0.,1.));
#2286=DIRECTION('',(0.,-1.,0.));
#2287=DIRECTION('',(0.,1.,0.));
#2288=DIRECTION('center_axis',(1.,0.,0.));
#2289=DIRECTION('ref_axis',(0.,0.,-1.));
#2290=DIRECTION('',(0.,1.,0.));
#2291=DIRECTION('',(0.,-1.,0.));
#2292=DIRECTION('center_axis',(0.,0.,1.));
#2293=DIRECTION('ref_axis',(1.,0.,0.));
#2294=DIRECTION('center_axis',(0.,0.,1.));
#2295=DIRECTION('ref_axis',(1.,0.,0.));
#2296=DIRECTION('',(0.,1.,0.));
#2297=DIRECTION('',(0.,-1.,0.));
#2298=DIRECTION('center_axis',(-0.21175334399192,0.,-0.977323140679806));
#2299=DIRECTION('ref_axis',(0.,-1.,0.));
#2300=DIRECTION('',(0.,1.,0.));
#2301=DIRECTION('',(-0.977323140679806,0.,0.21175334399192));
#2302=DIRECTION('',(0.,-1.,0.));
#2303=DIRECTION('',(-0.977323140679806,0.,0.21175334399192));
#2304=DIRECTION('center_axis',(0.,1.,0.));
#2305=DIRECTION('ref_axis',(-0.21175334399192,0.,-0.977323140679806));
#2306=DIRECTION('',(0.211753343991921,0.,0.977323140679806));
#2307=DIRECTION('',(-0.21175334399192,0.,-0.977323140679806));
#2308=DIRECTION('',(-0.977323140679806,0.,0.21175334399192));
#2309=DIRECTION('center_axis',(0.21175334399192,0.,0.977323140679806));
#2310=DIRECTION('ref_axis',(0.,1.,0.));
#2311=DIRECTION('',(0.,-1.,0.));
#2312=DIRECTION('',(0.,1.,0.));
#2313=DIRECTION('',(-0.977323140679806,0.,0.21175334399192));
#2314=DIRECTION('center_axis',(0.,-1.,0.));
#2315=DIRECTION('ref_axis',(0.21175334399192,0.,0.977323140679806));
#2316=DIRECTION('',(-0.211753343991921,0.,-0.977323140679806));
#2317=DIRECTION('',(0.21175334399192,0.,0.977323140679806));
#2318=DIRECTION('center_axis',(0.21175334399192,0.,0.977323140679806));
#2319=DIRECTION('ref_axis',(0.,1.,0.));
#2320=DIRECTION('',(0.,1.,0.));
#2321=DIRECTION('',(-0.977323140679806,0.,0.21175334399192));
#2322=DIRECTION('',(0.,-1.,0.));
#2323=DIRECTION('',(-0.977323140679806,0.,0.21175334399192));
#2324=DIRECTION('center_axis',(0.,-1.,0.));
#2325=DIRECTION('ref_axis',(0.21175334399192,0.,0.977323140679806));
#2326=DIRECTION('',(0.211753343991921,0.,0.977323140679806));
#2327=DIRECTION('',(-0.21175334399192,0.,-0.977323140679806));
#2328=DIRECTION('',(-0.977323140679806,0.,0.21175334399192));
#2329=DIRECTION('center_axis',(-0.21175334399192,0.,-0.977323140679806));
#2330=DIRECTION('ref_axis',(0.,-1.,0.));
#2331=DIRECTION('',(0.,-1.,0.));
#2332=DIRECTION('',(0.,1.,0.));
#2333=DIRECTION('',(-0.977323140679806,0.,0.21175334399192));
#2334=DIRECTION('center_axis',(0.,1.,0.));
#2335=DIRECTION('ref_axis',(-0.21175334399192,0.,-0.977323140679806));
#2336=DIRECTION('',(-0.211753343991921,0.,-0.977323140679806));
#2337=DIRECTION('',(0.21175334399192,0.,0.977323140679806));
#2338=DIRECTION('center_axis',(-0.21175334399192,0.,0.977323140679806));
#2339=DIRECTION('ref_axis',(0.,-1.,0.));
#2340=DIRECTION('',(0.,-1.,0.));
#2341=DIRECTION('',(0.977323140679806,0.,0.21175334399192));
#2342=DIRECTION('',(0.,1.,0.));
#2343=DIRECTION('',(0.977323140679806,0.,0.21175334399192));
#2344=DIRECTION('center_axis',(0.,1.,0.));
#2345=DIRECTION('ref_axis',(-0.21175334399192,0.,0.977323140679806));
#2346=DIRECTION('',(-0.211753343991921,0.,0.977323140679806));
#2347=DIRECTION('',(0.21175334399192,0.,-0.977323140679806));
#2348=DIRECTION('',(0.977323140679806,0.,0.21175334399192));
#2349=DIRECTION('center_axis',(0.21175334399192,0.,-0.977323140679806));
#2350=DIRECTION('ref_axis',(0.,1.,0.));
#2351=DIRECTION('',(0.,1.,0.));
#2352=DIRECTION('',(0.,-1.,0.));
#2353=DIRECTION('',(0.977323140679806,0.,0.21175334399192));
#2354=DIRECTION('center_axis',(0.,-1.,0.));
#2355=DIRECTION('ref_axis',(0.21175334399192,0.,-0.977323140679806));
#2356=DIRECTION('',(0.211753343991921,0.,-0.977323140679806));
#2357=DIRECTION('',(-0.21175334399192,0.,0.977323140679806));
#2358=DIRECTION('center_axis',(0.21175334399192,0.,-0.977323140679806));
#2359=DIRECTION('ref_axis',(0.,1.,0.));
#2360=DIRECTION('',(0.,-1.,0.));
#2361=DIRECTION('',(0.977323140679806,0.,0.21175334399192));
#2362=DIRECTION('',(0.,1.,0.));
#2363=DIRECTION('',(0.977323140679806,0.,0.21175334399192));
#2364=DIRECTION('center_axis',(0.,-1.,0.));
#2365=DIRECTION('ref_axis',(0.21175334399192,0.,-0.977323140679806));
#2366=DIRECTION('',(-0.211753343991921,0.,0.977323140679806));
#2367=DIRECTION('',(0.21175334399192,0.,-0.977323140679806));
#2368=DIRECTION('',(0.977323140679806,0.,0.21175334399192));
#2369=DIRECTION('center_axis',(-0.21175334399192,0.,0.977323140679806));
#2370=DIRECTION('ref_axis',(0.,-1.,0.));
#2371=DIRECTION('',(0.,1.,0.));
#2372=DIRECTION('',(0.,-1.,0.));
#2373=DIRECTION('',(0.977323140679806,0.,0.21175334399192));
#2374=DIRECTION('center_axis',(0.,1.,0.));
#2375=DIRECTION('ref_axis',(-0.21175334399192,0.,0.977323140679806));
#2376=DIRECTION('',(0.211753343991921,0.,-0.977323140679806));
#2377=DIRECTION('',(-0.21175334399192,0.,0.977323140679806));
#2378=DIRECTION('center_axis',(0.,1.,0.));
#2379=DIRECTION('ref_axis',(0.676991331671368,0.,-0.735990989647175));
#2380=DIRECTION('',(0.,1.,0.));
#2381=DIRECTION('',(0.,-1.,0.));
#2382=DIRECTION('center_axis',(0.,0.,-1.));
#2383=DIRECTION('ref_axis',(1.,0.,0.));
#2384=DIRECTION('',(0.,-1.,0.));
#2385=DIRECTION('center_axis',(0.,1.,0.));
#2386=DIRECTION('ref_axis',(0.996519040358738,0.,-0.0833654736836579));
#2387=DIRECTION('center_axis',(0.,1.,0.));
#2388=DIRECTION('ref_axis',(0.996519040358738,0.,-0.0833654736836579));
#2389=DIRECTION('',(0.,-1.,0.));
#2390=DIRECTION('',(0.,1.,0.));
#2391=DIRECTION('center_axis',(0.996519040358738,0.,-0.0833654736836581));
#2392=DIRECTION('ref_axis',(0.0833654736836581,0.,0.996519040358738));
#2393=DIRECTION('',(0.0833654736836581,0.,0.996519040358738));
#2394=DIRECTION('center_axis',(-0.996519040358738,0.,0.0833654736836581));
#2395=DIRECTION('ref_axis',(-0.0833654736836581,0.,-0.996519040358738));
#2396=DIRECTION('',(0.,-1.,0.));
#2397=DIRECTION('center_axis',(-0.996519040358738,0.,0.0833654736836581));
#2398=DIRECTION('ref_axis',(-0.0833654736836581,0.,-0.996519040358738));
#2399=DIRECTION('',(0.0833654736836581,0.,0.996519040358738));
#2400=DIRECTION('',(0.,-1.,0.));
#2401=DIRECTION('center_axis',(0.,1.,0.));
#2402=DIRECTION('ref_axis',(0.996519040358738,0.,-0.0833654736836579));
#2403=DIRECTION('center_axis',(0.,-1.,0.));
#2404=DIRECTION('ref_axis',(0.996519040358738,0.,-0.0833654736836579));
#2405=DIRECTION('',(0.,1.,0.));
#2406=DIRECTION('center_axis',(0.,-1.,0.));
#2407=DIRECTION('ref_axis',(0.997891285686124,0.,0.0649074876396682));
#2408=DIRECTION('center_axis',(0.,1.,0.));
#2409=DIRECTION('ref_axis',(0.997891285686124,0.,0.0649074876396682));
#2410=DIRECTION('',(0.,1.,0.));
#2411=DIRECTION('',(0.,1.,0.));
#2412=DIRECTION('center_axis',(-0.996519040358738,0.,0.0833654736836582));
#2413=DIRECTION('ref_axis',(-0.0833654736836582,0.,-0.996519040358738));
#2414=DIRECTION('',(0.,-1.,0.));
#2415=DIRECTION('center_axis',(0.996519040358738,0.,-0.0833654736836582));
#2416=DIRECTION('ref_axis',(-0.0833654736836582,0.,-0.996519040358738));
#2417=DIRECTION('',(-0.0833654736836582,0.,-0.996519040358738));
#2418=DIRECTION('center_axis',(0.,-1.,0.));
#2419=DIRECTION('ref_axis',(0.997891285686124,0.,0.0649074876396682));
#2420=DIRECTION('center_axis',(0.,-1.,0.));
#2421=DIRECTION('ref_axis',(0.997891285686124,0.,0.0649074876396682));
#2422=DIRECTION('',(0.,1.,0.));
#2423=DIRECTION('',(0.,1.,0.));
#2424=DIRECTION('center_axis',(0.,1.,0.));
#2425=DIRECTION('ref_axis',(0.676991331671368,0.,-0.735990989647175));
#2426=DIRECTION('',(0.,1.,0.));
#2427=DIRECTION('center_axis',(-0.707106781186547,0.707106781186548,0.));
#2428=DIRECTION('ref_axis',(0.707106781186548,0.707106781186547,0.));
#2429=DIRECTION('center_axis',(1.,0.,0.));
#2430=DIRECTION('ref_axis',(0.,0.707106781186547,-0.707106781186547));
#2431=DIRECTION('',(1.,0.,0.));
#2432=DIRECTION('',(-1.,0.,0.));
#2433=DIRECTION('center_axis',(0.,0.,1.));
#2434=DIRECTION('ref_axis',(-1.,0.,0.));
#2435=DIRECTION('',(0.,-1.,0.));
#2436=DIRECTION('',(0.,1.,0.));
#2437=DIRECTION('',(1.,0.,0.));
#2438=DIRECTION('center_axis',(0.,-1.,0.));
#2439=DIRECTION('ref_axis',(0.676991331671368,0.,-0.735990989647175));
#2440=DIRECTION('',(0.,-1.,0.));
#2441=DIRECTION('center_axis',(-0.707106781186547,-0.707106781186548,0.));
#2442=DIRECTION('ref_axis',(0.707106781186548,-0.707106781186547,0.));
#2443=DIRECTION('center_axis',(-1.,0.,0.));
#2444=DIRECTION('ref_axis',(0.,-0.707106781186547,-0.707106781186547));
#2445=DIRECTION('center_axis',(0.996519040358738,0.,-0.0833654736836582));
#2446=DIRECTION('ref_axis',(-0.0833654736836582,0.,-0.996519040358738));
#2447=DIRECTION('',(-1.,0.,0.));
#2448=DIRECTION('center_axis',(0.996519040358738,0.,-0.0833654736836582));
#2449=DIRECTION('ref_axis',(-0.0833654736836582,0.,-0.996519040358738));
#2450=DIRECTION('',(-0.0833654736836582,0.,-0.996519040358738));
#2451=DIRECTION('center_axis',(0.,-1.,0.));
#2452=DIRECTION('ref_axis',(0.,0.,1.));
#2453=DIRECTION('',(-0.21175334399192,0.,0.977323140679806));
#2454=DIRECTION('center_axis',(0.,1.,0.));
#2455=DIRECTION('ref_axis',(-0.627792424296471,0.,-0.778380801405045));
#2456=DIRECTION('center_axis',(0.,-1.,0.));
#2457=DIRECTION('ref_axis',(0.,0.,1.));
#2458=DIRECTION('center_axis',(0.,-1.,0.));
#2459=DIRECTION('ref_axis',(-0.627792424296471,0.,-0.778380801405045));
#2460=DIRECTION('',(0.21175334399192,0.,-0.977323140679806));
#2461=DIRECTION('center_axis',(-1.,0.,0.));
#2462=DIRECTION('ref_axis',(0.,0.,-1.));
#2463=DIRECTION('center_axis',(-0.977323140679806,0.,-0.21175334399192));
#2464=DIRECTION('ref_axis',(-0.21175334399192,0.,0.977323140679806));
#2465=DIRECTION('',(0.,-1.,0.));
#2466=DIRECTION('',(0.,1.,0.));
#2467=DIRECTION('center_axis',(0.,-1.,0.));
#2468=DIRECTION('ref_axis',(-0.676991331671368,0.,-0.735990989647175));
#2469=DIRECTION('',(0.,-1.,0.));
#2470=DIRECTION('',(0.,-1.,0.));
#2471=DIRECTION('center_axis',(0.,0.,1.));
#2472=DIRECTION('ref_axis',(-1.,0.,0.));
#2473=DIRECTION('',(0.,1.,0.));
#2474=DIRECTION('center_axis',(0.,-1.,0.));
#2475=DIRECTION('ref_axis',(-0.996519040358738,0.,-0.0833654736836579));
#2476=DIRECTION('center_axis',(0.,-1.,0.));
#2477=DIRECTION('ref_axis',(-0.996519040358738,0.,-0.0833654736836579));
#2478=DIRECTION('',(0.,1.,0.));
#2479=DIRECTION('',(0.,-1.,0.));
#2480=DIRECTION('center_axis',(-0.977323140679806,0.,0.21175334399192));
#2481=DIRECTION('ref_axis',(0.21175334399192,0.,0.977323140679806));
#2482=DIRECTION('',(0.,-1.,0.));
#2483=DIRECTION('',(0.,-1.,0.));
#2484=DIRECTION('',(-0.21175334399192,0.,-0.977323140679806));
#2485=DIRECTION('',(0.,1.,0.));
#2486=DIRECTION('',(0.21175334399192,0.,0.977323140679806));
#2487=DIRECTION('',(0.,1.,0.));
#2488=DIRECTION('center_axis',(0.996519040358738,0.,0.0833654736836581));
#2489=DIRECTION('ref_axis',(-0.0833654736836581,0.,0.996519040358738));
#2490=DIRECTION('',(0.,-1.,0.));
#2491=DIRECTION('',(-0.0833654736836581,0.,0.996519040358738));
#2492=DIRECTION('center_axis',(-0.996519040358738,0.,-0.0833654736836581));
#2493=DIRECTION('ref_axis',(0.0833654736836581,0.,-0.996519040358738));
#2494=DIRECTION('',(0.,-1.,0.));
#2495=DIRECTION('center_axis',(-0.996519040358738,0.,-0.0833654736836581));
#2496=DIRECTION('ref_axis',(0.0833654736836581,0.,-0.996519040358738));
#2497=DIRECTION('',(-0.0833654736836581,0.,0.996519040358738));
#2498=DIRECTION('center_axis',(0.,-1.,0.));
#2499=DIRECTION('ref_axis',(-0.996519040358738,0.,-0.0833654736836579));
#2500=DIRECTION('',(0.,1.,0.));
#2501=DIRECTION('center_axis',(0.,1.,0.));
#2502=DIRECTION('ref_axis',(-0.996519040358738,0.,-0.0833654736836579));
#2503=DIRECTION('center_axis',(0.,1.,0.));
#2504=DIRECTION('ref_axis',(-0.997891285686124,0.,0.0649074876396682));
#2505=DIRECTION('center_axis',(0.,-1.,0.));
#2506=DIRECTION('ref_axis',(-0.997891285686124,0.,0.0649074876396682));
#2507=DIRECTION('',(0.,1.,0.));
#2508=DIRECTION('center_axis',(-0.996519040358738,0.,-0.0833654736836582));
#2509=DIRECTION('ref_axis',(0.0833654736836582,0.,-0.996519040358738));
#2510=DIRECTION('',(0.0833654736836582,0.,-0.996519040358738));
#2511=DIRECTION('center_axis',(0.996519040358738,0.,0.0833654736836582));
#2512=DIRECTION('ref_axis',(0.0833654736836582,0.,-0.996519040358738));
#2513=DIRECTION('',(0.,-1.,0.));
#2514=DIRECTION('center_axis',(0.,1.,0.));
#2515=DIRECTION('ref_axis',(-0.997891285686124,0.,0.0649074876396682));
#2516=DIRECTION('center_axis',(0.,1.,0.));
#2517=DIRECTION('ref_axis',(-0.997891285686124,0.,0.0649074876396682));
#2518=DIRECTION('',(0.,-1.,0.));
#2519=DIRECTION('center_axis',(0.,-1.,0.));
#2520=DIRECTION('ref_axis',(-0.676991331671368,0.,-0.735990989647175));
#2521=DIRECTION('',(0.,1.,0.));
#2522=DIRECTION('center_axis',(-0.707106781186547,-0.707106781186548,0.));
#2523=DIRECTION('ref_axis',(-0.707106781186548,0.707106781186547,0.));
#2524=DIRECTION('center_axis',(1.,0.,0.));
#2525=DIRECTION('ref_axis',(0.,0.707106781186547,-0.707106781186547));
#2526=DIRECTION('',(-1.,0.,0.));
#2527=DIRECTION('',(1.,0.,0.));
#2528=DIRECTION('center_axis',(0.,0.,-1.));
#2529=DIRECTION('ref_axis',(1.,0.,0.));
#2530=DIRECTION('',(-1.,0.,0.));
#2531=DIRECTION('',(0.,1.,0.));
#2532=DIRECTION('',(0.,-1.,0.));
#2533=DIRECTION('center_axis',(0.,1.,0.));
#2534=DIRECTION('ref_axis',(-0.676991331671368,0.,-0.735990989647175));
#2535=DIRECTION('',(0.,-1.,0.));
#2536=DIRECTION('center_axis',(-0.707106781186547,0.707106781186548,0.));
#2537=DIRECTION('ref_axis',(-0.707106781186548,-0.707106781186547,0.));
#2538=DIRECTION('center_axis',(-1.,0.,0.));
#2539=DIRECTION('ref_axis',(0.,-0.707106781186547,-0.707106781186547));
#2540=DIRECTION('',(1.,0.,0.));
#2541=DIRECTION('center_axis',(0.996519040358738,0.,0.0833654736836582));
#2542=DIRECTION('ref_axis',(0.0833654736836582,0.,-0.996519040358738));
#2543=DIRECTION('center_axis',(0.996519040358738,0.,0.0833654736836582));
#2544=DIRECTION('ref_axis',(0.0833654736836582,0.,-0.996519040358738));
#2545=DIRECTION('',(0.0833654736836582,0.,-0.996519040358738));
#2546=DIRECTION('center_axis',(0.,1.,0.));
#2547=DIRECTION('ref_axis',(0.,0.,1.));
#2548=DIRECTION('center_axis',(0.,1.,0.));
#2549=DIRECTION('ref_axis',(0.627792424296471,0.,-0.778380801405045));
#2550=DIRECTION('center_axis',(0.,1.,0.));
#2551=DIRECTION('ref_axis',(0.,0.,1.));
#2552=DIRECTION('center_axis',(0.,-1.,0.));
#2553=DIRECTION('ref_axis',(0.627792424296471,0.,-0.778380801405045));
#2554=DIRECTION('center_axis',(-1.,0.,0.));
#2555=DIRECTION('ref_axis',(0.,0.,-1.));
#2556=DIRECTION('center_axis',(0.,-1.,0.));
#2557=DIRECTION('ref_axis',(0.627792424296471,0.,-0.778380801405045));
#2558=DIRECTION('',(0.,1.,0.));
#2559=DIRECTION('center_axis',(0.,-1.,0.));
#2560=DIRECTION('ref_axis',(-0.627792424296471,0.,0.778380801405044));
#2561=DIRECTION('center_axis',(0.,-1.,0.));
#2562=DIRECTION('ref_axis',(-0.627792389500136,0.,0.778380829469553));
#2563=DIRECTION('',(0.,1.,0.));
#2564=DIRECTION('',(0.,1.,0.));
#2565=DIRECTION('center_axis',(-8.94069671630856E-8,0.,-0.999999999999996));
#2566=DIRECTION('ref_axis',(-0.999999999999996,0.,8.94069671630856E-8));
#2567=DIRECTION('',(0.,1.,0.));
#2568=DIRECTION('center_axis',(0.977323140679806,0.,-0.211753343991921));
#2569=DIRECTION('ref_axis',(-0.211753343991921,0.,-0.977323140679806));
#2570=DIRECTION('center_axis',(-1.,0.,0.));
#2571=DIRECTION('ref_axis',(0.,0.,1.));
#2572=DIRECTION('center_axis',(0.,1.,0.));
#2573=DIRECTION('ref_axis',(-0.627792424296471,0.,-0.778380801405045));
#2574=DIRECTION('',(0.,-1.,0.));
#2575=DIRECTION('center_axis',(0.,1.,0.));
#2576=DIRECTION('ref_axis',(0.627792424296471,0.,0.778380801405044));
#2577=DIRECTION('center_axis',(0.,1.,0.));
#2578=DIRECTION('ref_axis',(0.627792389500136,0.,0.778380829469553));
#2579=DIRECTION('',(0.,-1.,0.));
#2580=DIRECTION('',(0.,-1.,0.));
#2581=DIRECTION('center_axis',(-8.94069671630856E-8,0.,0.999999999999996));
#2582=DIRECTION('ref_axis',(0.999999999999996,0.,8.94069671630856E-8));
#2583=DIRECTION('',(0.,1.,0.));
#2584=DIRECTION('center_axis',(0.977323140679806,0.,0.211753343991921));
#2585=DIRECTION('ref_axis',(0.211753343991921,0.,-0.977323140679806));
#2586=DIRECTION('center_axis',(-1.,0.,0.));
#2587=DIRECTION('ref_axis',(0.,0.,1.));
#2588=DIRECTION('center_axis',(0.,0.,-1.));
#2589=DIRECTION('ref_axis',(-1.,0.,0.));
#2590=CARTESIAN_POINT('',(0.,0.,0.));
#2591=CARTESIAN_POINT('Origin',(-35.,26.,60.0000035762787));
#2592=CARTESIAN_POINT('',(-33.25,26.,60.000000603497));
#2593=CARTESIAN_POINT('Origin',(-35.,26.,60.0000004470348));
#2594=CARTESIAN_POINT('',(-33.25,26.,51.3876231227878));
#2595=CARTESIAN_POINT('',(-33.25,26.,60.0000035762787));
#2596=CARTESIAN_POINT('',(-33.6911080992195,24.8384054097616,53.4235066879838));
#2597=CARTESIAN_POINT('Origin',(-35.,26.,59.4645463200664));
#2598=CARTESIAN_POINT('',(-35.6457543805791,24.3735002981977,55.));
#2599=CARTESIAN_POINT('Ctrl Pts',(-35.6457543805791,24.3735002981977,55.));
#2600=CARTESIAN_POINT('Ctrl Pts',(-35.6266465144204,24.3659140759182,55.));
#2601=CARTESIAN_POINT('Ctrl Pts',(-35.6075350345895,24.3587165298585,54.9997258412743));
#2602=CARTESIAN_POINT('Ctrl Pts',(-35.4243136015554,24.2932964450977,54.9944749000504));
#2603=CARTESIAN_POINT('Ctrl Pts',(-35.2406520454896,24.2575740805726,54.9672882528904));
#2604=CARTESIAN_POINT('Ctrl Pts',(-34.8861371453881,24.2447231731843,54.85938501806));
#2605=CARTESIAN_POINT('Ctrl Pts',(-34.7153305611401,24.2669465881783,54.7785929724838));
#2606=CARTESIAN_POINT('Ctrl Pts',(-34.2831885863278,24.3760854264365,54.5034075343022));
#2607=CARTESIAN_POINT('Ctrl Pts',(-34.0520528691891,24.514783507734,54.2524231207213));
#2608=CARTESIAN_POINT('Ctrl Pts',(-33.8139914744495,24.7091175385759,53.819606622156));
#2609=CARTESIAN_POINT('Ctrl Pts',(-33.7525282073796,24.7711038256697,53.6659359748732));
#2610=CARTESIAN_POINT('Ctrl Pts',(-33.7034898879341,24.8245562732705,53.4778856434706));
#2611=CARTESIAN_POINT('Ctrl Pts',(-33.6970213631246,24.8317423077657,53.450798675645));
#2612=CARTESIAN_POINT('Ctrl Pts',(-33.6911080992195,24.8384054097616,53.4235066879838));
#2613=CARTESIAN_POINT('',(-35.6457543805791,27.6264997018023,55.));
#2614=CARTESIAN_POINT('Origin',(-35.,26.,55.));
#2615=CARTESIAN_POINT('',(-33.6911080992195,27.1615945902384,53.4235066879838));
#2616=CARTESIAN_POINT('Ctrl Pts',(-33.6911080992195,27.1615945902384,53.4235066879838));
#2617=CARTESIAN_POINT('Ctrl Pts',(-33.6970213631246,27.1682576922343,53.450798675645));
#2618=CARTESIAN_POINT('Ctrl Pts',(-33.7034898879341,27.1754437267295,53.4778856434706));
#2619=CARTESIAN_POINT('Ctrl Pts',(-33.7525282073796,27.2288961743303,53.6659359748732));
#2620=CARTESIAN_POINT('Ctrl Pts',(-33.8139914744495,27.2908824614241,53.819606622156));
#2621=CARTESIAN_POINT('Ctrl Pts',(-34.0520528691891,27.485216492266,54.2524231207213));
#2622=CARTESIAN_POINT('Ctrl Pts',(-34.2831885863278,27.6239145735635,54.5034075343022));
#2623=CARTESIAN_POINT('Ctrl Pts',(-34.7153305611401,27.7330534118217,54.7785929724838));
#2624=CARTESIAN_POINT('Ctrl Pts',(-34.8861371453881,27.7552768268157,54.85938501806));
#2625=CARTESIAN_POINT('Ctrl Pts',(-35.2406520454896,27.7424259194274,54.9672882528904));
#2626=CARTESIAN_POINT('Ctrl Pts',(-35.4243136015554,27.7067035549023,54.9944749000504));
#2627=CARTESIAN_POINT('Ctrl Pts',(-35.6075350345895,27.6412834701416,54.9997258412743));
#2628=CARTESIAN_POINT('Ctrl Pts',(-35.6266465144204,27.6340859240818,55.));
#2629=CARTESIAN_POINT('Ctrl Pts',(-35.6457543805791,27.6264997018023,55.));
#2630=CARTESIAN_POINT('Origin',(-35.,26.,59.4645463200664));
#2631=CARTESIAN_POINT('Origin',(-35.,55.,60.0000035762787));
#2632=CARTESIAN_POINT('',(-33.25,55.,60.000000603497));
#2633=CARTESIAN_POINT('Origin',(-35.,55.,60.0000004470348));
#2634=CARTESIAN_POINT('',(-33.25,55.,51.3876231227878));
#2635=CARTESIAN_POINT('',(-33.25,55.,60.0000035762787));
#2636=CARTESIAN_POINT('',(-33.6911080992195,53.8384054097616,53.4235066879838));
#2637=CARTESIAN_POINT('Origin',(-35.,55.,59.4645463200664));
#2638=CARTESIAN_POINT('',(-35.6457543805791,53.3735002981977,55.));
#2639=CARTESIAN_POINT('Ctrl Pts',(-35.6457543805791,53.3735002981977,55.));
#2640=CARTESIAN_POINT('Ctrl Pts',(-35.6266465144204,53.3659140759182,55.));
#2641=CARTESIAN_POINT('Ctrl Pts',(-35.6075350345895,53.3587165298585,54.9997258412743));
#2642=CARTESIAN_POINT('Ctrl Pts',(-35.4243136015554,53.2932964450977,54.9944749000504));
#2643=CARTESIAN_POINT('Ctrl Pts',(-35.2406520454896,53.2575740805726,54.9672882528904));
#2644=CARTESIAN_POINT('Ctrl Pts',(-34.8861371453881,53.2447231731843,54.85938501806));
#2645=CARTESIAN_POINT('Ctrl Pts',(-34.7153305611401,53.2669465881783,54.7785929724838));
#2646=CARTESIAN_POINT('Ctrl Pts',(-34.2831885863278,53.3760854264365,54.5034075343022));
#2647=CARTESIAN_POINT('Ctrl Pts',(-34.0520528691891,53.514783507734,54.2524231207213));
#2648=CARTESIAN_POINT('Ctrl Pts',(-33.8139914744495,53.7091175385759,53.819606622156));
#2649=CARTESIAN_POINT('Ctrl Pts',(-33.7525282073796,53.7711038256697,53.6659359748732));
#2650=CARTESIAN_POINT('Ctrl Pts',(-33.7034898879341,53.8245562732705,53.4778856434705));
#2651=CARTESIAN_POINT('Ctrl Pts',(-33.6970213631246,53.8317423077657,53.450798675645));
#2652=CARTESIAN_POINT('Ctrl Pts',(-33.6911080992195,53.8384054097616,53.4235066879838));
#2653=CARTESIAN_POINT('',(-35.6457543805791,56.6264997018023,55.));
#2654=CARTESIAN_POINT('Origin',(-35.,55.,55.));
#2655=CARTESIAN_POINT('',(-33.6911080992195,56.1615945902384,53.4235066879838));
#2656=CARTESIAN_POINT('Ctrl Pts',(-33.6911080992195,56.1615945902384,53.4235066879838));
#2657=CARTESIAN_POINT('Ctrl Pts',(-33.6970213631246,56.1682576922343,53.450798675645));
#2658=CARTESIAN_POINT('Ctrl Pts',(-33.7034898879341,56.1754437267295,53.4778856434705));
#2659=CARTESIAN_POINT('Ctrl Pts',(-33.7525282073796,56.2288961743303,53.6659359748732));
#2660=CARTESIAN_POINT('Ctrl Pts',(-33.8139914744495,56.2908824614241,53.819606622156));
#2661=CARTESIAN_POINT('Ctrl Pts',(-34.0520528691891,56.485216492266,54.2524231207213));
#2662=CARTESIAN_POINT('Ctrl Pts',(-34.2831885863278,56.6239145735635,54.5034075343022));
#2663=CARTESIAN_POINT('Ctrl Pts',(-34.7153305611401,56.7330534118217,54.7785929724838));
#2664=CARTESIAN_POINT('Ctrl Pts',(-34.8861371453881,56.7552768268157,54.85938501806));
#2665=CARTESIAN_POINT('Ctrl Pts',(-35.2406520454896,56.7424259194274,54.9672882528904));
#2666=CARTESIAN_POINT('Ctrl Pts',(-35.4243136015554,56.7067035549023,54.9944749000504));
#2667=CARTESIAN_POINT('Ctrl Pts',(-35.6075350345895,56.6412834701416,54.9997258412743));
#2668=CARTESIAN_POINT('Ctrl Pts',(-35.6266465144204,56.6340859240818,55.));
#2669=CARTESIAN_POINT('Ctrl Pts',(-35.6457543805791,56.6264997018023,55.));
#2670=CARTESIAN_POINT('Origin',(-35.,55.,59.4645463200664));
#2671=CARTESIAN_POINT('Origin',(-35.,84.,60.0000035762787));
#2672=CARTESIAN_POINT('',(-33.25,84.,60.000000603497));
#2673=CARTESIAN_POINT('Origin',(-35.,84.,60.0000004470348));
#2674=CARTESIAN_POINT('',(-33.25,84.,51.3876231227878));
#2675=CARTESIAN_POINT('',(-33.25,84.,60.0000035762787));
#2676=CARTESIAN_POINT('',(-33.6911080992195,82.8384054097616,53.4235066879838));
#2677=CARTESIAN_POINT('Origin',(-35.,84.,59.4645463200664));
#2678=CARTESIAN_POINT('',(-35.6457543805791,82.3735002981977,55.));
#2679=CARTESIAN_POINT('Ctrl Pts',(-35.6457543805791,82.3735002981977,55.));
#2680=CARTESIAN_POINT('Ctrl Pts',(-35.6266465144204,82.3659140759182,55.));
#2681=CARTESIAN_POINT('Ctrl Pts',(-35.6075350345895,82.3587165298585,54.9997258412743));
#2682=CARTESIAN_POINT('Ctrl Pts',(-35.4243136015554,82.2932964450977,54.9944749000504));
#2683=CARTESIAN_POINT('Ctrl Pts',(-35.2406520454896,82.2575740805726,54.9672882528904));
#2684=CARTESIAN_POINT('Ctrl Pts',(-34.8861371453881,82.2447231731843,54.85938501806));
#2685=CARTESIAN_POINT('Ctrl Pts',(-34.7153305611401,82.2669465881783,54.7785929724838));
#2686=CARTESIAN_POINT('Ctrl Pts',(-34.2831885863278,82.3760854264365,54.5034075343022));
#2687=CARTESIAN_POINT('Ctrl Pts',(-34.0520528691891,82.514783507734,54.2524231207213));
#2688=CARTESIAN_POINT('Ctrl Pts',(-33.8139914744495,82.7091175385759,53.819606622156));
#2689=CARTESIAN_POINT('Ctrl Pts',(-33.7525282073796,82.7711038256698,53.6659359748732));
#2690=CARTESIAN_POINT('Ctrl Pts',(-33.7034898879341,82.8245562732706,53.4778856434706));
#2691=CARTESIAN_POINT('Ctrl Pts',(-33.6970213631246,82.8317423077658,53.450798675645));
#2692=CARTESIAN_POINT('Ctrl Pts',(-33.6911080992195,82.8384054097616,53.4235066879838));
#2693=CARTESIAN_POINT('',(-35.6457543805791,85.6264997018023,55.));
#2694=CARTESIAN_POINT('Origin',(-35.,84.,55.));
#2695=CARTESIAN_POINT('',(-33.6911080992195,85.1615945902384,53.4235066879838));
#2696=CARTESIAN_POINT('Ctrl Pts',(-33.6911080992195,85.1615945902384,53.4235066879838));
#2697=CARTESIAN_POINT('Ctrl Pts',(-33.6970213631246,85.1682576922343,53.450798675645));
#2698=CARTESIAN_POINT('Ctrl Pts',(-33.7034898879341,85.1754437267295,53.4778856434706));
#2699=CARTESIAN_POINT('Ctrl Pts',(-33.7525282073796,85.2288961743303,53.6659359748732));
#2700=CARTESIAN_POINT('Ctrl Pts',(-33.8139914744495,85.2908824614241,53.819606622156));
#2701=CARTESIAN_POINT('Ctrl Pts',(-34.0520528691891,85.485216492266,54.2524231207213));
#2702=CARTESIAN_POINT('Ctrl Pts',(-34.2831885863278,85.6239145735636,54.5034075343022));
#2703=CARTESIAN_POINT('Ctrl Pts',(-34.7153305611401,85.7330534118217,54.7785929724838));
#2704=CARTESIAN_POINT('Ctrl Pts',(-34.8861371453881,85.7552768268157,54.85938501806));
#2705=CARTESIAN_POINT('Ctrl Pts',(-35.2406520454896,85.7424259194274,54.9672882528904));
#2706=CARTESIAN_POINT('Ctrl Pts',(-35.4243136015554,85.7067035549023,54.9944749000504));
#2707=CARTESIAN_POINT('Ctrl Pts',(-35.6075350345895,85.6412834701416,54.9997258412743));
#2708=CARTESIAN_POINT('Ctrl Pts',(-35.6266465144204,85.6340859240818,55.));
#2709=CARTESIAN_POINT('Ctrl Pts',(-35.6457543805791,85.6264997018023,55.));
#2710=CARTESIAN_POINT('Origin',(-35.,84.,59.4645463200664));
#2711=CARTESIAN_POINT('Origin',(-34.0326816450664,0.,55.));
#2712=CARTESIAN_POINT('',(-35.6457543805791,-3.,55.));
#2713=CARTESIAN_POINT('',(-35.6457543805791,0.,55.));
#2714=CARTESIAN_POINT('',(-40.,-3.,55.));
#2715=CARTESIAN_POINT('',(-30.,-3.,55.));
#2716=CARTESIAN_POINT('',(-40.,113.,55.));
#2717=CARTESIAN_POINT('',(-40.,0.,55.));
#2718=CARTESIAN_POINT('',(-35.6457543805791,113.,55.));
#2719=CARTESIAN_POINT('',(-30.,113.,55.));
#2720=CARTESIAN_POINT('',(-35.6457543805791,0.,55.));
#2721=CARTESIAN_POINT('',(-35.6457543805791,0.,55.));
#2722=CARTESIAN_POINT('',(-35.6457543805791,0.,55.));
#2723=CARTESIAN_POINT('Origin',(-35.6457543805791,0.,53.));
#2724=CARTESIAN_POINT('',(-33.6911080992195,-3.,53.4235066879838));
#2725=CARTESIAN_POINT('',(-33.6911080992195,0.,53.4235066879838));
#2726=CARTESIAN_POINT('Origin',(-35.6457543805791,-3.,53.));
#2727=CARTESIAN_POINT('Origin',(-35.6457543805791,0.,53.));
#2728=CARTESIAN_POINT('',(-33.6911080992195,113.,53.4235066879838));
#2729=CARTESIAN_POINT('Origin',(-35.6457543805791,113.,53.));
#2730=CARTESIAN_POINT('',(-33.6911080992195,0.,53.4235066879838));
#2731=CARTESIAN_POINT('Origin',(-35.6457543805791,0.,53.));
#2732=CARTESIAN_POINT('',(-33.6911080992195,0.,53.4235066879838));
#2733=CARTESIAN_POINT('Origin',(35.,26.,60.0000035762787));
#2734=CARTESIAN_POINT('',(33.25,26.,60.000000603497));
#2735=CARTESIAN_POINT('Origin',(35.,26.,60.0000004470348));
#2736=CARTESIAN_POINT('',(33.25,26.,51.3876231227878));
#2737=CARTESIAN_POINT('',(33.25,26.,60.0000035762787));
#2738=CARTESIAN_POINT('',(33.6911080992195,27.1615945902384,53.4235066879838));
#2739=CARTESIAN_POINT('Origin',(35.,26.,59.4645463200664));
#2740=CARTESIAN_POINT('',(35.6457543805791,27.6264997018023,55.));
#2741=CARTESIAN_POINT('Ctrl Pts',(35.6457543805791,27.6264997018023,55.));
#2742=CARTESIAN_POINT('Ctrl Pts',(35.6266465144204,27.6340859240818,55.));
#2743=CARTESIAN_POINT('Ctrl Pts',(35.6075350345895,27.6412834701416,54.9997258412743));
#2744=CARTESIAN_POINT('Ctrl Pts',(35.4243136015554,27.7067035549023,54.9944749000504));
#2745=CARTESIAN_POINT('Ctrl Pts',(35.2406520454896,27.7424259194274,54.9672882528904));
#2746=CARTESIAN_POINT('Ctrl Pts',(34.8861371453881,27.7552768268157,54.85938501806));
#2747=CARTESIAN_POINT('Ctrl Pts',(34.7153305611401,27.7330534118217,54.7785929724838));
#2748=CARTESIAN_POINT('Ctrl Pts',(34.2831885863278,27.6239145735635,54.5034075343022));
#2749=CARTESIAN_POINT('Ctrl Pts',(34.0520528691891,27.485216492266,54.2524231207213));
#2750=CARTESIAN_POINT('Ctrl Pts',(33.8139914744495,27.2908824614241,53.819606622156));
#2751=CARTESIAN_POINT('Ctrl Pts',(33.7525282073796,27.2288961743303,53.6659359748732));
#2752=CARTESIAN_POINT('Ctrl Pts',(33.7034898879341,27.1754437267295,53.4778856434706));
#2753=CARTESIAN_POINT('Ctrl Pts',(33.6970213631246,27.1682576922343,53.450798675645));
#2754=CARTESIAN_POINT('Ctrl Pts',(33.6911080992195,27.1615945902384,53.4235066879838));
#2755=CARTESIAN_POINT('',(35.6457543805791,24.3735002981977,55.));
#2756=CARTESIAN_POINT('Origin',(35.,26.,55.));
#2757=CARTESIAN_POINT('',(33.6911080992195,24.8384054097616,53.4235066879838));
#2758=CARTESIAN_POINT('Ctrl Pts',(33.6911080992195,24.8384054097616,53.4235066879838));
#2759=CARTESIAN_POINT('Ctrl Pts',(33.6970213631246,24.8317423077658,53.450798675645));
#2760=CARTESIAN_POINT('Ctrl Pts',(33.7034898879341,24.8245562732705,53.4778856434706));
#2761=CARTESIAN_POINT('Ctrl Pts',(33.7525282073796,24.7711038256697,53.6659359748732));
#2762=CARTESIAN_POINT('Ctrl Pts',(33.8139914744495,24.7091175385759,53.819606622156));
#2763=CARTESIAN_POINT('Ctrl Pts',(34.0520528691891,24.514783507734,54.2524231207213));
#2764=CARTESIAN_POINT('Ctrl Pts',(34.2831885863278,24.3760854264365,54.5034075343022));
#2765=CARTESIAN_POINT('Ctrl Pts',(34.7153305611401,24.2669465881783,54.7785929724838));
#2766=CARTESIAN_POINT('Ctrl Pts',(34.8861371453881,24.2447231731843,54.85938501806));
#2767=CARTESIAN_POINT('Ctrl Pts',(35.2406520454896,24.2575740805726,54.9672882528904));
#2768=CARTESIAN_POINT('Ctrl Pts',(35.4243136015554,24.2932964450977,54.9944749000504));
#2769=CARTESIAN_POINT('Ctrl Pts',(35.6075350345895,24.3587165298585,54.9997258412743));
#2770=CARTESIAN_POINT('Ctrl Pts',(35.6266465144204,24.3659140759182,55.));
#2771=CARTESIAN_POINT('Ctrl Pts',(35.6457543805791,24.3735002981977,55.));
#2772=CARTESIAN_POINT('Origin',(35.,26.,59.4645463200664));
#2773=CARTESIAN_POINT('Origin',(35.,55.,60.0000035762787));
#2774=CARTESIAN_POINT('',(33.25,55.,60.000000603497));
#2775=CARTESIAN_POINT('Origin',(35.,55.,60.0000004470348));
#2776=CARTESIAN_POINT('',(33.25,55.,51.3876231227878));
#2777=CARTESIAN_POINT('',(33.25,55.,60.0000035762787));
#2778=CARTESIAN_POINT('',(33.6911080992195,56.1615945902384,53.4235066879838));
#2779=CARTESIAN_POINT('Origin',(35.,55.,59.4645463200664));
#2780=CARTESIAN_POINT('',(35.6457543805791,56.6264997018023,55.));
#2781=CARTESIAN_POINT('Ctrl Pts',(35.6457543805791,56.6264997018023,55.));
#2782=CARTESIAN_POINT('Ctrl Pts',(35.6266465144204,56.6340859240818,55.));
#2783=CARTESIAN_POINT('Ctrl Pts',(35.6075350345895,56.6412834701416,54.9997258412743));
#2784=CARTESIAN_POINT('Ctrl Pts',(35.4243136015554,56.7067035549023,54.9944749000504));
#2785=CARTESIAN_POINT('Ctrl Pts',(35.2406520454896,56.7424259194274,54.9672882528904));
#2786=CARTESIAN_POINT('Ctrl Pts',(34.8861371453881,56.7552768268157,54.85938501806));
#2787=CARTESIAN_POINT('Ctrl Pts',(34.7153305611401,56.7330534118217,54.7785929724838));
#2788=CARTESIAN_POINT('Ctrl Pts',(34.2831885863278,56.6239145735635,54.5034075343022));
#2789=CARTESIAN_POINT('Ctrl Pts',(34.0520528691891,56.485216492266,54.2524231207213));
#2790=CARTESIAN_POINT('Ctrl Pts',(33.8139914744495,56.2908824614241,53.819606622156));
#2791=CARTESIAN_POINT('Ctrl Pts',(33.7525282073796,56.2288961743303,53.6659359748732));
#2792=CARTESIAN_POINT('Ctrl Pts',(33.7034898879341,56.1754437267295,53.4778856434706));
#2793=CARTESIAN_POINT('Ctrl Pts',(33.6970213631246,56.1682576922343,53.450798675645));
#2794=CARTESIAN_POINT('Ctrl Pts',(33.6911080992195,56.1615945902384,53.4235066879838));
#2795=CARTESIAN_POINT('',(35.6457543805791,53.3735002981977,55.));
#2796=CARTESIAN_POINT('Origin',(35.,55.,55.));
#2797=CARTESIAN_POINT('',(33.6911080992195,53.8384054097616,53.4235066879838));
#2798=CARTESIAN_POINT('Ctrl Pts',(33.6911080992195,53.8384054097616,53.4235066879838));
#2799=CARTESIAN_POINT('Ctrl Pts',(33.6970213631246,53.8317423077657,53.450798675645));
#2800=CARTESIAN_POINT('Ctrl Pts',(33.7034898879341,53.8245562732705,53.4778856434706));
#2801=CARTESIAN_POINT('Ctrl Pts',(33.7525282073796,53.7711038256697,53.6659359748732));
#2802=CARTESIAN_POINT('Ctrl Pts',(33.8139914744495,53.7091175385759,53.819606622156));
#2803=CARTESIAN_POINT('Ctrl Pts',(34.0520528691891,53.514783507734,54.2524231207213));
#2804=CARTESIAN_POINT('Ctrl Pts',(34.2831885863278,53.3760854264365,54.5034075343022));
#2805=CARTESIAN_POINT('Ctrl Pts',(34.7153305611401,53.2669465881783,54.7785929724838));
#2806=CARTESIAN_POINT('Ctrl Pts',(34.8861371453881,53.2447231731843,54.85938501806));
#2807=CARTESIAN_POINT('Ctrl Pts',(35.2406520454896,53.2575740805726,54.9672882528904));
#2808=CARTESIAN_POINT('Ctrl Pts',(35.4243136015554,53.2932964450977,54.9944749000504));
#2809=CARTESIAN_POINT('Ctrl Pts',(35.6075350345895,53.3587165298585,54.9997258412743));
#2810=CARTESIAN_POINT('Ctrl Pts',(35.6266465144204,53.3659140759182,55.));
#2811=CARTESIAN_POINT('Ctrl Pts',(35.6457543805791,53.3735002981977,55.));
#2812=CARTESIAN_POINT('Origin',(35.,55.,59.4645463200664));
#2813=CARTESIAN_POINT('Origin',(35.,84.,60.0000035762787));
#2814=CARTESIAN_POINT('',(33.25,84.,60.000000603497));
#2815=CARTESIAN_POINT('Origin',(35.,84.,60.0000004470348));
#2816=CARTESIAN_POINT('',(33.25,84.,51.3876231227878));
#2817=CARTESIAN_POINT('',(33.25,84.,60.0000035762787));
#2818=CARTESIAN_POINT('',(33.6911080992195,85.1615945902384,53.4235066879838));
#2819=CARTESIAN_POINT('Origin',(35.,84.,59.4645463200664));
#2820=CARTESIAN_POINT('',(35.6457543805791,85.6264997018023,55.));
#2821=CARTESIAN_POINT('Ctrl Pts',(35.6457543805791,85.6264997018023,55.));
#2822=CARTESIAN_POINT('Ctrl Pts',(35.6266465144204,85.6340859240818,55.));
#2823=CARTESIAN_POINT('Ctrl Pts',(35.6075350345895,85.6412834701416,54.9997258412743));
#2824=CARTESIAN_POINT('Ctrl Pts',(35.4243136015554,85.7067035549023,54.9944749000504));
#2825=CARTESIAN_POINT('Ctrl Pts',(35.2406520454896,85.7424259194274,54.9672882528904));
#2826=CARTESIAN_POINT('Ctrl Pts',(34.8861371453881,85.7552768268157,54.85938501806));
#2827=CARTESIAN_POINT('Ctrl Pts',(34.7153305611401,85.7330534118217,54.7785929724838));
#2828=CARTESIAN_POINT('Ctrl Pts',(34.2831885863278,85.6239145735636,54.5034075343022));
#2829=CARTESIAN_POINT('Ctrl Pts',(34.0520528691891,85.485216492266,54.2524231207213));
#2830=CARTESIAN_POINT('Ctrl Pts',(33.8139914744495,85.2908824614241,53.819606622156));
#2831=CARTESIAN_POINT('Ctrl Pts',(33.7525282073796,85.2288961743303,53.6659359748732));
#2832=CARTESIAN_POINT('Ctrl Pts',(33.7034898879341,85.1754437267295,53.4778856434706));
#2833=CARTESIAN_POINT('Ctrl Pts',(33.6970213631246,85.1682576922343,53.450798675645));
#2834=CARTESIAN_POINT('Ctrl Pts',(33.6911080992195,85.1615945902384,53.4235066879838));
#2835=CARTESIAN_POINT('',(35.6457543805791,82.3735002981977,55.));
#2836=CARTESIAN_POINT('Origin',(35.,84.,55.));
#2837=CARTESIAN_POINT('',(33.6911080992195,82.8384054097616,53.4235066879838));
#2838=CARTESIAN_POINT('Ctrl Pts',(33.6911080992195,82.8384054097616,53.4235066879838));
#2839=CARTESIAN_POINT('Ctrl Pts',(33.6970213631246,82.8317423077658,53.450798675645));
#2840=CARTESIAN_POINT('Ctrl Pts',(33.7034898879341,82.8245562732706,53.4778856434706));
#2841=CARTESIAN_POINT('Ctrl Pts',(33.7525282073796,82.7711038256698,53.6659359748732));
#2842=CARTESIAN_POINT('Ctrl Pts',(33.8139914744495,82.7091175385759,53.819606622156));
#2843=CARTESIAN_POINT('Ctrl Pts',(34.0520528691891,82.514783507734,54.2524231207213));
#2844=CARTESIAN_POINT('Ctrl Pts',(34.2831885863278,82.3760854264365,54.5034075343022));
#2845=CARTESIAN_POINT('Ctrl Pts',(34.7153305611401,82.2669465881783,54.7785929724838));
#2846=CARTESIAN_POINT('Ctrl Pts',(34.8861371453881,82.2447231731843,54.85938501806));
#2847=CARTESIAN_POINT('Ctrl Pts',(35.2406520454896,82.2575740805726,54.9672882528904));
#2848=CARTESIAN_POINT('Ctrl Pts',(35.4243136015554,82.2932964450977,54.9944749000504));
#2849=CARTESIAN_POINT('Ctrl Pts',(35.6075350345895,82.3587165298585,54.9997258412743));
#2850=CARTESIAN_POINT('Ctrl Pts',(35.6266465144204,82.3659140759182,55.));
#2851=CARTESIAN_POINT('Ctrl Pts',(35.6457543805791,82.3735002981977,55.));
#2852=CARTESIAN_POINT('Origin',(35.,84.,59.4645463200664));
#2853=CARTESIAN_POINT('Origin',(34.0326816450664,0.,55.));
#2854=CARTESIAN_POINT('',(35.6457543805791,0.,55.));
#2855=CARTESIAN_POINT('',(35.6457543805791,0.,55.));
#2856=CARTESIAN_POINT('',(35.6457543805791,113.,55.));
#2857=CARTESIAN_POINT('',(35.6457543805791,0.,55.));
#2858=CARTESIAN_POINT('',(40.,113.,55.));
#2859=CARTESIAN_POINT('',(30.,113.,55.));
#2860=CARTESIAN_POINT('',(40.,-3.,55.));
#2861=CARTESIAN_POINT('',(40.,0.,55.));
#2862=CARTESIAN_POINT('',(35.6457543805791,-3.,55.));
#2863=CARTESIAN_POINT('',(30.,-3.,55.));
#2864=CARTESIAN_POINT('',(35.6457543805791,0.,55.));
#2865=CARTESIAN_POINT('Origin',(35.6457543805791,0.,53.));
#2866=CARTESIAN_POINT('',(33.6911080992195,113.,53.4235066879838));
#2867=CARTESIAN_POINT('',(33.6911080992195,0.,53.4235066879838));
#2868=CARTESIAN_POINT('Origin',(35.6457543805791,113.,53.));
#2869=CARTESIAN_POINT('Origin',(35.6457543805791,0.,53.));
#2870=CARTESIAN_POINT('',(33.6911080992195,0.,53.4235066879838));
#2871=CARTESIAN_POINT('Origin',(35.6457543805791,0.,53.));
#2872=CARTESIAN_POINT('',(33.6911080992195,0.,53.4235066879838));
#2873=CARTESIAN_POINT('Origin',(0.,113.,2.));
#2874=CARTESIAN_POINT('',(17.8666666537523,113.,4.));
#2875=CARTESIAN_POINT('',(29.8292132114527,113.,59.2117541659516));
#2876=CARTESIAN_POINT('',(30.,113.,60.0000008940697));
#2877=CARTESIAN_POINT('',(30.8065364415394,113.,60.0000008219597));
#2878=CARTESIAN_POINT('Origin',(30.8065363521325,113.,59.0000008219597));
#2879=CARTESIAN_POINT('',(40.,113.,60.));
#2880=CARTESIAN_POINT('',(30.,113.,60.0000008940697));
#2881=CARTESIAN_POINT('',(40.,113.,55.));
#2882=CARTESIAN_POINT('',(30.9685056120225,113.,40.8576488675214));
#2883=CARTESIAN_POINT('',(28.386615703399,113.,28.9412337270752));
#2884=CARTESIAN_POINT('',(29.0489156441294,113.,11.3457670999636));
#2885=CARTESIAN_POINT('Origin',(128.700819680003,113.,19.6823144683294));
#2886=CARTESIAN_POINT('',(34.2157691966062,113.,-50.4168273684183));
#2887=CARTESIAN_POINT('',(32.0739221877709,113.,-24.8140060620944));
#2888=CARTESIAN_POINT('',(39.1983643983999,113.,-55.));
#2889=CARTESIAN_POINT('Origin',(39.1983643983999,113.,-50.));
#2890=CARTESIAN_POINT('',(40.,113.,-55.));
#2891=CARTESIAN_POINT('',(40.,113.,-55.));
#2892=CARTESIAN_POINT('',(40.,113.,-60.));
#2893=CARTESIAN_POINT('',(40.,113.,-60.));
#2894=CARTESIAN_POINT('',(34.5991821991999,113.,-60.));
#2895=CARTESIAN_POINT('',(40.,113.,-60.));
#2896=CARTESIAN_POINT('',(29.6165869974062,113.,-55.4168273684183));
#2897=CARTESIAN_POINT('Origin',(34.5991821991999,113.,-55.));
#2898=CARTESIAN_POINT('',(25.966520110479,113.,-11.7853215341389));
#2899=CARTESIAN_POINT('',(30.,113.,-60.));
#2900=CARTESIAN_POINT('',(17.5970509231154,113.,-4.96422503470653));
#2901=CARTESIAN_POINT('Origin',(18.4926273077884,113.,-12.4105625867663));
#2902=CARTESIAN_POINT('',(17.,113.,-5.));
#2903=CARTESIAN_POINT('Origin',(17.,113.,0.));
#2904=CARTESIAN_POINT('',(-17.,113.,-5.));
#2905=CARTESIAN_POINT('',(17.,113.,-5.));
#2906=CARTESIAN_POINT('',(-17.5970509231154,113.,-4.96422503470653));
#2907=CARTESIAN_POINT('Origin',(-17.,113.,0.));
#2908=CARTESIAN_POINT('',(-25.966520110479,113.,-11.7853215341389));
#2909=CARTESIAN_POINT('Origin',(-18.4926273077884,113.,-12.4105625867663));
#2910=CARTESIAN_POINT('',(-29.6165869974062,113.,-55.4168273684183));
#2911=CARTESIAN_POINT('',(-30.,113.,-60.));
#2912=CARTESIAN_POINT('',(-34.5991821991999,113.,-60.));
#2913=CARTESIAN_POINT('Origin',(-34.5991821991999,113.,-55.));
#2914=CARTESIAN_POINT('',(-40.,113.,-60.));
#2915=CARTESIAN_POINT('',(-40.,113.,-60.));
#2916=CARTESIAN_POINT('',(-40.,113.,-55.));
#2917=CARTESIAN_POINT('',(-40.,113.,-60.));
#2918=CARTESIAN_POINT('',(-39.1983643983999,113.,-55.));
#2919=CARTESIAN_POINT('',(-40.,113.,-55.));
#2920=CARTESIAN_POINT('',(-34.2157691966062,113.,-50.4168273684183));
#2921=CARTESIAN_POINT('Origin',(-39.1983643983999,113.,-50.));
#2922=CARTESIAN_POINT('',(-29.0489156441294,113.,11.3457670999636));
#2923=CARTESIAN_POINT('',(-32.0739221877709,113.,-24.8140060620944));
#2924=CARTESIAN_POINT('',(-30.9685056120225,113.,40.8576488675214));
#2925=CARTESIAN_POINT('Origin',(-128.700819680003,113.,19.6823144683294));
#2926=CARTESIAN_POINT('',(-28.386615703399,113.,28.9412337270752));
#2927=CARTESIAN_POINT('',(-40.,113.,60.));
#2928=CARTESIAN_POINT('',(-40.,113.,55.));
#2929=CARTESIAN_POINT('',(-30.8065364415394,113.,60.0000008219597));
#2930=CARTESIAN_POINT('',(-30.,113.,60.0000008940697));
#2931=CARTESIAN_POINT('',(-29.8292132114527,113.,59.2117541659516));
#2932=CARTESIAN_POINT('Origin',(-30.8065363521325,113.,59.0000008219597));
#2933=CARTESIAN_POINT('',(-17.8666666537523,113.,4.));
#2934=CARTESIAN_POINT('',(-30.,113.,60.0000008940697));
#2935=CARTESIAN_POINT('',(-17.,113.,4.));
#2936=CARTESIAN_POINT('Origin',(0.,-3.,2.));
#2937=CARTESIAN_POINT('',(-17.8666666537523,-3.,4.));
#2938=CARTESIAN_POINT('',(17.8666666537523,-3.,4.));
#2939=CARTESIAN_POINT('',(17.,-3.,4.));
#2940=CARTESIAN_POINT('',(-29.8292132114527,-3.,59.2117541659516));
#2941=CARTESIAN_POINT('',(-30.,-3.,60.0000008940697));
#2942=CARTESIAN_POINT('',(-30.8065364415394,-3.,60.0000008219597));
#2943=CARTESIAN_POINT('Origin',(-30.8065363521325,-3.,59.0000008219597));
#2944=CARTESIAN_POINT('',(-40.,-3.,60.));
#2945=CARTESIAN_POINT('',(-30.,-3.,60.0000008940697));
#2946=CARTESIAN_POINT('',(-40.,-3.,55.));
#2947=CARTESIAN_POINT('',(-30.9685056120225,-3.,40.8576488675214));
#2948=CARTESIAN_POINT('',(-28.386615703399,-3.,28.9412337270752));
#2949=CARTESIAN_POINT('',(-29.0489156441294,-3.,11.3457670999636));
#2950=CARTESIAN_POINT('Origin',(-128.700819680003,-3.,19.6823144683294));
#2951=CARTESIAN_POINT('',(-34.2157691966062,-3.,-50.4168273684183));
#2952=CARTESIAN_POINT('',(-32.0739221877709,-3.,-24.8140060620944));
#2953=CARTESIAN_POINT('',(-39.1983643983999,-3.,-55.));
#2954=CARTESIAN_POINT('Origin',(-39.1983643983999,-3.,-50.));
#2955=CARTESIAN_POINT('',(-40.,-3.,-55.));
#2956=CARTESIAN_POINT('',(-40.,-3.,-55.));
#2957=CARTESIAN_POINT('',(-40.,-3.,-60.));
#2958=CARTESIAN_POINT('',(-40.,-3.,-60.));
#2959=CARTESIAN_POINT('',(-34.5991821991999,-3.,-60.));
#2960=CARTESIAN_POINT('',(-40.,-3.,-60.));
#2961=CARTESIAN_POINT('',(-29.6165869974062,-3.,-55.4168273684183));
#2962=CARTESIAN_POINT('Origin',(-34.5991821991999,-3.,-55.));
#2963=CARTESIAN_POINT('',(-25.966520110479,-3.,-11.7853215341389));
#2964=CARTESIAN_POINT('',(-30.,-3.,-60.));
#2965=CARTESIAN_POINT('',(-17.5970509231154,-3.,-4.96422503470653));
#2966=CARTESIAN_POINT('Origin',(-18.4926273077884,-3.,-12.4105625867663));
#2967=CARTESIAN_POINT('',(-17.,-3.,-5.));
#2968=CARTESIAN_POINT('Origin',(-17.,-3.,0.));
#2969=CARTESIAN_POINT('',(17.,-3.,-5.));
#2970=CARTESIAN_POINT('',(17.,-3.,-5.));
#2971=CARTESIAN_POINT('',(17.5970509231154,-3.,-4.96422503470653));
#2972=CARTESIAN_POINT('Origin',(17.,-3.,0.));
#2973=CARTESIAN_POINT('',(25.966520110479,-3.,-11.7853215341389));
#2974=CARTESIAN_POINT('Origin',(18.4926273077884,-3.,-12.4105625867663));
#2975=CARTESIAN_POINT('',(29.6165869974062,-3.,-55.4168273684183));
#2976=CARTESIAN_POINT('',(30.,-3.,-60.));
#2977=CARTESIAN_POINT('',(34.5991821991999,-3.,-60.));
#2978=CARTESIAN_POINT('Origin',(34.5991821991999,-3.,-55.));
#2979=CARTESIAN_POINT('',(40.,-3.,-60.));
#2980=CARTESIAN_POINT('',(40.,-3.,-60.));
#2981=CARTESIAN_POINT('',(40.,-3.,-55.));
#2982=CARTESIAN_POINT('',(40.,-3.,-60.));
#2983=CARTESIAN_POINT('',(39.1983643983999,-3.,-55.));
#2984=CARTESIAN_POINT('',(40.,-3.,-55.));
#2985=CARTESIAN_POINT('',(34.2157691966062,-3.,-50.4168273684183));
#2986=CARTESIAN_POINT('Origin',(39.1983643983999,-3.,-50.));
#2987=CARTESIAN_POINT('',(29.0489156441294,-3.,11.3457670999636));
#2988=CARTESIAN_POINT('',(32.0739221877709,-3.,-24.8140060620944));
#2989=CARTESIAN_POINT('',(30.9685056120225,-3.,40.8576488675214));
#2990=CARTESIAN_POINT('Origin',(128.700819680003,-3.,19.6823144683294));
#2991=CARTESIAN_POINT('',(33.6911080992195,-3.,53.4235066879838));
#2992=CARTESIAN_POINT('',(28.386615703399,-3.,28.9412337270752));
#2993=CARTESIAN_POINT('Origin',(35.6457543805791,-3.,53.));
#2994=CARTESIAN_POINT('',(40.,-3.,60.));
#2995=CARTESIAN_POINT('',(40.,-3.,55.));
#2996=CARTESIAN_POINT('',(30.8065364415394,-3.,60.0000008219597));
#2997=CARTESIAN_POINT('',(30.,-3.,60.0000008940697));
#2998=CARTESIAN_POINT('',(29.8292132114527,-3.,59.2117541659516));
#2999=CARTESIAN_POINT('Origin',(30.8065363521325,-3.,59.0000008219597));
#3000=CARTESIAN_POINT('',(30.,-3.,60.0000008940697));
#3001=CARTESIAN_POINT('Origin',(0.,0.,2.));
#3002=CARTESIAN_POINT('',(-14.7,0.,0.));
#3003=CARTESIAN_POINT('',(-14.7,0.,4.));
#3004=CARTESIAN_POINT('',(-14.7,0.,13.7500002235174));
#3005=CARTESIAN_POINT('',(14.7,0.,4.));
#3006=CARTESIAN_POINT('',(-14.7,0.,4.));
#3007=CARTESIAN_POINT('',(14.7,0.,0.));
#3008=CARTESIAN_POINT('',(14.7,0.,13.7500002235174));
#3009=CARTESIAN_POINT('',(-17.25,0.,0.));
#3010=CARTESIAN_POINT('Origin',(0.,110.,2.));
#3011=CARTESIAN_POINT('',(-14.7,110.,4.));
#3012=CARTESIAN_POINT('',(-14.7,110.,0.));
#3013=CARTESIAN_POINT('',(-14.7,110.,13.7500002235174));
#3014=CARTESIAN_POINT('',(14.7,110.,0.));
#3015=CARTESIAN_POINT('',(-2.75,110.,0.));
#3016=CARTESIAN_POINT('',(14.7,110.,4.));
#3017=CARTESIAN_POINT('',(14.7,110.,13.7500002235174));
#3018=CARTESIAN_POINT('',(-14.7,110.,4.));
#3019=CARTESIAN_POINT('Origin',(-14.7,0.,0.));
#3020=CARTESIAN_POINT('',(-14.7,0.,0.));
#3021=CARTESIAN_POINT('',(-14.7,27.5,4.));
#3022=CARTESIAN_POINT('Origin',(14.7,110.,0.));
#3023=CARTESIAN_POINT('',(14.7,55.,0.));
#3024=CARTESIAN_POINT('',(14.7,82.5,4.));
#3025=CARTESIAN_POINT('Origin',(-17.,0.,0.));
#3026=CARTESIAN_POINT('Origin',(-15.75,55.,4.));
#3027=CARTESIAN_POINT('',(-17.8666666537523,-1.5,4.));
#3028=CARTESIAN_POINT('',(17.8666666537523,56.5,4.));
#3029=CARTESIAN_POINT('Origin',(23.2418780055583,40.0133118244048,5.19629015244466));
#3030=CARTESIAN_POINT('',(18.3552623021593,20.,6.25505687240427));
#3031=CARTESIAN_POINT('',(18.3552623021593,40.0133118244048,6.25505687240427));
#3032=CARTESIAN_POINT('',(18.3552623021593,20.0066559122024,6.25505687240426));
#3033=CARTESIAN_POINT('',(23.2418780055583,20.,5.19629015244466));
#3034=CARTESIAN_POINT('',(23.2418780055583,20.,5.19629015244466));
#3035=CARTESIAN_POINT('',(23.2418780055583,40.0133118244048,5.19629015244466));
#3036=CARTESIAN_POINT('',(23.2418780055583,20.0066559122024,5.19629015244466));
#3037=CARTESIAN_POINT('',(23.2418780055583,40.0133118244048,5.19629015244466));
#3038=CARTESIAN_POINT('Origin',(23.9769250648205,40.0133118244048,8.58881509189964));
#3039=CARTESIAN_POINT('',(19.0903093614215,40.0133118244048,9.64758181185925));
#3040=CARTESIAN_POINT('',(24.5451546807107,40.0133118244048,34.8237913529645));
#3041=CARTESIAN_POINT('',(23.9769250648205,40.0133118244048,8.58881509189964));
#3042=CARTESIAN_POINT('',(22.504803451801,40.0133118244048,1.79440754594982));
#3043=CARTESIAN_POINT('',(23.9769250648205,40.0133118244048,8.58881509189964));
#3044=CARTESIAN_POINT('Origin',(23.9769250648205,20.,8.58881509189964));
#3045=CARTESIAN_POINT('',(19.0903093614215,20.,9.64758181185925));
#3046=CARTESIAN_POINT('',(19.0903093614215,10.,9.64758181185924));
#3047=CARTESIAN_POINT('',(23.9769250648205,20.,8.58881509189964));
#3048=CARTESIAN_POINT('',(23.9769250648205,10.,8.58881509189965));
#3049=CARTESIAN_POINT('',(23.9769250648205,20.,8.58881509189964));
#3050=CARTESIAN_POINT('Origin',(23.2418780055583,20.,5.19629015244466));
#3051=CARTESIAN_POINT('',(24.1776311510796,20.,33.127528883237));
#3052=CARTESIAN_POINT('',(22.1372799221699,20.,0.0981450762223303));
#3053=CARTESIAN_POINT('Origin',(23.2418780055583,69.9866881755952,5.19629015244466));
#3054=CARTESIAN_POINT('',(18.3552623021593,69.9866881755952,6.25505687240427));
#3055=CARTESIAN_POINT('',(18.3552623021593,90.,6.25505687240427));
#3056=CARTESIAN_POINT('',(18.3552623021593,34.9933440877976,6.25505687240426));
#3057=CARTESIAN_POINT('',(23.2418780055583,69.9866881755952,5.19629015244466));
#3058=CARTESIAN_POINT('',(23.2418780055583,69.9866881755952,5.19629015244466));
#3059=CARTESIAN_POINT('',(23.2418780055583,90.,5.19629015244466));
#3060=CARTESIAN_POINT('',(23.2418780055583,34.9933440877976,5.19629015244466));
#3061=CARTESIAN_POINT('',(23.2418780055583,90.,5.19629015244466));
#3062=CARTESIAN_POINT('Origin',(23.2418780055583,90.,5.19629015244466));
#3063=CARTESIAN_POINT('',(19.0903093614215,90.,9.64758181185925));
#3064=CARTESIAN_POINT('',(24.1776311510796,90.,33.127528883237));
#3065=CARTESIAN_POINT('',(23.9769250648205,90.,8.58881509189964));
#3066=CARTESIAN_POINT('',(22.1372799221699,90.,0.0981450762223303));
#3067=CARTESIAN_POINT('',(23.9769250648205,90.,8.58881509189964));
#3068=CARTESIAN_POINT('Origin',(23.9769250648205,90.,8.58881509189964));
#3069=CARTESIAN_POINT('',(19.0903093614215,69.9866881755952,9.64758181185925));
#3070=CARTESIAN_POINT('',(19.0903093614215,45.,9.64758181185924));
#3071=CARTESIAN_POINT('',(23.9769250648205,69.9866881755952,8.58881509189964));
#3072=CARTESIAN_POINT('',(23.9769250648205,45.,8.58881509189965));
#3073=CARTESIAN_POINT('',(23.9769250648205,69.9866881755952,8.58881509189964));
#3074=CARTESIAN_POINT('Origin',(23.9769250648205,69.9866881755952,8.58881509189964));
#3075=CARTESIAN_POINT('',(24.5451546807107,69.9866881755952,34.8237913529645));
#3076=CARTESIAN_POINT('',(22.504803451801,69.9866881755952,1.79440754594982));
#3077=CARTESIAN_POINT('Origin',(-23.2418780055583,40.0133118244048,5.19629015244466));
#3078=CARTESIAN_POINT('',(-18.3552623021593,40.0133118244048,6.25505687240427));
#3079=CARTESIAN_POINT('',(-18.3552623021593,20.,6.25505687240427));
#3080=CARTESIAN_POINT('',(-18.3552623021593,20.0066559122024,6.25505687240426));
#3081=CARTESIAN_POINT('',(-23.2418780055583,40.0133118244048,5.19629015244466));
#3082=CARTESIAN_POINT('',(-23.2418780055583,40.0133118244048,5.19629015244466));
#3083=CARTESIAN_POINT('',(-23.2418780055583,20.,5.19629015244466));
#3084=CARTESIAN_POINT('',(-23.2418780055583,20.0066559122024,5.19629015244466));
#3085=CARTESIAN_POINT('',(-23.2418780055583,20.,5.19629015244466));
#3086=CARTESIAN_POINT('Origin',(-23.2418780055583,20.,5.19629015244466));
#3087=CARTESIAN_POINT('',(-19.0903093614215,20.,9.64758181185925));
#3088=CARTESIAN_POINT('',(-24.1776311510796,20.,33.127528883237));
#3089=CARTESIAN_POINT('',(-23.9769250648205,20.,8.58881509189964));
#3090=CARTESIAN_POINT('',(-22.1372799221699,20.,0.0981450762223303));
#3091=CARTESIAN_POINT('',(-23.9769250648205,20.,8.58881509189964));
#3092=CARTESIAN_POINT('Origin',(-23.9769250648205,20.,8.58881509189964));
#3093=CARTESIAN_POINT('',(-19.0903093614215,40.0133118244048,9.64758181185925));
#3094=CARTESIAN_POINT('',(-19.0903093614215,10.,9.64758181185924));
#3095=CARTESIAN_POINT('',(-23.9769250648205,40.0133118244048,8.58881509189964));
#3096=CARTESIAN_POINT('',(-23.9769250648205,10.,8.58881509189965));
#3097=CARTESIAN_POINT('',(-23.9769250648205,40.0133118244048,8.58881509189964));
#3098=CARTESIAN_POINT('Origin',(-23.9769250648205,40.0133118244048,8.58881509189964));
#3099=CARTESIAN_POINT('',(-24.5451546807107,40.0133118244048,34.8237913529645));
#3100=CARTESIAN_POINT('',(-22.504803451801,40.0133118244048,1.79440754594982));
#3101=CARTESIAN_POINT('Origin',(-23.2418780055583,69.9866881755952,5.19629015244466));
#3102=CARTESIAN_POINT('',(-18.3552623021593,90.,6.25505687240427));
#3103=CARTESIAN_POINT('',(-18.3552623021593,69.9866881755952,6.25505687240427));
#3104=CARTESIAN_POINT('',(-18.3552623021593,34.9933440877976,6.25505687240426));
#3105=CARTESIAN_POINT('',(-23.2418780055583,90.,5.19629015244466));
#3106=CARTESIAN_POINT('',(-23.2418780055583,90.,5.19629015244466));
#3107=CARTESIAN_POINT('',(-23.2418780055583,69.9866881755952,5.19629015244466));
#3108=CARTESIAN_POINT('',(-23.2418780055583,34.9933440877976,5.19629015244466));
#3109=CARTESIAN_POINT('',(-23.2418780055583,69.9866881755952,5.19629015244466));
#3110=CARTESIAN_POINT('Origin',(-23.9769250648205,69.9866881755952,8.58881509189964));
#3111=CARTESIAN_POINT('',(-19.0903093614215,69.9866881755952,9.64758181185925));
#3112=CARTESIAN_POINT('',(-24.5451546807107,69.9866881755952,34.8237913529645));
#3113=CARTESIAN_POINT('',(-23.9769250648205,69.9866881755952,8.58881509189964));
#3114=CARTESIAN_POINT('',(-22.504803451801,69.9866881755952,1.79440754594982));
#3115=CARTESIAN_POINT('',(-23.9769250648205,69.9866881755952,8.58881509189964));
#3116=CARTESIAN_POINT('Origin',(-23.9769250648205,90.,8.58881509189964));
#3117=CARTESIAN_POINT('',(-19.0903093614215,90.,9.64758181185925));
#3118=CARTESIAN_POINT('',(-19.0903093614215,45.,9.64758181185924));
#3119=CARTESIAN_POINT('',(-23.9769250648205,90.,8.58881509189964));
#3120=CARTESIAN_POINT('',(-23.9769250648205,45.,8.58881509189965));
#3121=CARTESIAN_POINT('',(-23.9769250648205,90.,8.58881509189964));
#3122=CARTESIAN_POINT('Origin',(-23.2418780055583,90.,5.19629015244466));
#3123=CARTESIAN_POINT('',(-24.1776311510796,90.,33.127528883237));
#3124=CARTESIAN_POINT('',(-22.1372799221699,90.,0.0981450762223303));
#3125=CARTESIAN_POINT('Origin',(-34.5991821991999,110.,-55.));
#3126=CARTESIAN_POINT('',(-34.5991821991999,110.,-60.));
#3127=CARTESIAN_POINT('',(-29.6165869974062,0.,-55.4168273684183));
#3128=CARTESIAN_POINT('Origin',(-40.,110.,-60.));
#3129=CARTESIAN_POINT('',(-40.,110.,-60.));
#3130=CARTESIAN_POINT('Origin',(-18.4926273077884,0.,-12.4105625867663));
#3131=CARTESIAN_POINT('',(-17.5970509231154,100.,-4.96422503470653));
#3132=CARTESIAN_POINT('',(-25.966520110479,100.,-11.7853215341389));
#3133=CARTESIAN_POINT('Origin',(-18.4926273077884,100.,-12.4105625867663));
#3134=CARTESIAN_POINT('',(-25.966520110479,0.,-11.7853215341389));
#3135=CARTESIAN_POINT('',(-17.5970509231154,110.,-4.96422503470653));
#3136=CARTESIAN_POINT('Origin',(-30.,110.,-60.));
#3137=CARTESIAN_POINT('',(-29.163433207923,100.,-50.));
#3138=CARTESIAN_POINT('',(-30.,100.,-60.));
#3139=CARTESIAN_POINT('',(-29.5817166039615,95.,-55.));
#3140=CARTESIAN_POINT('Origin',(-29.163433207923,95.,-50.));
#3141=CARTESIAN_POINT('',(-29.5817166039615,15.,-55.));
#3142=CARTESIAN_POINT('',(-29.5817166039615,100.,-55.));
#3143=CARTESIAN_POINT('',(-29.163433207923,10.,-50.));
#3144=CARTESIAN_POINT('Origin',(-29.163433207923,15.,-50.));
#3145=CARTESIAN_POINT('',(-25.966520110479,10.,-11.7853215341389));
#3146=CARTESIAN_POINT('',(-30.,10.,-60.));
#3147=CARTESIAN_POINT('',(-25.966520110479,0.,-11.7853215341389));
#3148=CARTESIAN_POINT('Origin',(-18.4926273077884,0.,-12.4105625867663));
#3149=CARTESIAN_POINT('',(-17.5970509231154,10.,-4.96422503470653));
#3150=CARTESIAN_POINT('Origin',(-18.4926273077884,10.,-12.4105625867663));
#3151=CARTESIAN_POINT('',(-17.5970509231154,0.,-4.96422503470653));
#3152=CARTESIAN_POINT('Origin',(-128.700819680003,55.,19.6823144683294));
#3153=CARTESIAN_POINT('',(-30.9685056120225,100.,40.8576488675214));
#3154=CARTESIAN_POINT('',(-29.0489156441294,100.,11.3457670999636));
#3155=CARTESIAN_POINT('Origin',(-128.700819680003,100.,19.6823144683294));
#3156=CARTESIAN_POINT('',(-30.9685056120225,55.,40.8576488675214));
#3157=CARTESIAN_POINT('',(-29.0489156441294,55.,11.3457670999636));
#3158=CARTESIAN_POINT('Origin',(-27.8024775922512,110.,26.24521163545));
#3159=CARTESIAN_POINT('',(-34.2157691966062,99.9825952017937,-50.4168273684183));
#3160=CARTESIAN_POINT('',(-34.2157691966062,110.,-50.4168273684183));
#3161=CARTESIAN_POINT('',(-34.1808988031614,100.,-50.));
#3162=CARTESIAN_POINT('Origin',(-34.1808988031614,95.,-50.));
#3163=CARTESIAN_POINT('',(-32.0739221877709,100.,-24.8140060620944));
#3164=CARTESIAN_POINT('Origin',(-128.700819680003,0.,19.6823144683294));
#3165=CARTESIAN_POINT('',(-29.0489156441294,10.,11.3457670999636));
#3166=CARTESIAN_POINT('',(-30.9685056120225,10.,40.8576488675214));
#3167=CARTESIAN_POINT('Origin',(-128.700819680003,10.,19.6823144683294));
#3168=CARTESIAN_POINT('',(-29.0489156441294,0.,11.3457670999636));
#3169=CARTESIAN_POINT('',(-30.9685056120225,0.,40.8576488675214));
#3170=CARTESIAN_POINT('Origin',(-39.1983643983999,110.,-50.));
#3171=CARTESIAN_POINT('',(-39.1983643983999,95.,-55.));
#3172=CARTESIAN_POINT('',(-39.1983643983999,110.,-55.));
#3173=CARTESIAN_POINT('Origin',(-39.1983643983999,95.,-50.));
#3174=CARTESIAN_POINT('Origin',(-33.3452545925886,95.,-50.));
#3175=CARTESIAN_POINT('',(-33.3452545925886,100.,-50.));
#3176=CARTESIAN_POINT('',(-33.3452545925886,95.,-55.));
#3177=CARTESIAN_POINT('Origin',(-34.5991821991999,110.,-55.));
#3178=CARTESIAN_POINT('',(-40.,110.,-55.));
#3179=CARTESIAN_POINT('',(-39.1983643983999,15.,-55.));
#3180=CARTESIAN_POINT('',(-39.1983643983999,55.,-55.));
#3181=CARTESIAN_POINT('',(-33.3452545925886,15.,-55.));
#3182=CARTESIAN_POINT('Origin',(-39.1983643983999,55.,-50.));
#3183=CARTESIAN_POINT('',(-34.2157691966062,10.0174047982063,-50.4168273684183));
#3184=CARTESIAN_POINT('',(-34.2157691966062,55.,-50.4168273684183));
#3185=CARTESIAN_POINT('Origin',(-39.1983643983999,15.,-50.));
#3186=CARTESIAN_POINT('Origin',(-33.3452545925886,15.,-50.));
#3187=CARTESIAN_POINT('',(-34.1808988031614,10.,-50.));
#3188=CARTESIAN_POINT('Origin',(-34.1808988031614,15.,-50.));
#3189=CARTESIAN_POINT('',(-33.3452545925886,10.,-50.));
#3190=CARTESIAN_POINT('Origin',(-27.8024775922512,0.,26.24521163545));
#3191=CARTESIAN_POINT('',(-32.0739221877709,10.,-24.8140060620944));
#3192=CARTESIAN_POINT('Origin',(-32.0913269859772,10.,-16.877394182275));
#3193=CARTESIAN_POINT('',(-21.886615703399,10.,-1.0587667199596));
#3194=CARTESIAN_POINT('',(-20.0515918467639,10.,-9.52810772294024));
#3195=CARTESIAN_POINT('Origin',(-17.,10.,0.));
#3196=CARTESIAN_POINT('Origin',(-32.0913269859772,100.,-16.877394182275));
#3197=CARTESIAN_POINT('',(-21.886615703399,100.,-1.0587667199596));
#3198=CARTESIAN_POINT('Origin',(-17.,100.,0.));
#3199=CARTESIAN_POINT('',(-20.0515918467639,100.,-9.52810772294024));
#3200=CARTESIAN_POINT('Origin',(-40.,110.,-55.));
#3201=CARTESIAN_POINT('Origin',(-21.0326818387816,0.,-5.));
#3202=CARTESIAN_POINT('',(-33.6911080992195,0.,53.4235066879838));
#3203=CARTESIAN_POINT('',(-21.886615703399,0.,-1.0587667199596));
#3204=CARTESIAN_POINT('Origin',(34.5991821991999,110.,-55.));
#3205=CARTESIAN_POINT('',(29.6165869974062,0.,-55.4168273684183));
#3206=CARTESIAN_POINT('',(34.5991821991999,110.,-60.));
#3207=CARTESIAN_POINT('Origin',(40.,110.,-60.));
#3208=CARTESIAN_POINT('',(40.,110.,-60.));
#3209=CARTESIAN_POINT('Origin',(18.4926273077884,0.,-12.4105625867663));
#3210=CARTESIAN_POINT('',(17.5970509231154,100.,-4.96422503470653));
#3211=CARTESIAN_POINT('',(25.966520110479,100.,-11.7853215341389));
#3212=CARTESIAN_POINT('Origin',(18.4926273077884,100.,-12.4105625867663));
#3213=CARTESIAN_POINT('',(17.5970509231154,0.,-4.96422503470653));
#3214=CARTESIAN_POINT('',(25.966520110479,0.,-11.7853215341389));
#3215=CARTESIAN_POINT('Origin',(21.0326818387816,0.,-5.));
#3216=CARTESIAN_POINT('',(33.6911080992195,0.,53.4235066879838));
#3217=CARTESIAN_POINT('',(30.9685056120225,10.,40.8576488675214));
#3218=CARTESIAN_POINT('',(30.9685056120225,0.,40.8576488675214));
#3219=CARTESIAN_POINT('',(21.886615703399,10.,-1.0587667199596));
#3220=CARTESIAN_POINT('',(20.0515918467639,10.,-9.52810772294024));
#3221=CARTESIAN_POINT('',(21.886615703399,100.,-1.0587667199596));
#3222=CARTESIAN_POINT('',(21.886615703399,0.,-1.0587667199596));
#3223=CARTESIAN_POINT('',(30.9685056120225,100.,40.8576488675214));
#3224=CARTESIAN_POINT('',(20.0515918467639,100.,-9.52810772294024));
#3225=CARTESIAN_POINT('',(30.9685056120225,110.,40.8576488675214));
#3226=CARTESIAN_POINT('Origin',(30.,110.,-60.));
#3227=CARTESIAN_POINT('',(25.966520110479,10.,-11.7853215341389));
#3228=CARTESIAN_POINT('',(25.966520110479,0.,-11.7853215341389));
#3229=CARTESIAN_POINT('',(29.163433207923,10.,-50.));
#3230=CARTESIAN_POINT('',(30.,10.,-60.));
#3231=CARTESIAN_POINT('',(29.5817166039615,15.,-55.));
#3232=CARTESIAN_POINT('Origin',(29.163433207923,15.,-50.));
#3233=CARTESIAN_POINT('',(29.5817166039615,95.,-55.));
#3234=CARTESIAN_POINT('',(29.5817166039615,100.,-55.));
#3235=CARTESIAN_POINT('',(29.163433207923,100.,-50.));
#3236=CARTESIAN_POINT('Origin',(29.163433207923,95.,-50.));
#3237=CARTESIAN_POINT('',(30.,100.,-60.));
#3238=CARTESIAN_POINT('Origin',(18.4926273077884,0.,-12.4105625867663));
#3239=CARTESIAN_POINT('',(17.5970509231154,10.,-4.96422503470653));
#3240=CARTESIAN_POINT('',(17.5970509231154,0.,-4.96422503470653));
#3241=CARTESIAN_POINT('Origin',(18.4926273077884,10.,-12.4105625867663));
#3242=CARTESIAN_POINT('Origin',(128.700819680003,55.,19.6823144683294));
#3243=CARTESIAN_POINT('',(29.0489156441294,100.,11.3457670999636));
#3244=CARTESIAN_POINT('Origin',(128.700819680003,100.,19.6823144683294));
#3245=CARTESIAN_POINT('',(29.0489156441294,55.,11.3457670999636));
#3246=CARTESIAN_POINT('Origin',(27.8024775922512,110.,26.24521163545));
#3247=CARTESIAN_POINT('',(34.1808988031614,100.,-50.));
#3248=CARTESIAN_POINT('',(32.0739221877709,100.,-24.8140060620944));
#3249=CARTESIAN_POINT('',(34.2157691966062,99.9825952017937,-50.4168273684183));
#3250=CARTESIAN_POINT('Origin',(34.1808988031614,95.,-50.));
#3251=CARTESIAN_POINT('',(34.2157691966062,110.,-50.4168273684183));
#3252=CARTESIAN_POINT('Origin',(128.700819680003,0.,19.6823144683294));
#3253=CARTESIAN_POINT('',(29.0489156441294,10.,11.3457670999636));
#3254=CARTESIAN_POINT('Origin',(128.700819680003,10.,19.6823144683294));
#3255=CARTESIAN_POINT('',(29.0489156441294,0.,11.3457670999636));
#3256=CARTESIAN_POINT('Origin',(39.1983643983999,110.,-50.));
#3257=CARTESIAN_POINT('',(39.1983643983999,95.,-55.));
#3258=CARTESIAN_POINT('',(39.1983643983999,110.,-55.));
#3259=CARTESIAN_POINT('Origin',(39.1983643983999,95.,-50.));
#3260=CARTESIAN_POINT('Origin',(33.3452545925886,95.,-50.));
#3261=CARTESIAN_POINT('',(33.3452545925886,100.,-50.));
#3262=CARTESIAN_POINT('',(33.3452545925886,95.,-55.));
#3263=CARTESIAN_POINT('Origin',(34.5991821991999,110.,-55.));
#3264=CARTESIAN_POINT('',(39.1983643983999,15.,-55.));
#3265=CARTESIAN_POINT('',(33.3452545925886,15.,-55.));
#3266=CARTESIAN_POINT('',(39.1983643983999,55.,-55.));
#3267=CARTESIAN_POINT('',(40.,0.,-55.));
#3268=CARTESIAN_POINT('Origin',(39.1983643983999,55.,-50.));
#3269=CARTESIAN_POINT('',(34.2157691966062,10.0174047982063,-50.4168273684183));
#3270=CARTESIAN_POINT('',(34.2157691966062,55.,-50.4168273684183));
#3271=CARTESIAN_POINT('Origin',(39.1983643983999,15.,-50.));
#3272=CARTESIAN_POINT('Origin',(33.3452545925886,15.,-50.));
#3273=CARTESIAN_POINT('',(34.1808988031614,10.,-50.));
#3274=CARTESIAN_POINT('',(33.3452545925886,10.,-50.));
#3275=CARTESIAN_POINT('Origin',(34.1808988031614,15.,-50.));
#3276=CARTESIAN_POINT('Origin',(27.8024775922512,0.,26.24521163545));
#3277=CARTESIAN_POINT('',(32.0739221877709,10.,-24.8140060620944));
#3278=CARTESIAN_POINT('Origin',(32.0913269859772,10.,-16.877394182275));
#3279=CARTESIAN_POINT('Origin',(17.,10.,0.));
#3280=CARTESIAN_POINT('Origin',(32.0913269859772,100.,-16.877394182275));
#3281=CARTESIAN_POINT('Origin',(17.,100.,0.));
#3282=CARTESIAN_POINT('Origin',(40.,110.,-55.));
#3283=CARTESIAN_POINT('Origin',(17.,0.,0.));
#3284=CARTESIAN_POINT('',(17.,110.,-5.));
#3285=CARTESIAN_POINT('Origin',(35.6457543805791,0.,53.));
#3286=CARTESIAN_POINT('Origin',(30.8065363521325,0.,59.0000008219597));
#3287=CARTESIAN_POINT('',(29.8292132114527,0.,59.2117541659516));
#3288=CARTESIAN_POINT('',(30.8065364415394,110.,60.0000008219597));
#3289=CARTESIAN_POINT('Origin',(40.,0.,60.));
#3290=CARTESIAN_POINT('',(40.,0.,60.));
#3291=CARTESIAN_POINT('Origin',(30.,0.,60.0000008940697));
#3292=CARTESIAN_POINT('Origin',(40.,0.,55.));
#3293=CARTESIAN_POINT('Origin',(-17.,0.,0.));
#3294=CARTESIAN_POINT('',(-17.,0.,-5.));
#3295=CARTESIAN_POINT('Origin',(-35.6457543805791,0.,53.));
#3296=CARTESIAN_POINT('Origin',(-30.8065363521325,0.,59.0000008219597));
#3297=CARTESIAN_POINT('',(-30.8065364415394,0.,60.0000008219597));
#3298=CARTESIAN_POINT('',(-29.8292132114527,0.,59.2117541659516));
#3299=CARTESIAN_POINT('Origin',(-40.,0.,60.));
#3300=CARTESIAN_POINT('',(-40.,0.,60.));
#3301=CARTESIAN_POINT('Origin',(-30.,0.,60.0000008940697));
#3302=CARTESIAN_POINT('Origin',(-40.,0.,55.));
#3303=CARTESIAN_POINT('Origin',(0.,0.,-5.));
#3304=UNCERTAINTY_MEASURE_WITH_UNIT(LENGTH_MEASURE(0.01),#3308,
'DISTANCE_ACCURACY_VALUE',
'Maximum model space distance between geometric entities at asserted c
onnectivities');
#3305=UNCERTAINTY_MEASURE_WITH_UNIT(LENGTH_MEASURE(0.01),#3308,
'DISTANCE_ACCURACY_VALUE',
'Maximum model space distance between geometric entities at asserted c
onnectivities');
#3306=(
GEOMETRIC_REPRESENTATION_CONTEXT(3)
GLOBAL_UNCERTAINTY_ASSIGNED_CONTEXT((#3304))
GLOBAL_UNIT_ASSIGNED_CONTEXT((#3308,#3309,#3310))
REPRESENTATION_CONTEXT('','3D')
);
#3307=(
GEOMETRIC_REPRESENTATION_CONTEXT(3)
GLOBAL_UNCERTAINTY_ASSIGNED_CONTEXT((#3305))
GLOBAL_UNIT_ASSIGNED_CONTEXT((#3308,#3309,#3310))
REPRESENTATION_CONTEXT('','3D')
);
#3308=(
LENGTH_UNIT()
NAMED_UNIT(*)
SI_UNIT(.MILLI.,.METRE.)
);
#3309=(
NAMED_UNIT(*)
PLANE_ANGLE_UNIT()
SI_UNIT($,.RADIAN.)
);
#3310=(
NAMED_UNIT(*)
SI_UNIT($,.STERADIAN.)
SOLID_ANGLE_UNIT()
);
#3311=SHAPE_DEFINITION_REPRESENTATION(#3312,#3313);
#3312=PRODUCT_DEFINITION_SHAPE('',$,#3315);
#3313=SHAPE_REPRESENTATION('',(#1904),#3306);
#3314=PRODUCT_DEFINITION_CONTEXT('part definition',#3319,'design');
#3315=PRODUCT_DEFINITION('Battery Box','Battery Box v9',#3316,#3314);
#3316=PRODUCT_DEFINITION_FORMATION('',$,#3321);
#3317=PRODUCT_RELATED_PRODUCT_CATEGORY('Battery Box v9',
'Battery Box v9',(#3321));
#3318=APPLICATION_PROTOCOL_DEFINITION('international standard',
'automotive_design',2009,#3319);
#3319=APPLICATION_CONTEXT(
'Core Data for Automotive Mechanical Design Process');
#3320=PRODUCT_CONTEXT('part definition',#3319,'mechanical');
#3321=PRODUCT('Battery Box','Battery Box v9',$,(#3320));
#3322=PRESENTATION_STYLE_ASSIGNMENT((#3323));
#3323=SURFACE_STYLE_USAGE(.BOTH.,#3324);
#3324=SURFACE_SIDE_STYLE('',(#3325));
#3325=SURFACE_STYLE_FILL_AREA(#3326);
#3326=FILL_AREA_STYLE('Steel - Satin',(#3327));
#3327=FILL_AREA_STYLE_COLOUR('Steel - Satin',#3328);
#3328=COLOUR_RGB('Steel - Satin',0.627450980392157,0.627450980392157,0.627450980392157);
ENDSEC;
END-ISO-10303-21;
