ISO-10303-21;
HEADER;
/* Generated by software containing ST-Developer
 * from STEP Tools, Inc. (www.steptools.com) 
 */

FILE_DESCRIPTION(
/* description */ (''),
/* implementation_level */ '2;1');

FILE_NAME(
/* name */ 'Bottom Plate v17.step',
/* time_stamp */ '2025-04-15T18:51:38+05:30',
/* author */ (''),
/* organization */ (''),
/* preprocessor_version */ 'ST-DEVELOPER v20.1',
/* originating_system */ 'Autodesk Translation Framework v14.4.0.0',
/* authorisation */ '');

FILE_SCHEMA (('AUTOMOTIVE_DESIGN { 1 0 10303 214 3 1 1 }'));
ENDSEC;

DATA;
#10=MECHANICAL_DESIGN_GEOMETRIC_PRESENTATION_REPRESENTATION('',(#13),#5405);
#11=SHAPE_REPRESENTATION_RELATIONSHIP('SRR','None',#5412,#12);
#12=ADVANCED_BREP_SHAPE_REPRESENTATION('',(#14),#5404);
#13=STYLED_ITEM('',(#5421),#14);
#14=MANIFOLD_SOLID_BREP('Body1',#3265);
#15=FACE_BOUND('',#378,.T.);
#16=FACE_BOUND('',#379,.T.);
#17=FACE_BOUND('',#380,.T.);
#18=FACE_BOUND('',#381,.T.);
#19=FACE_BOUND('',#382,.T.);
#20=FACE_BOUND('',#383,.T.);
#21=FACE_BOUND('',#384,.T.);
#22=FACE_BOUND('',#385,.T.);
#23=FACE_BOUND('',#386,.T.);
#24=FACE_BOUND('',#387,.T.);
#25=FACE_BOUND('',#388,.T.);
#26=FACE_BOUND('',#389,.T.);
#27=FACE_BOUND('',#390,.T.);
#28=FACE_BOUND('',#391,.T.);
#29=FACE_BOUND('',#392,.T.);
#30=FACE_BOUND('',#393,.T.);
#31=FACE_BOUND('',#394,.T.);
#32=FACE_BOUND('',#395,.T.);
#33=FACE_BOUND('',#396,.T.);
#34=FACE_BOUND('',#397,.T.);
#35=FACE_BOUND('',#398,.T.);
#36=FACE_BOUND('',#399,.T.);
#37=FACE_BOUND('',#400,.T.);
#38=FACE_BOUND('',#401,.T.);
#39=FACE_BOUND('',#402,.T.);
#40=FACE_BOUND('',#403,.T.);
#41=FACE_BOUND('',#404,.T.);
#42=FACE_BOUND('',#405,.T.);
#43=FACE_BOUND('',#406,.T.);
#44=FACE_BOUND('',#407,.T.);
#45=FACE_BOUND('',#408,.T.);
#46=FACE_BOUND('',#409,.T.);
#47=FACE_BOUND('',#410,.T.);
#48=FACE_BOUND('',#411,.T.);
#49=FACE_BOUND('',#412,.T.);
#50=FACE_BOUND('',#436,.T.);
#51=FACE_BOUND('',#437,.T.);
#52=FACE_BOUND('',#438,.T.);
#53=FACE_BOUND('',#439,.T.);
#54=FACE_BOUND('',#440,.T.);
#55=FACE_BOUND('',#441,.T.);
#56=FACE_BOUND('',#442,.T.);
#57=FACE_BOUND('',#443,.T.);
#58=FACE_BOUND('',#444,.T.);
#59=FACE_BOUND('',#445,.T.);
#60=FACE_BOUND('',#446,.T.);
#61=FACE_BOUND('',#447,.T.);
#62=FACE_BOUND('',#448,.T.);
#63=FACE_BOUND('',#449,.T.);
#64=FACE_BOUND('',#450,.T.);
#65=FACE_BOUND('',#451,.T.);
#66=FACE_BOUND('',#452,.T.);
#67=FACE_BOUND('',#453,.T.);
#68=FACE_BOUND('',#454,.T.);
#69=FACE_BOUND('',#455,.T.);
#70=FACE_BOUND('',#456,.T.);
#71=FACE_BOUND('',#457,.T.);
#72=FACE_BOUND('',#458,.T.);
#73=FACE_BOUND('',#459,.T.);
#74=FACE_BOUND('',#460,.T.);
#75=FACE_BOUND('',#461,.T.);
#76=FACE_BOUND('',#462,.T.);
#77=FACE_BOUND('',#463,.T.);
#78=FACE_BOUND('',#464,.T.);
#79=FACE_BOUND('',#465,.T.);
#80=FACE_BOUND('',#466,.T.);
#81=FACE_BOUND('',#467,.T.);
#82=FACE_BOUND('',#468,.T.);
#83=FACE_BOUND('',#469,.T.);
#84=FACE_BOUND('',#470,.T.);
#85=PLANE('',#3315);
#86=PLANE('',#3316);
#87=PLANE('',#3317);
#88=PLANE('',#3318);
#89=PLANE('',#3319);
#90=PLANE('',#3320);
#91=PLANE('',#3321);
#92=PLANE('',#3322);
#93=PLANE('',#3323);
#94=PLANE('',#3324);
#95=PLANE('',#3325);
#96=PLANE('',#3326);
#97=PLANE('',#3327);
#98=PLANE('',#3328);
#99=PLANE('',#3329);
#100=PLANE('',#3330);
#101=PLANE('',#3331);
#102=PLANE('',#3332);
#103=PLANE('',#3333);
#104=PLANE('',#3334);
#105=PLANE('',#3335);
#106=PLANE('',#3336);
#107=PLANE('',#3337);
#108=PLANE('',#3338);
#109=PLANE('',#3339);
#110=PLANE('',#3340);
#111=PLANE('',#3341);
#112=PLANE('',#3342);
#113=PLANE('',#3343);
#114=PLANE('',#3344);
#115=PLANE('',#3345);
#116=PLANE('',#3346);
#117=PLANE('',#3347);
#118=PLANE('',#3348);
#119=PLANE('',#3349);
#120=PLANE('',#3404);
#121=PLANE('',#3405);
#122=PLANE('',#3406);
#123=PLANE('',#3407);
#124=PLANE('',#3408);
#125=PLANE('',#3409);
#126=PLANE('',#3410);
#127=PLANE('',#3411);
#128=PLANE('',#3412);
#129=PLANE('',#3425);
#130=PLANE('',#3426);
#131=PLANE('',#3427);
#132=PLANE('',#3428);
#133=PLANE('',#3429);
#134=PLANE('',#3430);
#135=PLANE('',#3431);
#136=PLANE('',#3432);
#137=PLANE('',#3481);
#138=PLANE('',#3482);
#139=PLANE('',#3484);
#140=PLANE('',#3486);
#141=PLANE('',#3488);
#142=PLANE('',#3490);
#143=PLANE('',#3492);
#144=PLANE('',#3494);
#145=PLANE('',#3496);
#146=PLANE('',#3498);
#147=PLANE('',#3500);
#148=PLANE('',#3502);
#149=PLANE('',#3504);
#150=PLANE('',#3506);
#151=PLANE('',#3508);
#152=PLANE('',#3510);
#153=PLANE('',#3512);
#154=PLANE('',#3516);
#155=PLANE('',#3518);
#156=PLANE('',#3521);
#157=PLANE('',#3524);
#158=PLANE('',#3526);
#159=PLANE('',#3529);
#160=PLANE('',#3532);
#161=PLANE('',#3535);
#162=PLANE('',#3537);
#163=PLANE('',#3540);
#164=PLANE('',#3543);
#165=PLANE('',#3545);
#166=PLANE('',#3546);
#167=PLANE('',#3547);
#168=PLANE('',#3548);
#169=PLANE('',#3549);
#170=PLANE('',#3550);
#171=PLANE('',#3551);
#172=PLANE('',#3555);
#173=PLANE('',#3556);
#174=PLANE('',#3566);
#175=FACE_OUTER_BOUND('',#331,.T.);
#176=FACE_OUTER_BOUND('',#332,.T.);
#177=FACE_OUTER_BOUND('',#333,.T.);
#178=FACE_OUTER_BOUND('',#334,.T.);
#179=FACE_OUTER_BOUND('',#335,.T.);
#180=FACE_OUTER_BOUND('',#336,.T.);
#181=FACE_OUTER_BOUND('',#337,.T.);
#182=FACE_OUTER_BOUND('',#338,.T.);
#183=FACE_OUTER_BOUND('',#339,.T.);
#184=FACE_OUTER_BOUND('',#340,.T.);
#185=FACE_OUTER_BOUND('',#341,.T.);
#186=FACE_OUTER_BOUND('',#342,.T.);
#187=FACE_OUTER_BOUND('',#343,.T.);
#188=FACE_OUTER_BOUND('',#344,.T.);
#189=FACE_OUTER_BOUND('',#345,.T.);
#190=FACE_OUTER_BOUND('',#346,.T.);
#191=FACE_OUTER_BOUND('',#347,.T.);
#192=FACE_OUTER_BOUND('',#348,.T.);
#193=FACE_OUTER_BOUND('',#349,.T.);
#194=FACE_OUTER_BOUND('',#350,.T.);
#195=FACE_OUTER_BOUND('',#351,.T.);
#196=FACE_OUTER_BOUND('',#352,.T.);
#197=FACE_OUTER_BOUND('',#353,.T.);
#198=FACE_OUTER_BOUND('',#354,.T.);
#199=FACE_OUTER_BOUND('',#355,.T.);
#200=FACE_OUTER_BOUND('',#356,.T.);
#201=FACE_OUTER_BOUND('',#357,.T.);
#202=FACE_OUTER_BOUND('',#358,.T.);
#203=FACE_OUTER_BOUND('',#359,.T.);
#204=FACE_OUTER_BOUND('',#360,.T.);
#205=FACE_OUTER_BOUND('',#361,.T.);
#206=FACE_OUTER_BOUND('',#362,.T.);
#207=FACE_OUTER_BOUND('',#363,.T.);
#208=FACE_OUTER_BOUND('',#364,.T.);
#209=FACE_OUTER_BOUND('',#365,.T.);
#210=FACE_OUTER_BOUND('',#366,.T.);
#211=FACE_OUTER_BOUND('',#367,.T.);
#212=FACE_OUTER_BOUND('',#368,.T.);
#213=FACE_OUTER_BOUND('',#369,.T.);
#214=FACE_OUTER_BOUND('',#370,.T.);
#215=FACE_OUTER_BOUND('',#371,.T.);
#216=FACE_OUTER_BOUND('',#372,.T.);
#217=FACE_OUTER_BOUND('',#373,.T.);
#218=FACE_OUTER_BOUND('',#374,.T.);
#219=FACE_OUTER_BOUND('',#375,.T.);
#220=FACE_OUTER_BOUND('',#376,.T.);
#221=FACE_OUTER_BOUND('',#377,.T.);
#222=FACE_OUTER_BOUND('',#413,.T.);
#223=FACE_OUTER_BOUND('',#414,.T.);
#224=FACE_OUTER_BOUND('',#415,.T.);
#225=FACE_OUTER_BOUND('',#416,.T.);
#226=FACE_OUTER_BOUND('',#417,.T.);
#227=FACE_OUTER_BOUND('',#418,.T.);
#228=FACE_OUTER_BOUND('',#419,.T.);
#229=FACE_OUTER_BOUND('',#420,.T.);
#230=FACE_OUTER_BOUND('',#421,.T.);
#231=FACE_OUTER_BOUND('',#422,.T.);
#232=FACE_OUTER_BOUND('',#423,.T.);
#233=FACE_OUTER_BOUND('',#424,.T.);
#234=FACE_OUTER_BOUND('',#425,.T.);
#235=FACE_OUTER_BOUND('',#426,.T.);
#236=FACE_OUTER_BOUND('',#427,.T.);
#237=FACE_OUTER_BOUND('',#428,.T.);
#238=FACE_OUTER_BOUND('',#429,.T.);
#239=FACE_OUTER_BOUND('',#430,.T.);
#240=FACE_OUTER_BOUND('',#431,.T.);
#241=FACE_OUTER_BOUND('',#432,.T.);
#242=FACE_OUTER_BOUND('',#433,.T.);
#243=FACE_OUTER_BOUND('',#434,.T.);
#244=FACE_OUTER_BOUND('',#435,.T.);
#245=FACE_OUTER_BOUND('',#471,.T.);
#246=FACE_OUTER_BOUND('',#472,.T.);
#247=FACE_OUTER_BOUND('',#473,.T.);
#248=FACE_OUTER_BOUND('',#474,.T.);
#249=FACE_OUTER_BOUND('',#475,.T.);
#250=FACE_OUTER_BOUND('',#476,.T.);
#251=FACE_OUTER_BOUND('',#477,.T.);
#252=FACE_OUTER_BOUND('',#478,.T.);
#253=FACE_OUTER_BOUND('',#479,.T.);
#254=FACE_OUTER_BOUND('',#480,.T.);
#255=FACE_OUTER_BOUND('',#481,.T.);
#256=FACE_OUTER_BOUND('',#482,.T.);
#257=FACE_OUTER_BOUND('',#483,.T.);
#258=FACE_OUTER_BOUND('',#484,.T.);
#259=FACE_OUTER_BOUND('',#485,.T.);
#260=FACE_OUTER_BOUND('',#486,.T.);
#261=FACE_OUTER_BOUND('',#487,.T.);
#262=FACE_OUTER_BOUND('',#488,.T.);
#263=FACE_OUTER_BOUND('',#489,.T.);
#264=FACE_OUTER_BOUND('',#490,.T.);
#265=FACE_OUTER_BOUND('',#491,.T.);
#266=FACE_OUTER_BOUND('',#492,.T.);
#267=FACE_OUTER_BOUND('',#493,.T.);
#268=FACE_OUTER_BOUND('',#494,.T.);
#269=FACE_OUTER_BOUND('',#495,.T.);
#270=FACE_OUTER_BOUND('',#496,.T.);
#271=FACE_OUTER_BOUND('',#497,.T.);
#272=FACE_OUTER_BOUND('',#498,.T.);
#273=FACE_OUTER_BOUND('',#499,.T.);
#274=FACE_OUTER_BOUND('',#500,.T.);
#275=FACE_OUTER_BOUND('',#501,.T.);
#276=FACE_OUTER_BOUND('',#502,.T.);
#277=FACE_OUTER_BOUND('',#503,.T.);
#278=FACE_OUTER_BOUND('',#504,.T.);
#279=FACE_OUTER_BOUND('',#505,.T.);
#280=FACE_OUTER_BOUND('',#506,.T.);
#281=FACE_OUTER_BOUND('',#507,.T.);
#282=FACE_OUTER_BOUND('',#508,.T.);
#283=FACE_OUTER_BOUND('',#509,.T.);
#284=FACE_OUTER_BOUND('',#510,.T.);
#285=FACE_OUTER_BOUND('',#511,.T.);
#286=FACE_OUTER_BOUND('',#512,.T.);
#287=FACE_OUTER_BOUND('',#513,.T.);
#288=FACE_OUTER_BOUND('',#514,.T.);
#289=FACE_OUTER_BOUND('',#515,.T.);
#290=FACE_OUTER_BOUND('',#516,.T.);
#291=FACE_OUTER_BOUND('',#517,.T.);
#292=FACE_OUTER_BOUND('',#518,.T.);
#293=FACE_OUTER_BOUND('',#519,.T.);
#294=FACE_OUTER_BOUND('',#520,.T.);
#295=FACE_OUTER_BOUND('',#521,.T.);
#296=FACE_OUTER_BOUND('',#522,.T.);
#297=FACE_OUTER_BOUND('',#523,.T.);
#298=FACE_OUTER_BOUND('',#524,.T.);
#299=FACE_OUTER_BOUND('',#525,.T.);
#300=FACE_OUTER_BOUND('',#526,.T.);
#301=FACE_OUTER_BOUND('',#527,.T.);
#302=FACE_OUTER_BOUND('',#528,.T.);
#303=FACE_OUTER_BOUND('',#529,.T.);
#304=FACE_OUTER_BOUND('',#530,.T.);
#305=FACE_OUTER_BOUND('',#531,.T.);
#306=FACE_OUTER_BOUND('',#532,.T.);
#307=FACE_OUTER_BOUND('',#533,.T.);
#308=FACE_OUTER_BOUND('',#534,.T.);
#309=FACE_OUTER_BOUND('',#535,.T.);
#310=FACE_OUTER_BOUND('',#536,.T.);
#311=FACE_OUTER_BOUND('',#537,.T.);
#312=FACE_OUTER_BOUND('',#538,.T.);
#313=FACE_OUTER_BOUND('',#539,.T.);
#314=FACE_OUTER_BOUND('',#540,.T.);
#315=FACE_OUTER_BOUND('',#541,.T.);
#316=FACE_OUTER_BOUND('',#542,.T.);
#317=FACE_OUTER_BOUND('',#543,.T.);
#318=FACE_OUTER_BOUND('',#544,.T.);
#319=FACE_OUTER_BOUND('',#545,.T.);
#320=FACE_OUTER_BOUND('',#546,.T.);
#321=FACE_OUTER_BOUND('',#547,.T.);
#322=FACE_OUTER_BOUND('',#548,.T.);
#323=FACE_OUTER_BOUND('',#549,.T.);
#324=FACE_OUTER_BOUND('',#550,.T.);
#325=FACE_OUTER_BOUND('',#551,.T.);
#326=FACE_OUTER_BOUND('',#552,.T.);
#327=FACE_OUTER_BOUND('',#553,.T.);
#328=FACE_OUTER_BOUND('',#554,.T.);
#329=FACE_OUTER_BOUND('',#555,.T.);
#330=FACE_OUTER_BOUND('',#556,.T.);
#331=EDGE_LOOP('',(#2119,#2120,#2121,#2122));
#332=EDGE_LOOP('',(#2123,#2124,#2125,#2126));
#333=EDGE_LOOP('',(#2127,#2128,#2129,#2130));
#334=EDGE_LOOP('',(#2131,#2132,#2133,#2134));
#335=EDGE_LOOP('',(#2135,#2136,#2137,#2138));
#336=EDGE_LOOP('',(#2139,#2140,#2141,#2142));
#337=EDGE_LOOP('',(#2143,#2144,#2145,#2146));
#338=EDGE_LOOP('',(#2147,#2148,#2149,#2150));
#339=EDGE_LOOP('',(#2151,#2152,#2153,#2154));
#340=EDGE_LOOP('',(#2155,#2156,#2157,#2158));
#341=EDGE_LOOP('',(#2159,#2160,#2161,#2162));
#342=EDGE_LOOP('',(#2163,#2164,#2165,#2166));
#343=EDGE_LOOP('',(#2167,#2168,#2169,#2170));
#344=EDGE_LOOP('',(#2171,#2172,#2173,#2174));
#345=EDGE_LOOP('',(#2175,#2176,#2177,#2178));
#346=EDGE_LOOP('',(#2179,#2180,#2181,#2182));
#347=EDGE_LOOP('',(#2183,#2184,#2185,#2186));
#348=EDGE_LOOP('',(#2187,#2188,#2189,#2190));
#349=EDGE_LOOP('',(#2191,#2192,#2193,#2194));
#350=EDGE_LOOP('',(#2195,#2196,#2197,#2198));
#351=EDGE_LOOP('',(#2199,#2200,#2201,#2202));
#352=EDGE_LOOP('',(#2203,#2204,#2205,#2206));
#353=EDGE_LOOP('',(#2207,#2208,#2209,#2210));
#354=EDGE_LOOP('',(#2211,#2212,#2213,#2214));
#355=EDGE_LOOP('',(#2215,#2216,#2217,#2218));
#356=EDGE_LOOP('',(#2219,#2220,#2221,#2222));
#357=EDGE_LOOP('',(#2223,#2224,#2225,#2226));
#358=EDGE_LOOP('',(#2227,#2228,#2229,#2230));
#359=EDGE_LOOP('',(#2231,#2232,#2233,#2234));
#360=EDGE_LOOP('',(#2235,#2236,#2237,#2238));
#361=EDGE_LOOP('',(#2239,#2240,#2241,#2242));
#362=EDGE_LOOP('',(#2243,#2244,#2245,#2246));
#363=EDGE_LOOP('',(#2247,#2248,#2249,#2250));
#364=EDGE_LOOP('',(#2251,#2252,#2253,#2254));
#365=EDGE_LOOP('',(#2255,#2256,#2257,#2258));
#366=EDGE_LOOP('',(#2259,#2260,#2261,#2262));
#367=EDGE_LOOP('',(#2263,#2264,#2265,#2266));
#368=EDGE_LOOP('',(#2267,#2268,#2269,#2270));
#369=EDGE_LOOP('',(#2271,#2272,#2273,#2274));
#370=EDGE_LOOP('',(#2275,#2276,#2277,#2278));
#371=EDGE_LOOP('',(#2279,#2280,#2281,#2282));
#372=EDGE_LOOP('',(#2283,#2284,#2285,#2286));
#373=EDGE_LOOP('',(#2287,#2288,#2289,#2290));
#374=EDGE_LOOP('',(#2291,#2292,#2293,#2294));
#375=EDGE_LOOP('',(#2295,#2296,#2297,#2298));
#376=EDGE_LOOP('',(#2299,#2300,#2301,#2302));
#377=EDGE_LOOP('',(#2303,#2304,#2305,#2306,#2307,#2308,#2309,#2310,#2311,
#2312,#2313,#2314,#2315,#2316,#2317,#2318,#2319,#2320,#2321,#2322,#2323,
#2324,#2325,#2326,#2327,#2328,#2329,#2330,#2331,#2332,#2333,#2334,#2335,
#2336,#2337,#2338,#2339,#2340,#2341,#2342,#2343,#2344,#2345,#2346,#2347,
#2348,#2349,#2350,#2351,#2352,#2353,#2354));
#378=EDGE_LOOP('',(#2355));
#379=EDGE_LOOP('',(#2356));
#380=EDGE_LOOP('',(#2357));
#381=EDGE_LOOP('',(#2358));
#382=EDGE_LOOP('',(#2359));
#383=EDGE_LOOP('',(#2360));
#384=EDGE_LOOP('',(#2361));
#385=EDGE_LOOP('',(#2362));
#386=EDGE_LOOP('',(#2363));
#387=EDGE_LOOP('',(#2364));
#388=EDGE_LOOP('',(#2365));
#389=EDGE_LOOP('',(#2366));
#390=EDGE_LOOP('',(#2367,#2368,#2369,#2370,#2371,#2372,#2373,#2374,#2375,
#2376,#2377,#2378,#2379,#2380,#2381,#2382));
#391=EDGE_LOOP('',(#2383));
#392=EDGE_LOOP('',(#2384));
#393=EDGE_LOOP('',(#2385));
#394=EDGE_LOOP('',(#2386));
#395=EDGE_LOOP('',(#2387));
#396=EDGE_LOOP('',(#2388,#2389,#2390,#2391,#2392,#2393,#2394,#2395,#2396,
#2397,#2398,#2399,#2400,#2401,#2402,#2403));
#397=EDGE_LOOP('',(#2404));
#398=EDGE_LOOP('',(#2405));
#399=EDGE_LOOP('',(#2406));
#400=EDGE_LOOP('',(#2407));
#401=EDGE_LOOP('',(#2408,#2409,#2410,#2411,#2412,#2413,#2414,#2415,#2416,
#2417,#2418,#2419,#2420,#2421,#2422,#2423));
#402=EDGE_LOOP('',(#2424,#2425,#2426,#2427,#2428,#2429,#2430,#2431,#2432,
#2433,#2434,#2435,#2436,#2437,#2438,#2439));
#403=EDGE_LOOP('',(#2440));
#404=EDGE_LOOP('',(#2441));
#405=EDGE_LOOP('',(#2442));
#406=EDGE_LOOP('',(#2443,#2444,#2445,#2446,#2447,#2448,#2449,#2450));
#407=EDGE_LOOP('',(#2451));
#408=EDGE_LOOP('',(#2452));
#409=EDGE_LOOP('',(#2453));
#410=EDGE_LOOP('',(#2454));
#411=EDGE_LOOP('',(#2455));
#412=EDGE_LOOP('',(#2456));
#413=EDGE_LOOP('',(#2457,#2458,#2459,#2460));
#414=EDGE_LOOP('',(#2461,#2462,#2463,#2464));
#415=EDGE_LOOP('',(#2465,#2466,#2467,#2468));
#416=EDGE_LOOP('',(#2469,#2470,#2471,#2472));
#417=EDGE_LOOP('',(#2473,#2474,#2475,#2476));
#418=EDGE_LOOP('',(#2477,#2478,#2479,#2480));
#419=EDGE_LOOP('',(#2481,#2482,#2483,#2484));
#420=EDGE_LOOP('',(#2485,#2486,#2487,#2488));
#421=EDGE_LOOP('',(#2489,#2490,#2491,#2492));
#422=EDGE_LOOP('',(#2493,#2494,#2495,#2496));
#423=EDGE_LOOP('',(#2497,#2498,#2499,#2500));
#424=EDGE_LOOP('',(#2501,#2502,#2503,#2504));
#425=EDGE_LOOP('',(#2505,#2506,#2507,#2508));
#426=EDGE_LOOP('',(#2509,#2510,#2511,#2512));
#427=EDGE_LOOP('',(#2513,#2514,#2515,#2516));
#428=EDGE_LOOP('',(#2517,#2518,#2519,#2520));
#429=EDGE_LOOP('',(#2521,#2522,#2523,#2524));
#430=EDGE_LOOP('',(#2525,#2526,#2527,#2528));
#431=EDGE_LOOP('',(#2529,#2530,#2531,#2532));
#432=EDGE_LOOP('',(#2533,#2534,#2535,#2536));
#433=EDGE_LOOP('',(#2537,#2538,#2539,#2540));
#434=EDGE_LOOP('',(#2541,#2542,#2543,#2544));
#435=EDGE_LOOP('',(#2545,#2546,#2547,#2548,#2549,#2550,#2551,#2552,#2553,
#2554,#2555,#2556,#2557,#2558,#2559,#2560,#2561,#2562,#2563,#2564,#2565,
#2566,#2567,#2568,#2569,#2570,#2571,#2572,#2573,#2574,#2575,#2576,#2577,
#2578,#2579,#2580,#2581,#2582,#2583,#2584,#2585,#2586,#2587,#2588,#2589,
#2590,#2591,#2592,#2593,#2594,#2595,#2596));
#436=EDGE_LOOP('',(#2597));
#437=EDGE_LOOP('',(#2598));
#438=EDGE_LOOP('',(#2599));
#439=EDGE_LOOP('',(#2600));
#440=EDGE_LOOP('',(#2601));
#441=EDGE_LOOP('',(#2602));
#442=EDGE_LOOP('',(#2603));
#443=EDGE_LOOP('',(#2604));
#444=EDGE_LOOP('',(#2605));
#445=EDGE_LOOP('',(#2606));
#446=EDGE_LOOP('',(#2607));
#447=EDGE_LOOP('',(#2608));
#448=EDGE_LOOP('',(#2609));
#449=EDGE_LOOP('',(#2610));
#450=EDGE_LOOP('',(#2611));
#451=EDGE_LOOP('',(#2612));
#452=EDGE_LOOP('',(#2613));
#453=EDGE_LOOP('',(#2614));
#454=EDGE_LOOP('',(#2615,#2616,#2617,#2618,#2619,#2620,#2621,#2622));
#455=EDGE_LOOP('',(#2623));
#456=EDGE_LOOP('',(#2624));
#457=EDGE_LOOP('',(#2625));
#458=EDGE_LOOP('',(#2626));
#459=EDGE_LOOP('',(#2627));
#460=EDGE_LOOP('',(#2628));
#461=EDGE_LOOP('',(#2629));
#462=EDGE_LOOP('',(#2630));
#463=EDGE_LOOP('',(#2631));
#464=EDGE_LOOP('',(#2632));
#465=EDGE_LOOP('',(#2633));
#466=EDGE_LOOP('',(#2634));
#467=EDGE_LOOP('',(#2635,#2636,#2637,#2638,#2639,#2640,#2641,#2642,#2643,
#2644,#2645,#2646,#2647,#2648,#2649,#2650));
#468=EDGE_LOOP('',(#2651,#2652,#2653,#2654,#2655,#2656,#2657,#2658,#2659,
#2660,#2661,#2662,#2663,#2664,#2665,#2666));
#469=EDGE_LOOP('',(#2667,#2668,#2669,#2670,#2671,#2672,#2673,#2674,#2675,
#2676,#2677,#2678,#2679,#2680,#2681,#2682));
#470=EDGE_LOOP('',(#2683,#2684,#2685,#2686,#2687,#2688,#2689,#2690,#2691,
#2692,#2693,#2694,#2695,#2696,#2697,#2698));
#471=EDGE_LOOP('',(#2699,#2700,#2701,#2702));
#472=EDGE_LOOP('',(#2703,#2704,#2705,#2706));
#473=EDGE_LOOP('',(#2707,#2708,#2709,#2710));
#474=EDGE_LOOP('',(#2711,#2712,#2713,#2714));
#475=EDGE_LOOP('',(#2715,#2716,#2717,#2718));
#476=EDGE_LOOP('',(#2719,#2720,#2721,#2722));
#477=EDGE_LOOP('',(#2723,#2724,#2725,#2726));
#478=EDGE_LOOP('',(#2727,#2728,#2729,#2730));
#479=EDGE_LOOP('',(#2731,#2732,#2733,#2734));
#480=EDGE_LOOP('',(#2735,#2736,#2737,#2738));
#481=EDGE_LOOP('',(#2739,#2740,#2741,#2742));
#482=EDGE_LOOP('',(#2743,#2744,#2745,#2746));
#483=EDGE_LOOP('',(#2747,#2748,#2749,#2750));
#484=EDGE_LOOP('',(#2751,#2752,#2753,#2754));
#485=EDGE_LOOP('',(#2755,#2756,#2757,#2758));
#486=EDGE_LOOP('',(#2759,#2760,#2761,#2762));
#487=EDGE_LOOP('',(#2763,#2764,#2765,#2766));
#488=EDGE_LOOP('',(#2767,#2768,#2769,#2770));
#489=EDGE_LOOP('',(#2771,#2772,#2773,#2774));
#490=EDGE_LOOP('',(#2775,#2776,#2777,#2778));
#491=EDGE_LOOP('',(#2779,#2780,#2781,#2782));
#492=EDGE_LOOP('',(#2783,#2784,#2785,#2786));
#493=EDGE_LOOP('',(#2787,#2788,#2789,#2790));
#494=EDGE_LOOP('',(#2791,#2792,#2793,#2794));
#495=EDGE_LOOP('',(#2795,#2796,#2797,#2798));
#496=EDGE_LOOP('',(#2799,#2800,#2801,#2802));
#497=EDGE_LOOP('',(#2803,#2804,#2805,#2806));
#498=EDGE_LOOP('',(#2807,#2808,#2809,#2810));
#499=EDGE_LOOP('',(#2811,#2812,#2813,#2814));
#500=EDGE_LOOP('',(#2815,#2816,#2817,#2818));
#501=EDGE_LOOP('',(#2819,#2820,#2821,#2822));
#502=EDGE_LOOP('',(#2823,#2824,#2825,#2826));
#503=EDGE_LOOP('',(#2827,#2828,#2829,#2830));
#504=EDGE_LOOP('',(#2831,#2832,#2833,#2834));
#505=EDGE_LOOP('',(#2835,#2836,#2837,#2838));
#506=EDGE_LOOP('',(#2839,#2840,#2841,#2842));
#507=EDGE_LOOP('',(#2843,#2844,#2845,#2846));
#508=EDGE_LOOP('',(#2847,#2848,#2849,#2850));
#509=EDGE_LOOP('',(#2851,#2852,#2853,#2854));
#510=EDGE_LOOP('',(#2855,#2856,#2857,#2858));
#511=EDGE_LOOP('',(#2859,#2860,#2861,#2862));
#512=EDGE_LOOP('',(#2863,#2864,#2865,#2866));
#513=EDGE_LOOP('',(#2867,#2868,#2869,#2870));
#514=EDGE_LOOP('',(#2871,#2872,#2873,#2874));
#515=EDGE_LOOP('',(#2875,#2876,#2877,#2878));
#516=EDGE_LOOP('',(#2879,#2880,#2881,#2882));
#517=EDGE_LOOP('',(#2883,#2884,#2885,#2886));
#518=EDGE_LOOP('',(#2887,#2888,#2889,#2890));
#519=EDGE_LOOP('',(#2891,#2892,#2893,#2894));
#520=EDGE_LOOP('',(#2895,#2896,#2897,#2898));
#521=EDGE_LOOP('',(#2899,#2900,#2901,#2902));
#522=EDGE_LOOP('',(#2903,#2904,#2905,#2906));
#523=EDGE_LOOP('',(#2907,#2908,#2909,#2910));
#524=EDGE_LOOP('',(#2911,#2912,#2913,#2914));
#525=EDGE_LOOP('',(#2915,#2916,#2917,#2918));
#526=EDGE_LOOP('',(#2919,#2920,#2921,#2922));
#527=EDGE_LOOP('',(#2923,#2924,#2925,#2926));
#528=EDGE_LOOP('',(#2927,#2928,#2929,#2930));
#529=EDGE_LOOP('',(#2931,#2932,#2933,#2934));
#530=EDGE_LOOP('',(#2935,#2936,#2937,#2938));
#531=EDGE_LOOP('',(#2939,#2940,#2941,#2942));
#532=EDGE_LOOP('',(#2943,#2944,#2945,#2946));
#533=EDGE_LOOP('',(#2947,#2948,#2949,#2950));
#534=EDGE_LOOP('',(#2951,#2952,#2953,#2954));
#535=EDGE_LOOP('',(#2955,#2956,#2957,#2958));
#536=EDGE_LOOP('',(#2959,#2960,#2961,#2962));
#537=EDGE_LOOP('',(#2963,#2964,#2965,#2966));
#538=EDGE_LOOP('',(#2967,#2968,#2969,#2970));
#539=EDGE_LOOP('',(#2971,#2972,#2973,#2974));
#540=EDGE_LOOP('',(#2975,#2976,#2977,#2978));
#541=EDGE_LOOP('',(#2979,#2980,#2981,#2982));
#542=EDGE_LOOP('',(#2983,#2984,#2985,#2986));
#543=EDGE_LOOP('',(#2987,#2988,#2989,#2990));
#544=EDGE_LOOP('',(#2991,#2992,#2993,#2994));
#545=EDGE_LOOP('',(#2995,#2996,#2997,#2998));
#546=EDGE_LOOP('',(#2999,#3000,#3001,#3002));
#547=EDGE_LOOP('',(#3003,#3004,#3005,#3006));
#548=EDGE_LOOP('',(#3007,#3008,#3009,#3010));
#549=EDGE_LOOP('',(#3011,#3012,#3013,#3014));
#550=EDGE_LOOP('',(#3015,#3016,#3017,#3018));
#551=EDGE_LOOP('',(#3019,#3020,#3021,#3022));
#552=EDGE_LOOP('',(#3023,#3024,#3025,#3026));
#553=EDGE_LOOP('',(#3027,#3028,#3029,#3030));
#554=EDGE_LOOP('',(#3031,#3032,#3033,#3034));
#555=EDGE_LOOP('',(#3035,#3036,#3037,#3038));
#556=EDGE_LOOP('',(#3039,#3040,#3041,#3042));
#557=LINE('',#4480,#887);
#558=LINE('',#4486,#888);
#559=LINE('',#4492,#889);
#560=LINE('',#4498,#890);
#561=LINE('',#4504,#891);
#562=LINE('',#4510,#892);
#563=LINE('',#4516,#893);
#564=LINE('',#4522,#894);
#565=LINE('',#4528,#895);
#566=LINE('',#4534,#896);
#567=LINE('',#4540,#897);
#568=LINE('',#4546,#898);
#569=LINE('',#4551,#899);
#570=LINE('',#4553,#900);
#571=LINE('',#4555,#901);
#572=LINE('',#4556,#902);
#573=LINE('',#4560,#903);
#574=LINE('',#4562,#904);
#575=LINE('',#4564,#905);
#576=LINE('',#4565,#906);
#577=LINE('',#4567,#907);
#578=LINE('',#4568,#908);
#579=LINE('',#4572,#909);
#580=LINE('',#4574,#910);
#581=LINE('',#4576,#911);
#582=LINE('',#4577,#912);
#583=LINE('',#4580,#913);
#584=LINE('',#4582,#914);
#585=LINE('',#4583,#915);
#586=LINE('',#4586,#916);
#587=LINE('',#4588,#917);
#588=LINE('',#4589,#918);
#589=LINE('',#4593,#919);
#590=LINE('',#4595,#920);
#591=LINE('',#4597,#921);
#592=LINE('',#4598,#922);
#593=LINE('',#4602,#923);
#594=LINE('',#4604,#924);
#595=LINE('',#4606,#925);
#596=LINE('',#4607,#926);
#597=LINE('',#4609,#927);
#598=LINE('',#4610,#928);
#599=LINE('',#4614,#929);
#600=LINE('',#4616,#930);
#601=LINE('',#4618,#931);
#602=LINE('',#4619,#932);
#603=LINE('',#4622,#933);
#604=LINE('',#4624,#934);
#605=LINE('',#4625,#935);
#606=LINE('',#4628,#936);
#607=LINE('',#4630,#937);
#608=LINE('',#4631,#938);
#609=LINE('',#4635,#939);
#610=LINE('',#4637,#940);
#611=LINE('',#4639,#941);
#612=LINE('',#4640,#942);
#613=LINE('',#4644,#943);
#614=LINE('',#4646,#944);
#615=LINE('',#4648,#945);
#616=LINE('',#4649,#946);
#617=LINE('',#4651,#947);
#618=LINE('',#4652,#948);
#619=LINE('',#4656,#949);
#620=LINE('',#4658,#950);
#621=LINE('',#4660,#951);
#622=LINE('',#4661,#952);
#623=LINE('',#4664,#953);
#624=LINE('',#4666,#954);
#625=LINE('',#4667,#955);
#626=LINE('',#4670,#956);
#627=LINE('',#4672,#957);
#628=LINE('',#4673,#958);
#629=LINE('',#4677,#959);
#630=LINE('',#4679,#960);
#631=LINE('',#4681,#961);
#632=LINE('',#4682,#962);
#633=LINE('',#4685,#963);
#634=LINE('',#4687,#964);
#635=LINE('',#4688,#965);
#636=LINE('',#4691,#966);
#637=LINE('',#4693,#967);
#638=LINE('',#4694,#968);
#639=LINE('',#4698,#969);
#640=LINE('',#4700,#970);
#641=LINE('',#4702,#971);
#642=LINE('',#4703,#972);
#643=LINE('',#4706,#973);
#644=LINE('',#4708,#974);
#645=LINE('',#4709,#975);
#646=LINE('',#4712,#976);
#647=LINE('',#4714,#977);
#648=LINE('',#4715,#978);
#649=LINE('',#4718,#979);
#650=LINE('',#4720,#980);
#651=LINE('',#4721,#981);
#652=LINE('',#4723,#982);
#653=LINE('',#4724,#983);
#654=LINE('',#4726,#984);
#655=LINE('',#4727,#985);
#656=LINE('',#4730,#986);
#657=LINE('',#4732,#987);
#658=LINE('',#4733,#988);
#659=LINE('',#4735,#989);
#660=LINE('',#4736,#990);
#661=LINE('',#4739,#991);
#662=LINE('',#4741,#992);
#663=LINE('',#4742,#993);
#664=LINE('',#4744,#994);
#665=LINE('',#4745,#995);
#666=LINE('',#4747,#996);
#667=LINE('',#4748,#997);
#668=LINE('',#4751,#998);
#669=LINE('',#4753,#999);
#670=LINE('',#4754,#1000);
#671=LINE('',#4756,#1001);
#672=LINE('',#4757,#1002);
#673=LINE('',#4760,#1003);
#674=LINE('',#4762,#1004);
#675=LINE('',#4764,#1005);
#676=LINE('',#4766,#1006);
#677=LINE('',#4768,#1007);
#678=LINE('',#4770,#1008);
#679=LINE('',#4772,#1009);
#680=LINE('',#4774,#1010);
#681=LINE('',#4775,#1011);
#682=LINE('',#4777,#1012);
#683=LINE('',#4779,#1013);
#684=LINE('',#4781,#1014);
#685=LINE('',#4783,#1015);
#686=LINE('',#4785,#1016);
#687=LINE('',#4787,#1017);
#688=LINE('',#4789,#1018);
#689=LINE('',#4791,#1019);
#690=LINE('',#4792,#1020);
#691=LINE('',#4797,#1021);
#692=LINE('',#4801,#1022);
#693=LINE('',#4805,#1023);
#694=LINE('',#4809,#1024);
#695=LINE('',#4813,#1025);
#696=LINE('',#4817,#1026);
#697=LINE('',#4821,#1027);
#698=LINE('',#4824,#1028);
#699=LINE('',#4839,#1029);
#700=LINE('',#4843,#1030);
#701=LINE('',#4847,#1031);
#702=LINE('',#4851,#1032);
#703=LINE('',#4855,#1033);
#704=LINE('',#4859,#1034);
#705=LINE('',#4863,#1035);
#706=LINE('',#4866,#1036);
#707=LINE('',#4879,#1037);
#708=LINE('',#4883,#1038);
#709=LINE('',#4887,#1039);
#710=LINE('',#4891,#1040);
#711=LINE('',#4895,#1041);
#712=LINE('',#4899,#1042);
#713=LINE('',#4903,#1043);
#714=LINE('',#4906,#1044);
#715=LINE('',#4911,#1045);
#716=LINE('',#4915,#1046);
#717=LINE('',#4919,#1047);
#718=LINE('',#4923,#1048);
#719=LINE('',#4927,#1049);
#720=LINE('',#4931,#1050);
#721=LINE('',#4935,#1051);
#722=LINE('',#4938,#1052);
#723=LINE('',#4949,#1053);
#724=LINE('',#4953,#1054);
#725=LINE('',#4957,#1055);
#726=LINE('',#4960,#1056);
#727=LINE('',#4975,#1057);
#728=LINE('',#4977,#1058);
#729=LINE('',#4978,#1059);
#730=LINE('',#4981,#1060);
#731=LINE('',#4982,#1061);
#732=LINE('',#4985,#1062);
#733=LINE('',#4986,#1063);
#734=LINE('',#4989,#1064);
#735=LINE('',#4990,#1065);
#736=LINE('',#4993,#1066);
#737=LINE('',#4995,#1067);
#738=LINE('',#4996,#1068);
#739=LINE('',#4999,#1069);
#740=LINE('',#5001,#1070);
#741=LINE('',#5002,#1071);
#742=LINE('',#5004,#1072);
#743=LINE('',#5007,#1073);
#744=LINE('',#5008,#1074);
#745=LINE('',#5011,#1075);
#746=LINE('',#5012,#1076);
#747=LINE('',#5016,#1077);
#748=LINE('',#5020,#1078);
#749=LINE('',#5024,#1079);
#750=LINE('',#5028,#1080);
#751=LINE('',#5032,#1081);
#752=LINE('',#5036,#1082);
#753=LINE('',#5039,#1083);
#754=LINE('',#5040,#1084);
#755=LINE('',#5043,#1085);
#756=LINE('',#5044,#1086);
#757=LINE('',#5047,#1087);
#758=LINE('',#5048,#1088);
#759=LINE('',#5051,#1089);
#760=LINE('',#5052,#1090);
#761=LINE('',#5055,#1091);
#762=LINE('',#5056,#1092);
#763=LINE('',#5058,#1093);
#764=LINE('',#5060,#1094);
#765=LINE('',#5062,#1095);
#766=LINE('',#5063,#1096);
#767=LINE('',#5066,#1097);
#768=LINE('',#5070,#1098);
#769=LINE('',#5074,#1099);
#770=LINE('',#5078,#1100);
#771=LINE('',#5108,#1101);
#772=LINE('',#5112,#1102);
#773=LINE('',#5116,#1103);
#774=LINE('',#5120,#1104);
#775=LINE('',#5124,#1105);
#776=LINE('',#5128,#1106);
#777=LINE('',#5132,#1107);
#778=LINE('',#5135,#1108);
#779=LINE('',#5140,#1109);
#780=LINE('',#5144,#1110);
#781=LINE('',#5148,#1111);
#782=LINE('',#5152,#1112);
#783=LINE('',#5156,#1113);
#784=LINE('',#5160,#1114);
#785=LINE('',#5164,#1115);
#786=LINE('',#5167,#1116);
#787=LINE('',#5172,#1117);
#788=LINE('',#5176,#1118);
#789=LINE('',#5180,#1119);
#790=LINE('',#5184,#1120);
#791=LINE('',#5188,#1121);
#792=LINE('',#5192,#1122);
#793=LINE('',#5196,#1123);
#794=LINE('',#5199,#1124);
#795=LINE('',#5204,#1125);
#796=LINE('',#5208,#1126);
#797=LINE('',#5212,#1127);
#798=LINE('',#5216,#1128);
#799=LINE('',#5220,#1129);
#800=LINE('',#5224,#1130);
#801=LINE('',#5228,#1131);
#802=LINE('',#5231,#1132);
#803=LINE('',#5235,#1133);
#804=LINE('',#5236,#1134);
#805=LINE('',#5238,#1135);
#806=LINE('',#5240,#1136);
#807=LINE('',#5241,#1137);
#808=LINE('',#5243,#1138);
#809=LINE('',#5245,#1139);
#810=LINE('',#5246,#1140);
#811=LINE('',#5248,#1141);
#812=LINE('',#5250,#1142);
#813=LINE('',#5251,#1143);
#814=LINE('',#5253,#1144);
#815=LINE('',#5255,#1145);
#816=LINE('',#5256,#1146);
#817=LINE('',#5258,#1147);
#818=LINE('',#5260,#1148);
#819=LINE('',#5261,#1149);
#820=LINE('',#5263,#1150);
#821=LINE('',#5265,#1151);
#822=LINE('',#5266,#1152);
#823=LINE('',#5268,#1153);
#824=LINE('',#5270,#1154);
#825=LINE('',#5271,#1155);
#826=LINE('',#5273,#1156);
#827=LINE('',#5275,#1157);
#828=LINE('',#5276,#1158);
#829=LINE('',#5278,#1159);
#830=LINE('',#5280,#1160);
#831=LINE('',#5282,#1161);
#832=LINE('',#5284,#1162);
#833=LINE('',#5286,#1163);
#834=LINE('',#5288,#1164);
#835=LINE('',#5289,#1165);
#836=LINE('',#5291,#1166);
#837=LINE('',#5293,#1167);
#838=LINE('',#5295,#1168);
#839=LINE('',#5297,#1169);
#840=LINE('',#5298,#1170);
#841=LINE('',#5300,#1171);
#842=LINE('',#5302,#1172);
#843=LINE('',#5305,#1173);
#844=LINE('',#5307,#1174);
#845=LINE('',#5309,#1175);
#846=LINE('',#5310,#1176);
#847=LINE('',#5312,#1177);
#848=LINE('',#5314,#1178);
#849=LINE('',#5316,#1179);
#850=LINE('',#5318,#1180);
#851=LINE('',#5320,#1181);
#852=LINE('',#5323,#1182);
#853=LINE('',#5325,#1183);
#854=LINE('',#5326,#1184);
#855=LINE('',#5328,#1185);
#856=LINE('',#5330,#1186);
#857=LINE('',#5331,#1187);
#858=LINE('',#5334,#1188);
#859=LINE('',#5336,#1189);
#860=LINE('',#5337,#1190);
#861=LINE('',#5339,#1191);
#862=LINE('',#5342,#1192);
#863=LINE('',#5343,#1193);
#864=LINE('',#5346,#1194);
#865=LINE('',#5348,#1195);
#866=LINE('',#5351,#1196);
#867=LINE('',#5352,#1197);
#868=LINE('',#5355,#1198);
#869=LINE('',#5357,#1199);
#870=LINE('',#5358,#1200);
#871=LINE('',#5360,#1201);
#872=LINE('',#5363,#1202);
#873=LINE('',#5364,#1203);
#874=LINE('',#5367,#1204);
#875=LINE('',#5376,#1205);
#876=LINE('',#5378,#1206);
#877=LINE('',#5380,#1207);
#878=LINE('',#5384,#1208);
#879=LINE('',#5386,#1209);
#880=LINE('',#5388,#1210);
#881=LINE('',#5390,#1211);
#882=LINE('',#5392,#1212);
#883=LINE('',#5394,#1213);
#884=LINE('',#5396,#1214);
#885=LINE('',#5398,#1215);
#886=LINE('',#5400,#1216);
#887=VECTOR('',#3573,1.54999999999999);
#888=VECTOR('',#3580,1.55000000000001);
#889=VECTOR('',#3587,1.55000000000001);
#890=VECTOR('',#3594,1.54999999999998);
#891=VECTOR('',#3601,1.55);
#892=VECTOR('',#3608,1.55000000000001);
#893=VECTOR('',#3615,1.55);
#894=VECTOR('',#3622,1.55000000000001);
#895=VECTOR('',#3629,1.55000000000001);
#896=VECTOR('',#3636,1.55000000000001);
#897=VECTOR('',#3643,1.55);
#898=VECTOR('',#3650,1.55000000000001);
#899=VECTOR('',#3655,10.);
#900=VECTOR('',#3656,10.);
#901=VECTOR('',#3657,10.);
#902=VECTOR('',#3658,10.);
#903=VECTOR('',#3661,10.);
#904=VECTOR('',#3662,10.);
#905=VECTOR('',#3663,10.);
#906=VECTOR('',#3664,10.);
#907=VECTOR('',#3667,10.);
#908=VECTOR('',#3668,10.);
#909=VECTOR('',#3671,10.);
#910=VECTOR('',#3672,10.);
#911=VECTOR('',#3673,10.);
#912=VECTOR('',#3674,10.);
#913=VECTOR('',#3677,10.);
#914=VECTOR('',#3678,10.);
#915=VECTOR('',#3679,10.);
#916=VECTOR('',#3682,10.);
#917=VECTOR('',#3683,10.);
#918=VECTOR('',#3684,10.);
#919=VECTOR('',#3687,10.);
#920=VECTOR('',#3688,10.);
#921=VECTOR('',#3689,10.);
#922=VECTOR('',#3690,10.);
#923=VECTOR('',#3693,10.);
#924=VECTOR('',#3694,10.);
#925=VECTOR('',#3695,10.);
#926=VECTOR('',#3696,10.);
#927=VECTOR('',#3699,10.);
#928=VECTOR('',#3700,10.);
#929=VECTOR('',#3703,10.);
#930=VECTOR('',#3704,10.);
#931=VECTOR('',#3705,10.);
#932=VECTOR('',#3706,10.);
#933=VECTOR('',#3709,10.);
#934=VECTOR('',#3710,10.);
#935=VECTOR('',#3711,10.);
#936=VECTOR('',#3714,10.);
#937=VECTOR('',#3715,10.);
#938=VECTOR('',#3716,10.);
#939=VECTOR('',#3719,10.);
#940=VECTOR('',#3720,10.);
#941=VECTOR('',#3721,10.);
#942=VECTOR('',#3722,10.);
#943=VECTOR('',#3725,10.);
#944=VECTOR('',#3726,10.);
#945=VECTOR('',#3727,10.);
#946=VECTOR('',#3728,10.);
#947=VECTOR('',#3731,10.);
#948=VECTOR('',#3732,10.);
#949=VECTOR('',#3735,10.);
#950=VECTOR('',#3736,10.);
#951=VECTOR('',#3737,10.);
#952=VECTOR('',#3738,10.);
#953=VECTOR('',#3741,10.);
#954=VECTOR('',#3742,10.);
#955=VECTOR('',#3743,10.);
#956=VECTOR('',#3746,10.);
#957=VECTOR('',#3747,10.);
#958=VECTOR('',#3748,10.);
#959=VECTOR('',#3751,10.);
#960=VECTOR('',#3752,10.);
#961=VECTOR('',#3753,10.);
#962=VECTOR('',#3754,10.);
#963=VECTOR('',#3757,10.);
#964=VECTOR('',#3758,10.);
#965=VECTOR('',#3759,10.);
#966=VECTOR('',#3762,10.);
#967=VECTOR('',#3763,10.);
#968=VECTOR('',#3764,10.);
#969=VECTOR('',#3767,10.);
#970=VECTOR('',#3768,10.);
#971=VECTOR('',#3769,10.);
#972=VECTOR('',#3770,10.);
#973=VECTOR('',#3773,10.);
#974=VECTOR('',#3774,10.);
#975=VECTOR('',#3775,10.);
#976=VECTOR('',#3778,10.);
#977=VECTOR('',#3779,10.);
#978=VECTOR('',#3780,10.);
#979=VECTOR('',#3783,10.);
#980=VECTOR('',#3784,10.);
#981=VECTOR('',#3785,10.);
#982=VECTOR('',#3788,10.);
#983=VECTOR('',#3789,10.);
#984=VECTOR('',#3792,10.);
#985=VECTOR('',#3793,10.);
#986=VECTOR('',#3796,10.);
#987=VECTOR('',#3797,10.);
#988=VECTOR('',#3798,10.);
#989=VECTOR('',#3801,10.);
#990=VECTOR('',#3802,10.);
#991=VECTOR('',#3805,10.);
#992=VECTOR('',#3806,10.);
#993=VECTOR('',#3807,10.);
#994=VECTOR('',#3810,10.);
#995=VECTOR('',#3811,10.);
#996=VECTOR('',#3814,10.);
#997=VECTOR('',#3815,10.);
#998=VECTOR('',#3818,10.);
#999=VECTOR('',#3819,10.);
#1000=VECTOR('',#3820,10.);
#1001=VECTOR('',#3823,10.);
#1002=VECTOR('',#3824,10.);
#1003=VECTOR('',#3827,10.);
#1004=VECTOR('',#3828,10.);
#1005=VECTOR('',#3829,10.);
#1006=VECTOR('',#3830,10.);
#1007=VECTOR('',#3831,10.);
#1008=VECTOR('',#3832,10.);
#1009=VECTOR('',#3833,10.);
#1010=VECTOR('',#3834,10.);
#1011=VECTOR('',#3835,10.);
#1012=VECTOR('',#3836,10.);
#1013=VECTOR('',#3837,10.);
#1014=VECTOR('',#3838,10.);
#1015=VECTOR('',#3839,10.);
#1016=VECTOR('',#3840,10.);
#1017=VECTOR('',#3841,10.);
#1018=VECTOR('',#3842,10.);
#1019=VECTOR('',#3843,10.);
#1020=VECTOR('',#3844,10.);
#1021=VECTOR('',#3847,10.);
#1022=VECTOR('',#3850,10.);
#1023=VECTOR('',#3853,10.);
#1024=VECTOR('',#3856,10.);
#1025=VECTOR('',#3859,10.);
#1026=VECTOR('',#3862,10.);
#1027=VECTOR('',#3865,10.);
#1028=VECTOR('',#3868,10.);
#1029=VECTOR('',#3881,10.);
#1030=VECTOR('',#3884,10.);
#1031=VECTOR('',#3887,10.);
#1032=VECTOR('',#3890,10.);
#1033=VECTOR('',#3893,10.);
#1034=VECTOR('',#3896,10.);
#1035=VECTOR('',#3899,10.);
#1036=VECTOR('',#3902,10.);
#1037=VECTOR('',#3913,10.);
#1038=VECTOR('',#3916,10.);
#1039=VECTOR('',#3919,10.);
#1040=VECTOR('',#3922,10.);
#1041=VECTOR('',#3925,10.);
#1042=VECTOR('',#3928,10.);
#1043=VECTOR('',#3931,10.);
#1044=VECTOR('',#3934,10.);
#1045=VECTOR('',#3937,10.);
#1046=VECTOR('',#3940,10.);
#1047=VECTOR('',#3943,10.);
#1048=VECTOR('',#3946,10.);
#1049=VECTOR('',#3949,10.);
#1050=VECTOR('',#3952,10.);
#1051=VECTOR('',#3955,10.);
#1052=VECTOR('',#3958,10.);
#1053=VECTOR('',#3967,10.);
#1054=VECTOR('',#3970,10.);
#1055=VECTOR('',#3973,10.);
#1056=VECTOR('',#3976,10.);
#1057=VECTOR('',#3991,10.);
#1058=VECTOR('',#3992,10.);
#1059=VECTOR('',#3993,10.);
#1060=VECTOR('',#3996,10.);
#1061=VECTOR('',#3997,10.);
#1062=VECTOR('',#4000,10.);
#1063=VECTOR('',#4001,10.);
#1064=VECTOR('',#4004,10.);
#1065=VECTOR('',#4005,10.);
#1066=VECTOR('',#4008,10.);
#1067=VECTOR('',#4009,10.);
#1068=VECTOR('',#4010,10.);
#1069=VECTOR('',#4013,10.);
#1070=VECTOR('',#4014,10.);
#1071=VECTOR('',#4015,10.);
#1072=VECTOR('',#4018,10.);
#1073=VECTOR('',#4021,10.);
#1074=VECTOR('',#4022,10.);
#1075=VECTOR('',#4025,10.);
#1076=VECTOR('',#4026,10.);
#1077=VECTOR('',#4031,1.54999999999999);
#1078=VECTOR('',#4036,1.54999999999999);
#1079=VECTOR('',#4041,1.54999999999999);
#1080=VECTOR('',#4046,1.54999999999999);
#1081=VECTOR('',#4051,1.54999999999999);
#1082=VECTOR('',#4056,1.54999999999999);
#1083=VECTOR('',#4059,10.);
#1084=VECTOR('',#4060,10.);
#1085=VECTOR('',#4063,10.);
#1086=VECTOR('',#4064,10.);
#1087=VECTOR('',#4067,10.);
#1088=VECTOR('',#4068,10.);
#1089=VECTOR('',#4071,10.);
#1090=VECTOR('',#4072,10.);
#1091=VECTOR('',#4075,10.);
#1092=VECTOR('',#4076,10.);
#1093=VECTOR('',#4079,10.);
#1094=VECTOR('',#4082,10.);
#1095=VECTOR('',#4085,10.);
#1096=VECTOR('',#4086,10.);
#1097=VECTOR('',#4087,10.);
#1098=VECTOR('',#4090,10.);
#1099=VECTOR('',#4093,10.);
#1100=VECTOR('',#4096,10.);
#1101=VECTOR('',#4125,10.);
#1102=VECTOR('',#4128,10.);
#1103=VECTOR('',#4131,10.);
#1104=VECTOR('',#4134,10.);
#1105=VECTOR('',#4137,10.);
#1106=VECTOR('',#4140,10.);
#1107=VECTOR('',#4143,10.);
#1108=VECTOR('',#4146,10.);
#1109=VECTOR('',#4149,10.);
#1110=VECTOR('',#4152,10.);
#1111=VECTOR('',#4155,10.);
#1112=VECTOR('',#4158,10.);
#1113=VECTOR('',#4161,10.);
#1114=VECTOR('',#4164,10.);
#1115=VECTOR('',#4167,10.);
#1116=VECTOR('',#4170,10.);
#1117=VECTOR('',#4173,10.);
#1118=VECTOR('',#4176,10.);
#1119=VECTOR('',#4179,10.);
#1120=VECTOR('',#4182,10.);
#1121=VECTOR('',#4185,10.);
#1122=VECTOR('',#4188,10.);
#1123=VECTOR('',#4191,10.);
#1124=VECTOR('',#4194,10.);
#1125=VECTOR('',#4197,10.);
#1126=VECTOR('',#4200,10.);
#1127=VECTOR('',#4203,10.);
#1128=VECTOR('',#4206,10.);
#1129=VECTOR('',#4209,10.);
#1130=VECTOR('',#4212,10.);
#1131=VECTOR('',#4215,10.);
#1132=VECTOR('',#4218,10.);
#1133=VECTOR('',#4225,10.);
#1134=VECTOR('',#4226,10.);
#1135=VECTOR('',#4229,10.);
#1136=VECTOR('',#4232,10.);
#1137=VECTOR('',#4233,10.);
#1138=VECTOR('',#4236,10.);
#1139=VECTOR('',#4239,10.);
#1140=VECTOR('',#4240,10.);
#1141=VECTOR('',#4243,10.);
#1142=VECTOR('',#4246,10.);
#1143=VECTOR('',#4247,10.);
#1144=VECTOR('',#4250,10.);
#1145=VECTOR('',#4253,10.);
#1146=VECTOR('',#4254,10.);
#1147=VECTOR('',#4257,10.);
#1148=VECTOR('',#4260,10.);
#1149=VECTOR('',#4261,10.);
#1150=VECTOR('',#4264,10.);
#1151=VECTOR('',#4267,10.);
#1152=VECTOR('',#4268,10.);
#1153=VECTOR('',#4271,10.);
#1154=VECTOR('',#4274,10.);
#1155=VECTOR('',#4275,10.);
#1156=VECTOR('',#4278,10.);
#1157=VECTOR('',#4281,10.);
#1158=VECTOR('',#4282,10.);
#1159=VECTOR('',#4285,10.);
#1160=VECTOR('',#4288,10.);
#1161=VECTOR('',#4291,10.);
#1162=VECTOR('',#4294,10.);
#1163=VECTOR('',#4297,10.);
#1164=VECTOR('',#4300,10.);
#1165=VECTOR('',#4301,10.);
#1166=VECTOR('',#4304,10.);
#1167=VECTOR('',#4307,10.);
#1168=VECTOR('',#4310,10.);
#1169=VECTOR('',#4313,10.);
#1170=VECTOR('',#4314,10.);
#1171=VECTOR('',#4317,10.);
#1172=VECTOR('',#4320,10.);
#1173=VECTOR('',#4325,10.);
#1174=VECTOR('',#4328,10.);
#1175=VECTOR('',#4331,10.);
#1176=VECTOR('',#4332,10.);
#1177=VECTOR('',#4335,10.);
#1178=VECTOR('',#4338,10.);
#1179=VECTOR('',#4341,10.);
#1180=VECTOR('',#4344,10.);
#1181=VECTOR('',#4347,10.);
#1182=VECTOR('',#4352,10.);
#1183=VECTOR('',#4355,10.);
#1184=VECTOR('',#4356,10.);
#1185=VECTOR('',#4359,10.);
#1186=VECTOR('',#4362,10.);
#1187=VECTOR('',#4363,10.);
#1188=VECTOR('',#4368,10.);
#1189=VECTOR('',#4371,10.);
#1190=VECTOR('',#4372,10.);
#1191=VECTOR('',#4375,10.);
#1192=VECTOR('',#4380,10.);
#1193=VECTOR('',#4381,10.);
#1194=VECTOR('',#4386,10.);
#1195=VECTOR('',#4389,10.);
#1196=VECTOR('',#4394,10.);
#1197=VECTOR('',#4395,10.);
#1198=VECTOR('',#4400,10.);
#1199=VECTOR('',#4403,10.);
#1200=VECTOR('',#4404,10.);
#1201=VECTOR('',#4407,10.);
#1202=VECTOR('',#4412,10.);
#1203=VECTOR('',#4413,10.);
#1204=VECTOR('',#4418,10.);
#1205=VECTOR('',#4435,1.05);
#1206=VECTOR('',#4438,1.05);
#1207=VECTOR('',#4441,1.05);
#1208=VECTOR('',#4448,1.05);
#1209=VECTOR('',#4451,1.54999999999999);
#1210=VECTOR('',#4454,1.05);
#1211=VECTOR('',#4457,1.05);
#1212=VECTOR('',#4460,1.54999999999999);
#1213=VECTOR('',#4463,1.54999999999999);
#1214=VECTOR('',#4466,1.05);
#1215=VECTOR('',#4469,1.54999999999999);
#1216=VECTOR('',#4472,1.05);
#1217=CIRCLE('',#3280,1.54999999999999);
#1218=CIRCLE('',#3281,1.54999999999999);
#1219=CIRCLE('',#3283,1.55000000000001);
#1220=CIRCLE('',#3284,1.55000000000001);
#1221=CIRCLE('',#3286,1.55000000000001);
#1222=CIRCLE('',#3287,1.55000000000001);
#1223=CIRCLE('',#3289,1.54999999999998);
#1224=CIRCLE('',#3290,1.54999999999998);
#1225=CIRCLE('',#3292,1.55);
#1226=CIRCLE('',#3293,1.55);
#1227=CIRCLE('',#3295,1.55000000000001);
#1228=CIRCLE('',#3296,1.55000000000001);
#1229=CIRCLE('',#3298,1.55);
#1230=CIRCLE('',#3299,1.55);
#1231=CIRCLE('',#3301,1.55000000000001);
#1232=CIRCLE('',#3302,1.55000000000001);
#1233=CIRCLE('',#3304,1.55000000000001);
#1234=CIRCLE('',#3305,1.55000000000001);
#1235=CIRCLE('',#3307,1.55000000000001);
#1236=CIRCLE('',#3308,1.55000000000001);
#1237=CIRCLE('',#3310,1.55);
#1238=CIRCLE('',#3311,1.55);
#1239=CIRCLE('',#3313,1.55000000000001);
#1240=CIRCLE('',#3314,1.55000000000001);
#1241=CIRCLE('',#3350,2.);
#1242=CIRCLE('',#3351,2.);
#1243=CIRCLE('',#3352,2.);
#1244=CIRCLE('',#3353,2.);
#1245=CIRCLE('',#3354,2.);
#1246=CIRCLE('',#3355,2.);
#1247=CIRCLE('',#3356,2.);
#1248=CIRCLE('',#3357,2.);
#1249=CIRCLE('',#3358,1.05);
#1250=CIRCLE('',#3359,1.54999999999999);
#1251=CIRCLE('',#3360,1.05);
#1252=CIRCLE('',#3361,1.54999999999999);
#1253=CIRCLE('',#3362,1.54999999999999);
#1254=CIRCLE('',#3363,2.);
#1255=CIRCLE('',#3364,2.);
#1256=CIRCLE('',#3365,2.);
#1257=CIRCLE('',#3366,2.);
#1258=CIRCLE('',#3367,2.);
#1259=CIRCLE('',#3368,2.);
#1260=CIRCLE('',#3369,2.);
#1261=CIRCLE('',#3370,2.);
#1262=CIRCLE('',#3371,1.05);
#1263=CIRCLE('',#3372,1.05);
#1264=CIRCLE('',#3373,1.54999999999999);
#1265=CIRCLE('',#3374,1.05);
#1266=CIRCLE('',#3375,2.);
#1267=CIRCLE('',#3376,2.);
#1268=CIRCLE('',#3377,2.);
#1269=CIRCLE('',#3378,2.);
#1270=CIRCLE('',#3379,2.);
#1271=CIRCLE('',#3380,2.);
#1272=CIRCLE('',#3381,2.);
#1273=CIRCLE('',#3382,2.);
#1274=CIRCLE('',#3383,2.);
#1275=CIRCLE('',#3384,2.);
#1276=CIRCLE('',#3385,2.);
#1277=CIRCLE('',#3386,2.);
#1278=CIRCLE('',#3387,2.);
#1279=CIRCLE('',#3388,2.);
#1280=CIRCLE('',#3389,2.);
#1281=CIRCLE('',#3390,2.);
#1282=CIRCLE('',#3391,1.05);
#1283=CIRCLE('',#3392,1.05);
#1284=CIRCLE('',#3393,1.05);
#1285=CIRCLE('',#3394,2.);
#1286=CIRCLE('',#3395,2.);
#1287=CIRCLE('',#3396,2.);
#1288=CIRCLE('',#3397,2.);
#1289=CIRCLE('',#3398,1.54999999999999);
#1290=CIRCLE('',#3399,1.54999999999999);
#1291=CIRCLE('',#3400,1.54999999999999);
#1292=CIRCLE('',#3401,1.54999999999999);
#1293=CIRCLE('',#3402,1.54999999999999);
#1294=CIRCLE('',#3403,1.54999999999999);
#1295=CIRCLE('',#3414,1.54999999999999);
#1296=CIRCLE('',#3416,1.54999999999999);
#1297=CIRCLE('',#3418,1.54999999999999);
#1298=CIRCLE('',#3420,1.54999999999999);
#1299=CIRCLE('',#3422,1.54999999999999);
#1300=CIRCLE('',#3424,1.54999999999999);
#1301=CIRCLE('',#3433,2.);
#1302=CIRCLE('',#3434,2.);
#1303=CIRCLE('',#3435,2.);
#1304=CIRCLE('',#3436,2.);
#1305=CIRCLE('',#3437,1.05);
#1306=CIRCLE('',#3438,1.05);
#1307=CIRCLE('',#3439,1.05);
#1308=CIRCLE('',#3440,1.05);
#1309=CIRCLE('',#3441,1.54999999999999);
#1310=CIRCLE('',#3442,1.05);
#1311=CIRCLE('',#3443,1.05);
#1312=CIRCLE('',#3444,1.54999999999999);
#1313=CIRCLE('',#3445,1.54999999999999);
#1314=CIRCLE('',#3446,1.05);
#1315=CIRCLE('',#3447,1.54999999999999);
#1316=CIRCLE('',#3448,1.05);
#1317=CIRCLE('',#3449,2.);
#1318=CIRCLE('',#3450,2.);
#1319=CIRCLE('',#3451,2.);
#1320=CIRCLE('',#3452,2.);
#1321=CIRCLE('',#3453,2.);
#1322=CIRCLE('',#3454,2.);
#1323=CIRCLE('',#3455,2.);
#1324=CIRCLE('',#3456,2.);
#1325=CIRCLE('',#3457,2.);
#1326=CIRCLE('',#3458,2.);
#1327=CIRCLE('',#3459,2.);
#1328=CIRCLE('',#3460,2.);
#1329=CIRCLE('',#3461,2.);
#1330=CIRCLE('',#3462,2.);
#1331=CIRCLE('',#3463,2.);
#1332=CIRCLE('',#3464,2.);
#1333=CIRCLE('',#3465,2.);
#1334=CIRCLE('',#3466,2.);
#1335=CIRCLE('',#3467,2.);
#1336=CIRCLE('',#3468,2.);
#1337=CIRCLE('',#3469,2.);
#1338=CIRCLE('',#3470,2.);
#1339=CIRCLE('',#3471,2.);
#1340=CIRCLE('',#3472,2.);
#1341=CIRCLE('',#3473,2.);
#1342=CIRCLE('',#3474,2.);
#1343=CIRCLE('',#3475,2.);
#1344=CIRCLE('',#3476,2.);
#1345=CIRCLE('',#3477,2.);
#1346=CIRCLE('',#3478,2.);
#1347=CIRCLE('',#3479,2.);
#1348=CIRCLE('',#3480,2.);
#1349=VERTEX_POINT('',#4477);
#1350=VERTEX_POINT('',#4479);
#1351=VERTEX_POINT('',#4483);
#1352=VERTEX_POINT('',#4485);
#1353=VERTEX_POINT('',#4489);
#1354=VERTEX_POINT('',#4491);
#1355=VERTEX_POINT('',#4495);
#1356=VERTEX_POINT('',#4497);
#1357=VERTEX_POINT('',#4501);
#1358=VERTEX_POINT('',#4503);
#1359=VERTEX_POINT('',#4507);
#1360=VERTEX_POINT('',#4509);
#1361=VERTEX_POINT('',#4513);
#1362=VERTEX_POINT('',#4515);
#1363=VERTEX_POINT('',#4519);
#1364=VERTEX_POINT('',#4521);
#1365=VERTEX_POINT('',#4525);
#1366=VERTEX_POINT('',#4527);
#1367=VERTEX_POINT('',#4531);
#1368=VERTEX_POINT('',#4533);
#1369=VERTEX_POINT('',#4537);
#1370=VERTEX_POINT('',#4539);
#1371=VERTEX_POINT('',#4543);
#1372=VERTEX_POINT('',#4545);
#1373=VERTEX_POINT('',#4549);
#1374=VERTEX_POINT('',#4550);
#1375=VERTEX_POINT('',#4552);
#1376=VERTEX_POINT('',#4554);
#1377=VERTEX_POINT('',#4558);
#1378=VERTEX_POINT('',#4559);
#1379=VERTEX_POINT('',#4561);
#1380=VERTEX_POINT('',#4563);
#1381=VERTEX_POINT('',#4570);
#1382=VERTEX_POINT('',#4571);
#1383=VERTEX_POINT('',#4573);
#1384=VERTEX_POINT('',#4575);
#1385=VERTEX_POINT('',#4579);
#1386=VERTEX_POINT('',#4581);
#1387=VERTEX_POINT('',#4585);
#1388=VERTEX_POINT('',#4587);
#1389=VERTEX_POINT('',#4591);
#1390=VERTEX_POINT('',#4592);
#1391=VERTEX_POINT('',#4594);
#1392=VERTEX_POINT('',#4596);
#1393=VERTEX_POINT('',#4600);
#1394=VERTEX_POINT('',#4601);
#1395=VERTEX_POINT('',#4603);
#1396=VERTEX_POINT('',#4605);
#1397=VERTEX_POINT('',#4612);
#1398=VERTEX_POINT('',#4613);
#1399=VERTEX_POINT('',#4615);
#1400=VERTEX_POINT('',#4617);
#1401=VERTEX_POINT('',#4621);
#1402=VERTEX_POINT('',#4623);
#1403=VERTEX_POINT('',#4627);
#1404=VERTEX_POINT('',#4629);
#1405=VERTEX_POINT('',#4633);
#1406=VERTEX_POINT('',#4634);
#1407=VERTEX_POINT('',#4636);
#1408=VERTEX_POINT('',#4638);
#1409=VERTEX_POINT('',#4642);
#1410=VERTEX_POINT('',#4643);
#1411=VERTEX_POINT('',#4645);
#1412=VERTEX_POINT('',#4647);
#1413=VERTEX_POINT('',#4654);
#1414=VERTEX_POINT('',#4655);
#1415=VERTEX_POINT('',#4657);
#1416=VERTEX_POINT('',#4659);
#1417=VERTEX_POINT('',#4663);
#1418=VERTEX_POINT('',#4665);
#1419=VERTEX_POINT('',#4669);
#1420=VERTEX_POINT('',#4671);
#1421=VERTEX_POINT('',#4675);
#1422=VERTEX_POINT('',#4676);
#1423=VERTEX_POINT('',#4678);
#1424=VERTEX_POINT('',#4680);
#1425=VERTEX_POINT('',#4684);
#1426=VERTEX_POINT('',#4686);
#1427=VERTEX_POINT('',#4690);
#1428=VERTEX_POINT('',#4692);
#1429=VERTEX_POINT('',#4696);
#1430=VERTEX_POINT('',#4697);
#1431=VERTEX_POINT('',#4699);
#1432=VERTEX_POINT('',#4701);
#1433=VERTEX_POINT('',#4705);
#1434=VERTEX_POINT('',#4707);
#1435=VERTEX_POINT('',#4711);
#1436=VERTEX_POINT('',#4713);
#1437=VERTEX_POINT('',#4717);
#1438=VERTEX_POINT('',#4719);
#1439=VERTEX_POINT('',#4729);
#1440=VERTEX_POINT('',#4731);
#1441=VERTEX_POINT('',#4738);
#1442=VERTEX_POINT('',#4740);
#1443=VERTEX_POINT('',#4750);
#1444=VERTEX_POINT('',#4752);
#1445=VERTEX_POINT('',#4759);
#1446=VERTEX_POINT('',#4761);
#1447=VERTEX_POINT('',#4763);
#1448=VERTEX_POINT('',#4765);
#1449=VERTEX_POINT('',#4767);
#1450=VERTEX_POINT('',#4769);
#1451=VERTEX_POINT('',#4771);
#1452=VERTEX_POINT('',#4773);
#1453=VERTEX_POINT('',#4776);
#1454=VERTEX_POINT('',#4778);
#1455=VERTEX_POINT('',#4780);
#1456=VERTEX_POINT('',#4782);
#1457=VERTEX_POINT('',#4784);
#1458=VERTEX_POINT('',#4786);
#1459=VERTEX_POINT('',#4788);
#1460=VERTEX_POINT('',#4790);
#1461=VERTEX_POINT('',#4793);
#1462=VERTEX_POINT('',#4794);
#1463=VERTEX_POINT('',#4796);
#1464=VERTEX_POINT('',#4798);
#1465=VERTEX_POINT('',#4800);
#1466=VERTEX_POINT('',#4802);
#1467=VERTEX_POINT('',#4804);
#1468=VERTEX_POINT('',#4806);
#1469=VERTEX_POINT('',#4808);
#1470=VERTEX_POINT('',#4810);
#1471=VERTEX_POINT('',#4812);
#1472=VERTEX_POINT('',#4814);
#1473=VERTEX_POINT('',#4816);
#1474=VERTEX_POINT('',#4818);
#1475=VERTEX_POINT('',#4820);
#1476=VERTEX_POINT('',#4822);
#1477=VERTEX_POINT('',#4825);
#1478=VERTEX_POINT('',#4827);
#1479=VERTEX_POINT('',#4829);
#1480=VERTEX_POINT('',#4831);
#1481=VERTEX_POINT('',#4833);
#1482=VERTEX_POINT('',#4835);
#1483=VERTEX_POINT('',#4836);
#1484=VERTEX_POINT('',#4838);
#1485=VERTEX_POINT('',#4840);
#1486=VERTEX_POINT('',#4842);
#1487=VERTEX_POINT('',#4844);
#1488=VERTEX_POINT('',#4846);
#1489=VERTEX_POINT('',#4848);
#1490=VERTEX_POINT('',#4850);
#1491=VERTEX_POINT('',#4852);
#1492=VERTEX_POINT('',#4854);
#1493=VERTEX_POINT('',#4856);
#1494=VERTEX_POINT('',#4858);
#1495=VERTEX_POINT('',#4860);
#1496=VERTEX_POINT('',#4862);
#1497=VERTEX_POINT('',#4864);
#1498=VERTEX_POINT('',#4867);
#1499=VERTEX_POINT('',#4869);
#1500=VERTEX_POINT('',#4871);
#1501=VERTEX_POINT('',#4873);
#1502=VERTEX_POINT('',#4875);
#1503=VERTEX_POINT('',#4876);
#1504=VERTEX_POINT('',#4878);
#1505=VERTEX_POINT('',#4880);
#1506=VERTEX_POINT('',#4882);
#1507=VERTEX_POINT('',#4884);
#1508=VERTEX_POINT('',#4886);
#1509=VERTEX_POINT('',#4888);
#1510=VERTEX_POINT('',#4890);
#1511=VERTEX_POINT('',#4892);
#1512=VERTEX_POINT('',#4894);
#1513=VERTEX_POINT('',#4896);
#1514=VERTEX_POINT('',#4898);
#1515=VERTEX_POINT('',#4900);
#1516=VERTEX_POINT('',#4902);
#1517=VERTEX_POINT('',#4904);
#1518=VERTEX_POINT('',#4907);
#1519=VERTEX_POINT('',#4908);
#1520=VERTEX_POINT('',#4910);
#1521=VERTEX_POINT('',#4912);
#1522=VERTEX_POINT('',#4914);
#1523=VERTEX_POINT('',#4916);
#1524=VERTEX_POINT('',#4918);
#1525=VERTEX_POINT('',#4920);
#1526=VERTEX_POINT('',#4922);
#1527=VERTEX_POINT('',#4924);
#1528=VERTEX_POINT('',#4926);
#1529=VERTEX_POINT('',#4928);
#1530=VERTEX_POINT('',#4930);
#1531=VERTEX_POINT('',#4932);
#1532=VERTEX_POINT('',#4934);
#1533=VERTEX_POINT('',#4936);
#1534=VERTEX_POINT('',#4939);
#1535=VERTEX_POINT('',#4941);
#1536=VERTEX_POINT('',#4943);
#1537=VERTEX_POINT('',#4945);
#1538=VERTEX_POINT('',#4946);
#1539=VERTEX_POINT('',#4948);
#1540=VERTEX_POINT('',#4950);
#1541=VERTEX_POINT('',#4952);
#1542=VERTEX_POINT('',#4954);
#1543=VERTEX_POINT('',#4956);
#1544=VERTEX_POINT('',#4958);
#1545=VERTEX_POINT('',#4961);
#1546=VERTEX_POINT('',#4963);
#1547=VERTEX_POINT('',#4965);
#1548=VERTEX_POINT('',#4967);
#1549=VERTEX_POINT('',#4969);
#1550=VERTEX_POINT('',#4971);
#1551=VERTEX_POINT('',#4974);
#1552=VERTEX_POINT('',#4976);
#1553=VERTEX_POINT('',#4980);
#1554=VERTEX_POINT('',#4984);
#1555=VERTEX_POINT('',#4988);
#1556=VERTEX_POINT('',#4992);
#1557=VERTEX_POINT('',#4994);
#1558=VERTEX_POINT('',#4998);
#1559=VERTEX_POINT('',#5000);
#1560=VERTEX_POINT('',#5006);
#1561=VERTEX_POINT('',#5010);
#1562=VERTEX_POINT('',#5014);
#1563=VERTEX_POINT('',#5018);
#1564=VERTEX_POINT('',#5022);
#1565=VERTEX_POINT('',#5026);
#1566=VERTEX_POINT('',#5030);
#1567=VERTEX_POINT('',#5034);
#1568=VERTEX_POINT('',#5038);
#1569=VERTEX_POINT('',#5042);
#1570=VERTEX_POINT('',#5046);
#1571=VERTEX_POINT('',#5050);
#1572=VERTEX_POINT('',#5054);
#1573=VERTEX_POINT('',#5064);
#1574=VERTEX_POINT('',#5065);
#1575=VERTEX_POINT('',#5067);
#1576=VERTEX_POINT('',#5069);
#1577=VERTEX_POINT('',#5071);
#1578=VERTEX_POINT('',#5073);
#1579=VERTEX_POINT('',#5075);
#1580=VERTEX_POINT('',#5077);
#1581=VERTEX_POINT('',#5080);
#1582=VERTEX_POINT('',#5082);
#1583=VERTEX_POINT('',#5084);
#1584=VERTEX_POINT('',#5086);
#1585=VERTEX_POINT('',#5088);
#1586=VERTEX_POINT('',#5090);
#1587=VERTEX_POINT('',#5092);
#1588=VERTEX_POINT('',#5094);
#1589=VERTEX_POINT('',#5096);
#1590=VERTEX_POINT('',#5098);
#1591=VERTEX_POINT('',#5100);
#1592=VERTEX_POINT('',#5102);
#1593=VERTEX_POINT('',#5104);
#1594=VERTEX_POINT('',#5105);
#1595=VERTEX_POINT('',#5107);
#1596=VERTEX_POINT('',#5109);
#1597=VERTEX_POINT('',#5111);
#1598=VERTEX_POINT('',#5113);
#1599=VERTEX_POINT('',#5115);
#1600=VERTEX_POINT('',#5117);
#1601=VERTEX_POINT('',#5119);
#1602=VERTEX_POINT('',#5121);
#1603=VERTEX_POINT('',#5123);
#1604=VERTEX_POINT('',#5125);
#1605=VERTEX_POINT('',#5127);
#1606=VERTEX_POINT('',#5129);
#1607=VERTEX_POINT('',#5131);
#1608=VERTEX_POINT('',#5133);
#1609=VERTEX_POINT('',#5136);
#1610=VERTEX_POINT('',#5137);
#1611=VERTEX_POINT('',#5139);
#1612=VERTEX_POINT('',#5141);
#1613=VERTEX_POINT('',#5143);
#1614=VERTEX_POINT('',#5145);
#1615=VERTEX_POINT('',#5147);
#1616=VERTEX_POINT('',#5149);
#1617=VERTEX_POINT('',#5151);
#1618=VERTEX_POINT('',#5153);
#1619=VERTEX_POINT('',#5155);
#1620=VERTEX_POINT('',#5157);
#1621=VERTEX_POINT('',#5159);
#1622=VERTEX_POINT('',#5161);
#1623=VERTEX_POINT('',#5163);
#1624=VERTEX_POINT('',#5165);
#1625=VERTEX_POINT('',#5168);
#1626=VERTEX_POINT('',#5169);
#1627=VERTEX_POINT('',#5171);
#1628=VERTEX_POINT('',#5173);
#1629=VERTEX_POINT('',#5175);
#1630=VERTEX_POINT('',#5177);
#1631=VERTEX_POINT('',#5179);
#1632=VERTEX_POINT('',#5181);
#1633=VERTEX_POINT('',#5183);
#1634=VERTEX_POINT('',#5185);
#1635=VERTEX_POINT('',#5187);
#1636=VERTEX_POINT('',#5189);
#1637=VERTEX_POINT('',#5191);
#1638=VERTEX_POINT('',#5193);
#1639=VERTEX_POINT('',#5195);
#1640=VERTEX_POINT('',#5197);
#1641=VERTEX_POINT('',#5200);
#1642=VERTEX_POINT('',#5201);
#1643=VERTEX_POINT('',#5203);
#1644=VERTEX_POINT('',#5205);
#1645=VERTEX_POINT('',#5207);
#1646=VERTEX_POINT('',#5209);
#1647=VERTEX_POINT('',#5211);
#1648=VERTEX_POINT('',#5213);
#1649=VERTEX_POINT('',#5215);
#1650=VERTEX_POINT('',#5217);
#1651=VERTEX_POINT('',#5219);
#1652=VERTEX_POINT('',#5221);
#1653=VERTEX_POINT('',#5223);
#1654=VERTEX_POINT('',#5225);
#1655=VERTEX_POINT('',#5227);
#1656=VERTEX_POINT('',#5229);
#1657=EDGE_CURVE('',#1349,#1349,#1217,.T.);
#1658=EDGE_CURVE('',#1349,#1350,#557,.T.);
#1659=EDGE_CURVE('',#1350,#1350,#1218,.T.);
#1660=EDGE_CURVE('',#1351,#1351,#1219,.T.);
#1661=EDGE_CURVE('',#1351,#1352,#558,.T.);
#1662=EDGE_CURVE('',#1352,#1352,#1220,.T.);
#1663=EDGE_CURVE('',#1353,#1353,#1221,.T.);
#1664=EDGE_CURVE('',#1353,#1354,#559,.T.);
#1665=EDGE_CURVE('',#1354,#1354,#1222,.T.);
#1666=EDGE_CURVE('',#1355,#1355,#1223,.T.);
#1667=EDGE_CURVE('',#1355,#1356,#560,.T.);
#1668=EDGE_CURVE('',#1356,#1356,#1224,.T.);
#1669=EDGE_CURVE('',#1357,#1357,#1225,.T.);
#1670=EDGE_CURVE('',#1357,#1358,#561,.T.);
#1671=EDGE_CURVE('',#1358,#1358,#1226,.T.);
#1672=EDGE_CURVE('',#1359,#1359,#1227,.T.);
#1673=EDGE_CURVE('',#1359,#1360,#562,.T.);
#1674=EDGE_CURVE('',#1360,#1360,#1228,.T.);
#1675=EDGE_CURVE('',#1361,#1361,#1229,.T.);
#1676=EDGE_CURVE('',#1361,#1362,#563,.T.);
#1677=EDGE_CURVE('',#1362,#1362,#1230,.T.);
#1678=EDGE_CURVE('',#1363,#1363,#1231,.T.);
#1679=EDGE_CURVE('',#1363,#1364,#564,.T.);
#1680=EDGE_CURVE('',#1364,#1364,#1232,.T.);
#1681=EDGE_CURVE('',#1365,#1365,#1233,.T.);
#1682=EDGE_CURVE('',#1365,#1366,#565,.T.);
#1683=EDGE_CURVE('',#1366,#1366,#1234,.T.);
#1684=EDGE_CURVE('',#1367,#1367,#1235,.T.);
#1685=EDGE_CURVE('',#1367,#1368,#566,.T.);
#1686=EDGE_CURVE('',#1368,#1368,#1236,.T.);
#1687=EDGE_CURVE('',#1369,#1369,#1237,.T.);
#1688=EDGE_CURVE('',#1369,#1370,#567,.T.);
#1689=EDGE_CURVE('',#1370,#1370,#1238,.T.);
#1690=EDGE_CURVE('',#1371,#1371,#1239,.T.);
#1691=EDGE_CURVE('',#1371,#1372,#568,.T.);
#1692=EDGE_CURVE('',#1372,#1372,#1240,.T.);
#1693=EDGE_CURVE('',#1373,#1374,#569,.T.);
#1694=EDGE_CURVE('',#1375,#1373,#570,.T.);
#1695=EDGE_CURVE('',#1376,#1375,#571,.T.);
#1696=EDGE_CURVE('',#1374,#1376,#572,.T.);
#1697=EDGE_CURVE('',#1377,#1378,#573,.T.);
#1698=EDGE_CURVE('',#1379,#1377,#574,.T.);
#1699=EDGE_CURVE('',#1380,#1379,#575,.T.);
#1700=EDGE_CURVE('',#1380,#1378,#576,.T.);
#1701=EDGE_CURVE('',#1378,#1373,#577,.T.);
#1702=EDGE_CURVE('',#1375,#1380,#578,.T.);
#1703=EDGE_CURVE('',#1381,#1382,#579,.T.);
#1704=EDGE_CURVE('',#1383,#1381,#580,.T.);
#1705=EDGE_CURVE('',#1384,#1383,#581,.T.);
#1706=EDGE_CURVE('',#1384,#1382,#582,.T.);
#1707=EDGE_CURVE('',#1382,#1385,#583,.T.);
#1708=EDGE_CURVE('',#1386,#1384,#584,.T.);
#1709=EDGE_CURVE('',#1386,#1385,#585,.T.);
#1710=EDGE_CURVE('',#1385,#1387,#586,.T.);
#1711=EDGE_CURVE('',#1388,#1386,#587,.T.);
#1712=EDGE_CURVE('',#1387,#1388,#588,.T.);
#1713=EDGE_CURVE('',#1389,#1390,#589,.T.);
#1714=EDGE_CURVE('',#1391,#1389,#590,.T.);
#1715=EDGE_CURVE('',#1392,#1391,#591,.T.);
#1716=EDGE_CURVE('',#1390,#1392,#592,.T.);
#1717=EDGE_CURVE('',#1393,#1394,#593,.T.);
#1718=EDGE_CURVE('',#1395,#1393,#594,.T.);
#1719=EDGE_CURVE('',#1396,#1395,#595,.T.);
#1720=EDGE_CURVE('',#1396,#1394,#596,.T.);
#1721=EDGE_CURVE('',#1394,#1389,#597,.T.);
#1722=EDGE_CURVE('',#1391,#1396,#598,.T.);
#1723=EDGE_CURVE('',#1397,#1398,#599,.T.);
#1724=EDGE_CURVE('',#1399,#1397,#600,.T.);
#1725=EDGE_CURVE('',#1400,#1399,#601,.T.);
#1726=EDGE_CURVE('',#1400,#1398,#602,.T.);
#1727=EDGE_CURVE('',#1398,#1401,#603,.T.);
#1728=EDGE_CURVE('',#1402,#1400,#604,.T.);
#1729=EDGE_CURVE('',#1402,#1401,#605,.T.);
#1730=EDGE_CURVE('',#1401,#1403,#606,.T.);
#1731=EDGE_CURVE('',#1404,#1402,#607,.T.);
#1732=EDGE_CURVE('',#1403,#1404,#608,.T.);
#1733=EDGE_CURVE('',#1405,#1406,#609,.T.);
#1734=EDGE_CURVE('',#1407,#1405,#610,.T.);
#1735=EDGE_CURVE('',#1408,#1407,#611,.T.);
#1736=EDGE_CURVE('',#1406,#1408,#612,.T.);
#1737=EDGE_CURVE('',#1409,#1410,#613,.T.);
#1738=EDGE_CURVE('',#1411,#1409,#614,.T.);
#1739=EDGE_CURVE('',#1412,#1411,#615,.T.);
#1740=EDGE_CURVE('',#1412,#1410,#616,.T.);
#1741=EDGE_CURVE('',#1410,#1405,#617,.T.);
#1742=EDGE_CURVE('',#1407,#1412,#618,.T.);
#1743=EDGE_CURVE('',#1413,#1414,#619,.T.);
#1744=EDGE_CURVE('',#1415,#1413,#620,.T.);
#1745=EDGE_CURVE('',#1416,#1415,#621,.T.);
#1746=EDGE_CURVE('',#1416,#1414,#622,.T.);
#1747=EDGE_CURVE('',#1414,#1417,#623,.T.);
#1748=EDGE_CURVE('',#1418,#1416,#624,.T.);
#1749=EDGE_CURVE('',#1418,#1417,#625,.T.);
#1750=EDGE_CURVE('',#1417,#1419,#626,.T.);
#1751=EDGE_CURVE('',#1420,#1418,#627,.T.);
#1752=EDGE_CURVE('',#1419,#1420,#628,.T.);
#1753=EDGE_CURVE('',#1421,#1422,#629,.T.);
#1754=EDGE_CURVE('',#1423,#1421,#630,.T.);
#1755=EDGE_CURVE('',#1424,#1423,#631,.T.);
#1756=EDGE_CURVE('',#1424,#1422,#632,.T.);
#1757=EDGE_CURVE('',#1422,#1425,#633,.T.);
#1758=EDGE_CURVE('',#1426,#1424,#634,.T.);
#1759=EDGE_CURVE('',#1426,#1425,#635,.T.);
#1760=EDGE_CURVE('',#1425,#1427,#636,.T.);
#1761=EDGE_CURVE('',#1428,#1426,#637,.T.);
#1762=EDGE_CURVE('',#1427,#1428,#638,.T.);
#1763=EDGE_CURVE('',#1429,#1430,#639,.T.);
#1764=EDGE_CURVE('',#1431,#1429,#640,.T.);
#1765=EDGE_CURVE('',#1432,#1431,#641,.T.);
#1766=EDGE_CURVE('',#1432,#1430,#642,.T.);
#1767=EDGE_CURVE('',#1430,#1433,#643,.T.);
#1768=EDGE_CURVE('',#1434,#1432,#644,.T.);
#1769=EDGE_CURVE('',#1434,#1433,#645,.T.);
#1770=EDGE_CURVE('',#1433,#1435,#646,.T.);
#1771=EDGE_CURVE('',#1436,#1434,#647,.T.);
#1772=EDGE_CURVE('',#1435,#1436,#648,.T.);
#1773=EDGE_CURVE('',#1413,#1437,#649,.T.);
#1774=EDGE_CURVE('',#1437,#1438,#650,.T.);
#1775=EDGE_CURVE('',#1415,#1438,#651,.T.);
#1776=EDGE_CURVE('',#1381,#1419,#652,.T.);
#1777=EDGE_CURVE('',#1383,#1420,#653,.T.);
#1778=EDGE_CURVE('',#1411,#1388,#654,.T.);
#1779=EDGE_CURVE('',#1409,#1387,#655,.T.);
#1780=EDGE_CURVE('',#1439,#1376,#656,.T.);
#1781=EDGE_CURVE('',#1440,#1439,#657,.T.);
#1782=EDGE_CURVE('',#1440,#1374,#658,.T.);
#1783=EDGE_CURVE('',#1377,#1406,#659,.T.);
#1784=EDGE_CURVE('',#1379,#1408,#660,.T.);
#1785=EDGE_CURVE('',#1429,#1441,#661,.T.);
#1786=EDGE_CURVE('',#1441,#1442,#662,.T.);
#1787=EDGE_CURVE('',#1431,#1442,#663,.T.);
#1788=EDGE_CURVE('',#1397,#1435,#664,.T.);
#1789=EDGE_CURVE('',#1399,#1436,#665,.T.);
#1790=EDGE_CURVE('',#1423,#1404,#666,.T.);
#1791=EDGE_CURVE('',#1421,#1403,#667,.T.);
#1792=EDGE_CURVE('',#1443,#1392,#668,.T.);
#1793=EDGE_CURVE('',#1444,#1443,#669,.T.);
#1794=EDGE_CURVE('',#1444,#1390,#670,.T.);
#1795=EDGE_CURVE('',#1393,#1427,#671,.T.);
#1796=EDGE_CURVE('',#1395,#1428,#672,.T.);
#1797=EDGE_CURVE('',#1445,#1440,#673,.T.);
#1798=EDGE_CURVE('',#1445,#1446,#674,.T.);
#1799=EDGE_CURVE('',#1446,#1447,#675,.T.);
#1800=EDGE_CURVE('',#1448,#1447,#676,.T.);
#1801=EDGE_CURVE('',#1449,#1448,#677,.T.);
#1802=EDGE_CURVE('',#1450,#1449,#678,.T.);
#1803=EDGE_CURVE('',#1450,#1451,#679,.T.);
#1804=EDGE_CURVE('',#1451,#1452,#680,.T.);
#1805=EDGE_CURVE('',#1441,#1452,#681,.T.);
#1806=EDGE_CURVE('',#1453,#1444,#682,.T.);
#1807=EDGE_CURVE('',#1453,#1454,#683,.T.);
#1808=EDGE_CURVE('',#1454,#1455,#684,.T.);
#1809=EDGE_CURVE('',#1456,#1455,#685,.T.);
#1810=EDGE_CURVE('',#1457,#1456,#686,.T.);
#1811=EDGE_CURVE('',#1458,#1457,#687,.T.);
#1812=EDGE_CURVE('',#1458,#1459,#688,.T.);
#1813=EDGE_CURVE('',#1459,#1460,#689,.T.);
#1814=EDGE_CURVE('',#1437,#1460,#690,.T.);
#1815=EDGE_CURVE('',#1461,#1462,#1241,.T.);
#1816=EDGE_CURVE('',#1463,#1461,#691,.T.);
#1817=EDGE_CURVE('',#1464,#1463,#1242,.T.);
#1818=EDGE_CURVE('',#1465,#1464,#692,.T.);
#1819=EDGE_CURVE('',#1466,#1465,#1243,.T.);
#1820=EDGE_CURVE('',#1467,#1466,#693,.T.);
#1821=EDGE_CURVE('',#1468,#1467,#1244,.T.);
#1822=EDGE_CURVE('',#1469,#1468,#694,.T.);
#1823=EDGE_CURVE('',#1470,#1469,#1245,.T.);
#1824=EDGE_CURVE('',#1471,#1470,#695,.T.);
#1825=EDGE_CURVE('',#1472,#1471,#1246,.T.);
#1826=EDGE_CURVE('',#1473,#1472,#696,.T.);
#1827=EDGE_CURVE('',#1474,#1473,#1247,.T.);
#1828=EDGE_CURVE('',#1475,#1474,#697,.T.);
#1829=EDGE_CURVE('',#1476,#1475,#1248,.T.);
#1830=EDGE_CURVE('',#1462,#1476,#698,.T.);
#1831=EDGE_CURVE('',#1477,#1477,#1249,.T.);
#1832=EDGE_CURVE('',#1478,#1478,#1250,.T.);
#1833=EDGE_CURVE('',#1479,#1479,#1251,.T.);
#1834=EDGE_CURVE('',#1480,#1480,#1252,.T.);
#1835=EDGE_CURVE('',#1481,#1481,#1253,.T.);
#1836=EDGE_CURVE('',#1482,#1483,#1254,.T.);
#1837=EDGE_CURVE('',#1484,#1482,#699,.T.);
#1838=EDGE_CURVE('',#1485,#1484,#1255,.T.);
#1839=EDGE_CURVE('',#1486,#1485,#700,.T.);
#1840=EDGE_CURVE('',#1487,#1486,#1256,.T.);
#1841=EDGE_CURVE('',#1488,#1487,#701,.T.);
#1842=EDGE_CURVE('',#1489,#1488,#1257,.T.);
#1843=EDGE_CURVE('',#1490,#1489,#702,.T.);
#1844=EDGE_CURVE('',#1491,#1490,#1258,.T.);
#1845=EDGE_CURVE('',#1492,#1491,#703,.T.);
#1846=EDGE_CURVE('',#1493,#1492,#1259,.T.);
#1847=EDGE_CURVE('',#1494,#1493,#704,.T.);
#1848=EDGE_CURVE('',#1495,#1494,#1260,.T.);
#1849=EDGE_CURVE('',#1496,#1495,#705,.T.);
#1850=EDGE_CURVE('',#1497,#1496,#1261,.T.);
#1851=EDGE_CURVE('',#1483,#1497,#706,.T.);
#1852=EDGE_CURVE('',#1498,#1498,#1262,.T.);
#1853=EDGE_CURVE('',#1499,#1499,#1263,.T.);
#1854=EDGE_CURVE('',#1500,#1500,#1264,.T.);
#1855=EDGE_CURVE('',#1501,#1501,#1265,.T.);
#1856=EDGE_CURVE('',#1502,#1503,#1266,.T.);
#1857=EDGE_CURVE('',#1504,#1502,#707,.T.);
#1858=EDGE_CURVE('',#1505,#1504,#1267,.T.);
#1859=EDGE_CURVE('',#1506,#1505,#708,.T.);
#1860=EDGE_CURVE('',#1507,#1506,#1268,.T.);
#1861=EDGE_CURVE('',#1508,#1507,#709,.T.);
#1862=EDGE_CURVE('',#1509,#1508,#1269,.T.);
#1863=EDGE_CURVE('',#1510,#1509,#710,.T.);
#1864=EDGE_CURVE('',#1511,#1510,#1270,.T.);
#1865=EDGE_CURVE('',#1512,#1511,#711,.T.);
#1866=EDGE_CURVE('',#1513,#1512,#1271,.T.);
#1867=EDGE_CURVE('',#1514,#1513,#712,.T.);
#1868=EDGE_CURVE('',#1515,#1514,#1272,.T.);
#1869=EDGE_CURVE('',#1516,#1515,#713,.T.);
#1870=EDGE_CURVE('',#1517,#1516,#1273,.T.);
#1871=EDGE_CURVE('',#1503,#1517,#714,.T.);
#1872=EDGE_CURVE('',#1518,#1519,#1274,.T.);
#1873=EDGE_CURVE('',#1520,#1518,#715,.T.);
#1874=EDGE_CURVE('',#1521,#1520,#1275,.T.);
#1875=EDGE_CURVE('',#1522,#1521,#716,.T.);
#1876=EDGE_CURVE('',#1523,#1522,#1276,.T.);
#1877=EDGE_CURVE('',#1524,#1523,#717,.T.);
#1878=EDGE_CURVE('',#1525,#1524,#1277,.T.);
#1879=EDGE_CURVE('',#1526,#1525,#718,.T.);
#1880=EDGE_CURVE('',#1527,#1526,#1278,.T.);
#1881=EDGE_CURVE('',#1528,#1527,#719,.T.);
#1882=EDGE_CURVE('',#1529,#1528,#1279,.T.);
#1883=EDGE_CURVE('',#1530,#1529,#720,.T.);
#1884=EDGE_CURVE('',#1531,#1530,#1280,.T.);
#1885=EDGE_CURVE('',#1532,#1531,#721,.T.);
#1886=EDGE_CURVE('',#1533,#1532,#1281,.T.);
#1887=EDGE_CURVE('',#1519,#1533,#722,.T.);
#1888=EDGE_CURVE('',#1534,#1534,#1282,.T.);
#1889=EDGE_CURVE('',#1535,#1535,#1283,.T.);
#1890=EDGE_CURVE('',#1536,#1536,#1284,.T.);
#1891=EDGE_CURVE('',#1537,#1538,#1285,.T.);
#1892=EDGE_CURVE('',#1539,#1537,#723,.T.);
#1893=EDGE_CURVE('',#1540,#1539,#1286,.T.);
#1894=EDGE_CURVE('',#1541,#1540,#724,.T.);
#1895=EDGE_CURVE('',#1542,#1541,#1287,.T.);
#1896=EDGE_CURVE('',#1543,#1542,#725,.T.);
#1897=EDGE_CURVE('',#1544,#1543,#1288,.T.);
#1898=EDGE_CURVE('',#1538,#1544,#726,.T.);
#1899=EDGE_CURVE('',#1545,#1545,#1289,.T.);
#1900=EDGE_CURVE('',#1546,#1546,#1290,.T.);
#1901=EDGE_CURVE('',#1547,#1547,#1291,.T.);
#1902=EDGE_CURVE('',#1548,#1548,#1292,.T.);
#1903=EDGE_CURVE('',#1549,#1549,#1293,.T.);
#1904=EDGE_CURVE('',#1550,#1550,#1294,.T.);
#1905=EDGE_CURVE('',#1551,#1457,#727,.T.);
#1906=EDGE_CURVE('',#1551,#1552,#728,.T.);
#1907=EDGE_CURVE('',#1458,#1552,#729,.T.);
#1908=EDGE_CURVE('',#1553,#1456,#730,.T.);
#1909=EDGE_CURVE('',#1553,#1551,#731,.T.);
#1910=EDGE_CURVE('',#1554,#1455,#732,.T.);
#1911=EDGE_CURVE('',#1554,#1553,#733,.T.);
#1912=EDGE_CURVE('',#1555,#1454,#734,.T.);
#1913=EDGE_CURVE('',#1554,#1555,#735,.T.);
#1914=EDGE_CURVE('',#1556,#1447,#736,.T.);
#1915=EDGE_CURVE('',#1557,#1556,#737,.T.);
#1916=EDGE_CURVE('',#1557,#1448,#738,.T.);
#1917=EDGE_CURVE('',#1558,#1449,#739,.T.);
#1918=EDGE_CURVE('',#1559,#1558,#740,.T.);
#1919=EDGE_CURVE('',#1450,#1559,#741,.T.);
#1920=EDGE_CURVE('',#1558,#1557,#742,.T.);
#1921=EDGE_CURVE('',#1560,#1446,#743,.T.);
#1922=EDGE_CURVE('',#1556,#1560,#744,.T.);
#1923=EDGE_CURVE('',#1561,#1559,#745,.T.);
#1924=EDGE_CURVE('',#1561,#1451,#746,.T.);
#1925=EDGE_CURVE('',#1562,#1562,#1295,.T.);
#1926=EDGE_CURVE('',#1562,#1550,#747,.T.);
#1927=EDGE_CURVE('',#1563,#1563,#1296,.T.);
#1928=EDGE_CURVE('',#1563,#1549,#748,.T.);
#1929=EDGE_CURVE('',#1564,#1564,#1297,.T.);
#1930=EDGE_CURVE('',#1564,#1548,#749,.T.);
#1931=EDGE_CURVE('',#1565,#1565,#1298,.T.);
#1932=EDGE_CURVE('',#1565,#1547,#750,.T.);
#1933=EDGE_CURVE('',#1566,#1566,#1299,.T.);
#1934=EDGE_CURVE('',#1566,#1546,#751,.T.);
#1935=EDGE_CURVE('',#1567,#1567,#1300,.T.);
#1936=EDGE_CURVE('',#1567,#1545,#752,.T.);
#1937=EDGE_CURVE('',#1568,#1453,#753,.T.);
#1938=EDGE_CURVE('',#1555,#1568,#754,.T.);
#1939=EDGE_CURVE('',#1569,#1552,#755,.T.);
#1940=EDGE_CURVE('',#1569,#1459,#756,.T.);
#1941=EDGE_CURVE('',#1570,#1569,#757,.T.);
#1942=EDGE_CURVE('',#1460,#1570,#758,.T.);
#1943=EDGE_CURVE('',#1571,#1561,#759,.T.);
#1944=EDGE_CURVE('',#1452,#1571,#760,.T.);
#1945=EDGE_CURVE('',#1572,#1445,#761,.T.);
#1946=EDGE_CURVE('',#1560,#1572,#762,.T.);
#1947=EDGE_CURVE('',#1568,#1443,#763,.T.);
#1948=EDGE_CURVE('',#1438,#1570,#764,.T.);
#1949=EDGE_CURVE('',#1442,#1571,#765,.T.);
#1950=EDGE_CURVE('',#1572,#1439,#766,.T.);
#1951=EDGE_CURVE('',#1573,#1574,#767,.T.);
#1952=EDGE_CURVE('',#1575,#1574,#1301,.T.);
#1953=EDGE_CURVE('',#1575,#1576,#768,.T.);
#1954=EDGE_CURVE('',#1577,#1576,#1302,.T.);
#1955=EDGE_CURVE('',#1577,#1578,#769,.T.);
#1956=EDGE_CURVE('',#1579,#1578,#1303,.T.);
#1957=EDGE_CURVE('',#1579,#1580,#770,.T.);
#1958=EDGE_CURVE('',#1573,#1580,#1304,.T.);
#1959=EDGE_CURVE('',#1581,#1581,#1305,.T.);
#1960=EDGE_CURVE('',#1582,#1582,#1306,.T.);
#1961=EDGE_CURVE('',#1583,#1583,#1307,.T.);
#1962=EDGE_CURVE('',#1584,#1584,#1308,.T.);
#1963=EDGE_CURVE('',#1585,#1585,#1309,.T.);
#1964=EDGE_CURVE('',#1586,#1586,#1310,.T.);
#1965=EDGE_CURVE('',#1587,#1587,#1311,.T.);
#1966=EDGE_CURVE('',#1588,#1588,#1312,.T.);
#1967=EDGE_CURVE('',#1589,#1589,#1313,.T.);
#1968=EDGE_CURVE('',#1590,#1590,#1314,.T.);
#1969=EDGE_CURVE('',#1591,#1591,#1315,.T.);
#1970=EDGE_CURVE('',#1592,#1592,#1316,.T.);
#1971=EDGE_CURVE('',#1593,#1594,#1317,.T.);
#1972=EDGE_CURVE('',#1593,#1595,#771,.T.);
#1973=EDGE_CURVE('',#1596,#1595,#1318,.T.);
#1974=EDGE_CURVE('',#1596,#1597,#772,.T.);
#1975=EDGE_CURVE('',#1598,#1597,#1319,.T.);
#1976=EDGE_CURVE('',#1598,#1599,#773,.T.);
#1977=EDGE_CURVE('',#1600,#1599,#1320,.T.);
#1978=EDGE_CURVE('',#1600,#1601,#774,.T.);
#1979=EDGE_CURVE('',#1602,#1601,#1321,.T.);
#1980=EDGE_CURVE('',#1603,#1602,#775,.T.);
#1981=EDGE_CURVE('',#1604,#1603,#1322,.T.);
#1982=EDGE_CURVE('',#1604,#1605,#776,.T.);
#1983=EDGE_CURVE('',#1606,#1605,#1323,.T.);
#1984=EDGE_CURVE('',#1607,#1606,#777,.T.);
#1985=EDGE_CURVE('',#1608,#1607,#1324,.T.);
#1986=EDGE_CURVE('',#1608,#1594,#778,.T.);
#1987=EDGE_CURVE('',#1609,#1610,#1325,.T.);
#1988=EDGE_CURVE('',#1609,#1611,#779,.T.);
#1989=EDGE_CURVE('',#1612,#1611,#1326,.T.);
#1990=EDGE_CURVE('',#1612,#1613,#780,.T.);
#1991=EDGE_CURVE('',#1614,#1613,#1327,.T.);
#1992=EDGE_CURVE('',#1614,#1615,#781,.T.);
#1993=EDGE_CURVE('',#1616,#1615,#1328,.T.);
#1994=EDGE_CURVE('',#1616,#1617,#782,.T.);
#1995=EDGE_CURVE('',#1618,#1617,#1329,.T.);
#1996=EDGE_CURVE('',#1619,#1618,#783,.T.);
#1997=EDGE_CURVE('',#1620,#1619,#1330,.T.);
#1998=EDGE_CURVE('',#1620,#1621,#784,.T.);
#1999=EDGE_CURVE('',#1622,#1621,#1331,.T.);
#2000=EDGE_CURVE('',#1623,#1622,#785,.T.);
#2001=EDGE_CURVE('',#1624,#1623,#1332,.T.);
#2002=EDGE_CURVE('',#1624,#1610,#786,.T.);
#2003=EDGE_CURVE('',#1625,#1626,#1333,.T.);
#2004=EDGE_CURVE('',#1625,#1627,#787,.T.);
#2005=EDGE_CURVE('',#1628,#1627,#1334,.T.);
#2006=EDGE_CURVE('',#1629,#1628,#788,.T.);
#2007=EDGE_CURVE('',#1630,#1629,#1335,.T.);
#2008=EDGE_CURVE('',#1630,#1631,#789,.T.);
#2009=EDGE_CURVE('',#1632,#1631,#1336,.T.);
#2010=EDGE_CURVE('',#1633,#1632,#790,.T.);
#2011=EDGE_CURVE('',#1634,#1633,#1337,.T.);
#2012=EDGE_CURVE('',#1634,#1635,#791,.T.);
#2013=EDGE_CURVE('',#1636,#1635,#1338,.T.);
#2014=EDGE_CURVE('',#1636,#1637,#792,.T.);
#2015=EDGE_CURVE('',#1638,#1637,#1339,.T.);
#2016=EDGE_CURVE('',#1638,#1639,#793,.T.);
#2017=EDGE_CURVE('',#1640,#1639,#1340,.T.);
#2018=EDGE_CURVE('',#1640,#1626,#794,.T.);
#2019=EDGE_CURVE('',#1641,#1642,#1341,.T.);
#2020=EDGE_CURVE('',#1641,#1643,#795,.T.);
#2021=EDGE_CURVE('',#1644,#1643,#1342,.T.);
#2022=EDGE_CURVE('',#1645,#1644,#796,.T.);
#2023=EDGE_CURVE('',#1646,#1645,#1343,.T.);
#2024=EDGE_CURVE('',#1646,#1647,#797,.T.);
#2025=EDGE_CURVE('',#1648,#1647,#1344,.T.);
#2026=EDGE_CURVE('',#1649,#1648,#798,.T.);
#2027=EDGE_CURVE('',#1650,#1649,#1345,.T.);
#2028=EDGE_CURVE('',#1650,#1651,#799,.T.);
#2029=EDGE_CURVE('',#1652,#1651,#1346,.T.);
#2030=EDGE_CURVE('',#1652,#1653,#800,.T.);
#2031=EDGE_CURVE('',#1654,#1653,#1347,.T.);
#2032=EDGE_CURVE('',#1654,#1655,#801,.T.);
#2033=EDGE_CURVE('',#1656,#1655,#1348,.T.);
#2034=EDGE_CURVE('',#1656,#1642,#802,.T.);
#2035=EDGE_CURVE('',#1649,#1470,#803,.T.);
#2036=EDGE_CURVE('',#1469,#1650,#804,.T.);
#2037=EDGE_CURVE('',#1471,#1648,#805,.T.);
#2038=EDGE_CURVE('',#1465,#1654,#806,.T.);
#2039=EDGE_CURVE('',#1653,#1466,#807,.T.);
#2040=EDGE_CURVE('',#1655,#1464,#808,.T.);
#2041=EDGE_CURVE('',#1603,#1509,#809,.T.);
#2042=EDGE_CURVE('',#1508,#1604,#810,.T.);
#2043=EDGE_CURVE('',#1510,#1602,#811,.T.);
#2044=EDGE_CURVE('',#1539,#1579,#812,.T.);
#2045=EDGE_CURVE('',#1578,#1540,#813,.T.);
#2046=EDGE_CURVE('',#1580,#1537,#814,.T.);
#2047=EDGE_CURVE('',#1633,#1491,#815,.T.);
#2048=EDGE_CURVE('',#1490,#1634,#816,.T.);
#2049=EDGE_CURVE('',#1492,#1632,#817,.T.);
#2050=EDGE_CURVE('',#1486,#1638,#818,.T.);
#2051=EDGE_CURVE('',#1637,#1487,#819,.T.);
#2052=EDGE_CURVE('',#1639,#1485,#820,.T.);
#2053=EDGE_CURVE('',#1619,#1525,#821,.T.);
#2054=EDGE_CURVE('',#1524,#1620,#822,.T.);
#2055=EDGE_CURVE('',#1526,#1618,#823,.T.);
#2056=EDGE_CURVE('',#1522,#1622,#824,.T.);
#2057=EDGE_CURVE('',#1621,#1523,#825,.T.);
#2058=EDGE_CURVE('',#1623,#1521,#826,.T.);
#2059=EDGE_CURVE('',#1496,#1628,#827,.T.);
#2060=EDGE_CURVE('',#1627,#1497,#828,.T.);
#2061=EDGE_CURVE('',#1629,#1495,#829,.T.);
#2062=EDGE_CURVE('',#1484,#1640,#830,.T.);
#2063=EDGE_CURVE('',#1626,#1482,#831,.T.);
#2064=EDGE_CURVE('',#1538,#1573,#832,.T.);
#2065=EDGE_CURVE('',#1574,#1544,#833,.T.);
#2066=EDGE_CURVE('',#1506,#1606,#834,.T.);
#2067=EDGE_CURVE('',#1605,#1507,#835,.T.);
#2068=EDGE_CURVE('',#1607,#1505,#836,.T.);
#2069=EDGE_CURVE('',#1463,#1656,#837,.T.);
#2070=EDGE_CURVE('',#1642,#1461,#838,.T.);
#2071=EDGE_CURVE('',#1475,#1644,#839,.T.);
#2072=EDGE_CURVE('',#1643,#1476,#840,.T.);
#2073=EDGE_CURVE('',#1645,#1474,#841,.T.);
#2074=EDGE_CURVE('',#1462,#1641,#842,.T.);
#2075=EDGE_CURVE('',#1473,#1646,#843,.T.);
#2076=EDGE_CURVE('',#1504,#1608,#844,.T.);
#2077=EDGE_CURVE('',#1516,#1596,#845,.T.);
#2078=EDGE_CURVE('',#1595,#1517,#846,.T.);
#2079=EDGE_CURVE('',#1597,#1515,#847,.T.);
#2080=EDGE_CURVE('',#1543,#1575,#848,.T.);
#2081=EDGE_CURVE('',#1576,#1542,#849,.T.);
#2082=EDGE_CURVE('',#1494,#1630,#850,.T.);
#2083=EDGE_CURVE('',#1483,#1625,#851,.T.);
#2084=EDGE_CURVE('',#1520,#1624,#852,.T.);
#2085=EDGE_CURVE('',#1532,#1612,#853,.T.);
#2086=EDGE_CURVE('',#1611,#1533,#854,.T.);
#2087=EDGE_CURVE('',#1613,#1531,#855,.T.);
#2088=EDGE_CURVE('',#1610,#1518,#856,.T.);
#2089=EDGE_CURVE('',#1519,#1609,#857,.T.);
#2090=EDGE_CURVE('',#1617,#1527,#858,.T.);
#2091=EDGE_CURVE('',#1615,#1529,#859,.T.);
#2092=EDGE_CURVE('',#1528,#1616,#860,.T.);
#2093=EDGE_CURVE('',#1530,#1614,#861,.T.);
#2094=EDGE_CURVE('',#1635,#1489,#862,.T.);
#2095=EDGE_CURVE('',#1488,#1636,#863,.T.);
#2096=EDGE_CURVE('',#1631,#1493,#864,.T.);
#2097=EDGE_CURVE('',#1541,#1577,#865,.T.);
#2098=EDGE_CURVE('',#1594,#1502,#866,.T.);
#2099=EDGE_CURVE('',#1503,#1593,#867,.T.);
#2100=EDGE_CURVE('',#1601,#1511,#868,.T.);
#2101=EDGE_CURVE('',#1599,#1513,#869,.T.);
#2102=EDGE_CURVE('',#1512,#1600,#870,.T.);
#2103=EDGE_CURVE('',#1514,#1598,#871,.T.);
#2104=EDGE_CURVE('',#1651,#1468,#872,.T.);
#2105=EDGE_CURVE('',#1467,#1652,#873,.T.);
#2106=EDGE_CURVE('',#1647,#1472,#874,.T.);
#2107=EDGE_CURVE('',#1581,#1536,#875,.T.);
#2108=EDGE_CURVE('',#1582,#1535,#876,.T.);
#2109=EDGE_CURVE('',#1583,#1534,#877,.T.);
#2110=EDGE_CURVE('',#1584,#1501,#878,.T.);
#2111=EDGE_CURVE('',#1585,#1500,#879,.T.);
#2112=EDGE_CURVE('',#1586,#1499,#880,.T.);
#2113=EDGE_CURVE('',#1587,#1498,#881,.T.);
#2114=EDGE_CURVE('',#1588,#1481,#882,.T.);
#2115=EDGE_CURVE('',#1589,#1480,#883,.T.);
#2116=EDGE_CURVE('',#1590,#1479,#884,.T.);
#2117=EDGE_CURVE('',#1591,#1478,#885,.T.);
#2118=EDGE_CURVE('',#1592,#1477,#886,.T.);
#2119=ORIENTED_EDGE('',*,*,#1657,.F.);
#2120=ORIENTED_EDGE('',*,*,#1658,.T.);
#2121=ORIENTED_EDGE('',*,*,#1659,.F.);
#2122=ORIENTED_EDGE('',*,*,#1658,.F.);
#2123=ORIENTED_EDGE('',*,*,#1660,.F.);
#2124=ORIENTED_EDGE('',*,*,#1661,.T.);
#2125=ORIENTED_EDGE('',*,*,#1662,.F.);
#2126=ORIENTED_EDGE('',*,*,#1661,.F.);
#2127=ORIENTED_EDGE('',*,*,#1663,.F.);
#2128=ORIENTED_EDGE('',*,*,#1664,.T.);
#2129=ORIENTED_EDGE('',*,*,#1665,.F.);
#2130=ORIENTED_EDGE('',*,*,#1664,.F.);
#2131=ORIENTED_EDGE('',*,*,#1666,.F.);
#2132=ORIENTED_EDGE('',*,*,#1667,.T.);
#2133=ORIENTED_EDGE('',*,*,#1668,.F.);
#2134=ORIENTED_EDGE('',*,*,#1667,.F.);
#2135=ORIENTED_EDGE('',*,*,#1669,.F.);
#2136=ORIENTED_EDGE('',*,*,#1670,.T.);
#2137=ORIENTED_EDGE('',*,*,#1671,.F.);
#2138=ORIENTED_EDGE('',*,*,#1670,.F.);
#2139=ORIENTED_EDGE('',*,*,#1672,.F.);
#2140=ORIENTED_EDGE('',*,*,#1673,.T.);
#2141=ORIENTED_EDGE('',*,*,#1674,.F.);
#2142=ORIENTED_EDGE('',*,*,#1673,.F.);
#2143=ORIENTED_EDGE('',*,*,#1675,.F.);
#2144=ORIENTED_EDGE('',*,*,#1676,.T.);
#2145=ORIENTED_EDGE('',*,*,#1677,.F.);
#2146=ORIENTED_EDGE('',*,*,#1676,.F.);
#2147=ORIENTED_EDGE('',*,*,#1678,.F.);
#2148=ORIENTED_EDGE('',*,*,#1679,.T.);
#2149=ORIENTED_EDGE('',*,*,#1680,.F.);
#2150=ORIENTED_EDGE('',*,*,#1679,.F.);
#2151=ORIENTED_EDGE('',*,*,#1681,.F.);
#2152=ORIENTED_EDGE('',*,*,#1682,.T.);
#2153=ORIENTED_EDGE('',*,*,#1683,.F.);
#2154=ORIENTED_EDGE('',*,*,#1682,.F.);
#2155=ORIENTED_EDGE('',*,*,#1684,.F.);
#2156=ORIENTED_EDGE('',*,*,#1685,.T.);
#2157=ORIENTED_EDGE('',*,*,#1686,.F.);
#2158=ORIENTED_EDGE('',*,*,#1685,.F.);
#2159=ORIENTED_EDGE('',*,*,#1687,.F.);
#2160=ORIENTED_EDGE('',*,*,#1688,.T.);
#2161=ORIENTED_EDGE('',*,*,#1689,.F.);
#2162=ORIENTED_EDGE('',*,*,#1688,.F.);
#2163=ORIENTED_EDGE('',*,*,#1690,.F.);
#2164=ORIENTED_EDGE('',*,*,#1691,.T.);
#2165=ORIENTED_EDGE('',*,*,#1692,.F.);
#2166=ORIENTED_EDGE('',*,*,#1691,.F.);
#2167=ORIENTED_EDGE('',*,*,#1693,.F.);
#2168=ORIENTED_EDGE('',*,*,#1694,.F.);
#2169=ORIENTED_EDGE('',*,*,#1695,.F.);
#2170=ORIENTED_EDGE('',*,*,#1696,.F.);
#2171=ORIENTED_EDGE('',*,*,#1697,.F.);
#2172=ORIENTED_EDGE('',*,*,#1698,.F.);
#2173=ORIENTED_EDGE('',*,*,#1699,.F.);
#2174=ORIENTED_EDGE('',*,*,#1700,.T.);
#2175=ORIENTED_EDGE('',*,*,#1701,.F.);
#2176=ORIENTED_EDGE('',*,*,#1700,.F.);
#2177=ORIENTED_EDGE('',*,*,#1702,.F.);
#2178=ORIENTED_EDGE('',*,*,#1694,.T.);
#2179=ORIENTED_EDGE('',*,*,#1703,.F.);
#2180=ORIENTED_EDGE('',*,*,#1704,.F.);
#2181=ORIENTED_EDGE('',*,*,#1705,.F.);
#2182=ORIENTED_EDGE('',*,*,#1706,.T.);
#2183=ORIENTED_EDGE('',*,*,#1707,.F.);
#2184=ORIENTED_EDGE('',*,*,#1706,.F.);
#2185=ORIENTED_EDGE('',*,*,#1708,.F.);
#2186=ORIENTED_EDGE('',*,*,#1709,.T.);
#2187=ORIENTED_EDGE('',*,*,#1710,.F.);
#2188=ORIENTED_EDGE('',*,*,#1709,.F.);
#2189=ORIENTED_EDGE('',*,*,#1711,.F.);
#2190=ORIENTED_EDGE('',*,*,#1712,.F.);
#2191=ORIENTED_EDGE('',*,*,#1713,.F.);
#2192=ORIENTED_EDGE('',*,*,#1714,.F.);
#2193=ORIENTED_EDGE('',*,*,#1715,.F.);
#2194=ORIENTED_EDGE('',*,*,#1716,.F.);
#2195=ORIENTED_EDGE('',*,*,#1717,.F.);
#2196=ORIENTED_EDGE('',*,*,#1718,.F.);
#2197=ORIENTED_EDGE('',*,*,#1719,.F.);
#2198=ORIENTED_EDGE('',*,*,#1720,.T.);
#2199=ORIENTED_EDGE('',*,*,#1721,.F.);
#2200=ORIENTED_EDGE('',*,*,#1720,.F.);
#2201=ORIENTED_EDGE('',*,*,#1722,.F.);
#2202=ORIENTED_EDGE('',*,*,#1714,.T.);
#2203=ORIENTED_EDGE('',*,*,#1723,.F.);
#2204=ORIENTED_EDGE('',*,*,#1724,.F.);
#2205=ORIENTED_EDGE('',*,*,#1725,.F.);
#2206=ORIENTED_EDGE('',*,*,#1726,.T.);
#2207=ORIENTED_EDGE('',*,*,#1727,.F.);
#2208=ORIENTED_EDGE('',*,*,#1726,.F.);
#2209=ORIENTED_EDGE('',*,*,#1728,.F.);
#2210=ORIENTED_EDGE('',*,*,#1729,.T.);
#2211=ORIENTED_EDGE('',*,*,#1730,.F.);
#2212=ORIENTED_EDGE('',*,*,#1729,.F.);
#2213=ORIENTED_EDGE('',*,*,#1731,.F.);
#2214=ORIENTED_EDGE('',*,*,#1732,.F.);
#2215=ORIENTED_EDGE('',*,*,#1733,.F.);
#2216=ORIENTED_EDGE('',*,*,#1734,.F.);
#2217=ORIENTED_EDGE('',*,*,#1735,.F.);
#2218=ORIENTED_EDGE('',*,*,#1736,.F.);
#2219=ORIENTED_EDGE('',*,*,#1737,.F.);
#2220=ORIENTED_EDGE('',*,*,#1738,.F.);
#2221=ORIENTED_EDGE('',*,*,#1739,.F.);
#2222=ORIENTED_EDGE('',*,*,#1740,.T.);
#2223=ORIENTED_EDGE('',*,*,#1741,.F.);
#2224=ORIENTED_EDGE('',*,*,#1740,.F.);
#2225=ORIENTED_EDGE('',*,*,#1742,.F.);
#2226=ORIENTED_EDGE('',*,*,#1734,.T.);
#2227=ORIENTED_EDGE('',*,*,#1743,.F.);
#2228=ORIENTED_EDGE('',*,*,#1744,.F.);
#2229=ORIENTED_EDGE('',*,*,#1745,.F.);
#2230=ORIENTED_EDGE('',*,*,#1746,.T.);
#2231=ORIENTED_EDGE('',*,*,#1747,.F.);
#2232=ORIENTED_EDGE('',*,*,#1746,.F.);
#2233=ORIENTED_EDGE('',*,*,#1748,.F.);
#2234=ORIENTED_EDGE('',*,*,#1749,.T.);
#2235=ORIENTED_EDGE('',*,*,#1750,.F.);
#2236=ORIENTED_EDGE('',*,*,#1749,.F.);
#2237=ORIENTED_EDGE('',*,*,#1751,.F.);
#2238=ORIENTED_EDGE('',*,*,#1752,.F.);
#2239=ORIENTED_EDGE('',*,*,#1753,.F.);
#2240=ORIENTED_EDGE('',*,*,#1754,.F.);
#2241=ORIENTED_EDGE('',*,*,#1755,.F.);
#2242=ORIENTED_EDGE('',*,*,#1756,.T.);
#2243=ORIENTED_EDGE('',*,*,#1757,.F.);
#2244=ORIENTED_EDGE('',*,*,#1756,.F.);
#2245=ORIENTED_EDGE('',*,*,#1758,.F.);
#2246=ORIENTED_EDGE('',*,*,#1759,.T.);
#2247=ORIENTED_EDGE('',*,*,#1760,.F.);
#2248=ORIENTED_EDGE('',*,*,#1759,.F.);
#2249=ORIENTED_EDGE('',*,*,#1761,.F.);
#2250=ORIENTED_EDGE('',*,*,#1762,.F.);
#2251=ORIENTED_EDGE('',*,*,#1763,.F.);
#2252=ORIENTED_EDGE('',*,*,#1764,.F.);
#2253=ORIENTED_EDGE('',*,*,#1765,.F.);
#2254=ORIENTED_EDGE('',*,*,#1766,.T.);
#2255=ORIENTED_EDGE('',*,*,#1767,.F.);
#2256=ORIENTED_EDGE('',*,*,#1766,.F.);
#2257=ORIENTED_EDGE('',*,*,#1768,.F.);
#2258=ORIENTED_EDGE('',*,*,#1769,.T.);
#2259=ORIENTED_EDGE('',*,*,#1770,.F.);
#2260=ORIENTED_EDGE('',*,*,#1769,.F.);
#2261=ORIENTED_EDGE('',*,*,#1771,.F.);
#2262=ORIENTED_EDGE('',*,*,#1772,.F.);
#2263=ORIENTED_EDGE('',*,*,#1744,.T.);
#2264=ORIENTED_EDGE('',*,*,#1773,.T.);
#2265=ORIENTED_EDGE('',*,*,#1774,.T.);
#2266=ORIENTED_EDGE('',*,*,#1775,.F.);
#2267=ORIENTED_EDGE('',*,*,#1704,.T.);
#2268=ORIENTED_EDGE('',*,*,#1776,.T.);
#2269=ORIENTED_EDGE('',*,*,#1752,.T.);
#2270=ORIENTED_EDGE('',*,*,#1777,.F.);
#2271=ORIENTED_EDGE('',*,*,#1712,.T.);
#2272=ORIENTED_EDGE('',*,*,#1778,.F.);
#2273=ORIENTED_EDGE('',*,*,#1738,.T.);
#2274=ORIENTED_EDGE('',*,*,#1779,.T.);
#2275=ORIENTED_EDGE('',*,*,#1696,.T.);
#2276=ORIENTED_EDGE('',*,*,#1780,.F.);
#2277=ORIENTED_EDGE('',*,*,#1781,.F.);
#2278=ORIENTED_EDGE('',*,*,#1782,.T.);
#2279=ORIENTED_EDGE('',*,*,#1698,.T.);
#2280=ORIENTED_EDGE('',*,*,#1783,.T.);
#2281=ORIENTED_EDGE('',*,*,#1736,.T.);
#2282=ORIENTED_EDGE('',*,*,#1784,.F.);
#2283=ORIENTED_EDGE('',*,*,#1764,.T.);
#2284=ORIENTED_EDGE('',*,*,#1785,.T.);
#2285=ORIENTED_EDGE('',*,*,#1786,.T.);
#2286=ORIENTED_EDGE('',*,*,#1787,.F.);
#2287=ORIENTED_EDGE('',*,*,#1724,.T.);
#2288=ORIENTED_EDGE('',*,*,#1788,.T.);
#2289=ORIENTED_EDGE('',*,*,#1772,.T.);
#2290=ORIENTED_EDGE('',*,*,#1789,.F.);
#2291=ORIENTED_EDGE('',*,*,#1732,.T.);
#2292=ORIENTED_EDGE('',*,*,#1790,.F.);
#2293=ORIENTED_EDGE('',*,*,#1754,.T.);
#2294=ORIENTED_EDGE('',*,*,#1791,.T.);
#2295=ORIENTED_EDGE('',*,*,#1716,.T.);
#2296=ORIENTED_EDGE('',*,*,#1792,.F.);
#2297=ORIENTED_EDGE('',*,*,#1793,.F.);
#2298=ORIENTED_EDGE('',*,*,#1794,.T.);
#2299=ORIENTED_EDGE('',*,*,#1718,.T.);
#2300=ORIENTED_EDGE('',*,*,#1795,.T.);
#2301=ORIENTED_EDGE('',*,*,#1762,.T.);
#2302=ORIENTED_EDGE('',*,*,#1796,.F.);
#2303=ORIENTED_EDGE('',*,*,#1697,.T.);
#2304=ORIENTED_EDGE('',*,*,#1701,.T.);
#2305=ORIENTED_EDGE('',*,*,#1693,.T.);
#2306=ORIENTED_EDGE('',*,*,#1782,.F.);
#2307=ORIENTED_EDGE('',*,*,#1797,.F.);
#2308=ORIENTED_EDGE('',*,*,#1798,.T.);
#2309=ORIENTED_EDGE('',*,*,#1799,.T.);
#2310=ORIENTED_EDGE('',*,*,#1800,.F.);
#2311=ORIENTED_EDGE('',*,*,#1801,.F.);
#2312=ORIENTED_EDGE('',*,*,#1802,.F.);
#2313=ORIENTED_EDGE('',*,*,#1803,.T.);
#2314=ORIENTED_EDGE('',*,*,#1804,.T.);
#2315=ORIENTED_EDGE('',*,*,#1805,.F.);
#2316=ORIENTED_EDGE('',*,*,#1785,.F.);
#2317=ORIENTED_EDGE('',*,*,#1763,.T.);
#2318=ORIENTED_EDGE('',*,*,#1767,.T.);
#2319=ORIENTED_EDGE('',*,*,#1770,.T.);
#2320=ORIENTED_EDGE('',*,*,#1788,.F.);
#2321=ORIENTED_EDGE('',*,*,#1723,.T.);
#2322=ORIENTED_EDGE('',*,*,#1727,.T.);
#2323=ORIENTED_EDGE('',*,*,#1730,.T.);
#2324=ORIENTED_EDGE('',*,*,#1791,.F.);
#2325=ORIENTED_EDGE('',*,*,#1753,.T.);
#2326=ORIENTED_EDGE('',*,*,#1757,.T.);
#2327=ORIENTED_EDGE('',*,*,#1760,.T.);
#2328=ORIENTED_EDGE('',*,*,#1795,.F.);
#2329=ORIENTED_EDGE('',*,*,#1717,.T.);
#2330=ORIENTED_EDGE('',*,*,#1721,.T.);
#2331=ORIENTED_EDGE('',*,*,#1713,.T.);
#2332=ORIENTED_EDGE('',*,*,#1794,.F.);
#2333=ORIENTED_EDGE('',*,*,#1806,.F.);
#2334=ORIENTED_EDGE('',*,*,#1807,.T.);
#2335=ORIENTED_EDGE('',*,*,#1808,.T.);
#2336=ORIENTED_EDGE('',*,*,#1809,.F.);
#2337=ORIENTED_EDGE('',*,*,#1810,.F.);
#2338=ORIENTED_EDGE('',*,*,#1811,.F.);
#2339=ORIENTED_EDGE('',*,*,#1812,.T.);
#2340=ORIENTED_EDGE('',*,*,#1813,.T.);
#2341=ORIENTED_EDGE('',*,*,#1814,.F.);
#2342=ORIENTED_EDGE('',*,*,#1773,.F.);
#2343=ORIENTED_EDGE('',*,*,#1743,.T.);
#2344=ORIENTED_EDGE('',*,*,#1747,.T.);
#2345=ORIENTED_EDGE('',*,*,#1750,.T.);
#2346=ORIENTED_EDGE('',*,*,#1776,.F.);
#2347=ORIENTED_EDGE('',*,*,#1703,.T.);
#2348=ORIENTED_EDGE('',*,*,#1707,.T.);
#2349=ORIENTED_EDGE('',*,*,#1710,.T.);
#2350=ORIENTED_EDGE('',*,*,#1779,.F.);
#2351=ORIENTED_EDGE('',*,*,#1737,.T.);
#2352=ORIENTED_EDGE('',*,*,#1741,.T.);
#2353=ORIENTED_EDGE('',*,*,#1733,.T.);
#2354=ORIENTED_EDGE('',*,*,#1783,.F.);
#2355=ORIENTED_EDGE('',*,*,#1659,.T.);
#2356=ORIENTED_EDGE('',*,*,#1662,.T.);
#2357=ORIENTED_EDGE('',*,*,#1665,.T.);
#2358=ORIENTED_EDGE('',*,*,#1668,.T.);
#2359=ORIENTED_EDGE('',*,*,#1671,.T.);
#2360=ORIENTED_EDGE('',*,*,#1674,.T.);
#2361=ORIENTED_EDGE('',*,*,#1677,.T.);
#2362=ORIENTED_EDGE('',*,*,#1680,.T.);
#2363=ORIENTED_EDGE('',*,*,#1683,.T.);
#2364=ORIENTED_EDGE('',*,*,#1686,.T.);
#2365=ORIENTED_EDGE('',*,*,#1689,.T.);
#2366=ORIENTED_EDGE('',*,*,#1692,.T.);
#2367=ORIENTED_EDGE('',*,*,#1815,.F.);
#2368=ORIENTED_EDGE('',*,*,#1816,.F.);
#2369=ORIENTED_EDGE('',*,*,#1817,.F.);
#2370=ORIENTED_EDGE('',*,*,#1818,.F.);
#2371=ORIENTED_EDGE('',*,*,#1819,.F.);
#2372=ORIENTED_EDGE('',*,*,#1820,.F.);
#2373=ORIENTED_EDGE('',*,*,#1821,.F.);
#2374=ORIENTED_EDGE('',*,*,#1822,.F.);
#2375=ORIENTED_EDGE('',*,*,#1823,.F.);
#2376=ORIENTED_EDGE('',*,*,#1824,.F.);
#2377=ORIENTED_EDGE('',*,*,#1825,.F.);
#2378=ORIENTED_EDGE('',*,*,#1826,.F.);
#2379=ORIENTED_EDGE('',*,*,#1827,.F.);
#2380=ORIENTED_EDGE('',*,*,#1828,.F.);
#2381=ORIENTED_EDGE('',*,*,#1829,.F.);
#2382=ORIENTED_EDGE('',*,*,#1830,.F.);
#2383=ORIENTED_EDGE('',*,*,#1831,.F.);
#2384=ORIENTED_EDGE('',*,*,#1832,.F.);
#2385=ORIENTED_EDGE('',*,*,#1833,.F.);
#2386=ORIENTED_EDGE('',*,*,#1834,.F.);
#2387=ORIENTED_EDGE('',*,*,#1835,.F.);
#2388=ORIENTED_EDGE('',*,*,#1836,.F.);
#2389=ORIENTED_EDGE('',*,*,#1837,.F.);
#2390=ORIENTED_EDGE('',*,*,#1838,.F.);
#2391=ORIENTED_EDGE('',*,*,#1839,.F.);
#2392=ORIENTED_EDGE('',*,*,#1840,.F.);
#2393=ORIENTED_EDGE('',*,*,#1841,.F.);
#2394=ORIENTED_EDGE('',*,*,#1842,.F.);
#2395=ORIENTED_EDGE('',*,*,#1843,.F.);
#2396=ORIENTED_EDGE('',*,*,#1844,.F.);
#2397=ORIENTED_EDGE('',*,*,#1845,.F.);
#2398=ORIENTED_EDGE('',*,*,#1846,.F.);
#2399=ORIENTED_EDGE('',*,*,#1847,.F.);
#2400=ORIENTED_EDGE('',*,*,#1848,.F.);
#2401=ORIENTED_EDGE('',*,*,#1849,.F.);
#2402=ORIENTED_EDGE('',*,*,#1850,.F.);
#2403=ORIENTED_EDGE('',*,*,#1851,.F.);
#2404=ORIENTED_EDGE('',*,*,#1852,.F.);
#2405=ORIENTED_EDGE('',*,*,#1853,.F.);
#2406=ORIENTED_EDGE('',*,*,#1854,.F.);
#2407=ORIENTED_EDGE('',*,*,#1855,.F.);
#2408=ORIENTED_EDGE('',*,*,#1856,.F.);
#2409=ORIENTED_EDGE('',*,*,#1857,.F.);
#2410=ORIENTED_EDGE('',*,*,#1858,.F.);
#2411=ORIENTED_EDGE('',*,*,#1859,.F.);
#2412=ORIENTED_EDGE('',*,*,#1860,.F.);
#2413=ORIENTED_EDGE('',*,*,#1861,.F.);
#2414=ORIENTED_EDGE('',*,*,#1862,.F.);
#2415=ORIENTED_EDGE('',*,*,#1863,.F.);
#2416=ORIENTED_EDGE('',*,*,#1864,.F.);
#2417=ORIENTED_EDGE('',*,*,#1865,.F.);
#2418=ORIENTED_EDGE('',*,*,#1866,.F.);
#2419=ORIENTED_EDGE('',*,*,#1867,.F.);
#2420=ORIENTED_EDGE('',*,*,#1868,.F.);
#2421=ORIENTED_EDGE('',*,*,#1869,.F.);
#2422=ORIENTED_EDGE('',*,*,#1870,.F.);
#2423=ORIENTED_EDGE('',*,*,#1871,.F.);
#2424=ORIENTED_EDGE('',*,*,#1872,.F.);
#2425=ORIENTED_EDGE('',*,*,#1873,.F.);
#2426=ORIENTED_EDGE('',*,*,#1874,.F.);
#2427=ORIENTED_EDGE('',*,*,#1875,.F.);
#2428=ORIENTED_EDGE('',*,*,#1876,.F.);
#2429=ORIENTED_EDGE('',*,*,#1877,.F.);
#2430=ORIENTED_EDGE('',*,*,#1878,.F.);
#2431=ORIENTED_EDGE('',*,*,#1879,.F.);
#2432=ORIENTED_EDGE('',*,*,#1880,.F.);
#2433=ORIENTED_EDGE('',*,*,#1881,.F.);
#2434=ORIENTED_EDGE('',*,*,#1882,.F.);
#2435=ORIENTED_EDGE('',*,*,#1883,.F.);
#2436=ORIENTED_EDGE('',*,*,#1884,.F.);
#2437=ORIENTED_EDGE('',*,*,#1885,.F.);
#2438=ORIENTED_EDGE('',*,*,#1886,.F.);
#2439=ORIENTED_EDGE('',*,*,#1887,.F.);
#2440=ORIENTED_EDGE('',*,*,#1888,.F.);
#2441=ORIENTED_EDGE('',*,*,#1889,.F.);
#2442=ORIENTED_EDGE('',*,*,#1890,.F.);
#2443=ORIENTED_EDGE('',*,*,#1891,.F.);
#2444=ORIENTED_EDGE('',*,*,#1892,.F.);
#2445=ORIENTED_EDGE('',*,*,#1893,.F.);
#2446=ORIENTED_EDGE('',*,*,#1894,.F.);
#2447=ORIENTED_EDGE('',*,*,#1895,.F.);
#2448=ORIENTED_EDGE('',*,*,#1896,.F.);
#2449=ORIENTED_EDGE('',*,*,#1897,.F.);
#2450=ORIENTED_EDGE('',*,*,#1898,.F.);
#2451=ORIENTED_EDGE('',*,*,#1899,.T.);
#2452=ORIENTED_EDGE('',*,*,#1900,.T.);
#2453=ORIENTED_EDGE('',*,*,#1901,.T.);
#2454=ORIENTED_EDGE('',*,*,#1902,.T.);
#2455=ORIENTED_EDGE('',*,*,#1903,.T.);
#2456=ORIENTED_EDGE('',*,*,#1904,.T.);
#2457=ORIENTED_EDGE('',*,*,#1811,.T.);
#2458=ORIENTED_EDGE('',*,*,#1905,.F.);
#2459=ORIENTED_EDGE('',*,*,#1906,.T.);
#2460=ORIENTED_EDGE('',*,*,#1907,.F.);
#2461=ORIENTED_EDGE('',*,*,#1810,.T.);
#2462=ORIENTED_EDGE('',*,*,#1908,.F.);
#2463=ORIENTED_EDGE('',*,*,#1909,.T.);
#2464=ORIENTED_EDGE('',*,*,#1905,.T.);
#2465=ORIENTED_EDGE('',*,*,#1809,.T.);
#2466=ORIENTED_EDGE('',*,*,#1910,.F.);
#2467=ORIENTED_EDGE('',*,*,#1911,.T.);
#2468=ORIENTED_EDGE('',*,*,#1908,.T.);
#2469=ORIENTED_EDGE('',*,*,#1910,.T.);
#2470=ORIENTED_EDGE('',*,*,#1808,.F.);
#2471=ORIENTED_EDGE('',*,*,#1912,.F.);
#2472=ORIENTED_EDGE('',*,*,#1913,.F.);
#2473=ORIENTED_EDGE('',*,*,#1800,.T.);
#2474=ORIENTED_EDGE('',*,*,#1914,.F.);
#2475=ORIENTED_EDGE('',*,*,#1915,.F.);
#2476=ORIENTED_EDGE('',*,*,#1916,.T.);
#2477=ORIENTED_EDGE('',*,*,#1802,.T.);
#2478=ORIENTED_EDGE('',*,*,#1917,.F.);
#2479=ORIENTED_EDGE('',*,*,#1918,.F.);
#2480=ORIENTED_EDGE('',*,*,#1919,.F.);
#2481=ORIENTED_EDGE('',*,*,#1801,.T.);
#2482=ORIENTED_EDGE('',*,*,#1916,.F.);
#2483=ORIENTED_EDGE('',*,*,#1920,.F.);
#2484=ORIENTED_EDGE('',*,*,#1917,.T.);
#2485=ORIENTED_EDGE('',*,*,#1914,.T.);
#2486=ORIENTED_EDGE('',*,*,#1799,.F.);
#2487=ORIENTED_EDGE('',*,*,#1921,.F.);
#2488=ORIENTED_EDGE('',*,*,#1922,.F.);
#2489=ORIENTED_EDGE('',*,*,#1919,.T.);
#2490=ORIENTED_EDGE('',*,*,#1923,.F.);
#2491=ORIENTED_EDGE('',*,*,#1924,.T.);
#2492=ORIENTED_EDGE('',*,*,#1803,.F.);
#2493=ORIENTED_EDGE('',*,*,#1925,.F.);
#2494=ORIENTED_EDGE('',*,*,#1926,.T.);
#2495=ORIENTED_EDGE('',*,*,#1904,.F.);
#2496=ORIENTED_EDGE('',*,*,#1926,.F.);
#2497=ORIENTED_EDGE('',*,*,#1927,.F.);
#2498=ORIENTED_EDGE('',*,*,#1928,.T.);
#2499=ORIENTED_EDGE('',*,*,#1903,.F.);
#2500=ORIENTED_EDGE('',*,*,#1928,.F.);
#2501=ORIENTED_EDGE('',*,*,#1929,.F.);
#2502=ORIENTED_EDGE('',*,*,#1930,.T.);
#2503=ORIENTED_EDGE('',*,*,#1902,.F.);
#2504=ORIENTED_EDGE('',*,*,#1930,.F.);
#2505=ORIENTED_EDGE('',*,*,#1931,.F.);
#2506=ORIENTED_EDGE('',*,*,#1932,.T.);
#2507=ORIENTED_EDGE('',*,*,#1901,.F.);
#2508=ORIENTED_EDGE('',*,*,#1932,.F.);
#2509=ORIENTED_EDGE('',*,*,#1933,.F.);
#2510=ORIENTED_EDGE('',*,*,#1934,.T.);
#2511=ORIENTED_EDGE('',*,*,#1900,.F.);
#2512=ORIENTED_EDGE('',*,*,#1934,.F.);
#2513=ORIENTED_EDGE('',*,*,#1935,.F.);
#2514=ORIENTED_EDGE('',*,*,#1936,.T.);
#2515=ORIENTED_EDGE('',*,*,#1899,.F.);
#2516=ORIENTED_EDGE('',*,*,#1936,.F.);
#2517=ORIENTED_EDGE('',*,*,#1807,.F.);
#2518=ORIENTED_EDGE('',*,*,#1937,.F.);
#2519=ORIENTED_EDGE('',*,*,#1938,.F.);
#2520=ORIENTED_EDGE('',*,*,#1912,.T.);
#2521=ORIENTED_EDGE('',*,*,#1907,.T.);
#2522=ORIENTED_EDGE('',*,*,#1939,.F.);
#2523=ORIENTED_EDGE('',*,*,#1940,.T.);
#2524=ORIENTED_EDGE('',*,*,#1812,.F.);
#2525=ORIENTED_EDGE('',*,*,#1813,.F.);
#2526=ORIENTED_EDGE('',*,*,#1940,.F.);
#2527=ORIENTED_EDGE('',*,*,#1941,.F.);
#2528=ORIENTED_EDGE('',*,*,#1942,.F.);
#2529=ORIENTED_EDGE('',*,*,#1804,.F.);
#2530=ORIENTED_EDGE('',*,*,#1924,.F.);
#2531=ORIENTED_EDGE('',*,*,#1943,.F.);
#2532=ORIENTED_EDGE('',*,*,#1944,.F.);
#2533=ORIENTED_EDGE('',*,*,#1798,.F.);
#2534=ORIENTED_EDGE('',*,*,#1945,.F.);
#2535=ORIENTED_EDGE('',*,*,#1946,.F.);
#2536=ORIENTED_EDGE('',*,*,#1921,.T.);
#2537=ORIENTED_EDGE('',*,*,#1937,.T.);
#2538=ORIENTED_EDGE('',*,*,#1806,.T.);
#2539=ORIENTED_EDGE('',*,*,#1793,.T.);
#2540=ORIENTED_EDGE('',*,*,#1947,.F.);
#2541=ORIENTED_EDGE('',*,*,#1942,.T.);
#2542=ORIENTED_EDGE('',*,*,#1948,.F.);
#2543=ORIENTED_EDGE('',*,*,#1774,.F.);
#2544=ORIENTED_EDGE('',*,*,#1814,.T.);
#2545=ORIENTED_EDGE('',*,*,#1699,.T.);
#2546=ORIENTED_EDGE('',*,*,#1784,.T.);
#2547=ORIENTED_EDGE('',*,*,#1735,.T.);
#2548=ORIENTED_EDGE('',*,*,#1742,.T.);
#2549=ORIENTED_EDGE('',*,*,#1739,.T.);
#2550=ORIENTED_EDGE('',*,*,#1778,.T.);
#2551=ORIENTED_EDGE('',*,*,#1711,.T.);
#2552=ORIENTED_EDGE('',*,*,#1708,.T.);
#2553=ORIENTED_EDGE('',*,*,#1705,.T.);
#2554=ORIENTED_EDGE('',*,*,#1777,.T.);
#2555=ORIENTED_EDGE('',*,*,#1751,.T.);
#2556=ORIENTED_EDGE('',*,*,#1748,.T.);
#2557=ORIENTED_EDGE('',*,*,#1745,.T.);
#2558=ORIENTED_EDGE('',*,*,#1775,.T.);
#2559=ORIENTED_EDGE('',*,*,#1948,.T.);
#2560=ORIENTED_EDGE('',*,*,#1941,.T.);
#2561=ORIENTED_EDGE('',*,*,#1939,.T.);
#2562=ORIENTED_EDGE('',*,*,#1906,.F.);
#2563=ORIENTED_EDGE('',*,*,#1909,.F.);
#2564=ORIENTED_EDGE('',*,*,#1911,.F.);
#2565=ORIENTED_EDGE('',*,*,#1913,.T.);
#2566=ORIENTED_EDGE('',*,*,#1938,.T.);
#2567=ORIENTED_EDGE('',*,*,#1947,.T.);
#2568=ORIENTED_EDGE('',*,*,#1792,.T.);
#2569=ORIENTED_EDGE('',*,*,#1715,.T.);
#2570=ORIENTED_EDGE('',*,*,#1722,.T.);
#2571=ORIENTED_EDGE('',*,*,#1719,.T.);
#2572=ORIENTED_EDGE('',*,*,#1796,.T.);
#2573=ORIENTED_EDGE('',*,*,#1761,.T.);
#2574=ORIENTED_EDGE('',*,*,#1758,.T.);
#2575=ORIENTED_EDGE('',*,*,#1755,.T.);
#2576=ORIENTED_EDGE('',*,*,#1790,.T.);
#2577=ORIENTED_EDGE('',*,*,#1731,.T.);
#2578=ORIENTED_EDGE('',*,*,#1728,.T.);
#2579=ORIENTED_EDGE('',*,*,#1725,.T.);
#2580=ORIENTED_EDGE('',*,*,#1789,.T.);
#2581=ORIENTED_EDGE('',*,*,#1771,.T.);
#2582=ORIENTED_EDGE('',*,*,#1768,.T.);
#2583=ORIENTED_EDGE('',*,*,#1765,.T.);
#2584=ORIENTED_EDGE('',*,*,#1787,.T.);
#2585=ORIENTED_EDGE('',*,*,#1949,.T.);
#2586=ORIENTED_EDGE('',*,*,#1943,.T.);
#2587=ORIENTED_EDGE('',*,*,#1923,.T.);
#2588=ORIENTED_EDGE('',*,*,#1918,.T.);
#2589=ORIENTED_EDGE('',*,*,#1920,.T.);
#2590=ORIENTED_EDGE('',*,*,#1915,.T.);
#2591=ORIENTED_EDGE('',*,*,#1922,.T.);
#2592=ORIENTED_EDGE('',*,*,#1946,.T.);
#2593=ORIENTED_EDGE('',*,*,#1950,.T.);
#2594=ORIENTED_EDGE('',*,*,#1780,.T.);
#2595=ORIENTED_EDGE('',*,*,#1695,.T.);
#2596=ORIENTED_EDGE('',*,*,#1702,.T.);
#2597=ORIENTED_EDGE('',*,*,#1657,.T.);
#2598=ORIENTED_EDGE('',*,*,#1660,.T.);
#2599=ORIENTED_EDGE('',*,*,#1663,.T.);
#2600=ORIENTED_EDGE('',*,*,#1666,.T.);
#2601=ORIENTED_EDGE('',*,*,#1669,.T.);
#2602=ORIENTED_EDGE('',*,*,#1672,.T.);
#2603=ORIENTED_EDGE('',*,*,#1675,.T.);
#2604=ORIENTED_EDGE('',*,*,#1678,.T.);
#2605=ORIENTED_EDGE('',*,*,#1681,.T.);
#2606=ORIENTED_EDGE('',*,*,#1684,.T.);
#2607=ORIENTED_EDGE('',*,*,#1687,.T.);
#2608=ORIENTED_EDGE('',*,*,#1690,.T.);
#2609=ORIENTED_EDGE('',*,*,#1925,.T.);
#2610=ORIENTED_EDGE('',*,*,#1927,.T.);
#2611=ORIENTED_EDGE('',*,*,#1929,.T.);
#2612=ORIENTED_EDGE('',*,*,#1931,.T.);
#2613=ORIENTED_EDGE('',*,*,#1933,.T.);
#2614=ORIENTED_EDGE('',*,*,#1935,.T.);
#2615=ORIENTED_EDGE('',*,*,#1951,.T.);
#2616=ORIENTED_EDGE('',*,*,#1952,.F.);
#2617=ORIENTED_EDGE('',*,*,#1953,.T.);
#2618=ORIENTED_EDGE('',*,*,#1954,.F.);
#2619=ORIENTED_EDGE('',*,*,#1955,.T.);
#2620=ORIENTED_EDGE('',*,*,#1956,.F.);
#2621=ORIENTED_EDGE('',*,*,#1957,.T.);
#2622=ORIENTED_EDGE('',*,*,#1958,.F.);
#2623=ORIENTED_EDGE('',*,*,#1959,.T.);
#2624=ORIENTED_EDGE('',*,*,#1960,.T.);
#2625=ORIENTED_EDGE('',*,*,#1961,.T.);
#2626=ORIENTED_EDGE('',*,*,#1962,.T.);
#2627=ORIENTED_EDGE('',*,*,#1963,.T.);
#2628=ORIENTED_EDGE('',*,*,#1964,.T.);
#2629=ORIENTED_EDGE('',*,*,#1965,.T.);
#2630=ORIENTED_EDGE('',*,*,#1966,.T.);
#2631=ORIENTED_EDGE('',*,*,#1967,.T.);
#2632=ORIENTED_EDGE('',*,*,#1968,.T.);
#2633=ORIENTED_EDGE('',*,*,#1969,.T.);
#2634=ORIENTED_EDGE('',*,*,#1970,.T.);
#2635=ORIENTED_EDGE('',*,*,#1971,.F.);
#2636=ORIENTED_EDGE('',*,*,#1972,.T.);
#2637=ORIENTED_EDGE('',*,*,#1973,.F.);
#2638=ORIENTED_EDGE('',*,*,#1974,.T.);
#2639=ORIENTED_EDGE('',*,*,#1975,.F.);
#2640=ORIENTED_EDGE('',*,*,#1976,.T.);
#2641=ORIENTED_EDGE('',*,*,#1977,.F.);
#2642=ORIENTED_EDGE('',*,*,#1978,.T.);
#2643=ORIENTED_EDGE('',*,*,#1979,.F.);
#2644=ORIENTED_EDGE('',*,*,#1980,.F.);
#2645=ORIENTED_EDGE('',*,*,#1981,.F.);
#2646=ORIENTED_EDGE('',*,*,#1982,.T.);
#2647=ORIENTED_EDGE('',*,*,#1983,.F.);
#2648=ORIENTED_EDGE('',*,*,#1984,.F.);
#2649=ORIENTED_EDGE('',*,*,#1985,.F.);
#2650=ORIENTED_EDGE('',*,*,#1986,.T.);
#2651=ORIENTED_EDGE('',*,*,#1987,.F.);
#2652=ORIENTED_EDGE('',*,*,#1988,.T.);
#2653=ORIENTED_EDGE('',*,*,#1989,.F.);
#2654=ORIENTED_EDGE('',*,*,#1990,.T.);
#2655=ORIENTED_EDGE('',*,*,#1991,.F.);
#2656=ORIENTED_EDGE('',*,*,#1992,.T.);
#2657=ORIENTED_EDGE('',*,*,#1993,.F.);
#2658=ORIENTED_EDGE('',*,*,#1994,.T.);
#2659=ORIENTED_EDGE('',*,*,#1995,.F.);
#2660=ORIENTED_EDGE('',*,*,#1996,.F.);
#2661=ORIENTED_EDGE('',*,*,#1997,.F.);
#2662=ORIENTED_EDGE('',*,*,#1998,.T.);
#2663=ORIENTED_EDGE('',*,*,#1999,.F.);
#2664=ORIENTED_EDGE('',*,*,#2000,.F.);
#2665=ORIENTED_EDGE('',*,*,#2001,.F.);
#2666=ORIENTED_EDGE('',*,*,#2002,.T.);
#2667=ORIENTED_EDGE('',*,*,#2003,.F.);
#2668=ORIENTED_EDGE('',*,*,#2004,.T.);
#2669=ORIENTED_EDGE('',*,*,#2005,.F.);
#2670=ORIENTED_EDGE('',*,*,#2006,.F.);
#2671=ORIENTED_EDGE('',*,*,#2007,.F.);
#2672=ORIENTED_EDGE('',*,*,#2008,.T.);
#2673=ORIENTED_EDGE('',*,*,#2009,.F.);
#2674=ORIENTED_EDGE('',*,*,#2010,.F.);
#2675=ORIENTED_EDGE('',*,*,#2011,.F.);
#2676=ORIENTED_EDGE('',*,*,#2012,.T.);
#2677=ORIENTED_EDGE('',*,*,#2013,.F.);
#2678=ORIENTED_EDGE('',*,*,#2014,.T.);
#2679=ORIENTED_EDGE('',*,*,#2015,.F.);
#2680=ORIENTED_EDGE('',*,*,#2016,.T.);
#2681=ORIENTED_EDGE('',*,*,#2017,.F.);
#2682=ORIENTED_EDGE('',*,*,#2018,.T.);
#2683=ORIENTED_EDGE('',*,*,#2019,.F.);
#2684=ORIENTED_EDGE('',*,*,#2020,.T.);
#2685=ORIENTED_EDGE('',*,*,#2021,.F.);
#2686=ORIENTED_EDGE('',*,*,#2022,.F.);
#2687=ORIENTED_EDGE('',*,*,#2023,.F.);
#2688=ORIENTED_EDGE('',*,*,#2024,.T.);
#2689=ORIENTED_EDGE('',*,*,#2025,.F.);
#2690=ORIENTED_EDGE('',*,*,#2026,.F.);
#2691=ORIENTED_EDGE('',*,*,#2027,.F.);
#2692=ORIENTED_EDGE('',*,*,#2028,.T.);
#2693=ORIENTED_EDGE('',*,*,#2029,.F.);
#2694=ORIENTED_EDGE('',*,*,#2030,.T.);
#2695=ORIENTED_EDGE('',*,*,#2031,.F.);
#2696=ORIENTED_EDGE('',*,*,#2032,.T.);
#2697=ORIENTED_EDGE('',*,*,#2033,.F.);
#2698=ORIENTED_EDGE('',*,*,#2034,.T.);
#2699=ORIENTED_EDGE('',*,*,#1944,.T.);
#2700=ORIENTED_EDGE('',*,*,#1949,.F.);
#2701=ORIENTED_EDGE('',*,*,#1786,.F.);
#2702=ORIENTED_EDGE('',*,*,#1805,.T.);
#2703=ORIENTED_EDGE('',*,*,#1945,.T.);
#2704=ORIENTED_EDGE('',*,*,#1797,.T.);
#2705=ORIENTED_EDGE('',*,*,#1781,.T.);
#2706=ORIENTED_EDGE('',*,*,#1950,.F.);
#2707=ORIENTED_EDGE('',*,*,#2027,.T.);
#2708=ORIENTED_EDGE('',*,*,#2035,.T.);
#2709=ORIENTED_EDGE('',*,*,#1823,.T.);
#2710=ORIENTED_EDGE('',*,*,#2036,.T.);
#2711=ORIENTED_EDGE('',*,*,#2035,.F.);
#2712=ORIENTED_EDGE('',*,*,#2026,.T.);
#2713=ORIENTED_EDGE('',*,*,#2037,.F.);
#2714=ORIENTED_EDGE('',*,*,#1824,.T.);
#2715=ORIENTED_EDGE('',*,*,#1819,.T.);
#2716=ORIENTED_EDGE('',*,*,#2038,.T.);
#2717=ORIENTED_EDGE('',*,*,#2031,.T.);
#2718=ORIENTED_EDGE('',*,*,#2039,.T.);
#2719=ORIENTED_EDGE('',*,*,#2038,.F.);
#2720=ORIENTED_EDGE('',*,*,#1818,.T.);
#2721=ORIENTED_EDGE('',*,*,#2040,.F.);
#2722=ORIENTED_EDGE('',*,*,#2032,.F.);
#2723=ORIENTED_EDGE('',*,*,#1981,.T.);
#2724=ORIENTED_EDGE('',*,*,#2041,.T.);
#2725=ORIENTED_EDGE('',*,*,#1862,.T.);
#2726=ORIENTED_EDGE('',*,*,#2042,.T.);
#2727=ORIENTED_EDGE('',*,*,#2041,.F.);
#2728=ORIENTED_EDGE('',*,*,#1980,.T.);
#2729=ORIENTED_EDGE('',*,*,#2043,.F.);
#2730=ORIENTED_EDGE('',*,*,#1863,.T.);
#2731=ORIENTED_EDGE('',*,*,#1893,.T.);
#2732=ORIENTED_EDGE('',*,*,#2044,.T.);
#2733=ORIENTED_EDGE('',*,*,#1956,.T.);
#2734=ORIENTED_EDGE('',*,*,#2045,.T.);
#2735=ORIENTED_EDGE('',*,*,#2044,.F.);
#2736=ORIENTED_EDGE('',*,*,#1892,.T.);
#2737=ORIENTED_EDGE('',*,*,#2046,.F.);
#2738=ORIENTED_EDGE('',*,*,#1957,.F.);
#2739=ORIENTED_EDGE('',*,*,#2011,.T.);
#2740=ORIENTED_EDGE('',*,*,#2047,.T.);
#2741=ORIENTED_EDGE('',*,*,#1844,.T.);
#2742=ORIENTED_EDGE('',*,*,#2048,.T.);
#2743=ORIENTED_EDGE('',*,*,#2047,.F.);
#2744=ORIENTED_EDGE('',*,*,#2010,.T.);
#2745=ORIENTED_EDGE('',*,*,#2049,.F.);
#2746=ORIENTED_EDGE('',*,*,#1845,.T.);
#2747=ORIENTED_EDGE('',*,*,#1840,.T.);
#2748=ORIENTED_EDGE('',*,*,#2050,.T.);
#2749=ORIENTED_EDGE('',*,*,#2015,.T.);
#2750=ORIENTED_EDGE('',*,*,#2051,.T.);
#2751=ORIENTED_EDGE('',*,*,#2050,.F.);
#2752=ORIENTED_EDGE('',*,*,#1839,.T.);
#2753=ORIENTED_EDGE('',*,*,#2052,.F.);
#2754=ORIENTED_EDGE('',*,*,#2016,.F.);
#2755=ORIENTED_EDGE('',*,*,#1997,.T.);
#2756=ORIENTED_EDGE('',*,*,#2053,.T.);
#2757=ORIENTED_EDGE('',*,*,#1878,.T.);
#2758=ORIENTED_EDGE('',*,*,#2054,.T.);
#2759=ORIENTED_EDGE('',*,*,#2053,.F.);
#2760=ORIENTED_EDGE('',*,*,#1996,.T.);
#2761=ORIENTED_EDGE('',*,*,#2055,.F.);
#2762=ORIENTED_EDGE('',*,*,#1879,.T.);
#2763=ORIENTED_EDGE('',*,*,#1876,.T.);
#2764=ORIENTED_EDGE('',*,*,#2056,.T.);
#2765=ORIENTED_EDGE('',*,*,#1999,.T.);
#2766=ORIENTED_EDGE('',*,*,#2057,.T.);
#2767=ORIENTED_EDGE('',*,*,#2056,.F.);
#2768=ORIENTED_EDGE('',*,*,#1875,.T.);
#2769=ORIENTED_EDGE('',*,*,#2058,.F.);
#2770=ORIENTED_EDGE('',*,*,#2000,.T.);
#2771=ORIENTED_EDGE('',*,*,#1850,.T.);
#2772=ORIENTED_EDGE('',*,*,#2059,.T.);
#2773=ORIENTED_EDGE('',*,*,#2005,.T.);
#2774=ORIENTED_EDGE('',*,*,#2060,.T.);
#2775=ORIENTED_EDGE('',*,*,#2059,.F.);
#2776=ORIENTED_EDGE('',*,*,#1849,.T.);
#2777=ORIENTED_EDGE('',*,*,#2061,.F.);
#2778=ORIENTED_EDGE('',*,*,#2006,.T.);
#2779=ORIENTED_EDGE('',*,*,#1838,.T.);
#2780=ORIENTED_EDGE('',*,*,#2062,.T.);
#2781=ORIENTED_EDGE('',*,*,#2017,.T.);
#2782=ORIENTED_EDGE('',*,*,#2052,.T.);
#2783=ORIENTED_EDGE('',*,*,#2062,.F.);
#2784=ORIENTED_EDGE('',*,*,#1837,.T.);
#2785=ORIENTED_EDGE('',*,*,#2063,.F.);
#2786=ORIENTED_EDGE('',*,*,#2018,.F.);
#2787=ORIENTED_EDGE('',*,*,#1891,.T.);
#2788=ORIENTED_EDGE('',*,*,#2064,.T.);
#2789=ORIENTED_EDGE('',*,*,#1958,.T.);
#2790=ORIENTED_EDGE('',*,*,#2046,.T.);
#2791=ORIENTED_EDGE('',*,*,#2064,.F.);
#2792=ORIENTED_EDGE('',*,*,#1898,.T.);
#2793=ORIENTED_EDGE('',*,*,#2065,.F.);
#2794=ORIENTED_EDGE('',*,*,#1951,.F.);
#2795=ORIENTED_EDGE('',*,*,#1860,.T.);
#2796=ORIENTED_EDGE('',*,*,#2066,.T.);
#2797=ORIENTED_EDGE('',*,*,#1983,.T.);
#2798=ORIENTED_EDGE('',*,*,#2067,.T.);
#2799=ORIENTED_EDGE('',*,*,#2066,.F.);
#2800=ORIENTED_EDGE('',*,*,#1859,.T.);
#2801=ORIENTED_EDGE('',*,*,#2068,.F.);
#2802=ORIENTED_EDGE('',*,*,#1984,.T.);
#2803=ORIENTED_EDGE('',*,*,#1817,.T.);
#2804=ORIENTED_EDGE('',*,*,#2069,.T.);
#2805=ORIENTED_EDGE('',*,*,#2033,.T.);
#2806=ORIENTED_EDGE('',*,*,#2040,.T.);
#2807=ORIENTED_EDGE('',*,*,#2069,.F.);
#2808=ORIENTED_EDGE('',*,*,#1816,.T.);
#2809=ORIENTED_EDGE('',*,*,#2070,.F.);
#2810=ORIENTED_EDGE('',*,*,#2034,.F.);
#2811=ORIENTED_EDGE('',*,*,#1829,.T.);
#2812=ORIENTED_EDGE('',*,*,#2071,.T.);
#2813=ORIENTED_EDGE('',*,*,#2021,.T.);
#2814=ORIENTED_EDGE('',*,*,#2072,.T.);
#2815=ORIENTED_EDGE('',*,*,#2071,.F.);
#2816=ORIENTED_EDGE('',*,*,#1828,.T.);
#2817=ORIENTED_EDGE('',*,*,#2073,.F.);
#2818=ORIENTED_EDGE('',*,*,#2022,.T.);
#2819=ORIENTED_EDGE('',*,*,#2019,.T.);
#2820=ORIENTED_EDGE('',*,*,#2070,.T.);
#2821=ORIENTED_EDGE('',*,*,#1815,.T.);
#2822=ORIENTED_EDGE('',*,*,#2074,.T.);
#2823=ORIENTED_EDGE('',*,*,#2072,.F.);
#2824=ORIENTED_EDGE('',*,*,#2020,.F.);
#2825=ORIENTED_EDGE('',*,*,#2074,.F.);
#2826=ORIENTED_EDGE('',*,*,#1830,.T.);
#2827=ORIENTED_EDGE('',*,*,#2023,.T.);
#2828=ORIENTED_EDGE('',*,*,#2073,.T.);
#2829=ORIENTED_EDGE('',*,*,#1827,.T.);
#2830=ORIENTED_EDGE('',*,*,#2075,.T.);
#2831=ORIENTED_EDGE('',*,*,#1985,.T.);
#2832=ORIENTED_EDGE('',*,*,#2068,.T.);
#2833=ORIENTED_EDGE('',*,*,#1858,.T.);
#2834=ORIENTED_EDGE('',*,*,#2076,.T.);
#2835=ORIENTED_EDGE('',*,*,#1870,.T.);
#2836=ORIENTED_EDGE('',*,*,#2077,.T.);
#2837=ORIENTED_EDGE('',*,*,#1973,.T.);
#2838=ORIENTED_EDGE('',*,*,#2078,.T.);
#2839=ORIENTED_EDGE('',*,*,#2077,.F.);
#2840=ORIENTED_EDGE('',*,*,#1869,.T.);
#2841=ORIENTED_EDGE('',*,*,#2079,.F.);
#2842=ORIENTED_EDGE('',*,*,#1974,.F.);
#2843=ORIENTED_EDGE('',*,*,#1897,.T.);
#2844=ORIENTED_EDGE('',*,*,#2080,.T.);
#2845=ORIENTED_EDGE('',*,*,#1952,.T.);
#2846=ORIENTED_EDGE('',*,*,#2065,.T.);
#2847=ORIENTED_EDGE('',*,*,#2080,.F.);
#2848=ORIENTED_EDGE('',*,*,#1896,.T.);
#2849=ORIENTED_EDGE('',*,*,#2081,.F.);
#2850=ORIENTED_EDGE('',*,*,#1953,.F.);
#2851=ORIENTED_EDGE('',*,*,#2007,.T.);
#2852=ORIENTED_EDGE('',*,*,#2061,.T.);
#2853=ORIENTED_EDGE('',*,*,#1848,.T.);
#2854=ORIENTED_EDGE('',*,*,#2082,.T.);
#2855=ORIENTED_EDGE('',*,*,#2003,.T.);
#2856=ORIENTED_EDGE('',*,*,#2063,.T.);
#2857=ORIENTED_EDGE('',*,*,#1836,.T.);
#2858=ORIENTED_EDGE('',*,*,#2083,.T.);
#2859=ORIENTED_EDGE('',*,*,#2060,.F.);
#2860=ORIENTED_EDGE('',*,*,#2004,.F.);
#2861=ORIENTED_EDGE('',*,*,#2083,.F.);
#2862=ORIENTED_EDGE('',*,*,#1851,.T.);
#2863=ORIENTED_EDGE('',*,*,#2001,.T.);
#2864=ORIENTED_EDGE('',*,*,#2058,.T.);
#2865=ORIENTED_EDGE('',*,*,#1874,.T.);
#2866=ORIENTED_EDGE('',*,*,#2084,.T.);
#2867=ORIENTED_EDGE('',*,*,#1886,.T.);
#2868=ORIENTED_EDGE('',*,*,#2085,.T.);
#2869=ORIENTED_EDGE('',*,*,#1989,.T.);
#2870=ORIENTED_EDGE('',*,*,#2086,.T.);
#2871=ORIENTED_EDGE('',*,*,#2085,.F.);
#2872=ORIENTED_EDGE('',*,*,#1885,.T.);
#2873=ORIENTED_EDGE('',*,*,#2087,.F.);
#2874=ORIENTED_EDGE('',*,*,#1990,.F.);
#2875=ORIENTED_EDGE('',*,*,#1987,.T.);
#2876=ORIENTED_EDGE('',*,*,#2088,.T.);
#2877=ORIENTED_EDGE('',*,*,#1872,.T.);
#2878=ORIENTED_EDGE('',*,*,#2089,.T.);
#2879=ORIENTED_EDGE('',*,*,#2086,.F.);
#2880=ORIENTED_EDGE('',*,*,#1988,.F.);
#2881=ORIENTED_EDGE('',*,*,#2089,.F.);
#2882=ORIENTED_EDGE('',*,*,#1887,.T.);
#2883=ORIENTED_EDGE('',*,*,#1880,.T.);
#2884=ORIENTED_EDGE('',*,*,#2055,.T.);
#2885=ORIENTED_EDGE('',*,*,#1995,.T.);
#2886=ORIENTED_EDGE('',*,*,#2090,.T.);
#2887=ORIENTED_EDGE('',*,*,#1993,.T.);
#2888=ORIENTED_EDGE('',*,*,#2091,.T.);
#2889=ORIENTED_EDGE('',*,*,#1882,.T.);
#2890=ORIENTED_EDGE('',*,*,#2092,.T.);
#2891=ORIENTED_EDGE('',*,*,#2091,.F.);
#2892=ORIENTED_EDGE('',*,*,#1992,.F.);
#2893=ORIENTED_EDGE('',*,*,#2093,.F.);
#2894=ORIENTED_EDGE('',*,*,#1883,.T.);
#2895=ORIENTED_EDGE('',*,*,#1884,.T.);
#2896=ORIENTED_EDGE('',*,*,#2093,.T.);
#2897=ORIENTED_EDGE('',*,*,#1991,.T.);
#2898=ORIENTED_EDGE('',*,*,#2087,.T.);
#2899=ORIENTED_EDGE('',*,*,#2013,.T.);
#2900=ORIENTED_EDGE('',*,*,#2094,.T.);
#2901=ORIENTED_EDGE('',*,*,#1842,.T.);
#2902=ORIENTED_EDGE('',*,*,#2095,.T.);
#2903=ORIENTED_EDGE('',*,*,#2051,.F.);
#2904=ORIENTED_EDGE('',*,*,#2014,.F.);
#2905=ORIENTED_EDGE('',*,*,#2095,.F.);
#2906=ORIENTED_EDGE('',*,*,#1841,.T.);
#2907=ORIENTED_EDGE('',*,*,#1846,.T.);
#2908=ORIENTED_EDGE('',*,*,#2049,.T.);
#2909=ORIENTED_EDGE('',*,*,#2009,.T.);
#2910=ORIENTED_EDGE('',*,*,#2096,.T.);
#2911=ORIENTED_EDGE('',*,*,#1895,.T.);
#2912=ORIENTED_EDGE('',*,*,#2097,.T.);
#2913=ORIENTED_EDGE('',*,*,#1954,.T.);
#2914=ORIENTED_EDGE('',*,*,#2081,.T.);
#2915=ORIENTED_EDGE('',*,*,#2045,.F.);
#2916=ORIENTED_EDGE('',*,*,#1955,.F.);
#2917=ORIENTED_EDGE('',*,*,#2097,.F.);
#2918=ORIENTED_EDGE('',*,*,#1894,.T.);
#2919=ORIENTED_EDGE('',*,*,#1971,.T.);
#2920=ORIENTED_EDGE('',*,*,#2098,.T.);
#2921=ORIENTED_EDGE('',*,*,#1856,.T.);
#2922=ORIENTED_EDGE('',*,*,#2099,.T.);
#2923=ORIENTED_EDGE('',*,*,#2078,.F.);
#2924=ORIENTED_EDGE('',*,*,#1972,.F.);
#2925=ORIENTED_EDGE('',*,*,#2099,.F.);
#2926=ORIENTED_EDGE('',*,*,#1871,.T.);
#2927=ORIENTED_EDGE('',*,*,#1864,.T.);
#2928=ORIENTED_EDGE('',*,*,#2043,.T.);
#2929=ORIENTED_EDGE('',*,*,#1979,.T.);
#2930=ORIENTED_EDGE('',*,*,#2100,.T.);
#2931=ORIENTED_EDGE('',*,*,#1977,.T.);
#2932=ORIENTED_EDGE('',*,*,#2101,.T.);
#2933=ORIENTED_EDGE('',*,*,#1866,.T.);
#2934=ORIENTED_EDGE('',*,*,#2102,.T.);
#2935=ORIENTED_EDGE('',*,*,#2101,.F.);
#2936=ORIENTED_EDGE('',*,*,#1976,.F.);
#2937=ORIENTED_EDGE('',*,*,#2103,.F.);
#2938=ORIENTED_EDGE('',*,*,#1867,.T.);
#2939=ORIENTED_EDGE('',*,*,#1868,.T.);
#2940=ORIENTED_EDGE('',*,*,#2103,.T.);
#2941=ORIENTED_EDGE('',*,*,#1975,.T.);
#2942=ORIENTED_EDGE('',*,*,#2079,.T.);
#2943=ORIENTED_EDGE('',*,*,#2029,.T.);
#2944=ORIENTED_EDGE('',*,*,#2104,.T.);
#2945=ORIENTED_EDGE('',*,*,#1821,.T.);
#2946=ORIENTED_EDGE('',*,*,#2105,.T.);
#2947=ORIENTED_EDGE('',*,*,#2036,.F.);
#2948=ORIENTED_EDGE('',*,*,#1822,.T.);
#2949=ORIENTED_EDGE('',*,*,#2104,.F.);
#2950=ORIENTED_EDGE('',*,*,#2028,.F.);
#2951=ORIENTED_EDGE('',*,*,#1825,.T.);
#2952=ORIENTED_EDGE('',*,*,#2037,.T.);
#2953=ORIENTED_EDGE('',*,*,#2025,.T.);
#2954=ORIENTED_EDGE('',*,*,#2106,.T.);
#2955=ORIENTED_EDGE('',*,*,#2084,.F.);
#2956=ORIENTED_EDGE('',*,*,#1873,.T.);
#2957=ORIENTED_EDGE('',*,*,#2088,.F.);
#2958=ORIENTED_EDGE('',*,*,#2002,.F.);
#2959=ORIENTED_EDGE('',*,*,#2076,.F.);
#2960=ORIENTED_EDGE('',*,*,#1857,.T.);
#2961=ORIENTED_EDGE('',*,*,#2098,.F.);
#2962=ORIENTED_EDGE('',*,*,#1986,.F.);
#2963=ORIENTED_EDGE('',*,*,#2075,.F.);
#2964=ORIENTED_EDGE('',*,*,#1826,.T.);
#2965=ORIENTED_EDGE('',*,*,#2106,.F.);
#2966=ORIENTED_EDGE('',*,*,#2024,.F.);
#2967=ORIENTED_EDGE('',*,*,#2082,.F.);
#2968=ORIENTED_EDGE('',*,*,#1847,.T.);
#2969=ORIENTED_EDGE('',*,*,#2096,.F.);
#2970=ORIENTED_EDGE('',*,*,#2008,.F.);
#2971=ORIENTED_EDGE('',*,*,#2054,.F.);
#2972=ORIENTED_EDGE('',*,*,#1877,.T.);
#2973=ORIENTED_EDGE('',*,*,#2057,.F.);
#2974=ORIENTED_EDGE('',*,*,#1998,.F.);
#2975=ORIENTED_EDGE('',*,*,#2042,.F.);
#2976=ORIENTED_EDGE('',*,*,#1861,.T.);
#2977=ORIENTED_EDGE('',*,*,#2067,.F.);
#2978=ORIENTED_EDGE('',*,*,#1982,.F.);
#2979=ORIENTED_EDGE('',*,*,#2048,.F.);
#2980=ORIENTED_EDGE('',*,*,#1843,.T.);
#2981=ORIENTED_EDGE('',*,*,#2094,.F.);
#2982=ORIENTED_EDGE('',*,*,#2012,.F.);
#2983=ORIENTED_EDGE('',*,*,#1959,.F.);
#2984=ORIENTED_EDGE('',*,*,#2107,.T.);
#2985=ORIENTED_EDGE('',*,*,#1890,.T.);
#2986=ORIENTED_EDGE('',*,*,#2107,.F.);
#2987=ORIENTED_EDGE('',*,*,#1960,.F.);
#2988=ORIENTED_EDGE('',*,*,#2108,.T.);
#2989=ORIENTED_EDGE('',*,*,#1889,.T.);
#2990=ORIENTED_EDGE('',*,*,#2108,.F.);
#2991=ORIENTED_EDGE('',*,*,#1961,.F.);
#2992=ORIENTED_EDGE('',*,*,#2109,.T.);
#2993=ORIENTED_EDGE('',*,*,#1888,.T.);
#2994=ORIENTED_EDGE('',*,*,#2109,.F.);
#2995=ORIENTED_EDGE('',*,*,#2090,.F.);
#2996=ORIENTED_EDGE('',*,*,#1994,.F.);
#2997=ORIENTED_EDGE('',*,*,#2092,.F.);
#2998=ORIENTED_EDGE('',*,*,#1881,.T.);
#2999=ORIENTED_EDGE('',*,*,#2100,.F.);
#3000=ORIENTED_EDGE('',*,*,#1978,.F.);
#3001=ORIENTED_EDGE('',*,*,#2102,.F.);
#3002=ORIENTED_EDGE('',*,*,#1865,.T.);
#3003=ORIENTED_EDGE('',*,*,#1962,.F.);
#3004=ORIENTED_EDGE('',*,*,#2110,.T.);
#3005=ORIENTED_EDGE('',*,*,#1855,.T.);
#3006=ORIENTED_EDGE('',*,*,#2110,.F.);
#3007=ORIENTED_EDGE('',*,*,#1963,.F.);
#3008=ORIENTED_EDGE('',*,*,#2111,.T.);
#3009=ORIENTED_EDGE('',*,*,#1854,.T.);
#3010=ORIENTED_EDGE('',*,*,#2111,.F.);
#3011=ORIENTED_EDGE('',*,*,#1964,.F.);
#3012=ORIENTED_EDGE('',*,*,#2112,.T.);
#3013=ORIENTED_EDGE('',*,*,#1853,.T.);
#3014=ORIENTED_EDGE('',*,*,#2112,.F.);
#3015=ORIENTED_EDGE('',*,*,#1965,.F.);
#3016=ORIENTED_EDGE('',*,*,#2113,.T.);
#3017=ORIENTED_EDGE('',*,*,#1852,.T.);
#3018=ORIENTED_EDGE('',*,*,#2113,.F.);
#3019=ORIENTED_EDGE('',*,*,#1966,.F.);
#3020=ORIENTED_EDGE('',*,*,#2114,.T.);
#3021=ORIENTED_EDGE('',*,*,#1835,.T.);
#3022=ORIENTED_EDGE('',*,*,#2114,.F.);
#3023=ORIENTED_EDGE('',*,*,#1967,.F.);
#3024=ORIENTED_EDGE('',*,*,#2115,.T.);
#3025=ORIENTED_EDGE('',*,*,#1834,.T.);
#3026=ORIENTED_EDGE('',*,*,#2115,.F.);
#3027=ORIENTED_EDGE('',*,*,#1968,.F.);
#3028=ORIENTED_EDGE('',*,*,#2116,.T.);
#3029=ORIENTED_EDGE('',*,*,#1833,.T.);
#3030=ORIENTED_EDGE('',*,*,#2116,.F.);
#3031=ORIENTED_EDGE('',*,*,#1969,.F.);
#3032=ORIENTED_EDGE('',*,*,#2117,.T.);
#3033=ORIENTED_EDGE('',*,*,#1832,.T.);
#3034=ORIENTED_EDGE('',*,*,#2117,.F.);
#3035=ORIENTED_EDGE('',*,*,#1970,.F.);
#3036=ORIENTED_EDGE('',*,*,#2118,.T.);
#3037=ORIENTED_EDGE('',*,*,#1831,.T.);
#3038=ORIENTED_EDGE('',*,*,#2118,.F.);
#3039=ORIENTED_EDGE('',*,*,#2039,.F.);
#3040=ORIENTED_EDGE('',*,*,#2030,.F.);
#3041=ORIENTED_EDGE('',*,*,#2105,.F.);
#3042=ORIENTED_EDGE('',*,*,#1820,.T.);
#3043=CYLINDRICAL_SURFACE('',#3279,1.54999999999999);
#3044=CYLINDRICAL_SURFACE('',#3282,1.55000000000001);
#3045=CYLINDRICAL_SURFACE('',#3285,1.55000000000001);
#3046=CYLINDRICAL_SURFACE('',#3288,1.54999999999998);
#3047=CYLINDRICAL_SURFACE('',#3291,1.55);
#3048=CYLINDRICAL_SURFACE('',#3294,1.55000000000001);
#3049=CYLINDRICAL_SURFACE('',#3297,1.55);
#3050=CYLINDRICAL_SURFACE('',#3300,1.55000000000001);
#3051=CYLINDRICAL_SURFACE('',#3303,1.55000000000001);
#3052=CYLINDRICAL_SURFACE('',#3306,1.55000000000001);
#3053=CYLINDRICAL_SURFACE('',#3309,1.55);
#3054=CYLINDRICAL_SURFACE('',#3312,1.55000000000001);
#3055=CYLINDRICAL_SURFACE('',#3413,1.54999999999999);
#3056=CYLINDRICAL_SURFACE('',#3415,1.54999999999999);
#3057=CYLINDRICAL_SURFACE('',#3417,1.54999999999999);
#3058=CYLINDRICAL_SURFACE('',#3419,1.54999999999999);
#3059=CYLINDRICAL_SURFACE('',#3421,1.54999999999999);
#3060=CYLINDRICAL_SURFACE('',#3423,1.54999999999999);
#3061=CYLINDRICAL_SURFACE('',#3483,2.);
#3062=CYLINDRICAL_SURFACE('',#3485,2.);
#3063=CYLINDRICAL_SURFACE('',#3487,2.);
#3064=CYLINDRICAL_SURFACE('',#3489,2.);
#3065=CYLINDRICAL_SURFACE('',#3491,2.);
#3066=CYLINDRICAL_SURFACE('',#3493,2.);
#3067=CYLINDRICAL_SURFACE('',#3495,2.);
#3068=CYLINDRICAL_SURFACE('',#3497,2.);
#3069=CYLINDRICAL_SURFACE('',#3499,2.);
#3070=CYLINDRICAL_SURFACE('',#3501,2.);
#3071=CYLINDRICAL_SURFACE('',#3503,2.);
#3072=CYLINDRICAL_SURFACE('',#3505,2.);
#3073=CYLINDRICAL_SURFACE('',#3507,2.);
#3074=CYLINDRICAL_SURFACE('',#3509,2.);
#3075=CYLINDRICAL_SURFACE('',#3511,2.);
#3076=CYLINDRICAL_SURFACE('',#3513,2.);
#3077=CYLINDRICAL_SURFACE('',#3514,2.);
#3078=CYLINDRICAL_SURFACE('',#3515,2.);
#3079=CYLINDRICAL_SURFACE('',#3517,2.);
#3080=CYLINDRICAL_SURFACE('',#3519,2.);
#3081=CYLINDRICAL_SURFACE('',#3520,2.);
#3082=CYLINDRICAL_SURFACE('',#3522,2.);
#3083=CYLINDRICAL_SURFACE('',#3523,2.);
#3084=CYLINDRICAL_SURFACE('',#3525,2.);
#3085=CYLINDRICAL_SURFACE('',#3527,2.);
#3086=CYLINDRICAL_SURFACE('',#3528,2.);
#3087=CYLINDRICAL_SURFACE('',#3530,2.);
#3088=CYLINDRICAL_SURFACE('',#3531,2.);
#3089=CYLINDRICAL_SURFACE('',#3533,2.);
#3090=CYLINDRICAL_SURFACE('',#3534,2.);
#3091=CYLINDRICAL_SURFACE('',#3536,2.);
#3092=CYLINDRICAL_SURFACE('',#3538,2.);
#3093=CYLINDRICAL_SURFACE('',#3539,2.);
#3094=CYLINDRICAL_SURFACE('',#3541,2.);
#3095=CYLINDRICAL_SURFACE('',#3542,2.);
#3096=CYLINDRICAL_SURFACE('',#3544,2.);
#3097=CYLINDRICAL_SURFACE('',#3552,1.05);
#3098=CYLINDRICAL_SURFACE('',#3553,1.05);
#3099=CYLINDRICAL_SURFACE('',#3554,1.05);
#3100=CYLINDRICAL_SURFACE('',#3557,1.05);
#3101=CYLINDRICAL_SURFACE('',#3558,1.54999999999999);
#3102=CYLINDRICAL_SURFACE('',#3559,1.05);
#3103=CYLINDRICAL_SURFACE('',#3560,1.05);
#3104=CYLINDRICAL_SURFACE('',#3561,1.54999999999999);
#3105=CYLINDRICAL_SURFACE('',#3562,1.54999999999999);
#3106=CYLINDRICAL_SURFACE('',#3563,1.05);
#3107=CYLINDRICAL_SURFACE('',#3564,1.54999999999999);
#3108=CYLINDRICAL_SURFACE('',#3565,1.05);
#3109=ADVANCED_FACE('',(#175),#3043,.F.);
#3110=ADVANCED_FACE('',(#176),#3044,.F.);
#3111=ADVANCED_FACE('',(#177),#3045,.F.);
#3112=ADVANCED_FACE('',(#178),#3046,.F.);
#3113=ADVANCED_FACE('',(#179),#3047,.F.);
#3114=ADVANCED_FACE('',(#180),#3048,.F.);
#3115=ADVANCED_FACE('',(#181),#3049,.F.);
#3116=ADVANCED_FACE('',(#182),#3050,.F.);
#3117=ADVANCED_FACE('',(#183),#3051,.F.);
#3118=ADVANCED_FACE('',(#184),#3052,.F.);
#3119=ADVANCED_FACE('',(#185),#3053,.F.);
#3120=ADVANCED_FACE('',(#186),#3054,.F.);
#3121=ADVANCED_FACE('',(#187),#85,.F.);
#3122=ADVANCED_FACE('',(#188),#86,.F.);
#3123=ADVANCED_FACE('',(#189),#87,.F.);
#3124=ADVANCED_FACE('',(#190),#88,.F.);
#3125=ADVANCED_FACE('',(#191),#89,.F.);
#3126=ADVANCED_FACE('',(#192),#90,.F.);
#3127=ADVANCED_FACE('',(#193),#91,.F.);
#3128=ADVANCED_FACE('',(#194),#92,.F.);
#3129=ADVANCED_FACE('',(#195),#93,.F.);
#3130=ADVANCED_FACE('',(#196),#94,.F.);
#3131=ADVANCED_FACE('',(#197),#95,.F.);
#3132=ADVANCED_FACE('',(#198),#96,.F.);
#3133=ADVANCED_FACE('',(#199),#97,.F.);
#3134=ADVANCED_FACE('',(#200),#98,.F.);
#3135=ADVANCED_FACE('',(#201),#99,.F.);
#3136=ADVANCED_FACE('',(#202),#100,.F.);
#3137=ADVANCED_FACE('',(#203),#101,.F.);
#3138=ADVANCED_FACE('',(#204),#102,.F.);
#3139=ADVANCED_FACE('',(#205),#103,.F.);
#3140=ADVANCED_FACE('',(#206),#104,.F.);
#3141=ADVANCED_FACE('',(#207),#105,.F.);
#3142=ADVANCED_FACE('',(#208),#106,.F.);
#3143=ADVANCED_FACE('',(#209),#107,.F.);
#3144=ADVANCED_FACE('',(#210),#108,.F.);
#3145=ADVANCED_FACE('',(#211),#109,.T.);
#3146=ADVANCED_FACE('',(#212),#110,.T.);
#3147=ADVANCED_FACE('',(#213),#111,.T.);
#3148=ADVANCED_FACE('',(#214),#112,.T.);
#3149=ADVANCED_FACE('',(#215),#113,.T.);
#3150=ADVANCED_FACE('',(#216),#114,.T.);
#3151=ADVANCED_FACE('',(#217),#115,.T.);
#3152=ADVANCED_FACE('',(#218),#116,.T.);
#3153=ADVANCED_FACE('',(#219),#117,.T.);
#3154=ADVANCED_FACE('',(#220),#118,.T.);
#3155=ADVANCED_FACE('',(#221,#15,#16,#17,#18,#19,#20,#21,#22,#23,#24,#25,
#26,#27,#28,#29,#30,#31,#32,#33,#34,#35,#36,#37,#38,#39,#40,#41,#42,#43,
#44,#45,#46,#47,#48,#49),#119,.F.);
#3156=ADVANCED_FACE('',(#222),#120,.T.);
#3157=ADVANCED_FACE('',(#223),#121,.T.);
#3158=ADVANCED_FACE('',(#224),#122,.T.);
#3159=ADVANCED_FACE('',(#225),#123,.F.);
#3160=ADVANCED_FACE('',(#226),#124,.T.);
#3161=ADVANCED_FACE('',(#227),#125,.T.);
#3162=ADVANCED_FACE('',(#228),#126,.T.);
#3163=ADVANCED_FACE('',(#229),#127,.F.);
#3164=ADVANCED_FACE('',(#230),#128,.F.);
#3165=ADVANCED_FACE('',(#231),#3055,.F.);
#3166=ADVANCED_FACE('',(#232),#3056,.F.);
#3167=ADVANCED_FACE('',(#233),#3057,.F.);
#3168=ADVANCED_FACE('',(#234),#3058,.F.);
#3169=ADVANCED_FACE('',(#235),#3059,.F.);
#3170=ADVANCED_FACE('',(#236),#3060,.F.);
#3171=ADVANCED_FACE('',(#237),#129,.F.);
#3172=ADVANCED_FACE('',(#238),#130,.F.);
#3173=ADVANCED_FACE('',(#239),#131,.F.);
#3174=ADVANCED_FACE('',(#240),#132,.F.);
#3175=ADVANCED_FACE('',(#241),#133,.F.);
#3176=ADVANCED_FACE('',(#242),#134,.T.);
#3177=ADVANCED_FACE('',(#243),#135,.T.);
#3178=ADVANCED_FACE('',(#244,#50,#51,#52,#53,#54,#55,#56,#57,#58,#59,#60,
#61,#62,#63,#64,#65,#66,#67,#68,#69,#70,#71,#72,#73,#74,#75,#76,#77,#78,
#79,#80,#81,#82,#83,#84),#136,.T.);
#3179=ADVANCED_FACE('',(#245),#137,.T.);
#3180=ADVANCED_FACE('',(#246),#138,.T.);
#3181=ADVANCED_FACE('',(#247),#3061,.F.);
#3182=ADVANCED_FACE('',(#248),#139,.T.);
#3183=ADVANCED_FACE('',(#249),#3062,.F.);
#3184=ADVANCED_FACE('',(#250),#140,.T.);
#3185=ADVANCED_FACE('',(#251),#3063,.F.);
#3186=ADVANCED_FACE('',(#252),#141,.T.);
#3187=ADVANCED_FACE('',(#253),#3064,.F.);
#3188=ADVANCED_FACE('',(#254),#142,.T.);
#3189=ADVANCED_FACE('',(#255),#3065,.F.);
#3190=ADVANCED_FACE('',(#256),#143,.T.);
#3191=ADVANCED_FACE('',(#257),#3066,.F.);
#3192=ADVANCED_FACE('',(#258),#144,.T.);
#3193=ADVANCED_FACE('',(#259),#3067,.F.);
#3194=ADVANCED_FACE('',(#260),#145,.T.);
#3195=ADVANCED_FACE('',(#261),#3068,.F.);
#3196=ADVANCED_FACE('',(#262),#146,.T.);
#3197=ADVANCED_FACE('',(#263),#3069,.F.);
#3198=ADVANCED_FACE('',(#264),#147,.T.);
#3199=ADVANCED_FACE('',(#265),#3070,.F.);
#3200=ADVANCED_FACE('',(#266),#148,.T.);
#3201=ADVANCED_FACE('',(#267),#3071,.F.);
#3202=ADVANCED_FACE('',(#268),#149,.T.);
#3203=ADVANCED_FACE('',(#269),#3072,.F.);
#3204=ADVANCED_FACE('',(#270),#150,.T.);
#3205=ADVANCED_FACE('',(#271),#3073,.F.);
#3206=ADVANCED_FACE('',(#272),#151,.T.);
#3207=ADVANCED_FACE('',(#273),#3074,.F.);
#3208=ADVANCED_FACE('',(#274),#152,.T.);
#3209=ADVANCED_FACE('',(#275),#3075,.T.);
#3210=ADVANCED_FACE('',(#276),#153,.T.);
#3211=ADVANCED_FACE('',(#277),#3076,.F.);
#3212=ADVANCED_FACE('',(#278),#3077,.F.);
#3213=ADVANCED_FACE('',(#279),#3078,.F.);
#3214=ADVANCED_FACE('',(#280),#154,.T.);
#3215=ADVANCED_FACE('',(#281),#3079,.F.);
#3216=ADVANCED_FACE('',(#282),#155,.T.);
#3217=ADVANCED_FACE('',(#283),#3080,.F.);
#3218=ADVANCED_FACE('',(#284),#3081,.T.);
#3219=ADVANCED_FACE('',(#285),#156,.T.);
#3220=ADVANCED_FACE('',(#286),#3082,.F.);
#3221=ADVANCED_FACE('',(#287),#3083,.F.);
#3222=ADVANCED_FACE('',(#288),#157,.T.);
#3223=ADVANCED_FACE('',(#289),#3084,.T.);
#3224=ADVANCED_FACE('',(#290),#158,.T.);
#3225=ADVANCED_FACE('',(#291),#3085,.F.);
#3226=ADVANCED_FACE('',(#292),#3086,.T.);
#3227=ADVANCED_FACE('',(#293),#159,.T.);
#3228=ADVANCED_FACE('',(#294),#3087,.F.);
#3229=ADVANCED_FACE('',(#295),#3088,.T.);
#3230=ADVANCED_FACE('',(#296),#160,.T.);
#3231=ADVANCED_FACE('',(#297),#3089,.F.);
#3232=ADVANCED_FACE('',(#298),#3090,.F.);
#3233=ADVANCED_FACE('',(#299),#161,.T.);
#3234=ADVANCED_FACE('',(#300),#3091,.T.);
#3235=ADVANCED_FACE('',(#301),#162,.T.);
#3236=ADVANCED_FACE('',(#302),#3092,.F.);
#3237=ADVANCED_FACE('',(#303),#3093,.T.);
#3238=ADVANCED_FACE('',(#304),#163,.T.);
#3239=ADVANCED_FACE('',(#305),#3094,.F.);
#3240=ADVANCED_FACE('',(#306),#3095,.T.);
#3241=ADVANCED_FACE('',(#307),#164,.T.);
#3242=ADVANCED_FACE('',(#308),#3096,.F.);
#3243=ADVANCED_FACE('',(#309),#165,.T.);
#3244=ADVANCED_FACE('',(#310),#166,.T.);
#3245=ADVANCED_FACE('',(#311),#167,.T.);
#3246=ADVANCED_FACE('',(#312),#168,.T.);
#3247=ADVANCED_FACE('',(#313),#169,.T.);
#3248=ADVANCED_FACE('',(#314),#170,.T.);
#3249=ADVANCED_FACE('',(#315),#171,.T.);
#3250=ADVANCED_FACE('',(#316),#3097,.F.);
#3251=ADVANCED_FACE('',(#317),#3098,.F.);
#3252=ADVANCED_FACE('',(#318),#3099,.F.);
#3253=ADVANCED_FACE('',(#319),#172,.T.);
#3254=ADVANCED_FACE('',(#320),#173,.T.);
#3255=ADVANCED_FACE('',(#321),#3100,.F.);
#3256=ADVANCED_FACE('',(#322),#3101,.F.);
#3257=ADVANCED_FACE('',(#323),#3102,.F.);
#3258=ADVANCED_FACE('',(#324),#3103,.F.);
#3259=ADVANCED_FACE('',(#325),#3104,.F.);
#3260=ADVANCED_FACE('',(#326),#3105,.F.);
#3261=ADVANCED_FACE('',(#327),#3106,.F.);
#3262=ADVANCED_FACE('',(#328),#3107,.F.);
#3263=ADVANCED_FACE('',(#329),#3108,.F.);
#3264=ADVANCED_FACE('',(#330),#174,.T.);
#3265=CLOSED_SHELL('',(#3109,#3110,#3111,#3112,#3113,#3114,#3115,#3116,
#3117,#3118,#3119,#3120,#3121,#3122,#3123,#3124,#3125,#3126,#3127,#3128,
#3129,#3130,#3131,#3132,#3133,#3134,#3135,#3136,#3137,#3138,#3139,#3140,
#3141,#3142,#3143,#3144,#3145,#3146,#3147,#3148,#3149,#3150,#3151,#3152,
#3153,#3154,#3155,#3156,#3157,#3158,#3159,#3160,#3161,#3162,#3163,#3164,
#3165,#3166,#3167,#3168,#3169,#3170,#3171,#3172,#3173,#3174,#3175,#3176,
#3177,#3178,#3179,#3180,#3181,#3182,#3183,#3184,#3185,#3186,#3187,#3188,
#3189,#3190,#3191,#3192,#3193,#3194,#3195,#3196,#3197,#3198,#3199,#3200,
#3201,#3202,#3203,#3204,#3205,#3206,#3207,#3208,#3209,#3210,#3211,#3212,
#3213,#3214,#3215,#3216,#3217,#3218,#3219,#3220,#3221,#3222,#3223,#3224,
#3225,#3226,#3227,#3228,#3229,#3230,#3231,#3232,#3233,#3234,#3235,#3236,
#3237,#3238,#3239,#3240,#3241,#3242,#3243,#3244,#3245,#3246,#3247,#3248,
#3249,#3250,#3251,#3252,#3253,#3254,#3255,#3256,#3257,#3258,#3259,#3260,
#3261,#3262,#3263,#3264));
#3266=DERIVED_UNIT_ELEMENT(#3268,1.);
#3267=DERIVED_UNIT_ELEMENT(#5407,-3.);
#3268=(
MASS_UNIT()
NAMED_UNIT(*)
SI_UNIT(.KILO.,.GRAM.)
);
#3269=DERIVED_UNIT((#3266,#3267));
#3270=MEASURE_REPRESENTATION_ITEM('density measure',
POSITIVE_RATIO_MEASURE(7850.),#3269);
#3271=PROPERTY_DEFINITION_REPRESENTATION(#3276,#3273);
#3272=PROPERTY_DEFINITION_REPRESENTATION(#3277,#3274);
#3273=REPRESENTATION('material name',(#3275),#5404);
#3274=REPRESENTATION('density',(#3270),#5404);
#3275=DESCRIPTIVE_REPRESENTATION_ITEM('Steel','Steel');
#3276=PROPERTY_DEFINITION('material property','material name',#5414);
#3277=PROPERTY_DEFINITION('material property','density of part',#5414);
#3278=AXIS2_PLACEMENT_3D('',#4475,#3567,#3568);
#3279=AXIS2_PLACEMENT_3D('',#4476,#3569,#3570);
#3280=AXIS2_PLACEMENT_3D('',#4478,#3571,#3572);
#3281=AXIS2_PLACEMENT_3D('',#4481,#3574,#3575);
#3282=AXIS2_PLACEMENT_3D('',#4482,#3576,#3577);
#3283=AXIS2_PLACEMENT_3D('',#4484,#3578,#3579);
#3284=AXIS2_PLACEMENT_3D('',#4487,#3581,#3582);
#3285=AXIS2_PLACEMENT_3D('',#4488,#3583,#3584);
#3286=AXIS2_PLACEMENT_3D('',#4490,#3585,#3586);
#3287=AXIS2_PLACEMENT_3D('',#4493,#3588,#3589);
#3288=AXIS2_PLACEMENT_3D('',#4494,#3590,#3591);
#3289=AXIS2_PLACEMENT_3D('',#4496,#3592,#3593);
#3290=AXIS2_PLACEMENT_3D('',#4499,#3595,#3596);
#3291=AXIS2_PLACEMENT_3D('',#4500,#3597,#3598);
#3292=AXIS2_PLACEMENT_3D('',#4502,#3599,#3600);
#3293=AXIS2_PLACEMENT_3D('',#4505,#3602,#3603);
#3294=AXIS2_PLACEMENT_3D('',#4506,#3604,#3605);
#3295=AXIS2_PLACEMENT_3D('',#4508,#3606,#3607);
#3296=AXIS2_PLACEMENT_3D('',#4511,#3609,#3610);
#3297=AXIS2_PLACEMENT_3D('',#4512,#3611,#3612);
#3298=AXIS2_PLACEMENT_3D('',#4514,#3613,#3614);
#3299=AXIS2_PLACEMENT_3D('',#4517,#3616,#3617);
#3300=AXIS2_PLACEMENT_3D('',#4518,#3618,#3619);
#3301=AXIS2_PLACEMENT_3D('',#4520,#3620,#3621);
#3302=AXIS2_PLACEMENT_3D('',#4523,#3623,#3624);
#3303=AXIS2_PLACEMENT_3D('',#4524,#3625,#3626);
#3304=AXIS2_PLACEMENT_3D('',#4526,#3627,#3628);
#3305=AXIS2_PLACEMENT_3D('',#4529,#3630,#3631);
#3306=AXIS2_PLACEMENT_3D('',#4530,#3632,#3633);
#3307=AXIS2_PLACEMENT_3D('',#4532,#3634,#3635);
#3308=AXIS2_PLACEMENT_3D('',#4535,#3637,#3638);
#3309=AXIS2_PLACEMENT_3D('',#4536,#3639,#3640);
#3310=AXIS2_PLACEMENT_3D('',#4538,#3641,#3642);
#3311=AXIS2_PLACEMENT_3D('',#4541,#3644,#3645);
#3312=AXIS2_PLACEMENT_3D('',#4542,#3646,#3647);
#3313=AXIS2_PLACEMENT_3D('',#4544,#3648,#3649);
#3314=AXIS2_PLACEMENT_3D('',#4547,#3651,#3652);
#3315=AXIS2_PLACEMENT_3D('',#4548,#3653,#3654);
#3316=AXIS2_PLACEMENT_3D('',#4557,#3659,#3660);
#3317=AXIS2_PLACEMENT_3D('',#4566,#3665,#3666);
#3318=AXIS2_PLACEMENT_3D('',#4569,#3669,#3670);
#3319=AXIS2_PLACEMENT_3D('',#4578,#3675,#3676);
#3320=AXIS2_PLACEMENT_3D('',#4584,#3680,#3681);
#3321=AXIS2_PLACEMENT_3D('',#4590,#3685,#3686);
#3322=AXIS2_PLACEMENT_3D('',#4599,#3691,#3692);
#3323=AXIS2_PLACEMENT_3D('',#4608,#3697,#3698);
#3324=AXIS2_PLACEMENT_3D('',#4611,#3701,#3702);
#3325=AXIS2_PLACEMENT_3D('',#4620,#3707,#3708);
#3326=AXIS2_PLACEMENT_3D('',#4626,#3712,#3713);
#3327=AXIS2_PLACEMENT_3D('',#4632,#3717,#3718);
#3328=AXIS2_PLACEMENT_3D('',#4641,#3723,#3724);
#3329=AXIS2_PLACEMENT_3D('',#4650,#3729,#3730);
#3330=AXIS2_PLACEMENT_3D('',#4653,#3733,#3734);
#3331=AXIS2_PLACEMENT_3D('',#4662,#3739,#3740);
#3332=AXIS2_PLACEMENT_3D('',#4668,#3744,#3745);
#3333=AXIS2_PLACEMENT_3D('',#4674,#3749,#3750);
#3334=AXIS2_PLACEMENT_3D('',#4683,#3755,#3756);
#3335=AXIS2_PLACEMENT_3D('',#4689,#3760,#3761);
#3336=AXIS2_PLACEMENT_3D('',#4695,#3765,#3766);
#3337=AXIS2_PLACEMENT_3D('',#4704,#3771,#3772);
#3338=AXIS2_PLACEMENT_3D('',#4710,#3776,#3777);
#3339=AXIS2_PLACEMENT_3D('',#4716,#3781,#3782);
#3340=AXIS2_PLACEMENT_3D('',#4722,#3786,#3787);
#3341=AXIS2_PLACEMENT_3D('',#4725,#3790,#3791);
#3342=AXIS2_PLACEMENT_3D('',#4728,#3794,#3795);
#3343=AXIS2_PLACEMENT_3D('',#4734,#3799,#3800);
#3344=AXIS2_PLACEMENT_3D('',#4737,#3803,#3804);
#3345=AXIS2_PLACEMENT_3D('',#4743,#3808,#3809);
#3346=AXIS2_PLACEMENT_3D('',#4746,#3812,#3813);
#3347=AXIS2_PLACEMENT_3D('',#4749,#3816,#3817);
#3348=AXIS2_PLACEMENT_3D('',#4755,#3821,#3822);
#3349=AXIS2_PLACEMENT_3D('',#4758,#3825,#3826);
#3350=AXIS2_PLACEMENT_3D('',#4795,#3845,#3846);
#3351=AXIS2_PLACEMENT_3D('',#4799,#3848,#3849);
#3352=AXIS2_PLACEMENT_3D('',#4803,#3851,#3852);
#3353=AXIS2_PLACEMENT_3D('',#4807,#3854,#3855);
#3354=AXIS2_PLACEMENT_3D('',#4811,#3857,#3858);
#3355=AXIS2_PLACEMENT_3D('',#4815,#3860,#3861);
#3356=AXIS2_PLACEMENT_3D('',#4819,#3863,#3864);
#3357=AXIS2_PLACEMENT_3D('',#4823,#3866,#3867);
#3358=AXIS2_PLACEMENT_3D('',#4826,#3869,#3870);
#3359=AXIS2_PLACEMENT_3D('',#4828,#3871,#3872);
#3360=AXIS2_PLACEMENT_3D('',#4830,#3873,#3874);
#3361=AXIS2_PLACEMENT_3D('',#4832,#3875,#3876);
#3362=AXIS2_PLACEMENT_3D('',#4834,#3877,#3878);
#3363=AXIS2_PLACEMENT_3D('',#4837,#3879,#3880);
#3364=AXIS2_PLACEMENT_3D('',#4841,#3882,#3883);
#3365=AXIS2_PLACEMENT_3D('',#4845,#3885,#3886);
#3366=AXIS2_PLACEMENT_3D('',#4849,#3888,#3889);
#3367=AXIS2_PLACEMENT_3D('',#4853,#3891,#3892);
#3368=AXIS2_PLACEMENT_3D('',#4857,#3894,#3895);
#3369=AXIS2_PLACEMENT_3D('',#4861,#3897,#3898);
#3370=AXIS2_PLACEMENT_3D('',#4865,#3900,#3901);
#3371=AXIS2_PLACEMENT_3D('',#4868,#3903,#3904);
#3372=AXIS2_PLACEMENT_3D('',#4870,#3905,#3906);
#3373=AXIS2_PLACEMENT_3D('',#4872,#3907,#3908);
#3374=AXIS2_PLACEMENT_3D('',#4874,#3909,#3910);
#3375=AXIS2_PLACEMENT_3D('',#4877,#3911,#3912);
#3376=AXIS2_PLACEMENT_3D('',#4881,#3914,#3915);
#3377=AXIS2_PLACEMENT_3D('',#4885,#3917,#3918);
#3378=AXIS2_PLACEMENT_3D('',#4889,#3920,#3921);
#3379=AXIS2_PLACEMENT_3D('',#4893,#3923,#3924);
#3380=AXIS2_PLACEMENT_3D('',#4897,#3926,#3927);
#3381=AXIS2_PLACEMENT_3D('',#4901,#3929,#3930);
#3382=AXIS2_PLACEMENT_3D('',#4905,#3932,#3933);
#3383=AXIS2_PLACEMENT_3D('',#4909,#3935,#3936);
#3384=AXIS2_PLACEMENT_3D('',#4913,#3938,#3939);
#3385=AXIS2_PLACEMENT_3D('',#4917,#3941,#3942);
#3386=AXIS2_PLACEMENT_3D('',#4921,#3944,#3945);
#3387=AXIS2_PLACEMENT_3D('',#4925,#3947,#3948);
#3388=AXIS2_PLACEMENT_3D('',#4929,#3950,#3951);
#3389=AXIS2_PLACEMENT_3D('',#4933,#3953,#3954);
#3390=AXIS2_PLACEMENT_3D('',#4937,#3956,#3957);
#3391=AXIS2_PLACEMENT_3D('',#4940,#3959,#3960);
#3392=AXIS2_PLACEMENT_3D('',#4942,#3961,#3962);
#3393=AXIS2_PLACEMENT_3D('',#4944,#3963,#3964);
#3394=AXIS2_PLACEMENT_3D('',#4947,#3965,#3966);
#3395=AXIS2_PLACEMENT_3D('',#4951,#3968,#3969);
#3396=AXIS2_PLACEMENT_3D('',#4955,#3971,#3972);
#3397=AXIS2_PLACEMENT_3D('',#4959,#3974,#3975);
#3398=AXIS2_PLACEMENT_3D('',#4962,#3977,#3978);
#3399=AXIS2_PLACEMENT_3D('',#4964,#3979,#3980);
#3400=AXIS2_PLACEMENT_3D('',#4966,#3981,#3982);
#3401=AXIS2_PLACEMENT_3D('',#4968,#3983,#3984);
#3402=AXIS2_PLACEMENT_3D('',#4970,#3985,#3986);
#3403=AXIS2_PLACEMENT_3D('',#4972,#3987,#3988);
#3404=AXIS2_PLACEMENT_3D('',#4973,#3989,#3990);
#3405=AXIS2_PLACEMENT_3D('',#4979,#3994,#3995);
#3406=AXIS2_PLACEMENT_3D('',#4983,#3998,#3999);
#3407=AXIS2_PLACEMENT_3D('',#4987,#4002,#4003);
#3408=AXIS2_PLACEMENT_3D('',#4991,#4006,#4007);
#3409=AXIS2_PLACEMENT_3D('',#4997,#4011,#4012);
#3410=AXIS2_PLACEMENT_3D('',#5003,#4016,#4017);
#3411=AXIS2_PLACEMENT_3D('',#5005,#4019,#4020);
#3412=AXIS2_PLACEMENT_3D('',#5009,#4023,#4024);
#3413=AXIS2_PLACEMENT_3D('',#5013,#4027,#4028);
#3414=AXIS2_PLACEMENT_3D('',#5015,#4029,#4030);
#3415=AXIS2_PLACEMENT_3D('',#5017,#4032,#4033);
#3416=AXIS2_PLACEMENT_3D('',#5019,#4034,#4035);
#3417=AXIS2_PLACEMENT_3D('',#5021,#4037,#4038);
#3418=AXIS2_PLACEMENT_3D('',#5023,#4039,#4040);
#3419=AXIS2_PLACEMENT_3D('',#5025,#4042,#4043);
#3420=AXIS2_PLACEMENT_3D('',#5027,#4044,#4045);
#3421=AXIS2_PLACEMENT_3D('',#5029,#4047,#4048);
#3422=AXIS2_PLACEMENT_3D('',#5031,#4049,#4050);
#3423=AXIS2_PLACEMENT_3D('',#5033,#4052,#4053);
#3424=AXIS2_PLACEMENT_3D('',#5035,#4054,#4055);
#3425=AXIS2_PLACEMENT_3D('',#5037,#4057,#4058);
#3426=AXIS2_PLACEMENT_3D('',#5041,#4061,#4062);
#3427=AXIS2_PLACEMENT_3D('',#5045,#4065,#4066);
#3428=AXIS2_PLACEMENT_3D('',#5049,#4069,#4070);
#3429=AXIS2_PLACEMENT_3D('',#5053,#4073,#4074);
#3430=AXIS2_PLACEMENT_3D('',#5057,#4077,#4078);
#3431=AXIS2_PLACEMENT_3D('',#5059,#4080,#4081);
#3432=AXIS2_PLACEMENT_3D('',#5061,#4083,#4084);
#3433=AXIS2_PLACEMENT_3D('',#5068,#4088,#4089);
#3434=AXIS2_PLACEMENT_3D('',#5072,#4091,#4092);
#3435=AXIS2_PLACEMENT_3D('',#5076,#4094,#4095);
#3436=AXIS2_PLACEMENT_3D('',#5079,#4097,#4098);
#3437=AXIS2_PLACEMENT_3D('',#5081,#4099,#4100);
#3438=AXIS2_PLACEMENT_3D('',#5083,#4101,#4102);
#3439=AXIS2_PLACEMENT_3D('',#5085,#4103,#4104);
#3440=AXIS2_PLACEMENT_3D('',#5087,#4105,#4106);
#3441=AXIS2_PLACEMENT_3D('',#5089,#4107,#4108);
#3442=AXIS2_PLACEMENT_3D('',#5091,#4109,#4110);
#3443=AXIS2_PLACEMENT_3D('',#5093,#4111,#4112);
#3444=AXIS2_PLACEMENT_3D('',#5095,#4113,#4114);
#3445=AXIS2_PLACEMENT_3D('',#5097,#4115,#4116);
#3446=AXIS2_PLACEMENT_3D('',#5099,#4117,#4118);
#3447=AXIS2_PLACEMENT_3D('',#5101,#4119,#4120);
#3448=AXIS2_PLACEMENT_3D('',#5103,#4121,#4122);
#3449=AXIS2_PLACEMENT_3D('',#5106,#4123,#4124);
#3450=AXIS2_PLACEMENT_3D('',#5110,#4126,#4127);
#3451=AXIS2_PLACEMENT_3D('',#5114,#4129,#4130);
#3452=AXIS2_PLACEMENT_3D('',#5118,#4132,#4133);
#3453=AXIS2_PLACEMENT_3D('',#5122,#4135,#4136);
#3454=AXIS2_PLACEMENT_3D('',#5126,#4138,#4139);
#3455=AXIS2_PLACEMENT_3D('',#5130,#4141,#4142);
#3456=AXIS2_PLACEMENT_3D('',#5134,#4144,#4145);
#3457=AXIS2_PLACEMENT_3D('',#5138,#4147,#4148);
#3458=AXIS2_PLACEMENT_3D('',#5142,#4150,#4151);
#3459=AXIS2_PLACEMENT_3D('',#5146,#4153,#4154);
#3460=AXIS2_PLACEMENT_3D('',#5150,#4156,#4157);
#3461=AXIS2_PLACEMENT_3D('',#5154,#4159,#4160);
#3462=AXIS2_PLACEMENT_3D('',#5158,#4162,#4163);
#3463=AXIS2_PLACEMENT_3D('',#5162,#4165,#4166);
#3464=AXIS2_PLACEMENT_3D('',#5166,#4168,#4169);
#3465=AXIS2_PLACEMENT_3D('',#5170,#4171,#4172);
#3466=AXIS2_PLACEMENT_3D('',#5174,#4174,#4175);
#3467=AXIS2_PLACEMENT_3D('',#5178,#4177,#4178);
#3468=AXIS2_PLACEMENT_3D('',#5182,#4180,#4181);
#3469=AXIS2_PLACEMENT_3D('',#5186,#4183,#4184);
#3470=AXIS2_PLACEMENT_3D('',#5190,#4186,#4187);
#3471=AXIS2_PLACEMENT_3D('',#5194,#4189,#4190);
#3472=AXIS2_PLACEMENT_3D('',#5198,#4192,#4193);
#3473=AXIS2_PLACEMENT_3D('',#5202,#4195,#4196);
#3474=AXIS2_PLACEMENT_3D('',#5206,#4198,#4199);
#3475=AXIS2_PLACEMENT_3D('',#5210,#4201,#4202);
#3476=AXIS2_PLACEMENT_3D('',#5214,#4204,#4205);
#3477=AXIS2_PLACEMENT_3D('',#5218,#4207,#4208);
#3478=AXIS2_PLACEMENT_3D('',#5222,#4210,#4211);
#3479=AXIS2_PLACEMENT_3D('',#5226,#4213,#4214);
#3480=AXIS2_PLACEMENT_3D('',#5230,#4216,#4217);
#3481=AXIS2_PLACEMENT_3D('',#5232,#4219,#4220);
#3482=AXIS2_PLACEMENT_3D('',#5233,#4221,#4222);
#3483=AXIS2_PLACEMENT_3D('',#5234,#4223,#4224);
#3484=AXIS2_PLACEMENT_3D('',#5237,#4227,#4228);
#3485=AXIS2_PLACEMENT_3D('',#5239,#4230,#4231);
#3486=AXIS2_PLACEMENT_3D('',#5242,#4234,#4235);
#3487=AXIS2_PLACEMENT_3D('',#5244,#4237,#4238);
#3488=AXIS2_PLACEMENT_3D('',#5247,#4241,#4242);
#3489=AXIS2_PLACEMENT_3D('',#5249,#4244,#4245);
#3490=AXIS2_PLACEMENT_3D('',#5252,#4248,#4249);
#3491=AXIS2_PLACEMENT_3D('',#5254,#4251,#4252);
#3492=AXIS2_PLACEMENT_3D('',#5257,#4255,#4256);
#3493=AXIS2_PLACEMENT_3D('',#5259,#4258,#4259);
#3494=AXIS2_PLACEMENT_3D('',#5262,#4262,#4263);
#3495=AXIS2_PLACEMENT_3D('',#5264,#4265,#4266);
#3496=AXIS2_PLACEMENT_3D('',#5267,#4269,#4270);
#3497=AXIS2_PLACEMENT_3D('',#5269,#4272,#4273);
#3498=AXIS2_PLACEMENT_3D('',#5272,#4276,#4277);
#3499=AXIS2_PLACEMENT_3D('',#5274,#4279,#4280);
#3500=AXIS2_PLACEMENT_3D('',#5277,#4283,#4284);
#3501=AXIS2_PLACEMENT_3D('',#5279,#4286,#4287);
#3502=AXIS2_PLACEMENT_3D('',#5281,#4289,#4290);
#3503=AXIS2_PLACEMENT_3D('',#5283,#4292,#4293);
#3504=AXIS2_PLACEMENT_3D('',#5285,#4295,#4296);
#3505=AXIS2_PLACEMENT_3D('',#5287,#4298,#4299);
#3506=AXIS2_PLACEMENT_3D('',#5290,#4302,#4303);
#3507=AXIS2_PLACEMENT_3D('',#5292,#4305,#4306);
#3508=AXIS2_PLACEMENT_3D('',#5294,#4308,#4309);
#3509=AXIS2_PLACEMENT_3D('',#5296,#4311,#4312);
#3510=AXIS2_PLACEMENT_3D('',#5299,#4315,#4316);
#3511=AXIS2_PLACEMENT_3D('',#5301,#4318,#4319);
#3512=AXIS2_PLACEMENT_3D('',#5303,#4321,#4322);
#3513=AXIS2_PLACEMENT_3D('',#5304,#4323,#4324);
#3514=AXIS2_PLACEMENT_3D('',#5306,#4326,#4327);
#3515=AXIS2_PLACEMENT_3D('',#5308,#4329,#4330);
#3516=AXIS2_PLACEMENT_3D('',#5311,#4333,#4334);
#3517=AXIS2_PLACEMENT_3D('',#5313,#4336,#4337);
#3518=AXIS2_PLACEMENT_3D('',#5315,#4339,#4340);
#3519=AXIS2_PLACEMENT_3D('',#5317,#4342,#4343);
#3520=AXIS2_PLACEMENT_3D('',#5319,#4345,#4346);
#3521=AXIS2_PLACEMENT_3D('',#5321,#4348,#4349);
#3522=AXIS2_PLACEMENT_3D('',#5322,#4350,#4351);
#3523=AXIS2_PLACEMENT_3D('',#5324,#4353,#4354);
#3524=AXIS2_PLACEMENT_3D('',#5327,#4357,#4358);
#3525=AXIS2_PLACEMENT_3D('',#5329,#4360,#4361);
#3526=AXIS2_PLACEMENT_3D('',#5332,#4364,#4365);
#3527=AXIS2_PLACEMENT_3D('',#5333,#4366,#4367);
#3528=AXIS2_PLACEMENT_3D('',#5335,#4369,#4370);
#3529=AXIS2_PLACEMENT_3D('',#5338,#4373,#4374);
#3530=AXIS2_PLACEMENT_3D('',#5340,#4376,#4377);
#3531=AXIS2_PLACEMENT_3D('',#5341,#4378,#4379);
#3532=AXIS2_PLACEMENT_3D('',#5344,#4382,#4383);
#3533=AXIS2_PLACEMENT_3D('',#5345,#4384,#4385);
#3534=AXIS2_PLACEMENT_3D('',#5347,#4387,#4388);
#3535=AXIS2_PLACEMENT_3D('',#5349,#4390,#4391);
#3536=AXIS2_PLACEMENT_3D('',#5350,#4392,#4393);
#3537=AXIS2_PLACEMENT_3D('',#5353,#4396,#4397);
#3538=AXIS2_PLACEMENT_3D('',#5354,#4398,#4399);
#3539=AXIS2_PLACEMENT_3D('',#5356,#4401,#4402);
#3540=AXIS2_PLACEMENT_3D('',#5359,#4405,#4406);
#3541=AXIS2_PLACEMENT_3D('',#5361,#4408,#4409);
#3542=AXIS2_PLACEMENT_3D('',#5362,#4410,#4411);
#3543=AXIS2_PLACEMENT_3D('',#5365,#4414,#4415);
#3544=AXIS2_PLACEMENT_3D('',#5366,#4416,#4417);
#3545=AXIS2_PLACEMENT_3D('',#5368,#4419,#4420);
#3546=AXIS2_PLACEMENT_3D('',#5369,#4421,#4422);
#3547=AXIS2_PLACEMENT_3D('',#5370,#4423,#4424);
#3548=AXIS2_PLACEMENT_3D('',#5371,#4425,#4426);
#3549=AXIS2_PLACEMENT_3D('',#5372,#4427,#4428);
#3550=AXIS2_PLACEMENT_3D('',#5373,#4429,#4430);
#3551=AXIS2_PLACEMENT_3D('',#5374,#4431,#4432);
#3552=AXIS2_PLACEMENT_3D('',#5375,#4433,#4434);
#3553=AXIS2_PLACEMENT_3D('',#5377,#4436,#4437);
#3554=AXIS2_PLACEMENT_3D('',#5379,#4439,#4440);
#3555=AXIS2_PLACEMENT_3D('',#5381,#4442,#4443);
#3556=AXIS2_PLACEMENT_3D('',#5382,#4444,#4445);
#3557=AXIS2_PLACEMENT_3D('',#5383,#4446,#4447);
#3558=AXIS2_PLACEMENT_3D('',#5385,#4449,#4450);
#3559=AXIS2_PLACEMENT_3D('',#5387,#4452,#4453);
#3560=AXIS2_PLACEMENT_3D('',#5389,#4455,#4456);
#3561=AXIS2_PLACEMENT_3D('',#5391,#4458,#4459);
#3562=AXIS2_PLACEMENT_3D('',#5393,#4461,#4462);
#3563=AXIS2_PLACEMENT_3D('',#5395,#4464,#4465);
#3564=AXIS2_PLACEMENT_3D('',#5397,#4467,#4468);
#3565=AXIS2_PLACEMENT_3D('',#5399,#4470,#4471);
#3566=AXIS2_PLACEMENT_3D('',#5401,#4473,#4474);
#3567=DIRECTION('axis',(0.,0.,1.));
#3568=DIRECTION('refdir',(1.,0.,0.));
#3569=DIRECTION('center_axis',(0.,0.,-1.));
#3570=DIRECTION('ref_axis',(-1.,0.,0.));
#3571=DIRECTION('center_axis',(0.,0.,-1.));
#3572=DIRECTION('ref_axis',(-1.,0.,0.));
#3573=DIRECTION('',(0.,0.,-1.));
#3574=DIRECTION('center_axis',(0.,0.,1.));
#3575=DIRECTION('ref_axis',(-1.,0.,0.));
#3576=DIRECTION('center_axis',(0.,0.,-1.));
#3577=DIRECTION('ref_axis',(-1.,0.,0.));
#3578=DIRECTION('center_axis',(0.,0.,-1.));
#3579=DIRECTION('ref_axis',(-1.,0.,0.));
#3580=DIRECTION('',(0.,0.,-1.));
#3581=DIRECTION('center_axis',(0.,0.,1.));
#3582=DIRECTION('ref_axis',(-1.,0.,0.));
#3583=DIRECTION('center_axis',(0.,0.,-1.));
#3584=DIRECTION('ref_axis',(-1.,0.,0.));
#3585=DIRECTION('center_axis',(0.,0.,-1.));
#3586=DIRECTION('ref_axis',(-1.,0.,0.));
#3587=DIRECTION('',(0.,0.,-1.));
#3588=DIRECTION('center_axis',(0.,0.,1.));
#3589=DIRECTION('ref_axis',(-1.,0.,0.));
#3590=DIRECTION('center_axis',(0.,0.,-1.));
#3591=DIRECTION('ref_axis',(-1.,0.,0.));
#3592=DIRECTION('center_axis',(0.,0.,-1.));
#3593=DIRECTION('ref_axis',(-1.,0.,0.));
#3594=DIRECTION('',(0.,0.,-1.));
#3595=DIRECTION('center_axis',(0.,0.,1.));
#3596=DIRECTION('ref_axis',(-1.,0.,0.));
#3597=DIRECTION('center_axis',(0.,0.,-1.));
#3598=DIRECTION('ref_axis',(-1.,0.,0.));
#3599=DIRECTION('center_axis',(0.,0.,-1.));
#3600=DIRECTION('ref_axis',(-1.,0.,0.));
#3601=DIRECTION('',(0.,0.,-1.));
#3602=DIRECTION('center_axis',(0.,0.,1.));
#3603=DIRECTION('ref_axis',(-1.,0.,0.));
#3604=DIRECTION('center_axis',(0.,0.,-1.));
#3605=DIRECTION('ref_axis',(-1.,0.,0.));
#3606=DIRECTION('center_axis',(0.,0.,-1.));
#3607=DIRECTION('ref_axis',(-1.,0.,0.));
#3608=DIRECTION('',(0.,0.,-1.));
#3609=DIRECTION('center_axis',(0.,0.,1.));
#3610=DIRECTION('ref_axis',(-1.,0.,0.));
#3611=DIRECTION('center_axis',(0.,0.,-1.));
#3612=DIRECTION('ref_axis',(-1.,0.,0.));
#3613=DIRECTION('center_axis',(0.,0.,-1.));
#3614=DIRECTION('ref_axis',(-1.,0.,0.));
#3615=DIRECTION('',(0.,0.,-1.));
#3616=DIRECTION('center_axis',(0.,0.,1.));
#3617=DIRECTION('ref_axis',(-1.,0.,0.));
#3618=DIRECTION('center_axis',(0.,0.,-1.));
#3619=DIRECTION('ref_axis',(-1.,0.,0.));
#3620=DIRECTION('center_axis',(0.,0.,-1.));
#3621=DIRECTION('ref_axis',(-1.,0.,0.));
#3622=DIRECTION('',(0.,0.,-1.));
#3623=DIRECTION('center_axis',(0.,0.,1.));
#3624=DIRECTION('ref_axis',(-1.,0.,0.));
#3625=DIRECTION('center_axis',(0.,0.,-1.));
#3626=DIRECTION('ref_axis',(-1.,0.,0.));
#3627=DIRECTION('center_axis',(0.,0.,-1.));
#3628=DIRECTION('ref_axis',(-1.,0.,0.));
#3629=DIRECTION('',(0.,0.,-1.));
#3630=DIRECTION('center_axis',(0.,0.,1.));
#3631=DIRECTION('ref_axis',(-1.,0.,0.));
#3632=DIRECTION('center_axis',(0.,0.,-1.));
#3633=DIRECTION('ref_axis',(-1.,0.,0.));
#3634=DIRECTION('center_axis',(0.,0.,-1.));
#3635=DIRECTION('ref_axis',(-1.,0.,0.));
#3636=DIRECTION('',(0.,0.,-1.));
#3637=DIRECTION('center_axis',(0.,0.,1.));
#3638=DIRECTION('ref_axis',(-1.,0.,0.));
#3639=DIRECTION('center_axis',(0.,0.,-1.));
#3640=DIRECTION('ref_axis',(-1.,0.,0.));
#3641=DIRECTION('center_axis',(0.,0.,-1.));
#3642=DIRECTION('ref_axis',(-1.,0.,0.));
#3643=DIRECTION('',(0.,0.,-1.));
#3644=DIRECTION('center_axis',(0.,0.,1.));
#3645=DIRECTION('ref_axis',(-1.,0.,0.));
#3646=DIRECTION('center_axis',(0.,0.,-1.));
#3647=DIRECTION('ref_axis',(-1.,0.,0.));
#3648=DIRECTION('center_axis',(0.,0.,-1.));
#3649=DIRECTION('ref_axis',(-1.,0.,0.));
#3650=DIRECTION('',(0.,0.,-1.));
#3651=DIRECTION('center_axis',(0.,0.,1.));
#3652=DIRECTION('ref_axis',(-1.,0.,0.));
#3653=DIRECTION('center_axis',(1.,0.,0.));
#3654=DIRECTION('ref_axis',(0.,-1.,0.));
#3655=DIRECTION('',(0.,1.,0.));
#3656=DIRECTION('',(0.,0.,-1.));
#3657=DIRECTION('',(0.,-1.,0.));
#3658=DIRECTION('',(0.,0.,1.));
#3659=DIRECTION('center_axis',(-1.,0.,0.));
#3660=DIRECTION('ref_axis',(0.,1.,0.));
#3661=DIRECTION('',(0.,-1.,0.));
#3662=DIRECTION('',(0.,0.,-1.));
#3663=DIRECTION('',(0.,1.,0.));
#3664=DIRECTION('',(0.,0.,-1.));
#3665=DIRECTION('center_axis',(0.,-1.,0.));
#3666=DIRECTION('ref_axis',(-1.,0.,0.));
#3667=DIRECTION('',(1.,0.,0.));
#3668=DIRECTION('',(-1.,0.,0.));
#3669=DIRECTION('center_axis',(-1.,0.,0.));
#3670=DIRECTION('ref_axis',(0.,1.,0.));
#3671=DIRECTION('',(0.,-1.,0.));
#3672=DIRECTION('',(0.,0.,-1.));
#3673=DIRECTION('',(0.,1.,0.));
#3674=DIRECTION('',(0.,0.,-1.));
#3675=DIRECTION('center_axis',(0.,-1.,0.));
#3676=DIRECTION('ref_axis',(-1.,0.,0.));
#3677=DIRECTION('',(1.,0.,0.));
#3678=DIRECTION('',(-1.,0.,0.));
#3679=DIRECTION('',(0.,0.,-1.));
#3680=DIRECTION('center_axis',(1.,0.,0.));
#3681=DIRECTION('ref_axis',(0.,-1.,0.));
#3682=DIRECTION('',(0.,1.,0.));
#3683=DIRECTION('',(0.,-1.,0.));
#3684=DIRECTION('',(0.,0.,1.));
#3685=DIRECTION('center_axis',(-1.,0.,0.));
#3686=DIRECTION('ref_axis',(0.,1.,0.));
#3687=DIRECTION('',(0.,-1.,0.));
#3688=DIRECTION('',(0.,0.,-1.));
#3689=DIRECTION('',(0.,1.,0.));
#3690=DIRECTION('',(0.,0.,1.));
#3691=DIRECTION('center_axis',(1.,0.,0.));
#3692=DIRECTION('ref_axis',(0.,-1.,0.));
#3693=DIRECTION('',(0.,1.,0.));
#3694=DIRECTION('',(0.,0.,-1.));
#3695=DIRECTION('',(0.,-1.,0.));
#3696=DIRECTION('',(0.,0.,-1.));
#3697=DIRECTION('center_axis',(0.,1.,0.));
#3698=DIRECTION('ref_axis',(1.,0.,0.));
#3699=DIRECTION('',(-1.,0.,0.));
#3700=DIRECTION('',(1.,0.,0.));
#3701=DIRECTION('center_axis',(1.,0.,0.));
#3702=DIRECTION('ref_axis',(0.,-1.,0.));
#3703=DIRECTION('',(0.,1.,0.));
#3704=DIRECTION('',(0.,0.,-1.));
#3705=DIRECTION('',(0.,-1.,0.));
#3706=DIRECTION('',(0.,0.,-1.));
#3707=DIRECTION('center_axis',(0.,1.,0.));
#3708=DIRECTION('ref_axis',(1.,0.,0.));
#3709=DIRECTION('',(-1.,0.,0.));
#3710=DIRECTION('',(1.,0.,0.));
#3711=DIRECTION('',(0.,0.,-1.));
#3712=DIRECTION('center_axis',(-1.,0.,0.));
#3713=DIRECTION('ref_axis',(0.,1.,0.));
#3714=DIRECTION('',(0.,-1.,0.));
#3715=DIRECTION('',(0.,1.,0.));
#3716=DIRECTION('',(0.,0.,1.));
#3717=DIRECTION('center_axis',(1.,0.,0.));
#3718=DIRECTION('ref_axis',(0.,-1.,0.));
#3719=DIRECTION('',(0.,1.,0.));
#3720=DIRECTION('',(0.,0.,-1.));
#3721=DIRECTION('',(0.,-1.,0.));
#3722=DIRECTION('',(0.,0.,1.));
#3723=DIRECTION('center_axis',(-1.,0.,0.));
#3724=DIRECTION('ref_axis',(0.,1.,0.));
#3725=DIRECTION('',(0.,-1.,0.));
#3726=DIRECTION('',(0.,0.,-1.));
#3727=DIRECTION('',(0.,1.,0.));
#3728=DIRECTION('',(0.,0.,-1.));
#3729=DIRECTION('center_axis',(0.,-1.,0.));
#3730=DIRECTION('ref_axis',(-1.,0.,0.));
#3731=DIRECTION('',(1.,0.,0.));
#3732=DIRECTION('',(-1.,0.,0.));
#3733=DIRECTION('center_axis',(-1.,0.,0.));
#3734=DIRECTION('ref_axis',(0.,1.,0.));
#3735=DIRECTION('',(0.,-1.,0.));
#3736=DIRECTION('',(0.,0.,-1.));
#3737=DIRECTION('',(0.,1.,0.));
#3738=DIRECTION('',(0.,0.,-1.));
#3739=DIRECTION('center_axis',(0.,-1.,0.));
#3740=DIRECTION('ref_axis',(-1.,0.,0.));
#3741=DIRECTION('',(1.,0.,0.));
#3742=DIRECTION('',(-1.,0.,0.));
#3743=DIRECTION('',(0.,0.,-1.));
#3744=DIRECTION('center_axis',(1.,0.,0.));
#3745=DIRECTION('ref_axis',(0.,-1.,0.));
#3746=DIRECTION('',(0.,1.,0.));
#3747=DIRECTION('',(0.,-1.,0.));
#3748=DIRECTION('',(0.,0.,1.));
#3749=DIRECTION('center_axis',(1.,0.,0.));
#3750=DIRECTION('ref_axis',(0.,-1.,0.));
#3751=DIRECTION('',(0.,1.,0.));
#3752=DIRECTION('',(0.,0.,-1.));
#3753=DIRECTION('',(0.,-1.,0.));
#3754=DIRECTION('',(0.,0.,-1.));
#3755=DIRECTION('center_axis',(0.,1.,0.));
#3756=DIRECTION('ref_axis',(1.,0.,0.));
#3757=DIRECTION('',(-1.,0.,0.));
#3758=DIRECTION('',(1.,0.,0.));
#3759=DIRECTION('',(0.,0.,-1.));
#3760=DIRECTION('center_axis',(-1.,0.,0.));
#3761=DIRECTION('ref_axis',(0.,1.,0.));
#3762=DIRECTION('',(0.,-1.,0.));
#3763=DIRECTION('',(0.,1.,0.));
#3764=DIRECTION('',(0.,0.,1.));
#3765=DIRECTION('center_axis',(1.,0.,0.));
#3766=DIRECTION('ref_axis',(0.,-1.,0.));
#3767=DIRECTION('',(0.,1.,0.));
#3768=DIRECTION('',(0.,0.,-1.));
#3769=DIRECTION('',(0.,-1.,0.));
#3770=DIRECTION('',(0.,0.,-1.));
#3771=DIRECTION('center_axis',(0.,1.,0.));
#3772=DIRECTION('ref_axis',(1.,0.,0.));
#3773=DIRECTION('',(-1.,0.,0.));
#3774=DIRECTION('',(1.,0.,0.));
#3775=DIRECTION('',(0.,0.,-1.));
#3776=DIRECTION('center_axis',(-1.,0.,0.));
#3777=DIRECTION('ref_axis',(0.,1.,0.));
#3778=DIRECTION('',(0.,-1.,0.));
#3779=DIRECTION('',(0.,1.,0.));
#3780=DIRECTION('',(0.,0.,1.));
#3781=DIRECTION('center_axis',(0.,1.,0.));
#3782=DIRECTION('ref_axis',(-1.,0.,0.));
#3783=DIRECTION('',(-1.,0.,0.));
#3784=DIRECTION('',(0.,0.,1.));
#3785=DIRECTION('',(-1.,0.,0.));
#3786=DIRECTION('center_axis',(0.,1.,0.));
#3787=DIRECTION('ref_axis',(-1.,0.,0.));
#3788=DIRECTION('',(-1.,0.,0.));
#3789=DIRECTION('',(-1.,0.,0.));
#3790=DIRECTION('center_axis',(0.,1.,0.));
#3791=DIRECTION('ref_axis',(-1.,0.,0.));
#3792=DIRECTION('',(-1.,0.,0.));
#3793=DIRECTION('',(-1.,0.,0.));
#3794=DIRECTION('center_axis',(0.,1.,0.));
#3795=DIRECTION('ref_axis',(-1.,0.,0.));
#3796=DIRECTION('',(-1.,0.,0.));
#3797=DIRECTION('',(0.,0.,1.));
#3798=DIRECTION('',(-1.,0.,0.));
#3799=DIRECTION('center_axis',(0.,1.,0.));
#3800=DIRECTION('ref_axis',(-1.,0.,0.));
#3801=DIRECTION('',(-1.,0.,0.));
#3802=DIRECTION('',(-1.,0.,0.));
#3803=DIRECTION('center_axis',(2.73156008844686E-33,-1.,0.));
#3804=DIRECTION('ref_axis',(1.,2.73156008844686E-33,0.));
#3805=DIRECTION('',(1.,2.73156008844686E-33,0.));
#3806=DIRECTION('',(0.,0.,1.));
#3807=DIRECTION('',(1.,2.73156008844686E-33,0.));
#3808=DIRECTION('center_axis',(2.73156008844686E-33,-1.,0.));
#3809=DIRECTION('ref_axis',(1.,2.73156008844686E-33,0.));
#3810=DIRECTION('',(1.,2.73156008844686E-33,0.));
#3811=DIRECTION('',(1.,2.73156008844686E-33,0.));
#3812=DIRECTION('center_axis',(2.73156008844686E-33,-1.,0.));
#3813=DIRECTION('ref_axis',(1.,2.73156008844686E-33,0.));
#3814=DIRECTION('',(1.,2.73156008844686E-33,0.));
#3815=DIRECTION('',(1.,2.73156008844686E-33,0.));
#3816=DIRECTION('center_axis',(2.73156008844686E-33,-1.,0.));
#3817=DIRECTION('ref_axis',(1.,2.73156008844686E-33,0.));
#3818=DIRECTION('',(1.,2.73156008844686E-33,0.));
#3819=DIRECTION('',(0.,0.,1.));
#3820=DIRECTION('',(1.,2.73156008844686E-33,0.));
#3821=DIRECTION('center_axis',(2.73156008844686E-33,-1.,0.));
#3822=DIRECTION('ref_axis',(1.,2.73156008844686E-33,0.));
#3823=DIRECTION('',(1.,2.73156008844686E-33,0.));
#3824=DIRECTION('',(1.,2.73156008844686E-33,0.));
#3825=DIRECTION('center_axis',(0.,0.,1.));
#3826=DIRECTION('ref_axis',(1.,0.,0.));
#3827=DIRECTION('',(0.,1.,0.));
#3828=DIRECTION('',(-1.,0.,0.));
#3829=DIRECTION('',(0.,-1.,0.));
#3830=DIRECTION('',(-1.,0.,0.));
#3831=DIRECTION('',(0.,1.,0.));
#3832=DIRECTION('',(1.,0.,0.));
#3833=DIRECTION('',(0.,-1.,0.));
#3834=DIRECTION('',(1.,0.,0.));
#3835=DIRECTION('',(0.,1.,0.));
#3836=DIRECTION('',(0.,-1.,0.));
#3837=DIRECTION('',(1.,0.,0.));
#3838=DIRECTION('',(0.,1.,0.));
#3839=DIRECTION('',(1.,0.,0.));
#3840=DIRECTION('',(0.,-1.,0.));
#3841=DIRECTION('',(-1.,0.,0.));
#3842=DIRECTION('',(0.,1.,0.));
#3843=DIRECTION('',(-1.,0.,0.));
#3844=DIRECTION('',(0.,-1.,0.));
#3845=DIRECTION('center_axis',(0.,0.,1.));
#3846=DIRECTION('ref_axis',(-0.707106781186548,0.707106781186548,0.));
#3847=DIRECTION('',(-1.,0.,0.));
#3848=DIRECTION('center_axis',(0.,0.,-1.));
#3849=DIRECTION('ref_axis',(0.707106781186546,-0.707106781186549,0.));
#3850=DIRECTION('',(0.,-1.,0.));
#3851=DIRECTION('center_axis',(0.,0.,-1.));
#3852=DIRECTION('ref_axis',(0.707106781186551,0.707106781186544,0.));
#3853=DIRECTION('',(1.,0.,0.));
#3854=DIRECTION('center_axis',(0.,0.,1.));
#3855=DIRECTION('ref_axis',(-0.707106781186546,-0.707106781186549,0.));
#3856=DIRECTION('',(-1.30614473485312E-15,-1.,0.));
#3857=DIRECTION('center_axis',(0.,0.,-1.));
#3858=DIRECTION('ref_axis',(0.707106781186546,0.707106781186549,0.));
#3859=DIRECTION('',(1.,0.,0.));
#3860=DIRECTION('center_axis',(0.,0.,-1.));
#3861=DIRECTION('ref_axis',(-0.707106781186546,0.707106781186549,0.));
#3862=DIRECTION('',(0.,1.,0.));
#3863=DIRECTION('center_axis',(0.,0.,-1.));
#3864=DIRECTION('ref_axis',(-0.707106781186548,-0.707106781186547,0.));
#3865=DIRECTION('',(-1.,0.,0.));
#3866=DIRECTION('center_axis',(0.,0.,-1.));
#3867=DIRECTION('ref_axis',(0.707106781186547,-0.707106781186548,0.));
#3868=DIRECTION('',(5.2245789394125E-16,-1.,0.));
#3869=DIRECTION('center_axis',(0.,0.,-1.));
#3870=DIRECTION('ref_axis',(1.,0.,0.));
#3871=DIRECTION('center_axis',(0.,0.,-1.));
#3872=DIRECTION('ref_axis',(1.,0.,0.));
#3873=DIRECTION('center_axis',(0.,0.,-1.));
#3874=DIRECTION('ref_axis',(1.,0.,0.));
#3875=DIRECTION('center_axis',(0.,0.,-1.));
#3876=DIRECTION('ref_axis',(1.,0.,0.));
#3877=DIRECTION('center_axis',(0.,0.,-1.));
#3878=DIRECTION('ref_axis',(1.,0.,0.));
#3879=DIRECTION('center_axis',(0.,0.,1.));
#3880=DIRECTION('ref_axis',(-0.70710678118654,0.707106781186555,0.));
#3881=DIRECTION('',(-1.,1.77635683940024E-15,0.));
#3882=DIRECTION('center_axis',(0.,0.,-1.));
#3883=DIRECTION('ref_axis',(0.707106781186552,-0.707106781186543,0.));
#3884=DIRECTION('',(0.,-1.,0.));
#3885=DIRECTION('center_axis',(0.,0.,-1.));
#3886=DIRECTION('ref_axis',(0.707106781186554,0.707106781186541,0.));
#3887=DIRECTION('',(1.,0.,0.));
#3888=DIRECTION('center_axis',(0.,0.,1.));
#3889=DIRECTION('ref_axis',(-0.707106781186538,-0.707106781186557,0.));
#3890=DIRECTION('',(2.089831575765E-15,-1.,0.));
#3891=DIRECTION('center_axis',(0.,0.,-1.));
#3892=DIRECTION('ref_axis',(0.707106781186538,0.707106781186557,0.));
#3893=DIRECTION('',(1.,0.,0.));
#3894=DIRECTION('center_axis',(0.,0.,-1.));
#3895=DIRECTION('ref_axis',(-0.707106781186544,0.707106781186551,0.));
#3896=DIRECTION('',(0.,1.,0.));
#3897=DIRECTION('center_axis',(0.,0.,-1.));
#3898=DIRECTION('ref_axis',(-0.707106781186547,-0.707106781186548,0.));
#3899=DIRECTION('',(-1.,0.,0.));
#3900=DIRECTION('center_axis',(0.,0.,-1.));
#3901=DIRECTION('ref_axis',(0.707106781186553,-0.707106781186542,0.));
#3902=DIRECTION('',(2.089831575765E-15,-1.,0.));
#3903=DIRECTION('center_axis',(0.,0.,-1.));
#3904=DIRECTION('ref_axis',(1.,0.,0.));
#3905=DIRECTION('center_axis',(0.,0.,-1.));
#3906=DIRECTION('ref_axis',(1.,0.,0.));
#3907=DIRECTION('center_axis',(0.,0.,-1.));
#3908=DIRECTION('ref_axis',(1.,0.,0.));
#3909=DIRECTION('center_axis',(0.,0.,-1.));
#3910=DIRECTION('ref_axis',(1.,0.,0.));
#3911=DIRECTION('center_axis',(0.,0.,1.));
#3912=DIRECTION('ref_axis',(0.707106781186546,0.707106781186549,0.));
#3913=DIRECTION('',(1.0449157878825E-15,1.,0.));
#3914=DIRECTION('center_axis',(0.,0.,-1.));
#3915=DIRECTION('ref_axis',(-0.707106781186547,-0.707106781186548,0.));
#3916=DIRECTION('',(-1.,0.,0.));
#3917=DIRECTION('center_axis',(0.,0.,-1.));
#3918=DIRECTION('ref_axis',(0.707106781186546,-0.707106781186549,0.));
#3919=DIRECTION('',(0.,-1.,0.));
#3920=DIRECTION('center_axis',(0.,0.,-1.));
#3921=DIRECTION('ref_axis',(0.707106781186544,0.707106781186551,0.));
#3922=DIRECTION('',(1.,0.,0.));
#3923=DIRECTION('center_axis',(0.,0.,-1.));
#3924=DIRECTION('ref_axis',(-0.707106781186544,0.707106781186551,0.));
#3925=DIRECTION('',(1.0449157878825E-15,1.,0.));
#3926=DIRECTION('center_axis',(0.,0.,1.));
#3927=DIRECTION('ref_axis',(0.707106781186548,-0.707106781186548,0.));
#3928=DIRECTION('',(1.,0.,0.));
#3929=DIRECTION('center_axis',(0.,0.,-1.));
#3930=DIRECTION('ref_axis',(-0.707106781186544,0.707106781186551,0.));
#3931=DIRECTION('',(0.,1.,0.));
#3932=DIRECTION('center_axis',(0.,0.,-1.));
#3933=DIRECTION('ref_axis',(-0.707106781186546,-0.707106781186549,0.));
#3934=DIRECTION('',(-1.,0.,0.));
#3935=DIRECTION('center_axis',(0.,0.,1.));
#3936=DIRECTION('ref_axis',(0.707106781186552,0.707106781186543,0.));
#3937=DIRECTION('',(0.,1.,0.));
#3938=DIRECTION('center_axis',(0.,0.,-1.));
#3939=DIRECTION('ref_axis',(-0.70710678118654,-0.707106781186555,0.));
#3940=DIRECTION('',(-1.,0.,0.));
#3941=DIRECTION('center_axis',(0.,0.,-1.));
#3942=DIRECTION('ref_axis',(0.707106781186552,-0.707106781186543,0.));
#3943=DIRECTION('',(0.,-1.,0.));
#3944=DIRECTION('center_axis',(0.,0.,-1.));
#3945=DIRECTION('ref_axis',(0.707106781186538,0.707106781186557,0.));
#3946=DIRECTION('',(1.,0.,0.));
#3947=DIRECTION('center_axis',(0.,0.,-1.));
#3948=DIRECTION('ref_axis',(-0.707106781186551,0.707106781186544,0.));
#3949=DIRECTION('',(0.,1.,0.));
#3950=DIRECTION('center_axis',(0.,0.,1.));
#3951=DIRECTION('ref_axis',(0.707106781186541,-0.707106781186554,0.));
#3952=DIRECTION('',(1.,0.,0.));
#3953=DIRECTION('center_axis',(0.,0.,-1.));
#3954=DIRECTION('ref_axis',(-0.707106781186551,0.707106781186544,0.));
#3955=DIRECTION('',(0.,1.,0.));
#3956=DIRECTION('center_axis',(0.,0.,-1.));
#3957=DIRECTION('ref_axis',(-0.70710678118654,-0.707106781186555,0.));
#3958=DIRECTION('',(-1.,0.,0.));
#3959=DIRECTION('center_axis',(0.,0.,-1.));
#3960=DIRECTION('ref_axis',(1.,0.,0.));
#3961=DIRECTION('center_axis',(0.,0.,-1.));
#3962=DIRECTION('ref_axis',(1.,0.,0.));
#3963=DIRECTION('center_axis',(0.,0.,-1.));
#3964=DIRECTION('ref_axis',(1.,0.,0.));
#3965=DIRECTION('center_axis',(0.,0.,-1.));
#3966=DIRECTION('ref_axis',(0.707106781186546,-0.707106781186549,0.));
#3967=DIRECTION('',(0.,-1.,0.));
#3968=DIRECTION('center_axis',(0.,0.,-1.));
#3969=DIRECTION('ref_axis',(0.707106781186548,0.707106781186548,0.));
#3970=DIRECTION('',(1.,0.,0.));
#3971=DIRECTION('center_axis',(0.,0.,-1.));
#3972=DIRECTION('ref_axis',(-0.707106781186544,0.707106781186551,0.));
#3973=DIRECTION('',(0.,1.,0.));
#3974=DIRECTION('center_axis',(0.,0.,-1.));
#3975=DIRECTION('ref_axis',(-0.707106781186546,-0.707106781186549,0.));
#3976=DIRECTION('',(-1.,0.,0.));
#3977=DIRECTION('center_axis',(0.,0.,1.));
#3978=DIRECTION('ref_axis',(-1.,0.,0.));
#3979=DIRECTION('center_axis',(0.,0.,1.));
#3980=DIRECTION('ref_axis',(-1.,0.,0.));
#3981=DIRECTION('center_axis',(0.,0.,1.));
#3982=DIRECTION('ref_axis',(-1.,0.,0.));
#3983=DIRECTION('center_axis',(0.,0.,1.));
#3984=DIRECTION('ref_axis',(-1.,0.,0.));
#3985=DIRECTION('center_axis',(0.,0.,1.));
#3986=DIRECTION('ref_axis',(-1.,0.,0.));
#3987=DIRECTION('center_axis',(0.,0.,1.));
#3988=DIRECTION('ref_axis',(-1.,0.,0.));
#3989=DIRECTION('center_axis',(0.,1.,0.));
#3990=DIRECTION('ref_axis',(1.,0.,0.));
#3991=DIRECTION('',(0.,0.,-1.));
#3992=DIRECTION('',(1.,0.,0.));
#3993=DIRECTION('',(0.,0.,1.));
#3994=DIRECTION('center_axis',(-1.,0.,0.));
#3995=DIRECTION('ref_axis',(0.,1.,0.));
#3996=DIRECTION('',(0.,0.,-1.));
#3997=DIRECTION('',(0.,1.,0.));
#3998=DIRECTION('center_axis',(0.,-1.,0.));
#3999=DIRECTION('ref_axis',(-1.,0.,0.));
#4000=DIRECTION('',(0.,0.,-1.));
#4001=DIRECTION('',(-1.,0.,0.));
#4002=DIRECTION('center_axis',(1.,0.,0.));
#4003=DIRECTION('ref_axis',(0.,-1.,0.));
#4004=DIRECTION('',(0.,0.,-1.));
#4005=DIRECTION('',(0.,-1.,0.));
#4006=DIRECTION('center_axis',(0.,1.,0.));
#4007=DIRECTION('ref_axis',(1.,0.,0.));
#4008=DIRECTION('',(0.,0.,-1.));
#4009=DIRECTION('',(-1.,0.,0.));
#4010=DIRECTION('',(0.,0.,-1.));
#4011=DIRECTION('center_axis',(0.,-1.,0.));
#4012=DIRECTION('ref_axis',(-1.,0.,0.));
#4013=DIRECTION('',(0.,0.,-1.));
#4014=DIRECTION('',(1.,0.,0.));
#4015=DIRECTION('',(0.,0.,1.));
#4016=DIRECTION('center_axis',(1.,0.,0.));
#4017=DIRECTION('ref_axis',(0.,-1.,0.));
#4018=DIRECTION('',(0.,1.,0.));
#4019=DIRECTION('center_axis',(-1.,0.,0.));
#4020=DIRECTION('ref_axis',(0.,1.,0.));
#4021=DIRECTION('',(0.,0.,-1.));
#4022=DIRECTION('',(0.,1.,0.));
#4023=DIRECTION('center_axis',(-1.,0.,0.));
#4024=DIRECTION('ref_axis',(0.,1.,0.));
#4025=DIRECTION('',(0.,1.,0.));
#4026=DIRECTION('',(0.,0.,-1.));
#4027=DIRECTION('center_axis',(0.,0.,-1.));
#4028=DIRECTION('ref_axis',(-1.,0.,0.));
#4029=DIRECTION('center_axis',(0.,0.,-1.));
#4030=DIRECTION('ref_axis',(-1.,0.,0.));
#4031=DIRECTION('',(0.,0.,-1.));
#4032=DIRECTION('center_axis',(0.,0.,-1.));
#4033=DIRECTION('ref_axis',(-1.,0.,0.));
#4034=DIRECTION('center_axis',(0.,0.,-1.));
#4035=DIRECTION('ref_axis',(-1.,0.,0.));
#4036=DIRECTION('',(0.,0.,-1.));
#4037=DIRECTION('center_axis',(0.,0.,-1.));
#4038=DIRECTION('ref_axis',(-1.,0.,0.));
#4039=DIRECTION('center_axis',(0.,0.,-1.));
#4040=DIRECTION('ref_axis',(-1.,0.,0.));
#4041=DIRECTION('',(0.,0.,-1.));
#4042=DIRECTION('center_axis',(0.,0.,-1.));
#4043=DIRECTION('ref_axis',(-1.,0.,0.));
#4044=DIRECTION('center_axis',(0.,0.,-1.));
#4045=DIRECTION('ref_axis',(-1.,0.,0.));
#4046=DIRECTION('',(0.,0.,-1.));
#4047=DIRECTION('center_axis',(0.,0.,-1.));
#4048=DIRECTION('ref_axis',(-1.,0.,0.));
#4049=DIRECTION('center_axis',(0.,0.,-1.));
#4050=DIRECTION('ref_axis',(-1.,0.,0.));
#4051=DIRECTION('',(0.,0.,-1.));
#4052=DIRECTION('center_axis',(0.,0.,-1.));
#4053=DIRECTION('ref_axis',(-1.,0.,0.));
#4054=DIRECTION('center_axis',(0.,0.,-1.));
#4055=DIRECTION('ref_axis',(-1.,0.,0.));
#4056=DIRECTION('',(0.,0.,-1.));
#4057=DIRECTION('center_axis',(0.,-1.,0.));
#4058=DIRECTION('ref_axis',(-1.,0.,0.));
#4059=DIRECTION('',(0.,0.,-1.));
#4060=DIRECTION('',(-1.,0.,0.));
#4061=DIRECTION('center_axis',(1.,0.,0.));
#4062=DIRECTION('ref_axis',(0.,-1.,0.));
#4063=DIRECTION('',(0.,-1.,0.));
#4064=DIRECTION('',(0.,0.,-1.));
#4065=DIRECTION('center_axis',(0.,1.,0.));
#4066=DIRECTION('ref_axis',(1.,0.,0.));
#4067=DIRECTION('',(1.,0.,0.));
#4068=DIRECTION('',(0.,0.,1.));
#4069=DIRECTION('center_axis',(0.,-1.,0.));
#4070=DIRECTION('ref_axis',(-1.,0.,0.));
#4071=DIRECTION('',(-1.,0.,0.));
#4072=DIRECTION('',(0.,0.,1.));
#4073=DIRECTION('center_axis',(0.,1.,0.));
#4074=DIRECTION('ref_axis',(1.,0.,0.));
#4075=DIRECTION('',(0.,0.,-1.));
#4076=DIRECTION('',(1.,0.,0.));
#4077=DIRECTION('center_axis',(-1.,0.,0.));
#4078=DIRECTION('ref_axis',(0.,-1.,0.));
#4079=DIRECTION('',(0.,-1.,0.));
#4080=DIRECTION('center_axis',(-1.,0.,0.));
#4081=DIRECTION('ref_axis',(0.,-1.,0.));
#4082=DIRECTION('',(0.,-1.,0.));
#4083=DIRECTION('center_axis',(0.,0.,1.));
#4084=DIRECTION('ref_axis',(1.,0.,0.));
#4085=DIRECTION('',(0.,1.,0.));
#4086=DIRECTION('',(0.,1.,0.));
#4087=DIRECTION('',(-1.,0.,0.));
#4088=DIRECTION('center_axis',(0.,0.,1.));
#4089=DIRECTION('ref_axis',(-0.707106781186546,-0.707106781186549,0.));
#4090=DIRECTION('',(0.,1.,0.));
#4091=DIRECTION('center_axis',(0.,0.,1.));
#4092=DIRECTION('ref_axis',(-0.707106781186544,0.707106781186551,0.));
#4093=DIRECTION('',(1.,0.,0.));
#4094=DIRECTION('center_axis',(0.,0.,1.));
#4095=DIRECTION('ref_axis',(0.707106781186548,0.707106781186548,0.));
#4096=DIRECTION('',(0.,-1.,0.));
#4097=DIRECTION('center_axis',(0.,0.,1.));
#4098=DIRECTION('ref_axis',(0.707106781186546,-0.707106781186549,0.));
#4099=DIRECTION('center_axis',(0.,0.,-1.));
#4100=DIRECTION('ref_axis',(1.,0.,0.));
#4101=DIRECTION('center_axis',(0.,0.,-1.));
#4102=DIRECTION('ref_axis',(1.,0.,0.));
#4103=DIRECTION('center_axis',(0.,0.,-1.));
#4104=DIRECTION('ref_axis',(1.,0.,0.));
#4105=DIRECTION('center_axis',(0.,0.,-1.));
#4106=DIRECTION('ref_axis',(1.,0.,0.));
#4107=DIRECTION('center_axis',(0.,0.,-1.));
#4108=DIRECTION('ref_axis',(1.,0.,0.));
#4109=DIRECTION('center_axis',(0.,0.,-1.));
#4110=DIRECTION('ref_axis',(1.,0.,0.));
#4111=DIRECTION('center_axis',(0.,0.,-1.));
#4112=DIRECTION('ref_axis',(1.,0.,0.));
#4113=DIRECTION('center_axis',(0.,0.,-1.));
#4114=DIRECTION('ref_axis',(1.,0.,0.));
#4115=DIRECTION('center_axis',(0.,0.,-1.));
#4116=DIRECTION('ref_axis',(1.,0.,0.));
#4117=DIRECTION('center_axis',(0.,0.,-1.));
#4118=DIRECTION('ref_axis',(1.,0.,0.));
#4119=DIRECTION('center_axis',(0.,0.,-1.));
#4120=DIRECTION('ref_axis',(1.,0.,0.));
#4121=DIRECTION('center_axis',(0.,0.,-1.));
#4122=DIRECTION('ref_axis',(1.,0.,0.));
#4123=DIRECTION('center_axis',(0.,0.,-1.));
#4124=DIRECTION('ref_axis',(0.707106781186546,0.707106781186549,0.));
#4125=DIRECTION('',(-1.,0.,0.));
#4126=DIRECTION('center_axis',(0.,0.,1.));
#4127=DIRECTION('ref_axis',(-0.707106781186546,-0.707106781186549,0.));
#4128=DIRECTION('',(0.,1.,0.));
#4129=DIRECTION('center_axis',(0.,0.,1.));
#4130=DIRECTION('ref_axis',(-0.707106781186544,0.707106781186551,0.));
#4131=DIRECTION('',(1.,0.,0.));
#4132=DIRECTION('center_axis',(0.,0.,-1.));
#4133=DIRECTION('ref_axis',(0.707106781186548,-0.707106781186548,0.));
#4134=DIRECTION('',(1.0449157878825E-15,1.,0.));
#4135=DIRECTION('center_axis',(0.,0.,1.));
#4136=DIRECTION('ref_axis',(-0.707106781186544,0.707106781186551,0.));
#4137=DIRECTION('',(-1.,0.,0.));
#4138=DIRECTION('center_axis',(0.,0.,1.));
#4139=DIRECTION('ref_axis',(0.707106781186544,0.707106781186551,0.));
#4140=DIRECTION('',(0.,-1.,0.));
#4141=DIRECTION('center_axis',(0.,0.,1.));
#4142=DIRECTION('ref_axis',(0.707106781186546,-0.707106781186549,0.));
#4143=DIRECTION('',(1.,0.,0.));
#4144=DIRECTION('center_axis',(0.,0.,1.));
#4145=DIRECTION('ref_axis',(-0.707106781186547,-0.707106781186548,0.));
#4146=DIRECTION('',(1.0449157878825E-15,1.,0.));
#4147=DIRECTION('center_axis',(0.,0.,-1.));
#4148=DIRECTION('ref_axis',(0.707106781186552,0.707106781186543,0.));
#4149=DIRECTION('',(-1.,0.,0.));
#4150=DIRECTION('center_axis',(0.,0.,1.));
#4151=DIRECTION('ref_axis',(-0.70710678118654,-0.707106781186555,0.));
#4152=DIRECTION('',(0.,1.,0.));
#4153=DIRECTION('center_axis',(0.,0.,1.));
#4154=DIRECTION('ref_axis',(-0.707106781186551,0.707106781186544,0.));
#4155=DIRECTION('',(1.,0.,0.));
#4156=DIRECTION('center_axis',(0.,0.,-1.));
#4157=DIRECTION('ref_axis',(0.707106781186541,-0.707106781186554,0.));
#4158=DIRECTION('',(0.,1.,0.));
#4159=DIRECTION('center_axis',(0.,0.,1.));
#4160=DIRECTION('ref_axis',(-0.707106781186551,0.707106781186544,0.));
#4161=DIRECTION('',(-1.,0.,0.));
#4162=DIRECTION('center_axis',(0.,0.,1.));
#4163=DIRECTION('ref_axis',(0.707106781186538,0.707106781186557,0.));
#4164=DIRECTION('',(0.,-1.,0.));
#4165=DIRECTION('center_axis',(0.,0.,1.));
#4166=DIRECTION('ref_axis',(0.707106781186552,-0.707106781186543,0.));
#4167=DIRECTION('',(1.,0.,0.));
#4168=DIRECTION('center_axis',(0.,0.,1.));
#4169=DIRECTION('ref_axis',(-0.70710678118654,-0.707106781186555,0.));
#4170=DIRECTION('',(0.,1.,0.));
#4171=DIRECTION('center_axis',(0.,0.,-1.));
#4172=DIRECTION('ref_axis',(-0.70710678118654,0.707106781186555,0.));
#4173=DIRECTION('',(2.089831575765E-15,-1.,0.));
#4174=DIRECTION('center_axis',(0.,0.,1.));
#4175=DIRECTION('ref_axis',(0.707106781186553,-0.707106781186542,0.));
#4176=DIRECTION('',(1.,0.,0.));
#4177=DIRECTION('center_axis',(0.,0.,1.));
#4178=DIRECTION('ref_axis',(-0.707106781186547,-0.707106781186548,0.));
#4179=DIRECTION('',(0.,1.,0.));
#4180=DIRECTION('center_axis',(0.,0.,1.));
#4181=DIRECTION('ref_axis',(-0.707106781186544,0.707106781186551,0.));
#4182=DIRECTION('',(-1.,0.,0.));
#4183=DIRECTION('center_axis',(0.,0.,1.));
#4184=DIRECTION('ref_axis',(0.707106781186538,0.707106781186557,0.));
#4185=DIRECTION('',(2.089831575765E-15,-1.,0.));
#4186=DIRECTION('center_axis',(0.,0.,-1.));
#4187=DIRECTION('ref_axis',(-0.707106781186538,-0.707106781186557,0.));
#4188=DIRECTION('',(1.,0.,0.));
#4189=DIRECTION('center_axis',(0.,0.,1.));
#4190=DIRECTION('ref_axis',(0.707106781186554,0.707106781186541,0.));
#4191=DIRECTION('',(0.,-1.,0.));
#4192=DIRECTION('center_axis',(0.,0.,1.));
#4193=DIRECTION('ref_axis',(0.707106781186552,-0.707106781186543,0.));
#4194=DIRECTION('',(-1.,1.77635683940024E-15,0.));
#4195=DIRECTION('center_axis',(0.,0.,-1.));
#4196=DIRECTION('ref_axis',(-0.707106781186548,0.707106781186548,0.));
#4197=DIRECTION('',(5.2245789394125E-16,-1.,0.));
#4198=DIRECTION('center_axis',(0.,0.,1.));
#4199=DIRECTION('ref_axis',(0.707106781186547,-0.707106781186548,0.));
#4200=DIRECTION('',(1.,0.,0.));
#4201=DIRECTION('center_axis',(0.,0.,1.));
#4202=DIRECTION('ref_axis',(-0.707106781186548,-0.707106781186547,0.));
#4203=DIRECTION('',(0.,1.,0.));
#4204=DIRECTION('center_axis',(0.,0.,1.));
#4205=DIRECTION('ref_axis',(-0.707106781186546,0.707106781186549,0.));
#4206=DIRECTION('',(-1.,0.,0.));
#4207=DIRECTION('center_axis',(0.,0.,1.));
#4208=DIRECTION('ref_axis',(0.707106781186546,0.707106781186549,0.));
#4209=DIRECTION('',(-1.30614473485312E-15,-1.,0.));
#4210=DIRECTION('center_axis',(0.,0.,-1.));
#4211=DIRECTION('ref_axis',(-0.707106781186546,-0.707106781186549,0.));
#4212=DIRECTION('',(1.,0.,0.));
#4213=DIRECTION('center_axis',(0.,0.,1.));
#4214=DIRECTION('ref_axis',(0.707106781186551,0.707106781186544,0.));
#4215=DIRECTION('',(0.,-1.,0.));
#4216=DIRECTION('center_axis',(0.,0.,1.));
#4217=DIRECTION('ref_axis',(0.707106781186546,-0.707106781186549,0.));
#4218=DIRECTION('',(-1.,0.,0.));
#4219=DIRECTION('center_axis',(1.,0.,0.));
#4220=DIRECTION('ref_axis',(0.,1.,0.));
#4221=DIRECTION('center_axis',(1.,0.,0.));
#4222=DIRECTION('ref_axis',(0.,1.,0.));
#4223=DIRECTION('center_axis',(0.,0.,-1.));
#4224=DIRECTION('ref_axis',(0.707106781186546,0.707106781186549,0.));
#4225=DIRECTION('',(0.,0.,-1.));
#4226=DIRECTION('',(0.,0.,1.));
#4227=DIRECTION('center_axis',(0.,-1.,0.));
#4228=DIRECTION('ref_axis',(0.,0.,-1.));
#4229=DIRECTION('',(0.,0.,1.));
#4230=DIRECTION('center_axis',(0.,0.,1.));
#4231=DIRECTION('ref_axis',(0.707106781186551,0.707106781186544,0.));
#4232=DIRECTION('',(0.,0.,1.));
#4233=DIRECTION('',(0.,0.,-1.));
#4234=DIRECTION('center_axis',(-1.,0.,0.));
#4235=DIRECTION('ref_axis',(0.,-1.,0.));
#4236=DIRECTION('',(0.,0.,-1.));
#4237=DIRECTION('center_axis',(0.,0.,-1.));
#4238=DIRECTION('ref_axis',(0.707106781186544,0.707106781186551,0.));
#4239=DIRECTION('',(0.,0.,-1.));
#4240=DIRECTION('',(0.,0.,1.));
#4241=DIRECTION('center_axis',(0.,-1.,0.));
#4242=DIRECTION('ref_axis',(0.,0.,-1.));
#4243=DIRECTION('',(0.,0.,1.));
#4244=DIRECTION('center_axis',(0.,0.,1.));
#4245=DIRECTION('ref_axis',(0.707106781186548,0.707106781186548,0.));
#4246=DIRECTION('',(0.,0.,1.));
#4247=DIRECTION('',(0.,0.,-1.));
#4248=DIRECTION('center_axis',(-1.,0.,0.));
#4249=DIRECTION('ref_axis',(0.,-1.,0.));
#4250=DIRECTION('',(0.,0.,-1.));
#4251=DIRECTION('center_axis',(0.,0.,-1.));
#4252=DIRECTION('ref_axis',(0.707106781186538,0.707106781186557,0.));
#4253=DIRECTION('',(0.,0.,-1.));
#4254=DIRECTION('',(0.,0.,1.));
#4255=DIRECTION('center_axis',(0.,-1.,0.));
#4256=DIRECTION('ref_axis',(0.,0.,-1.));
#4257=DIRECTION('',(0.,0.,1.));
#4258=DIRECTION('center_axis',(0.,0.,1.));
#4259=DIRECTION('ref_axis',(0.707106781186554,0.707106781186541,0.));
#4260=DIRECTION('',(0.,0.,1.));
#4261=DIRECTION('',(0.,0.,-1.));
#4262=DIRECTION('center_axis',(-1.,0.,0.));
#4263=DIRECTION('ref_axis',(0.,-1.,0.));
#4264=DIRECTION('',(0.,0.,-1.));
#4265=DIRECTION('center_axis',(0.,0.,-1.));
#4266=DIRECTION('ref_axis',(0.707106781186538,0.707106781186557,0.));
#4267=DIRECTION('',(0.,0.,-1.));
#4268=DIRECTION('',(0.,0.,1.));
#4269=DIRECTION('center_axis',(0.,-1.,0.));
#4270=DIRECTION('ref_axis',(0.,0.,-1.));
#4271=DIRECTION('',(0.,0.,1.));
#4272=DIRECTION('center_axis',(0.,0.,1.));
#4273=DIRECTION('ref_axis',(0.707106781186552,-0.707106781186543,0.));
#4274=DIRECTION('',(0.,0.,1.));
#4275=DIRECTION('',(0.,0.,-1.));
#4276=DIRECTION('center_axis',(0.,1.,0.));
#4277=DIRECTION('ref_axis',(0.,0.,1.));
#4278=DIRECTION('',(0.,0.,-1.));
#4279=DIRECTION('center_axis',(0.,0.,1.));
#4280=DIRECTION('ref_axis',(0.707106781186553,-0.707106781186542,0.));
#4281=DIRECTION('',(0.,0.,1.));
#4282=DIRECTION('',(0.,0.,-1.));
#4283=DIRECTION('center_axis',(0.,1.,0.));
#4284=DIRECTION('ref_axis',(0.,0.,1.));
#4285=DIRECTION('',(0.,0.,-1.));
#4286=DIRECTION('center_axis',(0.,0.,1.));
#4287=DIRECTION('ref_axis',(0.707106781186552,-0.707106781186543,0.));
#4288=DIRECTION('',(0.,0.,1.));
#4289=DIRECTION('center_axis',(1.77635683940024E-15,1.,0.));
#4290=DIRECTION('ref_axis',(-1.,1.77635683940024E-15,0.));
#4291=DIRECTION('',(0.,0.,-1.));
#4292=DIRECTION('center_axis',(0.,0.,1.));
#4293=DIRECTION('ref_axis',(0.707106781186546,-0.707106781186549,0.));
#4294=DIRECTION('',(0.,0.,1.));
#4295=DIRECTION('center_axis',(0.,1.,0.));
#4296=DIRECTION('ref_axis',(-1.,0.,0.));
#4297=DIRECTION('',(0.,0.,-1.));
#4298=DIRECTION('center_axis',(0.,0.,1.));
#4299=DIRECTION('ref_axis',(0.707106781186546,-0.707106781186549,0.));
#4300=DIRECTION('',(0.,0.,1.));
#4301=DIRECTION('',(0.,0.,-1.));
#4302=DIRECTION('center_axis',(0.,1.,0.));
#4303=DIRECTION('ref_axis',(0.,0.,1.));
#4304=DIRECTION('',(0.,0.,-1.));
#4305=DIRECTION('center_axis',(0.,0.,1.));
#4306=DIRECTION('ref_axis',(0.707106781186546,-0.707106781186549,0.));
#4307=DIRECTION('',(0.,0.,1.));
#4308=DIRECTION('center_axis',(0.,1.,0.));
#4309=DIRECTION('ref_axis',(-1.,0.,0.));
#4310=DIRECTION('',(0.,0.,-1.));
#4311=DIRECTION('center_axis',(0.,0.,1.));
#4312=DIRECTION('ref_axis',(0.707106781186547,-0.707106781186548,0.));
#4313=DIRECTION('',(0.,0.,1.));
#4314=DIRECTION('',(0.,0.,-1.));
#4315=DIRECTION('center_axis',(0.,1.,0.));
#4316=DIRECTION('ref_axis',(0.,0.,1.));
#4317=DIRECTION('',(0.,0.,-1.));
#4318=DIRECTION('center_axis',(0.,0.,1.));
#4319=DIRECTION('ref_axis',(-0.707106781186548,0.707106781186548,0.));
#4320=DIRECTION('',(0.,0.,1.));
#4321=DIRECTION('center_axis',(-1.,-5.2245789394125E-16,0.));
#4322=DIRECTION('ref_axis',(5.2245789394125E-16,-1.,0.));
#4323=DIRECTION('center_axis',(0.,0.,-1.));
#4324=DIRECTION('ref_axis',(-0.707106781186548,-0.707106781186547,0.));
#4325=DIRECTION('',(0.,0.,1.));
#4326=DIRECTION('center_axis',(0.,0.,-1.));
#4327=DIRECTION('ref_axis',(-0.707106781186547,-0.707106781186548,0.));
#4328=DIRECTION('',(0.,0.,1.));
#4329=DIRECTION('center_axis',(0.,0.,1.));
#4330=DIRECTION('ref_axis',(-0.707106781186546,-0.707106781186549,0.));
#4331=DIRECTION('',(0.,0.,1.));
#4332=DIRECTION('',(0.,0.,-1.));
#4333=DIRECTION('center_axis',(1.,0.,0.));
#4334=DIRECTION('ref_axis',(0.,1.,0.));
#4335=DIRECTION('',(0.,0.,-1.));
#4336=DIRECTION('center_axis',(0.,0.,1.));
#4337=DIRECTION('ref_axis',(-0.707106781186546,-0.707106781186549,0.));
#4338=DIRECTION('',(0.,0.,1.));
#4339=DIRECTION('center_axis',(1.,0.,0.));
#4340=DIRECTION('ref_axis',(0.,1.,0.));
#4341=DIRECTION('',(0.,0.,-1.));
#4342=DIRECTION('center_axis',(0.,0.,-1.));
#4343=DIRECTION('ref_axis',(-0.707106781186547,-0.707106781186548,0.));
#4344=DIRECTION('',(0.,0.,1.));
#4345=DIRECTION('center_axis',(0.,0.,1.));
#4346=DIRECTION('ref_axis',(-0.70710678118654,0.707106781186555,0.));
#4347=DIRECTION('',(0.,0.,1.));
#4348=DIRECTION('center_axis',(-1.,-2.089831575765E-15,0.));
#4349=DIRECTION('ref_axis',(2.089831575765E-15,-1.,0.));
#4350=DIRECTION('center_axis',(0.,0.,-1.));
#4351=DIRECTION('ref_axis',(-0.70710678118654,-0.707106781186555,0.));
#4352=DIRECTION('',(0.,0.,1.));
#4353=DIRECTION('center_axis',(0.,0.,1.));
#4354=DIRECTION('ref_axis',(-0.70710678118654,-0.707106781186555,0.));
#4355=DIRECTION('',(0.,0.,1.));
#4356=DIRECTION('',(0.,0.,-1.));
#4357=DIRECTION('center_axis',(1.,0.,0.));
#4358=DIRECTION('ref_axis',(0.,1.,0.));
#4359=DIRECTION('',(0.,0.,-1.));
#4360=DIRECTION('center_axis',(0.,0.,1.));
#4361=DIRECTION('ref_axis',(0.707106781186552,0.707106781186543,0.));
#4362=DIRECTION('',(0.,0.,-1.));
#4363=DIRECTION('',(0.,0.,1.));
#4364=DIRECTION('center_axis',(0.,1.,0.));
#4365=DIRECTION('ref_axis',(-1.,0.,0.));
#4366=DIRECTION('center_axis',(0.,0.,1.));
#4367=DIRECTION('ref_axis',(-0.707106781186551,0.707106781186544,0.));
#4368=DIRECTION('',(0.,0.,-1.));
#4369=DIRECTION('center_axis',(0.,0.,1.));
#4370=DIRECTION('ref_axis',(0.707106781186541,-0.707106781186554,0.));
#4371=DIRECTION('',(0.,0.,-1.));
#4372=DIRECTION('',(0.,0.,1.));
#4373=DIRECTION('center_axis',(0.,-1.,0.));
#4374=DIRECTION('ref_axis',(1.,0.,0.));
#4375=DIRECTION('',(0.,0.,1.));
#4376=DIRECTION('center_axis',(0.,0.,1.));
#4377=DIRECTION('ref_axis',(-0.707106781186551,0.707106781186544,0.));
#4378=DIRECTION('center_axis',(0.,0.,1.));
#4379=DIRECTION('ref_axis',(-0.707106781186538,-0.707106781186557,0.));
#4380=DIRECTION('',(0.,0.,-1.));
#4381=DIRECTION('',(0.,0.,1.));
#4382=DIRECTION('center_axis',(0.,-1.,0.));
#4383=DIRECTION('ref_axis',(1.,0.,0.));
#4384=DIRECTION('center_axis',(0.,0.,1.));
#4385=DIRECTION('ref_axis',(-0.707106781186544,0.707106781186551,0.));
#4386=DIRECTION('',(0.,0.,-1.));
#4387=DIRECTION('center_axis',(0.,0.,1.));
#4388=DIRECTION('ref_axis',(-0.707106781186544,0.707106781186551,0.));
#4389=DIRECTION('',(0.,0.,1.));
#4390=DIRECTION('center_axis',(0.,-1.,0.));
#4391=DIRECTION('ref_axis',(1.,0.,0.));
#4392=DIRECTION('center_axis',(0.,0.,1.));
#4393=DIRECTION('ref_axis',(0.707106781186546,0.707106781186549,0.));
#4394=DIRECTION('',(0.,0.,-1.));
#4395=DIRECTION('',(0.,0.,1.));
#4396=DIRECTION('center_axis',(0.,1.,0.));
#4397=DIRECTION('ref_axis',(-1.,0.,0.));
#4398=DIRECTION('center_axis',(0.,0.,1.));
#4399=DIRECTION('ref_axis',(-0.707106781186544,0.707106781186551,0.));
#4400=DIRECTION('',(0.,0.,-1.));
#4401=DIRECTION('center_axis',(0.,0.,1.));
#4402=DIRECTION('ref_axis',(0.707106781186548,-0.707106781186548,0.));
#4403=DIRECTION('',(0.,0.,-1.));
#4404=DIRECTION('',(0.,0.,1.));
#4405=DIRECTION('center_axis',(0.,-1.,0.));
#4406=DIRECTION('ref_axis',(1.,0.,0.));
#4407=DIRECTION('',(0.,0.,1.));
#4408=DIRECTION('center_axis',(0.,0.,1.));
#4409=DIRECTION('ref_axis',(-0.707106781186544,0.707106781186551,0.));
#4410=DIRECTION('center_axis',(0.,0.,1.));
#4411=DIRECTION('ref_axis',(-0.707106781186546,-0.707106781186549,0.));
#4412=DIRECTION('',(0.,0.,-1.));
#4413=DIRECTION('',(0.,0.,1.));
#4414=DIRECTION('center_axis',(-1.,1.30614473485312E-15,0.));
#4415=DIRECTION('ref_axis',(-1.30614473485312E-15,-1.,0.));
#4416=DIRECTION('center_axis',(0.,0.,1.));
#4417=DIRECTION('ref_axis',(-0.707106781186546,0.707106781186549,0.));
#4418=DIRECTION('',(0.,0.,-1.));
#4419=DIRECTION('center_axis',(1.,0.,0.));
#4420=DIRECTION('ref_axis',(0.,1.,0.));
#4421=DIRECTION('center_axis',(1.,-1.0449157878825E-15,0.));
#4422=DIRECTION('ref_axis',(1.0449157878825E-15,1.,0.));
#4423=DIRECTION('center_axis',(1.,0.,0.));
#4424=DIRECTION('ref_axis',(0.,1.,0.));
#4425=DIRECTION('center_axis',(1.,0.,0.));
#4426=DIRECTION('ref_axis',(0.,1.,0.));
#4427=DIRECTION('center_axis',(-1.,0.,0.));
#4428=DIRECTION('ref_axis',(0.,-1.,0.));
#4429=DIRECTION('center_axis',(-1.,0.,0.));
#4430=DIRECTION('ref_axis',(0.,-1.,0.));
#4431=DIRECTION('center_axis',(-1.,-2.089831575765E-15,0.));
#4432=DIRECTION('ref_axis',(2.089831575765E-15,-1.,0.));
#4433=DIRECTION('center_axis',(0.,0.,1.));
#4434=DIRECTION('ref_axis',(1.,0.,0.));
#4435=DIRECTION('',(0.,0.,-1.));
#4436=DIRECTION('center_axis',(0.,0.,1.));
#4437=DIRECTION('ref_axis',(1.,0.,0.));
#4438=DIRECTION('',(0.,0.,-1.));
#4439=DIRECTION('center_axis',(0.,0.,1.));
#4440=DIRECTION('ref_axis',(1.,0.,0.));
#4441=DIRECTION('',(0.,0.,-1.));
#4442=DIRECTION('center_axis',(1.,0.,0.));
#4443=DIRECTION('ref_axis',(0.,1.,0.));
#4444=DIRECTION('center_axis',(1.,-1.0449157878825E-15,0.));
#4445=DIRECTION('ref_axis',(1.0449157878825E-15,1.,0.));
#4446=DIRECTION('center_axis',(0.,0.,1.));
#4447=DIRECTION('ref_axis',(1.,0.,0.));
#4448=DIRECTION('',(0.,0.,-1.));
#4449=DIRECTION('center_axis',(0.,0.,1.));
#4450=DIRECTION('ref_axis',(1.,0.,0.));
#4451=DIRECTION('',(0.,0.,-1.));
#4452=DIRECTION('center_axis',(0.,0.,1.));
#4453=DIRECTION('ref_axis',(1.,0.,0.));
#4454=DIRECTION('',(0.,0.,-1.));
#4455=DIRECTION('center_axis',(0.,0.,1.));
#4456=DIRECTION('ref_axis',(1.,0.,0.));
#4457=DIRECTION('',(0.,0.,-1.));
#4458=DIRECTION('center_axis',(0.,0.,1.));
#4459=DIRECTION('ref_axis',(1.,0.,0.));
#4460=DIRECTION('',(0.,0.,-1.));
#4461=DIRECTION('center_axis',(0.,0.,1.));
#4462=DIRECTION('ref_axis',(1.,0.,0.));
#4463=DIRECTION('',(0.,0.,-1.));
#4464=DIRECTION('center_axis',(0.,0.,1.));
#4465=DIRECTION('ref_axis',(1.,0.,0.));
#4466=DIRECTION('',(0.,0.,-1.));
#4467=DIRECTION('center_axis',(0.,0.,1.));
#4468=DIRECTION('ref_axis',(1.,0.,0.));
#4469=DIRECTION('',(0.,0.,-1.));
#4470=DIRECTION('center_axis',(0.,0.,1.));
#4471=DIRECTION('ref_axis',(1.,0.,0.));
#4472=DIRECTION('',(0.,0.,-1.));
#4473=DIRECTION('center_axis',(0.,-1.,0.));
#4474=DIRECTION('ref_axis',(1.,0.,0.));
#4475=CARTESIAN_POINT('',(0.,0.,0.));
#4476=CARTESIAN_POINT('Origin',(9.99999627470975,43.9999994635582,5.));
#4477=CARTESIAN_POINT('',(11.5499962747097,43.9999994635582,5.));
#4478=CARTESIAN_POINT('Origin',(9.99999627470975,43.9999994635582,5.));
#4479=CARTESIAN_POINT('',(11.5499962747097,43.9999994635582,0.));
#4480=CARTESIAN_POINT('',(11.5499962747097,43.9999994635582,5.));
#4481=CARTESIAN_POINT('Origin',(9.99999627470975,43.9999994635582,0.));
#4482=CARTESIAN_POINT('Origin',(210.000003129244,10.0000000596046,5.));
#4483=CARTESIAN_POINT('',(211.550003129244,10.0000000596046,5.));
#4484=CARTESIAN_POINT('Origin',(210.000003129244,10.0000000596046,5.));
#4485=CARTESIAN_POINT('',(211.550003129244,10.0000000596046,0.));
#4486=CARTESIAN_POINT('',(211.550003129244,10.0000000596046,5.));
#4487=CARTESIAN_POINT('Origin',(210.000003129244,10.0000000596046,0.));
#4488=CARTESIAN_POINT('Origin',(210.000003129244,70.0000011324883,5.));
#4489=CARTESIAN_POINT('',(211.550003129244,70.0000011324883,5.));
#4490=CARTESIAN_POINT('Origin',(210.000003129244,70.0000011324883,5.));
#4491=CARTESIAN_POINT('',(211.550003129244,70.0000011324883,0.));
#4492=CARTESIAN_POINT('',(211.550003129244,70.0000011324883,5.));
#4493=CARTESIAN_POINT('Origin',(210.000003129244,70.0000011324883,0.));
#4494=CARTESIAN_POINT('Origin',(244.00000372529,36.0000005364418,5.));
#4495=CARTESIAN_POINT('',(245.55000372529,36.0000005364418,5.));
#4496=CARTESIAN_POINT('Origin',(244.00000372529,36.0000005364418,5.));
#4497=CARTESIAN_POINT('',(245.55000372529,36.0000005364418,0.));
#4498=CARTESIAN_POINT('',(245.55000372529,36.0000005364418,5.));
#4499=CARTESIAN_POINT('Origin',(244.00000372529,36.0000005364418,0.));
#4500=CARTESIAN_POINT('Origin',(43.9999968707562,69.9999999403954,5.));
#4501=CARTESIAN_POINT('',(45.5499968707562,69.9999999403954,5.));
#4502=CARTESIAN_POINT('Origin',(43.9999968707562,69.9999999403954,5.));
#4503=CARTESIAN_POINT('',(45.5499968707562,69.9999999403954,0.));
#4504=CARTESIAN_POINT('',(45.5499968707562,69.9999999403954,5.));
#4505=CARTESIAN_POINT('Origin',(43.9999968707562,69.9999999403954,0.));
#4506=CARTESIAN_POINT('Origin',(43.9999968707561,9.99999886751176,5.));
#4507=CARTESIAN_POINT('',(45.5499968707562,9.99999886751176,5.));
#4508=CARTESIAN_POINT('Origin',(43.9999968707561,9.99999886751176,5.));
#4509=CARTESIAN_POINT('',(45.5499968707562,9.99999886751176,0.));
#4510=CARTESIAN_POINT('',(45.5499968707562,9.99999886751176,5.));
#4511=CARTESIAN_POINT('Origin',(43.9999968707561,9.99999886751176,0.));
#4512=CARTESIAN_POINT('Origin',(9.99999627470972,35.9999993443489,5.));
#4513=CARTESIAN_POINT('',(11.5499962747097,35.9999993443489,5.));
#4514=CARTESIAN_POINT('Origin',(9.99999627470972,35.9999993443489,5.));
#4515=CARTESIAN_POINT('',(11.5499962747097,35.9999993443489,0.));
#4516=CARTESIAN_POINT('',(11.5499962747097,35.9999993443489,5.));
#4517=CARTESIAN_POINT('Origin',(9.99999627470972,35.9999993443489,0.));
#4518=CARTESIAN_POINT('Origin',(218.000003248453,10.0000000596046,5.));
#4519=CARTESIAN_POINT('',(219.550003248453,10.0000000596046,5.));
#4520=CARTESIAN_POINT('Origin',(218.000003248453,10.0000000596046,5.));
#4521=CARTESIAN_POINT('',(219.550003248453,10.0000000596046,0.));
#4522=CARTESIAN_POINT('',(219.550003248453,10.0000000596046,5.));
#4523=CARTESIAN_POINT('Origin',(218.000003248453,10.0000000596046,0.));
#4524=CARTESIAN_POINT('Origin',(218.000003248453,70.0000011324883,5.));
#4525=CARTESIAN_POINT('',(219.550003248453,70.0000011324883,5.));
#4526=CARTESIAN_POINT('Origin',(218.000003248453,70.0000011324883,5.));
#4527=CARTESIAN_POINT('',(219.550003248453,70.0000011324883,0.));
#4528=CARTESIAN_POINT('',(219.550003248453,70.0000011324883,5.));
#4529=CARTESIAN_POINT('Origin',(218.000003248453,70.0000011324883,0.));
#4530=CARTESIAN_POINT('Origin',(244.00000372529,44.0000006556511,5.));
#4531=CARTESIAN_POINT('',(245.55000372529,44.0000006556511,5.));
#4532=CARTESIAN_POINT('Origin',(244.00000372529,44.0000006556511,5.));
#4533=CARTESIAN_POINT('',(245.55000372529,44.0000006556511,0.));
#4534=CARTESIAN_POINT('',(245.55000372529,44.0000006556511,5.));
#4535=CARTESIAN_POINT('Origin',(244.00000372529,44.0000006556511,0.));
#4536=CARTESIAN_POINT('Origin',(35.9999967515469,69.9999999403954,5.));
#4537=CARTESIAN_POINT('',(37.5499967515469,69.9999999403954,5.));
#4538=CARTESIAN_POINT('Origin',(35.9999967515469,69.9999999403954,5.));
#4539=CARTESIAN_POINT('',(37.5499967515469,69.9999999403954,0.));
#4540=CARTESIAN_POINT('',(37.5499967515469,69.9999999403954,5.));
#4541=CARTESIAN_POINT('Origin',(35.9999967515469,69.9999999403954,0.));
#4542=CARTESIAN_POINT('Origin',(35.9999967515469,9.99999886751176,5.));
#4543=CARTESIAN_POINT('',(37.5499967515469,9.99999886751176,5.));
#4544=CARTESIAN_POINT('Origin',(35.9999967515469,9.99999886751176,5.));
#4545=CARTESIAN_POINT('',(37.5499967515469,9.99999886751176,0.));
#4546=CARTESIAN_POINT('',(37.5499967515469,9.99999886751176,5.));
#4547=CARTESIAN_POINT('Origin',(35.9999967515469,9.99999886751176,0.));
#4548=CARTESIAN_POINT('Origin',(238.,80.,5.));
#4549=CARTESIAN_POINT('',(238.,75.,0.));
#4550=CARTESIAN_POINT('',(238.,80.,0.));
#4551=CARTESIAN_POINT('',(238.,60.,0.));
#4552=CARTESIAN_POINT('',(238.,75.,5.));
#4553=CARTESIAN_POINT('',(238.,75.,5.));
#4554=CARTESIAN_POINT('',(238.,80.,5.));
#4555=CARTESIAN_POINT('',(238.,60.,5.));
#4556=CARTESIAN_POINT('',(238.,80.,2.5));
#4557=CARTESIAN_POINT('Origin',(222.,75.,5.));
#4558=CARTESIAN_POINT('',(222.,80.,0.));
#4559=CARTESIAN_POINT('',(222.,75.,0.));
#4560=CARTESIAN_POINT('',(222.,57.5,0.));
#4561=CARTESIAN_POINT('',(222.,80.,5.));
#4562=CARTESIAN_POINT('',(222.,80.,2.5));
#4563=CARTESIAN_POINT('',(222.,75.,5.));
#4564=CARTESIAN_POINT('',(222.,57.5,5.));
#4565=CARTESIAN_POINT('',(222.,75.,5.));
#4566=CARTESIAN_POINT('Origin',(238.,75.,5.));
#4567=CARTESIAN_POINT('',(182.5,75.,0.));
#4568=CARTESIAN_POINT('',(182.5,75.,5.));
#4569=CARTESIAN_POINT('Origin',(48.,75.,5.));
#4570=CARTESIAN_POINT('',(48.,80.,0.));
#4571=CARTESIAN_POINT('',(48.,75.,0.));
#4572=CARTESIAN_POINT('',(48.,57.5,0.));
#4573=CARTESIAN_POINT('',(48.,80.,5.));
#4574=CARTESIAN_POINT('',(48.,80.,2.5));
#4575=CARTESIAN_POINT('',(48.,75.,5.));
#4576=CARTESIAN_POINT('',(48.,57.5,5.));
#4577=CARTESIAN_POINT('',(48.,75.,5.));
#4578=CARTESIAN_POINT('Origin',(64.,75.,5.));
#4579=CARTESIAN_POINT('',(64.,75.,0.));
#4580=CARTESIAN_POINT('',(95.5,75.,0.));
#4581=CARTESIAN_POINT('',(64.,75.,5.));
#4582=CARTESIAN_POINT('',(95.5,75.,5.));
#4583=CARTESIAN_POINT('',(64.,75.,5.));
#4584=CARTESIAN_POINT('Origin',(64.,80.,5.));
#4585=CARTESIAN_POINT('',(64.,80.,0.));
#4586=CARTESIAN_POINT('',(64.,60.,0.));
#4587=CARTESIAN_POINT('',(64.,80.,5.));
#4588=CARTESIAN_POINT('',(64.,60.,5.));
#4589=CARTESIAN_POINT('',(64.,80.,2.5));
#4590=CARTESIAN_POINT('Origin',(16.,-1.77635683940025E-14,5.));
#4591=CARTESIAN_POINT('',(16.,4.99999999999998,0.));
#4592=CARTESIAN_POINT('',(16.,-1.77635683940025E-14,0.));
#4593=CARTESIAN_POINT('',(16.,20.,0.));
#4594=CARTESIAN_POINT('',(16.,4.99999999999998,5.));
#4595=CARTESIAN_POINT('',(16.,4.99999999999998,5.));
#4596=CARTESIAN_POINT('',(16.,-1.77635683940025E-14,5.));
#4597=CARTESIAN_POINT('',(16.,20.,5.));
#4598=CARTESIAN_POINT('',(16.,0.,2.5));
#4599=CARTESIAN_POINT('Origin',(32.,4.99999999999998,5.));
#4600=CARTESIAN_POINT('',(32.,-1.77635683940025E-14,0.));
#4601=CARTESIAN_POINT('',(32.,4.99999999999998,0.));
#4602=CARTESIAN_POINT('',(32.,22.5,0.));
#4603=CARTESIAN_POINT('',(32.,-1.77635683940025E-14,5.));
#4604=CARTESIAN_POINT('',(32.,0.,2.5));
#4605=CARTESIAN_POINT('',(32.,4.99999999999998,5.));
#4606=CARTESIAN_POINT('',(32.,22.5,5.));
#4607=CARTESIAN_POINT('',(32.,4.99999999999998,5.));
#4608=CARTESIAN_POINT('Origin',(16.,4.99999999999998,5.));
#4609=CARTESIAN_POINT('',(71.5,4.99999999999998,0.));
#4610=CARTESIAN_POINT('',(71.5,4.99999999999998,5.));
#4611=CARTESIAN_POINT('Origin',(206.,4.99999999999998,5.));
#4612=CARTESIAN_POINT('',(206.,-1.77635683940025E-14,0.));
#4613=CARTESIAN_POINT('',(206.,4.99999999999998,0.));
#4614=CARTESIAN_POINT('',(206.,22.5,0.));
#4615=CARTESIAN_POINT('',(206.,-1.77635683940025E-14,5.));
#4616=CARTESIAN_POINT('',(206.,0.,2.5));
#4617=CARTESIAN_POINT('',(206.,4.99999999999998,5.));
#4618=CARTESIAN_POINT('',(206.,22.5,5.));
#4619=CARTESIAN_POINT('',(206.,4.99999999999998,5.));
#4620=CARTESIAN_POINT('Origin',(190.,4.99999999999998,5.));
#4621=CARTESIAN_POINT('',(190.,4.99999999999998,0.));
#4622=CARTESIAN_POINT('',(158.5,4.99999999999998,0.));
#4623=CARTESIAN_POINT('',(190.,4.99999999999998,5.));
#4624=CARTESIAN_POINT('',(158.5,4.99999999999998,5.));
#4625=CARTESIAN_POINT('',(190.,4.99999999999998,5.));
#4626=CARTESIAN_POINT('Origin',(190.,-1.77635683940025E-14,5.));
#4627=CARTESIAN_POINT('',(190.,-1.77635683940025E-14,0.));
#4628=CARTESIAN_POINT('',(190.,20.,0.));
#4629=CARTESIAN_POINT('',(190.,-1.77635683940025E-14,5.));
#4630=CARTESIAN_POINT('',(190.,20.,5.));
#4631=CARTESIAN_POINT('',(190.,0.,2.5));
#4632=CARTESIAN_POINT('Origin',(206.,80.,5.));
#4633=CARTESIAN_POINT('',(206.,75.,0.));
#4634=CARTESIAN_POINT('',(206.,80.,0.));
#4635=CARTESIAN_POINT('',(206.,60.,0.));
#4636=CARTESIAN_POINT('',(206.,75.,5.));
#4637=CARTESIAN_POINT('',(206.,75.,5.));
#4638=CARTESIAN_POINT('',(206.,80.,5.));
#4639=CARTESIAN_POINT('',(206.,60.,5.));
#4640=CARTESIAN_POINT('',(206.,80.,2.5));
#4641=CARTESIAN_POINT('Origin',(190.,75.,5.));
#4642=CARTESIAN_POINT('',(190.,80.,0.));
#4643=CARTESIAN_POINT('',(190.,75.,0.));
#4644=CARTESIAN_POINT('',(190.,57.5,0.));
#4645=CARTESIAN_POINT('',(190.,80.,5.));
#4646=CARTESIAN_POINT('',(190.,80.,2.5));
#4647=CARTESIAN_POINT('',(190.,75.,5.));
#4648=CARTESIAN_POINT('',(190.,57.5,5.));
#4649=CARTESIAN_POINT('',(190.,75.,5.));
#4650=CARTESIAN_POINT('Origin',(206.,75.,5.));
#4651=CARTESIAN_POINT('',(166.5,75.,0.));
#4652=CARTESIAN_POINT('',(166.5,75.,5.));
#4653=CARTESIAN_POINT('Origin',(16.,75.,5.));
#4654=CARTESIAN_POINT('',(16.,80.,0.));
#4655=CARTESIAN_POINT('',(16.,75.,0.));
#4656=CARTESIAN_POINT('',(16.,57.5,0.));
#4657=CARTESIAN_POINT('',(16.,80.,5.));
#4658=CARTESIAN_POINT('',(16.,80.,2.5));
#4659=CARTESIAN_POINT('',(16.,75.,5.));
#4660=CARTESIAN_POINT('',(16.,57.5,5.));
#4661=CARTESIAN_POINT('',(16.,75.,5.));
#4662=CARTESIAN_POINT('Origin',(32.,75.,5.));
#4663=CARTESIAN_POINT('',(32.,75.,0.));
#4664=CARTESIAN_POINT('',(79.5,75.,0.));
#4665=CARTESIAN_POINT('',(32.,75.,5.));
#4666=CARTESIAN_POINT('',(79.5,75.,5.));
#4667=CARTESIAN_POINT('',(32.,75.,5.));
#4668=CARTESIAN_POINT('Origin',(32.,80.,5.));
#4669=CARTESIAN_POINT('',(32.,80.,0.));
#4670=CARTESIAN_POINT('',(32.,60.,0.));
#4671=CARTESIAN_POINT('',(32.,80.,5.));
#4672=CARTESIAN_POINT('',(32.,60.,5.));
#4673=CARTESIAN_POINT('',(32.,80.,2.5));
#4674=CARTESIAN_POINT('Origin',(64.,4.99999999999998,5.));
#4675=CARTESIAN_POINT('',(64.,-1.77635683940025E-14,0.));
#4676=CARTESIAN_POINT('',(64.,4.99999999999998,0.));
#4677=CARTESIAN_POINT('',(64.,22.5,0.));
#4678=CARTESIAN_POINT('',(64.,-1.77635683940025E-14,5.));
#4679=CARTESIAN_POINT('',(64.,0.,2.5));
#4680=CARTESIAN_POINT('',(64.,4.99999999999998,5.));
#4681=CARTESIAN_POINT('',(64.,22.5,5.));
#4682=CARTESIAN_POINT('',(64.,4.99999999999998,5.));
#4683=CARTESIAN_POINT('Origin',(48.,4.99999999999998,5.));
#4684=CARTESIAN_POINT('',(48.,4.99999999999998,0.));
#4685=CARTESIAN_POINT('',(87.5,4.99999999999998,0.));
#4686=CARTESIAN_POINT('',(48.,4.99999999999998,5.));
#4687=CARTESIAN_POINT('',(87.5,4.99999999999998,5.));
#4688=CARTESIAN_POINT('',(48.,4.99999999999998,5.));
#4689=CARTESIAN_POINT('Origin',(48.,-1.77635683940025E-14,5.));
#4690=CARTESIAN_POINT('',(48.,-1.77635683940025E-14,0.));
#4691=CARTESIAN_POINT('',(48.,20.,0.));
#4692=CARTESIAN_POINT('',(48.,-1.77635683940025E-14,5.));
#4693=CARTESIAN_POINT('',(48.,20.,5.));
#4694=CARTESIAN_POINT('',(48.,0.,2.5));
#4695=CARTESIAN_POINT('Origin',(238.,4.99999999999998,5.));
#4696=CARTESIAN_POINT('',(238.,-1.77635683940025E-14,0.));
#4697=CARTESIAN_POINT('',(238.,4.99999999999998,0.));
#4698=CARTESIAN_POINT('',(238.,22.5,0.));
#4699=CARTESIAN_POINT('',(238.,-1.77635683940025E-14,5.));
#4700=CARTESIAN_POINT('',(238.,0.,2.5));
#4701=CARTESIAN_POINT('',(238.,4.99999999999998,5.));
#4702=CARTESIAN_POINT('',(238.,22.5,5.));
#4703=CARTESIAN_POINT('',(238.,4.99999999999998,5.));
#4704=CARTESIAN_POINT('Origin',(222.,4.99999999999998,5.));
#4705=CARTESIAN_POINT('',(222.,4.99999999999998,0.));
#4706=CARTESIAN_POINT('',(174.5,4.99999999999998,0.));
#4707=CARTESIAN_POINT('',(222.,4.99999999999998,5.));
#4708=CARTESIAN_POINT('',(174.5,4.99999999999998,5.));
#4709=CARTESIAN_POINT('',(222.,4.99999999999998,5.));
#4710=CARTESIAN_POINT('Origin',(222.,-1.77635683940025E-14,5.));
#4711=CARTESIAN_POINT('',(222.,-1.77635683940025E-14,0.));
#4712=CARTESIAN_POINT('',(222.,20.,0.));
#4713=CARTESIAN_POINT('',(222.,-1.77635683940025E-14,5.));
#4714=CARTESIAN_POINT('',(222.,20.,5.));
#4715=CARTESIAN_POINT('',(222.,0.,2.5));
#4716=CARTESIAN_POINT('Origin',(254.,80.,0.));
#4717=CARTESIAN_POINT('',(0.,80.,0.));
#4718=CARTESIAN_POINT('',(254.,80.,0.));
#4719=CARTESIAN_POINT('',(0.,80.,5.));
#4720=CARTESIAN_POINT('',(0.,80.,0.));
#4721=CARTESIAN_POINT('',(254.,80.,5.));
#4722=CARTESIAN_POINT('Origin',(254.,80.,0.));
#4723=CARTESIAN_POINT('',(254.,80.,0.));
#4724=CARTESIAN_POINT('',(254.,80.,5.));
#4725=CARTESIAN_POINT('Origin',(254.,80.,0.));
#4726=CARTESIAN_POINT('',(254.,80.,5.));
#4727=CARTESIAN_POINT('',(254.,80.,0.));
#4728=CARTESIAN_POINT('Origin',(254.,80.,0.));
#4729=CARTESIAN_POINT('',(254.,80.,5.));
#4730=CARTESIAN_POINT('',(254.,80.,5.));
#4731=CARTESIAN_POINT('',(254.,80.,0.));
#4732=CARTESIAN_POINT('',(254.,80.,0.));
#4733=CARTESIAN_POINT('',(254.,80.,0.));
#4734=CARTESIAN_POINT('Origin',(254.,80.,0.));
#4735=CARTESIAN_POINT('',(254.,80.,0.));
#4736=CARTESIAN_POINT('',(254.,80.,5.));
#4737=CARTESIAN_POINT('Origin',(0.,0.,0.));
#4738=CARTESIAN_POINT('',(254.,6.93816262465502E-31,0.));
#4739=CARTESIAN_POINT('',(0.,0.,0.));
#4740=CARTESIAN_POINT('',(254.,0.,5.));
#4741=CARTESIAN_POINT('',(254.,6.93816262465502E-31,0.));
#4742=CARTESIAN_POINT('',(0.,0.,5.));
#4743=CARTESIAN_POINT('Origin',(0.,0.,0.));
#4744=CARTESIAN_POINT('',(0.,0.,0.));
#4745=CARTESIAN_POINT('',(0.,0.,5.));
#4746=CARTESIAN_POINT('Origin',(0.,0.,0.));
#4747=CARTESIAN_POINT('',(0.,0.,5.));
#4748=CARTESIAN_POINT('',(0.,0.,0.));
#4749=CARTESIAN_POINT('Origin',(0.,0.,0.));
#4750=CARTESIAN_POINT('',(0.,0.,5.));
#4751=CARTESIAN_POINT('',(0.,0.,5.));
#4752=CARTESIAN_POINT('',(0.,0.,0.));
#4753=CARTESIAN_POINT('',(0.,0.,0.));
#4754=CARTESIAN_POINT('',(0.,0.,0.));
#4755=CARTESIAN_POINT('Origin',(0.,0.,0.));
#4756=CARTESIAN_POINT('',(0.,0.,0.));
#4757=CARTESIAN_POINT('',(0.,0.,5.));
#4758=CARTESIAN_POINT('Origin',(127.,40.,0.));
#4759=CARTESIAN_POINT('',(254.,64.,0.));
#4760=CARTESIAN_POINT('',(254.,6.93816262465502E-31,0.));
#4761=CARTESIAN_POINT('',(249.,64.,0.));
#4762=CARTESIAN_POINT('',(188.,64.,0.));
#4763=CARTESIAN_POINT('',(249.,48.,0.));
#4764=CARTESIAN_POINT('',(249.,28.,0.));
#4765=CARTESIAN_POINT('',(254.,48.,0.));
#4766=CARTESIAN_POINT('',(188.,48.,0.));
#4767=CARTESIAN_POINT('',(254.,32.,0.));
#4768=CARTESIAN_POINT('',(254.,44.,0.));
#4769=CARTESIAN_POINT('',(249.,32.,0.));
#4770=CARTESIAN_POINT('',(190.5,32.,0.));
#4771=CARTESIAN_POINT('',(249.,16.,0.));
#4772=CARTESIAN_POINT('',(249.,28.,0.));
#4773=CARTESIAN_POINT('',(254.,16.,0.));
#4774=CARTESIAN_POINT('',(190.5,16.,0.));
#4775=CARTESIAN_POINT('',(254.,6.93816262465502E-31,0.));
#4776=CARTESIAN_POINT('',(-1.34815096107107E-31,16.,0.));
#4777=CARTESIAN_POINT('',(0.,80.,0.));
#4778=CARTESIAN_POINT('',(5.,16.,0.));
#4779=CARTESIAN_POINT('',(66.,16.,0.));
#4780=CARTESIAN_POINT('',(5.00000000000001,32.,0.));
#4781=CARTESIAN_POINT('',(5.,52.,0.));
#4782=CARTESIAN_POINT('',(0.,32.,0.));
#4783=CARTESIAN_POINT('',(66.,32.,0.));
#4784=CARTESIAN_POINT('',(0.,48.,0.));
#4785=CARTESIAN_POINT('',(0.,36.,0.));
#4786=CARTESIAN_POINT('',(5.00000000000001,48.,0.));
#4787=CARTESIAN_POINT('',(63.5,48.,0.));
#4788=CARTESIAN_POINT('',(5.,64.,0.));
#4789=CARTESIAN_POINT('',(5.,52.,0.));
#4790=CARTESIAN_POINT('',(0.,64.,0.));
#4791=CARTESIAN_POINT('',(63.5,64.,0.));
#4792=CARTESIAN_POINT('',(0.,80.,0.));
#4793=CARTESIAN_POINT('',(39.,27.,0.));
#4794=CARTESIAN_POINT('',(37.,25.,0.));
#4795=CARTESIAN_POINT('Origin',(39.,25.,0.));
#4796=CARTESIAN_POINT('',(52.5,27.,0.));
#4797=CARTESIAN_POINT('',(37.,27.,0.));
#4798=CARTESIAN_POINT('',(54.5,29.,0.));
#4799=CARTESIAN_POINT('Origin',(52.5,29.,0.));
#4800=CARTESIAN_POINT('',(54.5,51.,0.));
#4801=CARTESIAN_POINT('',(54.5,70.,0.));
#4802=CARTESIAN_POINT('',(52.5,53.,0.));
#4803=CARTESIAN_POINT('Origin',(52.5,51.,0.));
#4804=CARTESIAN_POINT('',(39.,53.,0.));
#4805=CARTESIAN_POINT('',(42.,53.,0.));
#4806=CARTESIAN_POINT('',(37.,55.,0.));
#4807=CARTESIAN_POINT('Origin',(39.,55.,0.));
#4808=CARTESIAN_POINT('',(37.,63.,0.));
#4809=CARTESIAN_POINT('',(37.,53.,0.));
#4810=CARTESIAN_POINT('',(35.,65.,0.));
#4811=CARTESIAN_POINT('Origin',(35.,63.,0.));
#4812=CARTESIAN_POINT('',(27.,65.,0.));
#4813=CARTESIAN_POINT('',(244.,65.,0.));
#4814=CARTESIAN_POINT('',(25.,63.,0.));
#4815=CARTESIAN_POINT('Origin',(27.,63.,0.));
#4816=CARTESIAN_POINT('',(25.,17.,0.));
#4817=CARTESIAN_POINT('',(25.,70.,0.));
#4818=CARTESIAN_POINT('',(27.,15.,0.));
#4819=CARTESIAN_POINT('Origin',(27.,17.,0.));
#4820=CARTESIAN_POINT('',(35.,15.,0.));
#4821=CARTESIAN_POINT('',(10.,15.,0.));
#4822=CARTESIAN_POINT('',(37.,17.,0.));
#4823=CARTESIAN_POINT('Origin',(35.,17.,0.));
#4824=CARTESIAN_POINT('',(37.,10.,0.));
#4825=CARTESIAN_POINT('',(79.35,56.85,0.));
#4826=CARTESIAN_POINT('Origin',(80.4,56.85,0.));
#4827=CARTESIAN_POINT('',(107.1,21.65,0.));
#4828=CARTESIAN_POINT('Origin',(108.65,21.65,0.));
#4829=CARTESIAN_POINT('',(38.45,56.85,0.));
#4830=CARTESIAN_POINT('Origin',(39.5,56.85,0.));
#4831=CARTESIAN_POINT('',(143.8,58.35,0.));
#4832=CARTESIAN_POINT('Origin',(145.35,58.35,0.));
#4833=CARTESIAN_POINT('',(107.1,58.35,0.));
#4834=CARTESIAN_POINT('Origin',(108.65,58.35,0.));
#4835=CARTESIAN_POINT('',(173.1,27.,0.));
#4836=CARTESIAN_POINT('',(171.1,25.,0.));
#4837=CARTESIAN_POINT('Origin',(173.1,25.,0.));
#4838=CARTESIAN_POINT('',(185.5,27.,0.));
#4839=CARTESIAN_POINT('',(171.1,27.,0.));
#4840=CARTESIAN_POINT('',(187.5,29.,0.));
#4841=CARTESIAN_POINT('Origin',(185.5,29.,0.));
#4842=CARTESIAN_POINT('',(187.5,51.,0.));
#4843=CARTESIAN_POINT('',(187.5,10.,0.));
#4844=CARTESIAN_POINT('',(185.5,53.,0.));
#4845=CARTESIAN_POINT('Origin',(185.5,51.,0.));
#4846=CARTESIAN_POINT('',(173.1,53.,0.));
#4847=CARTESIAN_POINT('',(176.1,53.,0.));
#4848=CARTESIAN_POINT('',(171.1,55.,0.));
#4849=CARTESIAN_POINT('Origin',(173.1,55.,0.));
#4850=CARTESIAN_POINT('',(171.1,63.,0.));
#4851=CARTESIAN_POINT('',(171.1,70.,0.));
#4852=CARTESIAN_POINT('',(169.1,65.,0.));
#4853=CARTESIAN_POINT('Origin',(169.1,63.,0.));
#4854=CARTESIAN_POINT('',(150.35,65.,0.));
#4855=CARTESIAN_POINT('',(244.,65.,0.));
#4856=CARTESIAN_POINT('',(148.35,63.,0.));
#4857=CARTESIAN_POINT('Origin',(150.35,63.,0.));
#4858=CARTESIAN_POINT('',(148.35,17.,0.));
#4859=CARTESIAN_POINT('',(148.35,10.,0.));
#4860=CARTESIAN_POINT('',(150.35,15.,0.));
#4861=CARTESIAN_POINT('Origin',(150.35,17.,0.));
#4862=CARTESIAN_POINT('',(169.1,15.,0.));
#4863=CARTESIAN_POINT('',(10.,15.,0.));
#4864=CARTESIAN_POINT('',(171.1,17.,0.));
#4865=CARTESIAN_POINT('Origin',(169.1,17.,0.));
#4866=CARTESIAN_POINT('',(171.1,10.,0.));
#4867=CARTESIAN_POINT('',(79.35,23.15,0.));
#4868=CARTESIAN_POINT('Origin',(80.4,23.15,0.));
#4869=CARTESIAN_POINT('',(213.45,56.85,0.));
#4870=CARTESIAN_POINT('Origin',(214.5,56.85,0.));
#4871=CARTESIAN_POINT('',(143.8,21.65,0.));
#4872=CARTESIAN_POINT('Origin',(145.35,21.65,0.));
#4873=CARTESIAN_POINT('',(172.55,23.15,0.));
#4874=CARTESIAN_POINT('Origin',(173.6,23.15,0.));
#4875=CARTESIAN_POINT('',(82.9,25.,0.));
#4876=CARTESIAN_POINT('',(80.9,27.,0.));
#4877=CARTESIAN_POINT('Origin',(80.9,25.,0.));
#4878=CARTESIAN_POINT('',(82.9,17.,0.));
#4879=CARTESIAN_POINT('',(82.9,10.,0.));
#4880=CARTESIAN_POINT('',(84.9,15.,0.));
#4881=CARTESIAN_POINT('Origin',(84.9,17.,0.));
#4882=CARTESIAN_POINT('',(103.65,15.,0.));
#4883=CARTESIAN_POINT('',(10.,15.,0.));
#4884=CARTESIAN_POINT('',(105.65,17.,0.));
#4885=CARTESIAN_POINT('Origin',(103.65,17.,0.));
#4886=CARTESIAN_POINT('',(105.65,63.,0.));
#4887=CARTESIAN_POINT('',(105.65,70.,0.));
#4888=CARTESIAN_POINT('',(103.65,65.,0.));
#4889=CARTESIAN_POINT('Origin',(103.65,63.,0.));
#4890=CARTESIAN_POINT('',(84.9000000000001,65.,0.));
#4891=CARTESIAN_POINT('',(244.,65.,0.));
#4892=CARTESIAN_POINT('',(82.9000000000001,63.,0.));
#4893=CARTESIAN_POINT('Origin',(84.9000000000001,63.,0.));
#4894=CARTESIAN_POINT('',(82.9000000000001,55.,0.));
#4895=CARTESIAN_POINT('',(82.9000000000001,70.,0.));
#4896=CARTESIAN_POINT('',(80.9000000000001,53.,0.));
#4897=CARTESIAN_POINT('Origin',(80.9000000000001,55.,0.));
#4898=CARTESIAN_POINT('',(68.5,53.,0.));
#4899=CARTESIAN_POINT('',(82.9000000000001,53.,0.));
#4900=CARTESIAN_POINT('',(66.5,51.,0.));
#4901=CARTESIAN_POINT('Origin',(68.5,51.,0.));
#4902=CARTESIAN_POINT('',(66.5,29.,0.));
#4903=CARTESIAN_POINT('',(66.5,10.,0.));
#4904=CARTESIAN_POINT('',(68.5,27.,0.));
#4905=CARTESIAN_POINT('Origin',(68.5,29.,0.));
#4906=CARTESIAN_POINT('',(77.9,27.,0.));
#4907=CARTESIAN_POINT('',(217.,25.,0.));
#4908=CARTESIAN_POINT('',(215.,27.,0.));
#4909=CARTESIAN_POINT('Origin',(215.,25.,0.));
#4910=CARTESIAN_POINT('',(217.,17.,0.));
#4911=CARTESIAN_POINT('',(217.,10.,0.));
#4912=CARTESIAN_POINT('',(219.,15.,0.));
#4913=CARTESIAN_POINT('Origin',(219.,17.,0.));
#4914=CARTESIAN_POINT('',(227.,15.,0.));
#4915=CARTESIAN_POINT('',(10.,15.,0.));
#4916=CARTESIAN_POINT('',(229.,17.,0.));
#4917=CARTESIAN_POINT('Origin',(227.,17.,0.));
#4918=CARTESIAN_POINT('',(229.,63.,0.));
#4919=CARTESIAN_POINT('',(229.,70.,0.));
#4920=CARTESIAN_POINT('',(227.,65.,0.));
#4921=CARTESIAN_POINT('Origin',(227.,63.,0.));
#4922=CARTESIAN_POINT('',(219.,65.,0.));
#4923=CARTESIAN_POINT('',(244.,65.,0.));
#4924=CARTESIAN_POINT('',(217.,63.,0.));
#4925=CARTESIAN_POINT('Origin',(219.,63.,0.));
#4926=CARTESIAN_POINT('',(217.,55.,0.));
#4927=CARTESIAN_POINT('',(217.,53.,0.));
#4928=CARTESIAN_POINT('',(215.,53.,0.));
#4929=CARTESIAN_POINT('Origin',(215.,55.,0.));
#4930=CARTESIAN_POINT('',(201.5,53.,0.));
#4931=CARTESIAN_POINT('',(212.,53.,0.));
#4932=CARTESIAN_POINT('',(199.5,51.,0.));
#4933=CARTESIAN_POINT('Origin',(201.5,51.,0.));
#4934=CARTESIAN_POINT('',(199.5,29.,0.));
#4935=CARTESIAN_POINT('',(199.5,70.,0.));
#4936=CARTESIAN_POINT('',(201.5,27.,0.));
#4937=CARTESIAN_POINT('Origin',(201.5,29.,0.));
#4938=CARTESIAN_POINT('',(212.,27.,0.));
#4939=CARTESIAN_POINT('',(38.45,23.15,0.));
#4940=CARTESIAN_POINT('Origin',(39.5,23.15,0.));
#4941=CARTESIAN_POINT('',(172.55,56.85,0.));
#4942=CARTESIAN_POINT('Origin',(173.6,56.85,0.));
#4943=CARTESIAN_POINT('',(213.45,23.15,0.));
#4944=CARTESIAN_POINT('Origin',(214.5,23.15,0.));
#4945=CARTESIAN_POINT('',(142.35,12.,0.));
#4946=CARTESIAN_POINT('',(140.35,10.,0.));
#4947=CARTESIAN_POINT('Origin',(140.35,12.,0.));
#4948=CARTESIAN_POINT('',(142.35,68.,0.));
#4949=CARTESIAN_POINT('',(142.35,70.,0.));
#4950=CARTESIAN_POINT('',(140.35,70.,0.));
#4951=CARTESIAN_POINT('Origin',(140.35,68.,0.));
#4952=CARTESIAN_POINT('',(113.65,70.,0.));
#4953=CARTESIAN_POINT('',(244.,70.,0.));
#4954=CARTESIAN_POINT('',(111.65,68.,0.));
#4955=CARTESIAN_POINT('Origin',(113.65,68.,0.));
#4956=CARTESIAN_POINT('',(111.65,12.,0.));
#4957=CARTESIAN_POINT('',(111.65,10.,0.));
#4958=CARTESIAN_POINT('',(113.65,10.,0.));
#4959=CARTESIAN_POINT('Origin',(113.65,12.,0.));
#4960=CARTESIAN_POINT('',(10.,10.,0.));
#4961=CARTESIAN_POINT('',(157.55,5.,0.));
#4962=CARTESIAN_POINT('Origin',(156.,5.,0.));
#4963=CARTESIAN_POINT('',(128.55,75.,0.));
#4964=CARTESIAN_POINT('Origin',(127.,75.,0.));
#4965=CARTESIAN_POINT('',(157.55,75.,0.));
#4966=CARTESIAN_POINT('Origin',(156.,75.,0.));
#4967=CARTESIAN_POINT('',(128.55,5.,0.));
#4968=CARTESIAN_POINT('Origin',(127.,5.,0.));
#4969=CARTESIAN_POINT('',(99.55,75.,0.));
#4970=CARTESIAN_POINT('Origin',(98.,75.,0.));
#4971=CARTESIAN_POINT('',(99.55,5.,0.));
#4972=CARTESIAN_POINT('Origin',(98.,5.,0.));
#4973=CARTESIAN_POINT('Origin',(0.,48.,5.));
#4974=CARTESIAN_POINT('',(0.,48.,5.));
#4975=CARTESIAN_POINT('',(0.,48.,5.));
#4976=CARTESIAN_POINT('',(5.00000000000001,48.,5.));
#4977=CARTESIAN_POINT('',(0.,48.,5.));
#4978=CARTESIAN_POINT('',(5.,48.,5.));
#4979=CARTESIAN_POINT('Origin',(0.,32.,5.));
#4980=CARTESIAN_POINT('',(0.,32.,5.));
#4981=CARTESIAN_POINT('',(0.,32.,5.));
#4982=CARTESIAN_POINT('',(0.,32.,5.));
#4983=CARTESIAN_POINT('Origin',(5.00000000000001,32.,5.));
#4984=CARTESIAN_POINT('',(5.00000000000001,32.,5.));
#4985=CARTESIAN_POINT('',(5.,32.,5.));
#4986=CARTESIAN_POINT('',(5.00000000000001,32.,5.));
#4987=CARTESIAN_POINT('Origin',(5.,64.,5.));
#4988=CARTESIAN_POINT('',(5.,16.,5.));
#4989=CARTESIAN_POINT('',(5.,16.,5.));
#4990=CARTESIAN_POINT('',(5.,52.,5.));
#4991=CARTESIAN_POINT('Origin',(249.,48.,5.));
#4992=CARTESIAN_POINT('',(249.,48.,5.));
#4993=CARTESIAN_POINT('',(249.,48.,5.));
#4994=CARTESIAN_POINT('',(254.,48.,5.));
#4995=CARTESIAN_POINT('',(254.,48.,5.));
#4996=CARTESIAN_POINT('',(254.,48.,5.));
#4997=CARTESIAN_POINT('Origin',(254.,32.,5.));
#4998=CARTESIAN_POINT('',(254.,32.,5.));
#4999=CARTESIAN_POINT('',(254.,32.,5.));
#5000=CARTESIAN_POINT('',(249.,32.,5.));
#5001=CARTESIAN_POINT('',(249.,32.,5.));
#5002=CARTESIAN_POINT('',(249.,32.,5.));
#5003=CARTESIAN_POINT('Origin',(254.,48.,5.));
#5004=CARTESIAN_POINT('',(254.,32.,5.));
#5005=CARTESIAN_POINT('Origin',(249.,16.,5.));
#5006=CARTESIAN_POINT('',(249.,64.,5.));
#5007=CARTESIAN_POINT('',(249.,64.,5.));
#5008=CARTESIAN_POINT('',(249.,28.,5.));
#5009=CARTESIAN_POINT('Origin',(249.,16.,5.));
#5010=CARTESIAN_POINT('',(249.,16.,5.));
#5011=CARTESIAN_POINT('',(249.,28.,5.));
#5012=CARTESIAN_POINT('',(249.,16.,5.));
#5013=CARTESIAN_POINT('Origin',(98.,5.,5.));
#5014=CARTESIAN_POINT('',(99.55,5.,5.));
#5015=CARTESIAN_POINT('Origin',(98.,5.,5.));
#5016=CARTESIAN_POINT('',(99.55,5.,5.));
#5017=CARTESIAN_POINT('Origin',(98.,75.,5.));
#5018=CARTESIAN_POINT('',(99.55,75.,5.));
#5019=CARTESIAN_POINT('Origin',(98.,75.,5.));
#5020=CARTESIAN_POINT('',(99.55,75.,5.));
#5021=CARTESIAN_POINT('Origin',(127.,5.,5.));
#5022=CARTESIAN_POINT('',(128.55,5.,5.));
#5023=CARTESIAN_POINT('Origin',(127.,5.,5.));
#5024=CARTESIAN_POINT('',(128.55,5.,5.));
#5025=CARTESIAN_POINT('Origin',(156.,75.,5.));
#5026=CARTESIAN_POINT('',(157.55,75.,5.));
#5027=CARTESIAN_POINT('Origin',(156.,75.,5.));
#5028=CARTESIAN_POINT('',(157.55,75.,5.));
#5029=CARTESIAN_POINT('Origin',(127.,75.,5.));
#5030=CARTESIAN_POINT('',(128.55,75.,5.));
#5031=CARTESIAN_POINT('Origin',(127.,75.,5.));
#5032=CARTESIAN_POINT('',(128.55,75.,5.));
#5033=CARTESIAN_POINT('Origin',(156.,5.,5.));
#5034=CARTESIAN_POINT('',(157.55,5.,5.));
#5035=CARTESIAN_POINT('Origin',(156.,5.,5.));
#5036=CARTESIAN_POINT('',(157.55,5.,5.));
#5037=CARTESIAN_POINT('Origin',(5.,16.,5.));
#5038=CARTESIAN_POINT('',(-1.34815096107107E-31,16.,5.));
#5039=CARTESIAN_POINT('',(0.,16.,2.5));
#5040=CARTESIAN_POINT('',(66.,16.,5.));
#5041=CARTESIAN_POINT('Origin',(5.,64.,5.));
#5042=CARTESIAN_POINT('',(5.,64.,5.));
#5043=CARTESIAN_POINT('',(5.,52.,5.));
#5044=CARTESIAN_POINT('',(5.,64.,5.));
#5045=CARTESIAN_POINT('Origin',(0.,64.,5.));
#5046=CARTESIAN_POINT('',(0.,64.,5.));
#5047=CARTESIAN_POINT('',(63.5,64.,5.));
#5048=CARTESIAN_POINT('',(0.,64.,2.5));
#5049=CARTESIAN_POINT('Origin',(254.,16.,5.));
#5050=CARTESIAN_POINT('',(254.,16.,5.));
#5051=CARTESIAN_POINT('',(190.5,16.,5.));
#5052=CARTESIAN_POINT('',(254.,16.,2.5));
#5053=CARTESIAN_POINT('Origin',(249.,64.,5.));
#5054=CARTESIAN_POINT('',(254.,64.,5.));
#5055=CARTESIAN_POINT('',(254.,64.,2.5));
#5056=CARTESIAN_POINT('',(188.,64.,5.));
#5057=CARTESIAN_POINT('Origin',(0.,80.,0.));
#5058=CARTESIAN_POINT('',(0.,80.,5.));
#5059=CARTESIAN_POINT('Origin',(0.,80.,0.));
#5060=CARTESIAN_POINT('',(0.,80.,5.));
#5061=CARTESIAN_POINT('Origin',(127.,40.,5.));
#5062=CARTESIAN_POINT('',(254.,6.93816262465502E-31,5.));
#5063=CARTESIAN_POINT('',(254.,6.93816262465502E-31,5.));
#5064=CARTESIAN_POINT('',(140.35,10.,5.));
#5065=CARTESIAN_POINT('',(113.65,10.,5.));
#5066=CARTESIAN_POINT('',(10.,10.,5.));
#5067=CARTESIAN_POINT('',(111.65,12.,5.));
#5068=CARTESIAN_POINT('Origin',(113.65,12.,5.));
#5069=CARTESIAN_POINT('',(111.65,68.,5.));
#5070=CARTESIAN_POINT('',(111.65,10.,5.));
#5071=CARTESIAN_POINT('',(113.65,70.,5.));
#5072=CARTESIAN_POINT('Origin',(113.65,68.,5.));
#5073=CARTESIAN_POINT('',(140.35,70.,5.));
#5074=CARTESIAN_POINT('',(244.,70.,5.));
#5075=CARTESIAN_POINT('',(142.35,68.,5.));
#5076=CARTESIAN_POINT('Origin',(140.35,68.,5.));
#5077=CARTESIAN_POINT('',(142.35,12.,5.));
#5078=CARTESIAN_POINT('',(142.35,70.,5.));
#5079=CARTESIAN_POINT('Origin',(140.35,12.,5.));
#5080=CARTESIAN_POINT('',(213.45,23.15,5.));
#5081=CARTESIAN_POINT('Origin',(214.5,23.15,5.));
#5082=CARTESIAN_POINT('',(172.55,56.85,5.));
#5083=CARTESIAN_POINT('Origin',(173.6,56.85,5.));
#5084=CARTESIAN_POINT('',(38.45,23.15,5.));
#5085=CARTESIAN_POINT('Origin',(39.5,23.15,5.));
#5086=CARTESIAN_POINT('',(172.55,23.15,5.));
#5087=CARTESIAN_POINT('Origin',(173.6,23.15,5.));
#5088=CARTESIAN_POINT('',(143.8,21.65,5.));
#5089=CARTESIAN_POINT('Origin',(145.35,21.65,5.));
#5090=CARTESIAN_POINT('',(213.45,56.85,5.));
#5091=CARTESIAN_POINT('Origin',(214.5,56.85,5.));
#5092=CARTESIAN_POINT('',(79.35,23.15,5.));
#5093=CARTESIAN_POINT('Origin',(80.4,23.15,5.));
#5094=CARTESIAN_POINT('',(107.1,58.35,5.));
#5095=CARTESIAN_POINT('Origin',(108.65,58.35,5.));
#5096=CARTESIAN_POINT('',(143.8,58.35,5.));
#5097=CARTESIAN_POINT('Origin',(145.35,58.35,5.));
#5098=CARTESIAN_POINT('',(38.45,56.85,5.));
#5099=CARTESIAN_POINT('Origin',(39.5,56.85,5.));
#5100=CARTESIAN_POINT('',(107.1,21.65,5.));
#5101=CARTESIAN_POINT('Origin',(108.65,21.65,5.));
#5102=CARTESIAN_POINT('',(79.35,56.85,5.));
#5103=CARTESIAN_POINT('Origin',(80.4,56.85,5.));
#5104=CARTESIAN_POINT('',(80.9,27.,5.));
#5105=CARTESIAN_POINT('',(82.9,25.,5.));
#5106=CARTESIAN_POINT('Origin',(80.9,25.,5.));
#5107=CARTESIAN_POINT('',(68.5,27.,5.));
#5108=CARTESIAN_POINT('',(77.9,27.,5.));
#5109=CARTESIAN_POINT('',(66.5,29.,5.));
#5110=CARTESIAN_POINT('Origin',(68.5,29.,5.));
#5111=CARTESIAN_POINT('',(66.5,51.,5.));
#5112=CARTESIAN_POINT('',(66.5,10.,5.));
#5113=CARTESIAN_POINT('',(68.5,53.,5.));
#5114=CARTESIAN_POINT('Origin',(68.5,51.,5.));
#5115=CARTESIAN_POINT('',(80.9000000000001,53.,5.));
#5116=CARTESIAN_POINT('',(82.9000000000001,53.,5.));
#5117=CARTESIAN_POINT('',(82.9000000000001,55.,5.));
#5118=CARTESIAN_POINT('Origin',(80.9000000000001,55.,5.));
#5119=CARTESIAN_POINT('',(82.9000000000001,63.,5.));
#5120=CARTESIAN_POINT('',(82.9000000000001,70.,5.));
#5121=CARTESIAN_POINT('',(84.9000000000001,65.,5.));
#5122=CARTESIAN_POINT('Origin',(84.9000000000001,63.,5.));
#5123=CARTESIAN_POINT('',(103.65,65.,5.));
#5124=CARTESIAN_POINT('',(244.,65.,5.));
#5125=CARTESIAN_POINT('',(105.65,63.,5.));
#5126=CARTESIAN_POINT('Origin',(103.65,63.,5.));
#5127=CARTESIAN_POINT('',(105.65,17.,5.));
#5128=CARTESIAN_POINT('',(105.65,70.,5.));
#5129=CARTESIAN_POINT('',(103.65,15.,5.));
#5130=CARTESIAN_POINT('Origin',(103.65,17.,5.));
#5131=CARTESIAN_POINT('',(84.9,15.,5.));
#5132=CARTESIAN_POINT('',(10.,15.,5.));
#5133=CARTESIAN_POINT('',(82.9,17.,5.));
#5134=CARTESIAN_POINT('Origin',(84.9,17.,5.));
#5135=CARTESIAN_POINT('',(82.9,10.,5.));
#5136=CARTESIAN_POINT('',(215.,27.,5.));
#5137=CARTESIAN_POINT('',(217.,25.,5.));
#5138=CARTESIAN_POINT('Origin',(215.,25.,5.));
#5139=CARTESIAN_POINT('',(201.5,27.,5.));
#5140=CARTESIAN_POINT('',(212.,27.,5.));
#5141=CARTESIAN_POINT('',(199.5,29.,5.));
#5142=CARTESIAN_POINT('Origin',(201.5,29.,5.));
#5143=CARTESIAN_POINT('',(199.5,51.,5.));
#5144=CARTESIAN_POINT('',(199.5,70.,5.));
#5145=CARTESIAN_POINT('',(201.5,53.,5.));
#5146=CARTESIAN_POINT('Origin',(201.5,51.,5.));
#5147=CARTESIAN_POINT('',(215.,53.,5.));
#5148=CARTESIAN_POINT('',(212.,53.,5.));
#5149=CARTESIAN_POINT('',(217.,55.,5.));
#5150=CARTESIAN_POINT('Origin',(215.,55.,5.));
#5151=CARTESIAN_POINT('',(217.,63.,5.));
#5152=CARTESIAN_POINT('',(217.,53.,5.));
#5153=CARTESIAN_POINT('',(219.,65.,5.));
#5154=CARTESIAN_POINT('Origin',(219.,63.,5.));
#5155=CARTESIAN_POINT('',(227.,65.,5.));
#5156=CARTESIAN_POINT('',(244.,65.,5.));
#5157=CARTESIAN_POINT('',(229.,63.,5.));
#5158=CARTESIAN_POINT('Origin',(227.,63.,5.));
#5159=CARTESIAN_POINT('',(229.,17.,5.));
#5160=CARTESIAN_POINT('',(229.,70.,5.));
#5161=CARTESIAN_POINT('',(227.,15.,5.));
#5162=CARTESIAN_POINT('Origin',(227.,17.,5.));
#5163=CARTESIAN_POINT('',(219.,15.,5.));
#5164=CARTESIAN_POINT('',(10.,15.,5.));
#5165=CARTESIAN_POINT('',(217.,17.,5.));
#5166=CARTESIAN_POINT('Origin',(219.,17.,5.));
#5167=CARTESIAN_POINT('',(217.,10.,5.));
#5168=CARTESIAN_POINT('',(171.1,25.,5.));
#5169=CARTESIAN_POINT('',(173.1,27.,5.));
#5170=CARTESIAN_POINT('Origin',(173.1,25.,5.));
#5171=CARTESIAN_POINT('',(171.1,17.,5.));
#5172=CARTESIAN_POINT('',(171.1,10.,5.));
#5173=CARTESIAN_POINT('',(169.1,15.,5.));
#5174=CARTESIAN_POINT('Origin',(169.1,17.,5.));
#5175=CARTESIAN_POINT('',(150.35,15.,5.));
#5176=CARTESIAN_POINT('',(10.,15.,5.));
#5177=CARTESIAN_POINT('',(148.35,17.,5.));
#5178=CARTESIAN_POINT('Origin',(150.35,17.,5.));
#5179=CARTESIAN_POINT('',(148.35,63.,5.));
#5180=CARTESIAN_POINT('',(148.35,10.,5.));
#5181=CARTESIAN_POINT('',(150.35,65.,5.));
#5182=CARTESIAN_POINT('Origin',(150.35,63.,5.));
#5183=CARTESIAN_POINT('',(169.1,65.,5.));
#5184=CARTESIAN_POINT('',(244.,65.,5.));
#5185=CARTESIAN_POINT('',(171.1,63.,5.));
#5186=CARTESIAN_POINT('Origin',(169.1,63.,5.));
#5187=CARTESIAN_POINT('',(171.1,55.,5.));
#5188=CARTESIAN_POINT('',(171.1,70.,5.));
#5189=CARTESIAN_POINT('',(173.1,53.,5.));
#5190=CARTESIAN_POINT('Origin',(173.1,55.,5.));
#5191=CARTESIAN_POINT('',(185.5,53.,5.));
#5192=CARTESIAN_POINT('',(176.1,53.,5.));
#5193=CARTESIAN_POINT('',(187.5,51.,5.));
#5194=CARTESIAN_POINT('Origin',(185.5,51.,5.));
#5195=CARTESIAN_POINT('',(187.5,29.,5.));
#5196=CARTESIAN_POINT('',(187.5,10.,5.));
#5197=CARTESIAN_POINT('',(185.5,27.,5.));
#5198=CARTESIAN_POINT('Origin',(185.5,29.,5.));
#5199=CARTESIAN_POINT('',(171.1,27.,5.));
#5200=CARTESIAN_POINT('',(37.,25.,5.));
#5201=CARTESIAN_POINT('',(39.,27.,5.));
#5202=CARTESIAN_POINT('Origin',(39.,25.,5.));
#5203=CARTESIAN_POINT('',(37.,17.,5.));
#5204=CARTESIAN_POINT('',(37.,10.,5.));
#5205=CARTESIAN_POINT('',(35.,15.,5.));
#5206=CARTESIAN_POINT('Origin',(35.,17.,5.));
#5207=CARTESIAN_POINT('',(27.,15.,5.));
#5208=CARTESIAN_POINT('',(10.,15.,5.));
#5209=CARTESIAN_POINT('',(25.,17.,5.));
#5210=CARTESIAN_POINT('Origin',(27.,17.,5.));
#5211=CARTESIAN_POINT('',(25.,63.,5.));
#5212=CARTESIAN_POINT('',(25.,70.,5.));
#5213=CARTESIAN_POINT('',(27.,65.,5.));
#5214=CARTESIAN_POINT('Origin',(27.,63.,5.));
#5215=CARTESIAN_POINT('',(35.,65.,5.));
#5216=CARTESIAN_POINT('',(244.,65.,5.));
#5217=CARTESIAN_POINT('',(37.,63.,5.));
#5218=CARTESIAN_POINT('Origin',(35.,63.,5.));
#5219=CARTESIAN_POINT('',(37.,55.,5.));
#5220=CARTESIAN_POINT('',(37.,53.,5.));
#5221=CARTESIAN_POINT('',(39.,53.,5.));
#5222=CARTESIAN_POINT('Origin',(39.,55.,5.));
#5223=CARTESIAN_POINT('',(52.5,53.,5.));
#5224=CARTESIAN_POINT('',(42.,53.,5.));
#5225=CARTESIAN_POINT('',(54.5,51.,5.));
#5226=CARTESIAN_POINT('Origin',(52.5,51.,5.));
#5227=CARTESIAN_POINT('',(54.5,29.,5.));
#5228=CARTESIAN_POINT('',(54.5,70.,5.));
#5229=CARTESIAN_POINT('',(52.5,27.,5.));
#5230=CARTESIAN_POINT('Origin',(52.5,29.,5.));
#5231=CARTESIAN_POINT('',(37.,27.,5.));
#5232=CARTESIAN_POINT('Origin',(254.,6.93816262465502E-31,0.));
#5233=CARTESIAN_POINT('Origin',(254.,6.93816262465502E-31,0.));
#5234=CARTESIAN_POINT('Origin',(35.,63.,0.));
#5235=CARTESIAN_POINT('',(35.,65.,0.));
#5236=CARTESIAN_POINT('',(37.,63.,0.));
#5237=CARTESIAN_POINT('Origin',(25.,65.,0.));
#5238=CARTESIAN_POINT('',(27.,65.,0.));
#5239=CARTESIAN_POINT('Origin',(52.5,51.,0.));
#5240=CARTESIAN_POINT('',(54.5,51.,0.));
#5241=CARTESIAN_POINT('',(52.5,53.,0.));
#5242=CARTESIAN_POINT('Origin',(54.5,53.,0.));
#5243=CARTESIAN_POINT('',(54.5,29.,0.));
#5244=CARTESIAN_POINT('Origin',(103.65,63.,0.));
#5245=CARTESIAN_POINT('',(103.65,65.,0.));
#5246=CARTESIAN_POINT('',(105.65,63.,0.));
#5247=CARTESIAN_POINT('Origin',(82.9000000000001,65.,0.));
#5248=CARTESIAN_POINT('',(84.9000000000001,65.,0.));
#5249=CARTESIAN_POINT('Origin',(140.35,68.,0.));
#5250=CARTESIAN_POINT('',(142.35,68.,0.));
#5251=CARTESIAN_POINT('',(140.35,70.,0.));
#5252=CARTESIAN_POINT('Origin',(142.35,70.,0.));
#5253=CARTESIAN_POINT('',(142.35,12.,0.));
#5254=CARTESIAN_POINT('Origin',(169.1,63.,0.));
#5255=CARTESIAN_POINT('',(169.1,65.,0.));
#5256=CARTESIAN_POINT('',(171.1,63.,0.));
#5257=CARTESIAN_POINT('Origin',(148.35,65.,0.));
#5258=CARTESIAN_POINT('',(150.35,65.,0.));
#5259=CARTESIAN_POINT('Origin',(185.5,51.,0.));
#5260=CARTESIAN_POINT('',(187.5,51.,0.));
#5261=CARTESIAN_POINT('',(185.5,53.,0.));
#5262=CARTESIAN_POINT('Origin',(187.5,53.,0.));
#5263=CARTESIAN_POINT('',(187.5,29.,0.));
#5264=CARTESIAN_POINT('Origin',(227.,63.,0.));
#5265=CARTESIAN_POINT('',(227.,65.,0.));
#5266=CARTESIAN_POINT('',(229.,63.,0.));
#5267=CARTESIAN_POINT('Origin',(217.,65.,0.));
#5268=CARTESIAN_POINT('',(219.,65.,0.));
#5269=CARTESIAN_POINT('Origin',(227.,17.,0.));
#5270=CARTESIAN_POINT('',(227.,15.,0.));
#5271=CARTESIAN_POINT('',(229.,17.,0.));
#5272=CARTESIAN_POINT('Origin',(229.,15.,0.));
#5273=CARTESIAN_POINT('',(219.,15.,0.));
#5274=CARTESIAN_POINT('Origin',(169.1,17.,0.));
#5275=CARTESIAN_POINT('',(169.1,15.,0.));
#5276=CARTESIAN_POINT('',(171.1,17.,0.));
#5277=CARTESIAN_POINT('Origin',(171.1,15.,0.));
#5278=CARTESIAN_POINT('',(150.35,15.,0.));
#5279=CARTESIAN_POINT('Origin',(185.5,29.,0.));
#5280=CARTESIAN_POINT('',(185.5,27.,0.));
#5281=CARTESIAN_POINT('Origin',(187.5,27.,0.));
#5282=CARTESIAN_POINT('',(173.1,27.,0.));
#5283=CARTESIAN_POINT('Origin',(140.35,12.,0.));
#5284=CARTESIAN_POINT('',(140.35,10.,0.));
#5285=CARTESIAN_POINT('Origin',(142.35,10.,0.));
#5286=CARTESIAN_POINT('',(113.65,10.,0.));
#5287=CARTESIAN_POINT('Origin',(103.65,17.,0.));
#5288=CARTESIAN_POINT('',(103.65,15.,0.));
#5289=CARTESIAN_POINT('',(105.65,17.,0.));
#5290=CARTESIAN_POINT('Origin',(105.65,15.,0.));
#5291=CARTESIAN_POINT('',(84.9,15.,0.));
#5292=CARTESIAN_POINT('Origin',(52.5,29.,0.));
#5293=CARTESIAN_POINT('',(52.5,27.,0.));
#5294=CARTESIAN_POINT('Origin',(54.5,27.,0.));
#5295=CARTESIAN_POINT('',(39.,27.,0.));
#5296=CARTESIAN_POINT('Origin',(35.,17.,0.));
#5297=CARTESIAN_POINT('',(35.,15.,0.));
#5298=CARTESIAN_POINT('',(37.,17.,0.));
#5299=CARTESIAN_POINT('Origin',(37.,15.,0.));
#5300=CARTESIAN_POINT('',(27.,15.,0.));
#5301=CARTESIAN_POINT('Origin',(39.,25.,0.));
#5302=CARTESIAN_POINT('',(37.,25.,0.));
#5303=CARTESIAN_POINT('Origin',(37.,27.,0.));
#5304=CARTESIAN_POINT('Origin',(27.,17.,0.));
#5305=CARTESIAN_POINT('',(25.,17.,0.));
#5306=CARTESIAN_POINT('Origin',(84.9,17.,0.));
#5307=CARTESIAN_POINT('',(82.9,17.,0.));
#5308=CARTESIAN_POINT('Origin',(68.5,29.,0.));
#5309=CARTESIAN_POINT('',(66.5,29.,0.));
#5310=CARTESIAN_POINT('',(68.5,27.,0.));
#5311=CARTESIAN_POINT('Origin',(66.5,27.,0.));
#5312=CARTESIAN_POINT('',(66.5,51.,0.));
#5313=CARTESIAN_POINT('Origin',(113.65,12.,0.));
#5314=CARTESIAN_POINT('',(111.65,12.,0.));
#5315=CARTESIAN_POINT('Origin',(111.65,10.,0.));
#5316=CARTESIAN_POINT('',(111.65,68.,0.));
#5317=CARTESIAN_POINT('Origin',(150.35,17.,0.));
#5318=CARTESIAN_POINT('',(148.35,17.,0.));
#5319=CARTESIAN_POINT('Origin',(173.1,25.,0.));
#5320=CARTESIAN_POINT('',(171.1,25.,0.));
#5321=CARTESIAN_POINT('Origin',(171.1,27.,0.));
#5322=CARTESIAN_POINT('Origin',(219.,17.,0.));
#5323=CARTESIAN_POINT('',(217.,17.,0.));
#5324=CARTESIAN_POINT('Origin',(201.5,29.,0.));
#5325=CARTESIAN_POINT('',(199.5,29.,0.));
#5326=CARTESIAN_POINT('',(201.5,27.,0.));
#5327=CARTESIAN_POINT('Origin',(199.5,27.,0.));
#5328=CARTESIAN_POINT('',(199.5,51.,0.));
#5329=CARTESIAN_POINT('Origin',(215.,25.,0.));
#5330=CARTESIAN_POINT('',(217.,25.,0.));
#5331=CARTESIAN_POINT('',(215.,27.,0.));
#5332=CARTESIAN_POINT('Origin',(217.,27.,0.));
#5333=CARTESIAN_POINT('Origin',(219.,63.,0.));
#5334=CARTESIAN_POINT('',(217.,63.,0.));
#5335=CARTESIAN_POINT('Origin',(215.,55.,0.));
#5336=CARTESIAN_POINT('',(215.,53.,0.));
#5337=CARTESIAN_POINT('',(217.,55.,0.));
#5338=CARTESIAN_POINT('Origin',(199.5,53.,0.));
#5339=CARTESIAN_POINT('',(201.5,53.,0.));
#5340=CARTESIAN_POINT('Origin',(201.5,51.,0.));
#5341=CARTESIAN_POINT('Origin',(173.1,55.,0.));
#5342=CARTESIAN_POINT('',(171.1,55.,0.));
#5343=CARTESIAN_POINT('',(173.1,53.,0.));
#5344=CARTESIAN_POINT('Origin',(171.1,53.,0.));
#5345=CARTESIAN_POINT('Origin',(150.35,63.,0.));
#5346=CARTESIAN_POINT('',(148.35,63.,0.));
#5347=CARTESIAN_POINT('Origin',(113.65,68.,0.));
#5348=CARTESIAN_POINT('',(113.65,70.,0.));
#5349=CARTESIAN_POINT('Origin',(111.65,70.,0.));
#5350=CARTESIAN_POINT('Origin',(80.9,25.,0.));
#5351=CARTESIAN_POINT('',(82.9,25.,0.));
#5352=CARTESIAN_POINT('',(80.9,27.,0.));
#5353=CARTESIAN_POINT('Origin',(82.9,27.,0.));
#5354=CARTESIAN_POINT('Origin',(84.9000000000001,63.,0.));
#5355=CARTESIAN_POINT('',(82.9000000000001,63.,0.));
#5356=CARTESIAN_POINT('Origin',(80.9000000000001,55.,0.));
#5357=CARTESIAN_POINT('',(80.9000000000001,53.,0.));
#5358=CARTESIAN_POINT('',(82.9000000000001,55.,0.));
#5359=CARTESIAN_POINT('Origin',(66.5,53.,0.));
#5360=CARTESIAN_POINT('',(68.5,53.,0.));
#5361=CARTESIAN_POINT('Origin',(68.5,51.,0.));
#5362=CARTESIAN_POINT('Origin',(39.,55.,0.));
#5363=CARTESIAN_POINT('',(37.,55.,0.));
#5364=CARTESIAN_POINT('',(39.,53.,0.));
#5365=CARTESIAN_POINT('Origin',(37.,70.,0.));
#5366=CARTESIAN_POINT('Origin',(27.,63.,0.));
#5367=CARTESIAN_POINT('',(25.,63.,0.));
#5368=CARTESIAN_POINT('Origin',(217.,10.,0.));
#5369=CARTESIAN_POINT('Origin',(82.9,10.,0.));
#5370=CARTESIAN_POINT('Origin',(25.,10.,0.));
#5371=CARTESIAN_POINT('Origin',(148.35,10.,0.));
#5372=CARTESIAN_POINT('Origin',(229.,70.,0.));
#5373=CARTESIAN_POINT('Origin',(105.65,70.,0.));
#5374=CARTESIAN_POINT('Origin',(171.1,70.,0.));
#5375=CARTESIAN_POINT('Origin',(214.5,23.15,0.));
#5376=CARTESIAN_POINT('',(213.45,23.15,0.));
#5377=CARTESIAN_POINT('Origin',(173.6,56.85,0.));
#5378=CARTESIAN_POINT('',(172.55,56.85,0.));
#5379=CARTESIAN_POINT('Origin',(39.5,23.15,0.));
#5380=CARTESIAN_POINT('',(38.45,23.15,0.));
#5381=CARTESIAN_POINT('Origin',(217.,53.,0.));
#5382=CARTESIAN_POINT('Origin',(82.9000000000001,53.,0.));
#5383=CARTESIAN_POINT('Origin',(173.6,23.15,0.));
#5384=CARTESIAN_POINT('',(172.55,23.15,0.));
#5385=CARTESIAN_POINT('Origin',(145.35,21.65,0.));
#5386=CARTESIAN_POINT('',(143.8,21.65,0.));
#5387=CARTESIAN_POINT('Origin',(214.5,56.85,0.));
#5388=CARTESIAN_POINT('',(213.45,56.85,0.));
#5389=CARTESIAN_POINT('Origin',(80.4,23.15,0.));
#5390=CARTESIAN_POINT('',(79.35,23.15,0.));
#5391=CARTESIAN_POINT('Origin',(108.65,58.35,0.));
#5392=CARTESIAN_POINT('',(107.1,58.35,0.));
#5393=CARTESIAN_POINT('Origin',(145.35,58.35,0.));
#5394=CARTESIAN_POINT('',(143.8,58.35,0.));
#5395=CARTESIAN_POINT('Origin',(39.5,56.85,0.));
#5396=CARTESIAN_POINT('',(38.45,56.85,0.));
#5397=CARTESIAN_POINT('Origin',(108.65,21.65,0.));
#5398=CARTESIAN_POINT('',(107.1,21.65,0.));
#5399=CARTESIAN_POINT('Origin',(80.4,56.85,0.));
#5400=CARTESIAN_POINT('',(79.35,56.85,0.));
#5401=CARTESIAN_POINT('Origin',(37.,53.,0.));
#5402=UNCERTAINTY_MEASURE_WITH_UNIT(LENGTH_MEASURE(0.01),#5406,
'DISTANCE_ACCURACY_VALUE',
'Maximum model space distance between geometric entities at asserted c
onnectivities');
#5403=UNCERTAINTY_MEASURE_WITH_UNIT(LENGTH_MEASURE(0.01),#5406,
'DISTANCE_ACCURACY_VALUE',
'Maximum model space distance between geometric entities at asserted c
onnectivities');
#5404=(
GEOMETRIC_REPRESENTATION_CONTEXT(3)
GLOBAL_UNCERTAINTY_ASSIGNED_CONTEXT((#5402))
GLOBAL_UNIT_ASSIGNED_CONTEXT((#5406,#5408,#5409))
REPRESENTATION_CONTEXT('','3D')
);
#5405=(
GEOMETRIC_REPRESENTATION_CONTEXT(3)
GLOBAL_UNCERTAINTY_ASSIGNED_CONTEXT((#5403))
GLOBAL_UNIT_ASSIGNED_CONTEXT((#5406,#5408,#5409))
REPRESENTATION_CONTEXT('','3D')
);
#5406=(
LENGTH_UNIT()
NAMED_UNIT(*)
SI_UNIT(.MILLI.,.METRE.)
);
#5407=(
LENGTH_UNIT()
NAMED_UNIT(*)
SI_UNIT($,.METRE.)
);
#5408=(
NAMED_UNIT(*)
PLANE_ANGLE_UNIT()
SI_UNIT($,.RADIAN.)
);
#5409=(
NAMED_UNIT(*)
SI_UNIT($,.STERADIAN.)
SOLID_ANGLE_UNIT()
);
#5410=SHAPE_DEFINITION_REPRESENTATION(#5411,#5412);
#5411=PRODUCT_DEFINITION_SHAPE('',$,#5414);
#5412=SHAPE_REPRESENTATION('',(#3278),#5404);
#5413=PRODUCT_DEFINITION_CONTEXT('part definition',#5418,'design');
#5414=PRODUCT_DEFINITION('Bottom Plate','Bottom Plate v17',#5415,#5413);
#5415=PRODUCT_DEFINITION_FORMATION('',$,#5420);
#5416=PRODUCT_RELATED_PRODUCT_CATEGORY('Bottom Plate v17',
'Bottom Plate v17',(#5420));
#5417=APPLICATION_PROTOCOL_DEFINITION('international standard',
'automotive_design',2009,#5418);
#5418=APPLICATION_CONTEXT(
'Core Data for Automotive Mechanical Design Process');
#5419=PRODUCT_CONTEXT('part definition',#5418,'mechanical');
#5420=PRODUCT('Bottom Plate','Bottom Plate v17',$,(#5419));
#5421=PRESENTATION_STYLE_ASSIGNMENT((#5422));
#5422=SURFACE_STYLE_USAGE(.BOTH.,#5423);
#5423=SURFACE_SIDE_STYLE('',(#5424));
#5424=SURFACE_STYLE_FILL_AREA(#5425);
#5425=FILL_AREA_STYLE('Steel - Satin',(#5426));
#5426=FILL_AREA_STYLE_COLOUR('Steel - Satin',#5427);
#5427=COLOUR_RGB('Steel - Satin',0.627450980392157,0.627450980392157,0.627450980392157);
ENDSEC;
END-ISO-10303-21;
