ISO-10303-21;
HEADER;
/* Generated by software containing ST-Developer
 * from STEP Tools, Inc. (www.steptools.com) 
 */

FILE_DESCRIPTION(
/* description */ (''),
/* implementation_level */ '2;1');

FILE_NAME(
/* name */ 'Leg_OnePiece v16.step',
/* time_stamp */ '2025-04-15T19:18:32+05:30',
/* author */ (''),
/* organization */ (''),
/* preprocessor_version */ 'ST-DEVELOPER v20.1',
/* originating_system */ 'Autodesk Translation Framework v14.4.0.0',
/* authorisation */ '');

FILE_SCHEMA (('AUTOMOTIVE_DESIGN { 1 0 10303 214 3 1 1 }'));
ENDSEC;

DATA;
#10=MECHANICAL_DESIGN_GEOMETRIC_PRESENTATION_REPRESENTATION('',(#13),#2199);
#11=SHAPE_REPRESENTATION_RELATIONSHIP('SRR','None',#2206,#12);
#12=ADVANCED_BREP_SHAPE_REPRESENTATION('',(#14),#2198);
#13=STYLED_ITEM('',(#2215),#14);
#14=MANIFOLD_SOLID_BREP('Body1',#1138);
#15=TOROIDAL_SURFACE('',#1276,0.585,0.2);
#16=FACE_BOUND('',#152,.T.);
#17=FACE_BOUND('',#156,.T.);
#18=FACE_BOUND('',#163,.T.);
#19=FACE_BOUND('',#164,.T.);
#20=FACE_BOUND('',#165,.T.);
#21=FACE_BOUND('',#166,.T.);
#22=FACE_BOUND('',#169,.T.);
#23=FACE_BOUND('',#170,.T.);
#24=FACE_BOUND('',#171,.T.);
#25=FACE_BOUND('',#172,.T.);
#26=FACE_BOUND('',#199,.T.);
#27=FACE_BOUND('',#200,.T.);
#28=FACE_BOUND('',#201,.T.);
#29=FACE_BOUND('',#202,.T.);
#30=FACE_BOUND('',#203,.T.);
#31=FACE_BOUND('',#204,.T.);
#32=FACE_BOUND('',#207,.T.);
#33=FACE_BOUND('',#208,.T.);
#34=FACE_BOUND('',#209,.T.);
#35=FACE_BOUND('',#210,.T.);
#36=FACE_BOUND('',#211,.T.);
#37=FACE_BOUND('',#212,.T.);
#38=B_SPLINE_SURFACE_WITH_KNOTS('',3,1,((#1840,#1841),(#1842,#1843),(#1844,
#1845),(#1846,#1847),(#1848,#1849),(#1850,#1851),(#1852,#1853),(#1854,#1855),
(#1856,#1857),(#1858,#1859)),.UNSPECIFIED.,.F.,.F.,.F.,(4,2,2,2,4),(2,2),
(0.,0.193417137491624,0.385767666217633,0.532661684595996,0.696629852230007),
(0.,0.275000000000002),.UNSPECIFIED.);
#39=B_SPLINE_SURFACE_WITH_KNOTS('',3,1,((#1904,#1905),(#1906,#1907),(#1908,
#1909),(#1910,#1911),(#1912,#1913),(#1914,#1915),(#1916,#1917),(#1918,#1919)),
 .UNSPECIFIED.,.F.,.F.,.F.,(4,2,2,4),(2,2),(0.,0.227397029293733,0.481230736188252,
0.70103653052405),(0.,0.275000000000002),.UNSPECIFIED.);
#40=(
BOUNDED_CURVE()
B_SPLINE_CURVE(5,(#1712,#1713,#1714,#1715,#1716,#1717,#1718,#1719,#1720,
#1721,#1722,#1723,#1724,#1725,#1726),.UNSPECIFIED.,.F.,.F.)
B_SPLINE_CURVE_WITH_KNOTS((6,1,1,1,1,1,1,1,1,1,6),(-1.,-0.9,-0.8,-0.7,-0.6,
-0.5,-0.4,-0.3,-0.2,-0.1,0.),.UNSPECIFIED.)
CURVE()
GEOMETRIC_REPRESENTATION_ITEM()
RATIONAL_B_SPLINE_CURVE((1.,1.,1.,1.,1.,1.,1.,1.,1.,1.,1.,1.,1.,1.,1.))
REPRESENTATION_ITEM('')
);
#41=(
BOUNDED_CURVE()
B_SPLINE_CURVE(5,(#1812,#1813,#1814,#1815,#1816,#1817,#1818,#1819,#1820,
#1821,#1822,#1823,#1824,#1825,#1826),.UNSPECIFIED.,.F.,.F.)
B_SPLINE_CURVE_WITH_KNOTS((6,1,1,1,1,1,1,1,1,1,6),(0.,0.1,0.2,0.3,0.4,0.5,
0.6,0.7,0.8,0.9,1.),.UNSPECIFIED.)
CURVE()
GEOMETRIC_REPRESENTATION_ITEM()
RATIONAL_B_SPLINE_CURVE((1.,1.,1.,1.,1.,1.,1.,1.,1.,1.,1.,1.,1.,1.,1.))
REPRESENTATION_ITEM('')
);
#42=B_SPLINE_CURVE_WITH_KNOTS('',3,(#1665,#1666,#1667,#1668,#1669,#1670,
#1671,#1672,#1673,#1674,#1675,#1676,#1677,#1678,#1679,#1680,#1681,#1682,
#1683,#1684,#1685,#1686,#1687,#1688,#1689,#1690,#1691,#1692,#1693,#1694,
#1695,#1696,#1697,#1698,#1699,#1700,#1701,#1702,#1703,#1704,#1705,#1706,
#1707,#1708,#1709,#1710),.UNSPECIFIED.,.F.,.F.,(4,3,3,3,3,3,3,3,3,3,3,3,
3,3,3,4),(0.,0.0384548540675607,0.0820145999089323,0.131339079802017,0.19938845965424,
0.256558771561131,0.303447420400435,0.344950713004144,0.384970670280168,
0.427045361794457,0.473309635152997,0.530944137042721,0.594133145617759,
0.642347748226074,0.684357656927662,0.701036530523947),.UNSPECIFIED.);
#43=B_SPLINE_CURVE_WITH_KNOTS('',3,(#1765,#1766,#1767,#1768,#1769,#1770,
#1771,#1772,#1773,#1774,#1775,#1776,#1777,#1778,#1779,#1780,#1781,#1782,
#1783,#1784,#1785,#1786,#1787,#1788,#1789,#1790,#1791,#1792,#1793,#1794,
#1795,#1796,#1797,#1798,#1799,#1800,#1801,#1802,#1803,#1804,#1805,#1806,
#1807,#1808,#1809,#1810),.UNSPECIFIED.,.F.,.F.,(4,3,3,3,3,3,3,3,3,3,3,3,
3,3,3,4),(0.,0.0411187109462727,0.0868273465274831,0.145074084688847,0.207680187391267,
0.253653975121152,0.294898455896637,0.33492679399627,0.375148392215477,
0.42178449408503,0.475773994883703,0.541128918746813,0.589535213173204,
0.632981973589709,0.671913772451615,0.696629852257225),.UNSPECIFIED.);
#44=B_SPLINE_CURVE_WITH_KNOTS('',3,(#1861,#1862,#1863,#1864,#1865,#1866,
#1867,#1868,#1869,#1870,#1871,#1872,#1873),.UNSPECIFIED.,.F.,.F.,(4,3,3,
3,4),(0.,0.194794801276464,0.388515396589421,0.536455705756459,0.701591779240723),
 .UNSPECIFIED.);
#45=B_SPLINE_CURVE_WITH_KNOTS('',3,(#1875,#1876,#1877,#1878,#1879,#1880,
#1881,#1882,#1883,#1884),.UNSPECIFIED.,.F.,.F.,(4,2,2,2,4),(0.,0.193417137491624,
0.385767666217633,0.532661684595996,0.696629852230007),.UNSPECIFIED.);
#46=B_SPLINE_CURVE_WITH_KNOTS('',3,(#1920,#1921,#1922,#1923,#1924,#1925,
#1926,#1927,#1928,#1929),.UNSPECIFIED.,.F.,.F.,(4,3,3,4),(0.,0.247631658257429,
0.524052427495914,0.763417354623681),.UNSPECIFIED.);
#47=B_SPLINE_CURVE_WITH_KNOTS('',3,(#1930,#1931,#1932,#1933,#1934,#1935,
#1936,#1937),.UNSPECIFIED.,.F.,.F.,(4,2,2,4),(0.,0.227397029293733,0.481230736188252,
0.70103653052405),.UNSPECIFIED.);
#48=(
BOUNDED_SURFACE()
B_SPLINE_SURFACE(5,1,((#1634,#1635),(#1636,#1637),(#1638,#1639),(#1640,
#1641),(#1642,#1643),(#1644,#1645),(#1646,#1647),(#1648,#1649),(#1650,#1651),
(#1652,#1653),(#1654,#1655),(#1656,#1657),(#1658,#1659),(#1660,#1661),(#1662,
#1663)),.UNSPECIFIED.,.F.,.F.,.F.)
B_SPLINE_SURFACE_WITH_KNOTS((6,1,1,1,1,1,1,1,1,1,6),(2,2),(-1.,-0.9,-0.8,
-0.7,-0.6,-0.5,-0.4,-0.3,-0.2,-0.1,0.),(0.,0.275000000000001),
 .UNSPECIFIED.)
GEOMETRIC_REPRESENTATION_ITEM()
RATIONAL_B_SPLINE_SURFACE(((1.,1.),(1.,1.),(1.,1.),(1.,1.),(1.,1.),(1.,
1.),(1.,1.),(1.,1.),(1.,1.),(1.,1.),(1.,1.),(1.,1.),(1.,1.),(1.,1.),(1.,
1.)))
REPRESENTATION_ITEM('')
SURFACE()
);
#49=(
BOUNDED_SURFACE()
B_SPLINE_SURFACE(5,1,((#1734,#1735),(#1736,#1737),(#1738,#1739),(#1740,
#1741),(#1742,#1743),(#1744,#1745),(#1746,#1747),(#1748,#1749),(#1750,#1751),
(#1752,#1753),(#1754,#1755),(#1756,#1757),(#1758,#1759),(#1760,#1761),(#1762,
#1763)),.UNSPECIFIED.,.F.,.F.,.F.)
B_SPLINE_SURFACE_WITH_KNOTS((6,1,1,1,1,1,1,1,1,1,6),(2,2),(0.,0.1,0.2,0.3,
0.4,0.5,0.6,0.7,0.8,0.9,1.),(0.,0.275000000000001),.UNSPECIFIED.)
GEOMETRIC_REPRESENTATION_ITEM()
RATIONAL_B_SPLINE_SURFACE(((1.,1.),(1.,1.),(1.,1.),(1.,1.),(1.,1.),(1.,
1.),(1.,1.),(1.,1.),(1.,1.),(1.,1.),(1.,1.),(1.,1.),(1.,1.),(1.,1.),(1.,
1.)))
REPRESENTATION_ITEM('')
SURFACE()
);
#50=PLANE('',#1155);
#51=PLANE('',#1159);
#52=PLANE('',#1163);
#53=PLANE('',#1167);
#54=PLANE('',#1168);
#55=PLANE('',#1190);
#56=PLANE('',#1199);
#57=PLANE('',#1200);
#58=PLANE('',#1201);
#59=PLANE('',#1210);
#60=PLANE('',#1214);
#61=PLANE('',#1219);
#62=PLANE('',#1226);
#63=PLANE('',#1230);
#64=PLANE('',#1237);
#65=PLANE('',#1239);
#66=PLANE('',#1241);
#67=PLANE('',#1265);
#68=PLANE('',#1267);
#69=PLANE('',#1274);
#70=PLANE('',#1278);
#71=FACE_OUTER_BOUND('',#131,.T.);
#72=FACE_OUTER_BOUND('',#132,.T.);
#73=FACE_OUTER_BOUND('',#133,.T.);
#74=FACE_OUTER_BOUND('',#134,.T.);
#75=FACE_OUTER_BOUND('',#135,.T.);
#76=FACE_OUTER_BOUND('',#136,.T.);
#77=FACE_OUTER_BOUND('',#137,.T.);
#78=FACE_OUTER_BOUND('',#138,.T.);
#79=FACE_OUTER_BOUND('',#139,.T.);
#80=FACE_OUTER_BOUND('',#140,.T.);
#81=FACE_OUTER_BOUND('',#141,.T.);
#82=FACE_OUTER_BOUND('',#142,.T.);
#83=FACE_OUTER_BOUND('',#143,.T.);
#84=FACE_OUTER_BOUND('',#144,.T.);
#85=FACE_OUTER_BOUND('',#145,.T.);
#86=FACE_OUTER_BOUND('',#146,.T.);
#87=FACE_OUTER_BOUND('',#147,.T.);
#88=FACE_OUTER_BOUND('',#148,.T.);
#89=FACE_OUTER_BOUND('',#149,.T.);
#90=FACE_OUTER_BOUND('',#150,.T.);
#91=FACE_OUTER_BOUND('',#151,.T.);
#92=FACE_OUTER_BOUND('',#153,.T.);
#93=FACE_OUTER_BOUND('',#154,.T.);
#94=FACE_OUTER_BOUND('',#155,.T.);
#95=FACE_OUTER_BOUND('',#157,.T.);
#96=FACE_OUTER_BOUND('',#158,.T.);
#97=FACE_OUTER_BOUND('',#159,.T.);
#98=FACE_OUTER_BOUND('',#160,.T.);
#99=FACE_OUTER_BOUND('',#161,.T.);
#100=FACE_OUTER_BOUND('',#162,.T.);
#101=FACE_OUTER_BOUND('',#167,.T.);
#102=FACE_OUTER_BOUND('',#168,.T.);
#103=FACE_OUTER_BOUND('',#173,.T.);
#104=FACE_OUTER_BOUND('',#174,.T.);
#105=FACE_OUTER_BOUND('',#175,.T.);
#106=FACE_OUTER_BOUND('',#176,.T.);
#107=FACE_OUTER_BOUND('',#177,.T.);
#108=FACE_OUTER_BOUND('',#178,.T.);
#109=FACE_OUTER_BOUND('',#179,.T.);
#110=FACE_OUTER_BOUND('',#180,.T.);
#111=FACE_OUTER_BOUND('',#181,.T.);
#112=FACE_OUTER_BOUND('',#182,.T.);
#113=FACE_OUTER_BOUND('',#183,.T.);
#114=FACE_OUTER_BOUND('',#184,.T.);
#115=FACE_OUTER_BOUND('',#185,.T.);
#116=FACE_OUTER_BOUND('',#186,.T.);
#117=FACE_OUTER_BOUND('',#187,.T.);
#118=FACE_OUTER_BOUND('',#188,.T.);
#119=FACE_OUTER_BOUND('',#189,.T.);
#120=FACE_OUTER_BOUND('',#190,.T.);
#121=FACE_OUTER_BOUND('',#191,.T.);
#122=FACE_OUTER_BOUND('',#192,.T.);
#123=FACE_OUTER_BOUND('',#193,.T.);
#124=FACE_OUTER_BOUND('',#194,.T.);
#125=FACE_OUTER_BOUND('',#195,.T.);
#126=FACE_OUTER_BOUND('',#196,.T.);
#127=FACE_OUTER_BOUND('',#197,.T.);
#128=FACE_OUTER_BOUND('',#198,.T.);
#129=FACE_OUTER_BOUND('',#205,.T.);
#130=FACE_OUTER_BOUND('',#206,.T.);
#131=EDGE_LOOP('',(#720,#721,#722,#723));
#132=EDGE_LOOP('',(#724,#725,#726,#727));
#133=EDGE_LOOP('',(#728,#729,#730,#731));
#134=EDGE_LOOP('',(#732,#733,#734,#735));
#135=EDGE_LOOP('',(#736,#737,#738,#739));
#136=EDGE_LOOP('',(#740,#741,#742,#743));
#137=EDGE_LOOP('',(#744,#745,#746,#747));
#138=EDGE_LOOP('',(#748,#749,#750,#751));
#139=EDGE_LOOP('',(#752,#753,#754,#755));
#140=EDGE_LOOP('',(#756,#757,#758,#759));
#141=EDGE_LOOP('',(#760,#761,#762,#763));
#142=EDGE_LOOP('',(#764,#765,#766,#767));
#143=EDGE_LOOP('',(#768,#769,#770,#771));
#144=EDGE_LOOP('',(#772,#773,#774,#775));
#145=EDGE_LOOP('',(#776,#777,#778,#779));
#146=EDGE_LOOP('',(#780,#781,#782,#783));
#147=EDGE_LOOP('',(#784,#785,#786,#787));
#148=EDGE_LOOP('',(#788,#789,#790,#791));
#149=EDGE_LOOP('',(#792,#793,#794,#795));
#150=EDGE_LOOP('',(#796,#797,#798,#799));
#151=EDGE_LOOP('',(#800,#801,#802,#803,#804,#805,#806,#807,#808,#809,#810,
#811,#812,#813,#814,#815));
#152=EDGE_LOOP('',(#816,#817,#818,#819,#820,#821));
#153=EDGE_LOOP('',(#822,#823,#824,#825));
#154=EDGE_LOOP('',(#826,#827,#828,#829));
#155=EDGE_LOOP('',(#830,#831,#832,#833,#834,#835,#836,#837,#838,#839,#840,
#841,#842,#843,#844,#845));
#156=EDGE_LOOP('',(#846,#847,#848,#849,#850,#851));
#157=EDGE_LOOP('',(#852,#853,#854,#855));
#158=EDGE_LOOP('',(#856,#857,#858,#859));
#159=EDGE_LOOP('',(#860,#861,#862,#863));
#160=EDGE_LOOP('',(#864,#865,#866,#867));
#161=EDGE_LOOP('',(#868,#869,#870,#871));
#162=EDGE_LOOP('',(#872,#873,#874,#875,#876,#877));
#163=EDGE_LOOP('',(#878));
#164=EDGE_LOOP('',(#879));
#165=EDGE_LOOP('',(#880));
#166=EDGE_LOOP('',(#881));
#167=EDGE_LOOP('',(#882,#883,#884,#885));
#168=EDGE_LOOP('',(#886,#887,#888,#889,#890,#891));
#169=EDGE_LOOP('',(#892));
#170=EDGE_LOOP('',(#893));
#171=EDGE_LOOP('',(#894));
#172=EDGE_LOOP('',(#895));
#173=EDGE_LOOP('',(#896,#897,#898,#899));
#174=EDGE_LOOP('',(#900,#901,#902,#903));
#175=EDGE_LOOP('',(#904,#905,#906,#907));
#176=EDGE_LOOP('',(#908,#909,#910,#911));
#177=EDGE_LOOP('',(#912,#913,#914,#915));
#178=EDGE_LOOP('',(#916,#917,#918,#919));
#179=EDGE_LOOP('',(#920,#921,#922,#923));
#180=EDGE_LOOP('',(#924,#925,#926,#927));
#181=EDGE_LOOP('',(#928,#929,#930,#931));
#182=EDGE_LOOP('',(#932,#933,#934,#935));
#183=EDGE_LOOP('',(#936,#937,#938,#939));
#184=EDGE_LOOP('',(#940,#941,#942,#943));
#185=EDGE_LOOP('',(#944,#945,#946,#947));
#186=EDGE_LOOP('',(#948,#949,#950,#951));
#187=EDGE_LOOP('',(#952,#953,#954,#955));
#188=EDGE_LOOP('',(#956,#957,#958,#959));
#189=EDGE_LOOP('',(#960,#961,#962,#963));
#190=EDGE_LOOP('',(#964,#965,#966,#967));
#191=EDGE_LOOP('',(#968,#969,#970,#971));
#192=EDGE_LOOP('',(#972,#973,#974,#975));
#193=EDGE_LOOP('',(#976,#977,#978,#979));
#194=EDGE_LOOP('',(#980));
#195=EDGE_LOOP('',(#981));
#196=EDGE_LOOP('',(#982,#983,#984,#985));
#197=EDGE_LOOP('',(#986,#987,#988,#989,#990));
#198=EDGE_LOOP('',(#991,#992,#993,#994,#995,#996,#997,#998,#999,#1000,#1001,
#1002,#1003,#1004,#1005));
#199=EDGE_LOOP('',(#1006,#1007,#1008,#1009));
#200=EDGE_LOOP('',(#1010));
#201=EDGE_LOOP('',(#1011));
#202=EDGE_LOOP('',(#1012));
#203=EDGE_LOOP('',(#1013));
#204=EDGE_LOOP('',(#1014));
#205=EDGE_LOOP('',(#1015,#1016,#1017,#1018,#1019));
#206=EDGE_LOOP('',(#1020,#1021,#1022,#1023,#1024,#1025,#1026,#1027,#1028,
#1029,#1030,#1031,#1032,#1033,#1034));
#207=EDGE_LOOP('',(#1035,#1036,#1037,#1038));
#208=EDGE_LOOP('',(#1039));
#209=EDGE_LOOP('',(#1040));
#210=EDGE_LOOP('',(#1041));
#211=EDGE_LOOP('',(#1042));
#212=EDGE_LOOP('',(#1043));
#213=LINE('',#1624,#296);
#214=LINE('',#1627,#297);
#215=LINE('',#1630,#298);
#216=LINE('',#1632,#299);
#217=LINE('',#1633,#300);
#218=LINE('',#1727,#301);
#219=LINE('',#1733,#302);
#220=LINE('',#1827,#303);
#221=LINE('',#1829,#304);
#222=LINE('',#1830,#305);
#223=LINE('',#1836,#306);
#224=LINE('',#1839,#307);
#225=LINE('',#1885,#308);
#226=LINE('',#1888,#309);
#227=LINE('',#1890,#310);
#228=LINE('',#1891,#311);
#229=LINE('',#1897,#312);
#230=LINE('',#1900,#313);
#231=LINE('',#1902,#314);
#232=LINE('',#1903,#315);
#233=LINE('',#1941,#316);
#234=LINE('',#1943,#317);
#235=LINE('',#1945,#318);
#236=LINE('',#1946,#319);
#237=LINE('',#1952,#320);
#238=LINE('',#1955,#321);
#239=LINE('',#1960,#322);
#240=LINE('',#1967,#323);
#241=LINE('',#1973,#324);
#242=LINE('',#1976,#325);
#243=LINE('',#1981,#326);
#244=LINE('',#1988,#327);
#245=LINE('',#1991,#328);
#246=LINE('',#2000,#329);
#247=LINE('',#2007,#330);
#248=LINE('',#2011,#331);
#249=LINE('',#2017,#332);
#250=LINE('',#2020,#333);
#251=LINE('',#2021,#334);
#252=LINE('',#2024,#335);
#253=LINE('',#2026,#336);
#254=LINE('',#2027,#337);
#255=LINE('',#2030,#338);
#256=LINE('',#2032,#339);
#257=LINE('',#2033,#340);
#258=LINE('',#2036,#341);
#259=LINE('',#2038,#342);
#260=LINE('',#2042,#343);
#261=LINE('',#2048,#344);
#262=LINE('',#2052,#345);
#263=LINE('',#2059,#346);
#264=LINE('',#2064,#347);
#265=LINE('',#2066,#348);
#266=LINE('',#2068,#349);
#267=LINE('',#2069,#350);
#268=LINE('',#2075,#351);
#269=LINE('',#2078,#352);
#270=LINE('',#2080,#353);
#271=LINE('',#2081,#354);
#272=LINE('',#2086,#355);
#273=LINE('',#2099,#356);
#274=LINE('',#2108,#357);
#275=LINE('',#2110,#358);
#276=LINE('',#2112,#359);
#277=LINE('',#2114,#360);
#278=LINE('',#2115,#361);
#279=LINE('',#2117,#362);
#280=LINE('',#2118,#363);
#281=LINE('',#2120,#364);
#282=LINE('',#2121,#365);
#283=LINE('',#2123,#366);
#284=LINE('',#2125,#367);
#285=LINE('',#2128,#368);
#286=LINE('',#2131,#369);
#287=LINE('',#2134,#370);
#288=LINE('',#2139,#371);
#289=LINE('',#2145,#372);
#290=LINE('',#2151,#373);
#291=LINE('',#2157,#374);
#292=LINE('',#2162,#375);
#293=LINE('',#2166,#376);
#294=LINE('',#2183,#377);
#295=LINE('',#2186,#378);
#296=VECTOR('',#1285,1.);
#297=VECTOR('',#1288,1.);
#298=VECTOR('',#1291,1.);
#299=VECTOR('',#1292,1.);
#300=VECTOR('',#1293,1.);
#301=VECTOR('',#1294,1.);
#302=VECTOR('',#1301,1.);
#303=VECTOR('',#1302,1.);
#304=VECTOR('',#1305,1.);
#305=VECTOR('',#1306,1.);
#306=VECTOR('',#1311,1.);
#307=VECTOR('',#1314,1.);
#308=VECTOR('',#1315,1.);
#309=VECTOR('',#1318,1.);
#310=VECTOR('',#1319,1.);
#311=VECTOR('',#1320,1.);
#312=VECTOR('',#1327,1.);
#313=VECTOR('',#1330,1.);
#314=VECTOR('',#1331,1.);
#315=VECTOR('',#1332,1.);
#316=VECTOR('',#1335,1.);
#317=VECTOR('',#1336,1.);
#318=VECTOR('',#1337,1.);
#319=VECTOR('',#1338,1.);
#320=VECTOR('',#1343,1.);
#321=VECTOR('',#1346,1.);
#322=VECTOR('',#1351,1.);
#323=VECTOR('',#1360,1.);
#324=VECTOR('',#1365,1.);
#325=VECTOR('',#1368,1.);
#326=VECTOR('',#1373,1.);
#327=VECTOR('',#1380,1.);
#328=VECTOR('',#1383,1.);
#329=VECTOR('',#1394,1.);
#330=VECTOR('',#1401,1.);
#331=VECTOR('',#1404,1.);
#332=VECTOR('',#1409,1.);
#333=VECTOR('',#1412,1.);
#334=VECTOR('',#1413,1.);
#335=VECTOR('',#1416,1.);
#336=VECTOR('',#1417,1.);
#337=VECTOR('',#1418,1.);
#338=VECTOR('',#1421,1.);
#339=VECTOR('',#1422,1.);
#340=VECTOR('',#1423,1.);
#341=VECTOR('',#1426,1.);
#342=VECTOR('',#1427,1.);
#343=VECTOR('',#1430,1.);
#344=VECTOR('',#1435,1.);
#345=VECTOR('',#1438,1.);
#346=VECTOR('',#1445,1.);
#347=VECTOR('',#1450,1.);
#348=VECTOR('',#1451,1.);
#349=VECTOR('',#1452,1.);
#350=VECTOR('',#1453,1.);
#351=VECTOR('',#1460,1.);
#352=VECTOR('',#1463,1.);
#353=VECTOR('',#1464,1.);
#354=VECTOR('',#1465,1.);
#355=VECTOR('',#1474,1.);
#356=VECTOR('',#1489,0.175);
#357=VECTOR('',#1500,1.);
#358=VECTOR('',#1503,0.175);
#359=VECTOR('',#1506,0.175);
#360=VECTOR('',#1509,1.);
#361=VECTOR('',#1510,1.);
#362=VECTOR('',#1513,1.);
#363=VECTOR('',#1514,1.);
#364=VECTOR('',#1517,0.249999999999998);
#365=VECTOR('',#1518,1.);
#366=VECTOR('',#1521,0.25);
#367=VECTOR('',#1524,1.);
#368=VECTOR('',#1529,0.249999999999998);
#369=VECTOR('',#1534,0.25);
#370=VECTOR('',#1539,0.175);
#371=VECTOR('',#1544,0.175);
#372=VECTOR('',#1551,0.175);
#373=VECTOR('',#1558,0.175);
#374=VECTOR('',#1565,0.175);
#375=VECTOR('',#1570,1.);
#376=VECTOR('',#1573,1.);
#377=VECTOR('',#1600,0.53);
#378=VECTOR('',#1603,0.385);
#379=CIRCLE('',#1153,0.385000000000002);
#380=CIRCLE('',#1154,0.385000000000002);
#381=CIRCLE('',#1157,0.789999999999999);
#382=CIRCLE('',#1158,0.789999999999999);
#383=CIRCLE('',#1161,0.789999999999999);
#384=CIRCLE('',#1162,0.789999999999999);
#385=CIRCLE('',#1165,0.385000000000002);
#386=CIRCLE('',#1166,0.385000000000002);
#387=CIRCLE('',#1170,0.5);
#388=CIRCLE('',#1171,0.5);
#389=CIRCLE('',#1173,1.51000000000014);
#390=CIRCLE('',#1174,1.51000000000014);
#391=CIRCLE('',#1176,0.5);
#392=CIRCLE('',#1177,0.5);
#393=CIRCLE('',#1179,0.5);
#394=CIRCLE('',#1180,0.5);
#395=CIRCLE('',#1182,1.5100000000001);
#396=CIRCLE('',#1183,1.5100000000001);
#397=CIRCLE('',#1185,0.5);
#398=CIRCLE('',#1186,0.5);
#399=CIRCLE('',#1188,1.51);
#400=CIRCLE('',#1189,1.51);
#401=CIRCLE('',#1191,0.4);
#402=CIRCLE('',#1192,0.25);
#403=CIRCLE('',#1193,0.5);
#404=CIRCLE('',#1194,0.5);
#405=CIRCLE('',#1195,0.5);
#406=CIRCLE('',#1196,0.5);
#407=CIRCLE('',#1197,0.249999999999998);
#408=CIRCLE('',#1198,0.5);
#409=CIRCLE('',#1202,0.5);
#410=CIRCLE('',#1203,0.249999999999998);
#411=CIRCLE('',#1204,0.5);
#412=CIRCLE('',#1205,0.5);
#413=CIRCLE('',#1206,0.5);
#414=CIRCLE('',#1207,0.5);
#415=CIRCLE('',#1208,0.25);
#416=CIRCLE('',#1209,0.4);
#417=CIRCLE('',#1212,0.625000000000001);
#418=CIRCLE('',#1213,0.625000000000001);
#419=CIRCLE('',#1216,0.625000000000001);
#420=CIRCLE('',#1217,0.625000000000001);
#421=CIRCLE('',#1220,0.175);
#422=CIRCLE('',#1221,0.175);
#423=CIRCLE('',#1222,0.175);
#424=CIRCLE('',#1223,0.175);
#425=CIRCLE('',#1225,0.175);
#426=CIRCLE('',#1227,0.175);
#427=CIRCLE('',#1228,0.175);
#428=CIRCLE('',#1229,0.175);
#429=CIRCLE('',#1245,0.175);
#430=CIRCLE('',#1246,0.175);
#431=CIRCLE('',#1248,0.175);
#432=CIRCLE('',#1249,0.175);
#433=CIRCLE('',#1251,0.175);
#434=CIRCLE('',#1252,0.175);
#435=CIRCLE('',#1254,0.175);
#436=CIRCLE('',#1255,0.175);
#437=CIRCLE('',#1257,1.75);
#438=CIRCLE('',#1258,1.75);
#439=CIRCLE('',#1260,1.);
#440=CIRCLE('',#1261,1.);
#441=CIRCLE('',#1263,1.);
#442=CIRCLE('',#1264,1.);
#443=CIRCLE('',#1266,0.385);
#444=CIRCLE('',#1268,0.53);
#445=CIRCLE('',#1270,0.53);
#446=CIRCLE('',#1272,0.385);
#447=CIRCLE('',#1273,0.385);
#448=CIRCLE('',#1275,0.585);
#449=CIRCLE('',#1277,0.2);
#450=VERTEX_POINT('',#1620);
#451=VERTEX_POINT('',#1621);
#452=VERTEX_POINT('',#1623);
#453=VERTEX_POINT('',#1625);
#454=VERTEX_POINT('',#1629);
#455=VERTEX_POINT('',#1631);
#456=VERTEX_POINT('',#1664);
#457=VERTEX_POINT('',#1711);
#458=VERTEX_POINT('',#1729);
#459=VERTEX_POINT('',#1731);
#460=VERTEX_POINT('',#1764);
#461=VERTEX_POINT('',#1811);
#462=VERTEX_POINT('',#1832);
#463=VERTEX_POINT('',#1833);
#464=VERTEX_POINT('',#1835);
#465=VERTEX_POINT('',#1837);
#466=VERTEX_POINT('',#1860);
#467=VERTEX_POINT('',#1874);
#468=VERTEX_POINT('',#1887);
#469=VERTEX_POINT('',#1889);
#470=VERTEX_POINT('',#1893);
#471=VERTEX_POINT('',#1895);
#472=VERTEX_POINT('',#1899);
#473=VERTEX_POINT('',#1901);
#474=VERTEX_POINT('',#1939);
#475=VERTEX_POINT('',#1940);
#476=VERTEX_POINT('',#1942);
#477=VERTEX_POINT('',#1944);
#478=VERTEX_POINT('',#1948);
#479=VERTEX_POINT('',#1949);
#480=VERTEX_POINT('',#1951);
#481=VERTEX_POINT('',#1953);
#482=VERTEX_POINT('',#1957);
#483=VERTEX_POINT('',#1959);
#484=VERTEX_POINT('',#1963);
#485=VERTEX_POINT('',#1965);
#486=VERTEX_POINT('',#1969);
#487=VERTEX_POINT('',#1970);
#488=VERTEX_POINT('',#1972);
#489=VERTEX_POINT('',#1974);
#490=VERTEX_POINT('',#1978);
#491=VERTEX_POINT('',#1980);
#492=VERTEX_POINT('',#1984);
#493=VERTEX_POINT('',#1985);
#494=VERTEX_POINT('',#1987);
#495=VERTEX_POINT('',#1989);
#496=VERTEX_POINT('',#1996);
#497=VERTEX_POINT('',#1997);
#498=VERTEX_POINT('',#1999);
#499=VERTEX_POINT('',#2001);
#500=VERTEX_POINT('',#2004);
#501=VERTEX_POINT('',#2006);
#502=VERTEX_POINT('',#2008);
#503=VERTEX_POINT('',#2010);
#504=VERTEX_POINT('',#2012);
#505=VERTEX_POINT('',#2014);
#506=VERTEX_POINT('',#2016);
#507=VERTEX_POINT('',#2018);
#508=VERTEX_POINT('',#2023);
#509=VERTEX_POINT('',#2025);
#510=VERTEX_POINT('',#2029);
#511=VERTEX_POINT('',#2031);
#512=VERTEX_POINT('',#2035);
#513=VERTEX_POINT('',#2037);
#514=VERTEX_POINT('',#2039);
#515=VERTEX_POINT('',#2041);
#516=VERTEX_POINT('',#2043);
#517=VERTEX_POINT('',#2045);
#518=VERTEX_POINT('',#2047);
#519=VERTEX_POINT('',#2049);
#520=VERTEX_POINT('',#2051);
#521=VERTEX_POINT('',#2054);
#522=VERTEX_POINT('',#2056);
#523=VERTEX_POINT('',#2058);
#524=VERTEX_POINT('',#2062);
#525=VERTEX_POINT('',#2063);
#526=VERTEX_POINT('',#2065);
#527=VERTEX_POINT('',#2067);
#528=VERTEX_POINT('',#2071);
#529=VERTEX_POINT('',#2073);
#530=VERTEX_POINT('',#2077);
#531=VERTEX_POINT('',#2079);
#532=VERTEX_POINT('',#2088);
#533=VERTEX_POINT('',#2090);
#534=VERTEX_POINT('',#2092);
#535=VERTEX_POINT('',#2094);
#536=VERTEX_POINT('',#2097);
#537=VERTEX_POINT('',#2101);
#538=VERTEX_POINT('',#2103);
#539=VERTEX_POINT('',#2105);
#540=VERTEX_POINT('',#2136);
#541=VERTEX_POINT('',#2138);
#542=VERTEX_POINT('',#2142);
#543=VERTEX_POINT('',#2144);
#544=VERTEX_POINT('',#2148);
#545=VERTEX_POINT('',#2150);
#546=VERTEX_POINT('',#2154);
#547=VERTEX_POINT('',#2156);
#548=VERTEX_POINT('',#2160);
#549=VERTEX_POINT('',#2161);
#550=VERTEX_POINT('',#2163);
#551=VERTEX_POINT('',#2165);
#552=VERTEX_POINT('',#2175);
#553=VERTEX_POINT('',#2178);
#554=VERTEX_POINT('',#2181);
#555=VERTEX_POINT('',#2185);
#556=VERTEX_POINT('',#2187);
#557=VERTEX_POINT('',#2191);
#558=EDGE_CURVE('',#450,#451,#379,.T.);
#559=EDGE_CURVE('',#452,#451,#213,.T.);
#560=EDGE_CURVE('',#453,#452,#380,.T.);
#561=EDGE_CURVE('',#453,#450,#214,.T.);
#562=EDGE_CURVE('',#454,#450,#215,.T.);
#563=EDGE_CURVE('',#455,#453,#216,.T.);
#564=EDGE_CURVE('',#455,#454,#217,.T.);
#565=EDGE_CURVE('',#456,#454,#42,.T.);
#566=EDGE_CURVE('',#457,#455,#40,.T.);
#567=EDGE_CURVE('',#457,#456,#218,.T.);
#568=EDGE_CURVE('',#458,#456,#381,.T.);
#569=EDGE_CURVE('',#459,#457,#382,.T.);
#570=EDGE_CURVE('',#459,#458,#219,.T.);
#571=EDGE_CURVE('',#460,#458,#43,.T.);
#572=EDGE_CURVE('',#461,#459,#41,.T.);
#573=EDGE_CURVE('',#461,#460,#220,.T.);
#574=EDGE_CURVE('',#451,#460,#221,.T.);
#575=EDGE_CURVE('',#452,#461,#222,.T.);
#576=EDGE_CURVE('',#462,#463,#383,.T.);
#577=EDGE_CURVE('',#464,#463,#223,.T.);
#578=EDGE_CURVE('',#465,#464,#384,.T.);
#579=EDGE_CURVE('',#465,#462,#224,.T.);
#580=EDGE_CURVE('',#466,#462,#44,.T.);
#581=EDGE_CURVE('',#467,#465,#45,.T.);
#582=EDGE_CURVE('',#467,#466,#225,.T.);
#583=EDGE_CURVE('',#468,#466,#226,.T.);
#584=EDGE_CURVE('',#469,#467,#227,.T.);
#585=EDGE_CURVE('',#469,#468,#228,.T.);
#586=EDGE_CURVE('',#470,#468,#385,.T.);
#587=EDGE_CURVE('',#471,#469,#386,.T.);
#588=EDGE_CURVE('',#471,#470,#229,.T.);
#589=EDGE_CURVE('',#472,#470,#230,.T.);
#590=EDGE_CURVE('',#473,#471,#231,.T.);
#591=EDGE_CURVE('',#473,#472,#232,.T.);
#592=EDGE_CURVE('',#463,#472,#46,.T.);
#593=EDGE_CURVE('',#464,#473,#47,.T.);
#594=EDGE_CURVE('',#474,#475,#233,.T.);
#595=EDGE_CURVE('',#474,#476,#234,.T.);
#596=EDGE_CURVE('',#477,#476,#235,.T.);
#597=EDGE_CURVE('',#475,#477,#236,.T.);
#598=EDGE_CURVE('',#478,#479,#387,.T.);
#599=EDGE_CURVE('',#479,#480,#237,.T.);
#600=EDGE_CURVE('',#480,#481,#388,.T.);
#601=EDGE_CURVE('',#481,#478,#238,.T.);
#602=EDGE_CURVE('',#479,#482,#389,.T.);
#603=EDGE_CURVE('',#483,#482,#239,.T.);
#604=EDGE_CURVE('',#480,#483,#390,.T.);
#605=EDGE_CURVE('',#484,#483,#391,.T.);
#606=EDGE_CURVE('',#482,#485,#392,.T.);
#607=EDGE_CURVE('',#485,#484,#240,.T.);
#608=EDGE_CURVE('',#486,#487,#393,.T.);
#609=EDGE_CURVE('',#487,#488,#241,.T.);
#610=EDGE_CURVE('',#488,#489,#394,.T.);
#611=EDGE_CURVE('',#489,#486,#242,.T.);
#612=EDGE_CURVE('',#490,#487,#395,.T.);
#613=EDGE_CURVE('',#490,#491,#243,.T.);
#614=EDGE_CURVE('',#491,#488,#396,.T.);
#615=EDGE_CURVE('',#492,#493,#397,.T.);
#616=EDGE_CURVE('',#493,#494,#244,.T.);
#617=EDGE_CURVE('',#494,#495,#398,.T.);
#618=EDGE_CURVE('',#495,#492,#245,.T.);
#619=EDGE_CURVE('',#493,#491,#399,.T.);
#620=EDGE_CURVE('',#494,#490,#400,.T.);
#621=EDGE_CURVE('',#496,#497,#401,.T.);
#622=EDGE_CURVE('',#498,#496,#246,.T.);
#623=EDGE_CURVE('',#499,#498,#402,.T.);
#624=EDGE_CURVE('',#476,#499,#403,.T.);
#625=EDGE_CURVE('',#500,#474,#404,.T.);
#626=EDGE_CURVE('',#501,#500,#247,.T.);
#627=EDGE_CURVE('',#502,#501,#405,.T.);
#628=EDGE_CURVE('',#503,#502,#248,.T.);
#629=EDGE_CURVE('',#504,#503,#406,.T.);
#630=EDGE_CURVE('',#504,#505,#407,.F.);
#631=EDGE_CURVE('',#506,#505,#249,.T.);
#632=EDGE_CURVE('',#507,#506,#408,.T.);
#633=EDGE_CURVE('',#484,#507,#250,.T.);
#634=EDGE_CURVE('',#485,#497,#251,.T.);
#635=EDGE_CURVE('',#508,#481,#252,.T.);
#636=EDGE_CURVE('',#509,#508,#253,.T.);
#637=EDGE_CURVE('',#509,#478,#254,.T.);
#638=EDGE_CURVE('',#510,#489,#255,.T.);
#639=EDGE_CURVE('',#511,#510,#256,.T.);
#640=EDGE_CURVE('',#486,#511,#257,.T.);
#641=EDGE_CURVE('',#492,#512,#258,.T.);
#642=EDGE_CURVE('',#513,#495,#259,.T.);
#643=EDGE_CURVE('',#514,#513,#409,.T.);
#644=EDGE_CURVE('',#515,#514,#260,.T.);
#645=EDGE_CURVE('',#516,#515,#410,.T.);
#646=EDGE_CURVE('',#517,#516,#411,.T.);
#647=EDGE_CURVE('',#517,#518,#261,.T.);
#648=EDGE_CURVE('',#519,#518,#412,.T.);
#649=EDGE_CURVE('',#519,#520,#262,.T.);
#650=EDGE_CURVE('',#475,#520,#413,.T.);
#651=EDGE_CURVE('',#521,#477,#414,.T.);
#652=EDGE_CURVE('',#521,#522,#415,.F.);
#653=EDGE_CURVE('',#523,#522,#263,.T.);
#654=EDGE_CURVE('',#512,#523,#416,.T.);
#655=EDGE_CURVE('',#524,#525,#264,.T.);
#656=EDGE_CURVE('',#526,#524,#265,.T.);
#657=EDGE_CURVE('',#527,#526,#266,.T.);
#658=EDGE_CURVE('',#527,#525,#267,.T.);
#659=EDGE_CURVE('',#525,#528,#417,.T.);
#660=EDGE_CURVE('',#529,#527,#418,.T.);
#661=EDGE_CURVE('',#529,#528,#268,.T.);
#662=EDGE_CURVE('',#528,#530,#269,.T.);
#663=EDGE_CURVE('',#531,#529,#270,.T.);
#664=EDGE_CURVE('',#531,#530,#271,.T.);
#665=EDGE_CURVE('',#530,#524,#419,.T.);
#666=EDGE_CURVE('',#526,#531,#420,.T.);
#667=EDGE_CURVE('',#520,#500,#272,.T.);
#668=EDGE_CURVE('',#532,#532,#421,.T.);
#669=EDGE_CURVE('',#533,#533,#422,.T.);
#670=EDGE_CURVE('',#534,#534,#423,.T.);
#671=EDGE_CURVE('',#535,#535,#424,.T.);
#672=EDGE_CURVE('',#536,#536,#425,.T.);
#673=EDGE_CURVE('',#536,#532,#273,.T.);
#674=EDGE_CURVE('',#537,#537,#426,.T.);
#675=EDGE_CURVE('',#538,#538,#427,.T.);
#676=EDGE_CURVE('',#539,#539,#428,.T.);
#677=EDGE_CURVE('',#501,#519,#274,.T.);
#678=EDGE_CURVE('',#534,#538,#275,.T.);
#679=EDGE_CURVE('',#535,#539,#276,.T.);
#680=EDGE_CURVE('',#496,#523,#277,.T.);
#681=EDGE_CURVE('',#497,#512,#278,.T.);
#682=EDGE_CURVE('',#514,#506,#279,.T.);
#683=EDGE_CURVE('',#513,#507,#280,.T.);
#684=EDGE_CURVE('',#504,#516,#281,.T.);
#685=EDGE_CURVE('',#503,#517,#282,.T.);
#686=EDGE_CURVE('',#521,#499,#283,.T.);
#687=EDGE_CURVE('',#518,#502,#284,.T.);
#688=EDGE_CURVE('',#515,#505,#285,.T.);
#689=EDGE_CURVE('',#498,#522,#286,.T.);
#690=EDGE_CURVE('',#537,#533,#287,.T.);
#691=EDGE_CURVE('',#540,#540,#429,.T.);
#692=EDGE_CURVE('',#540,#541,#288,.T.);
#693=EDGE_CURVE('',#541,#541,#430,.T.);
#694=EDGE_CURVE('',#542,#542,#431,.T.);
#695=EDGE_CURVE('',#542,#543,#289,.T.);
#696=EDGE_CURVE('',#543,#543,#432,.T.);
#697=EDGE_CURVE('',#544,#544,#433,.T.);
#698=EDGE_CURVE('',#544,#545,#290,.T.);
#699=EDGE_CURVE('',#545,#545,#434,.T.);
#700=EDGE_CURVE('',#546,#546,#435,.T.);
#701=EDGE_CURVE('',#546,#547,#291,.T.);
#702=EDGE_CURVE('',#547,#547,#436,.T.);
#703=EDGE_CURVE('',#548,#549,#292,.T.);
#704=EDGE_CURVE('',#549,#550,#437,.T.);
#705=EDGE_CURVE('',#551,#550,#293,.T.);
#706=EDGE_CURVE('',#551,#548,#438,.T.);
#707=EDGE_CURVE('',#510,#551,#439,.T.);
#708=EDGE_CURVE('',#550,#511,#440,.T.);
#709=EDGE_CURVE('',#548,#509,#441,.T.);
#710=EDGE_CURVE('',#508,#549,#442,.T.);
#711=EDGE_CURVE('',#552,#552,#443,.T.);
#712=EDGE_CURVE('',#553,#553,#444,.T.);
#713=EDGE_CURVE('',#554,#554,#445,.T.);
#714=EDGE_CURVE('',#554,#553,#294,.T.);
#715=EDGE_CURVE('',#552,#555,#295,.T.);
#716=EDGE_CURVE('',#556,#555,#446,.T.);
#717=EDGE_CURVE('',#555,#556,#447,.T.);
#718=EDGE_CURVE('',#557,#557,#448,.T.);
#719=EDGE_CURVE('',#556,#557,#449,.T.);
#720=ORIENTED_EDGE('',*,*,#558,.T.);
#721=ORIENTED_EDGE('',*,*,#559,.F.);
#722=ORIENTED_EDGE('',*,*,#560,.F.);
#723=ORIENTED_EDGE('',*,*,#561,.T.);
#724=ORIENTED_EDGE('',*,*,#562,.T.);
#725=ORIENTED_EDGE('',*,*,#561,.F.);
#726=ORIENTED_EDGE('',*,*,#563,.F.);
#727=ORIENTED_EDGE('',*,*,#564,.T.);
#728=ORIENTED_EDGE('',*,*,#565,.T.);
#729=ORIENTED_EDGE('',*,*,#564,.F.);
#730=ORIENTED_EDGE('',*,*,#566,.F.);
#731=ORIENTED_EDGE('',*,*,#567,.T.);
#732=ORIENTED_EDGE('',*,*,#568,.T.);
#733=ORIENTED_EDGE('',*,*,#567,.F.);
#734=ORIENTED_EDGE('',*,*,#569,.F.);
#735=ORIENTED_EDGE('',*,*,#570,.T.);
#736=ORIENTED_EDGE('',*,*,#571,.T.);
#737=ORIENTED_EDGE('',*,*,#570,.F.);
#738=ORIENTED_EDGE('',*,*,#572,.F.);
#739=ORIENTED_EDGE('',*,*,#573,.T.);
#740=ORIENTED_EDGE('',*,*,#574,.T.);
#741=ORIENTED_EDGE('',*,*,#573,.F.);
#742=ORIENTED_EDGE('',*,*,#575,.F.);
#743=ORIENTED_EDGE('',*,*,#559,.T.);
#744=ORIENTED_EDGE('',*,*,#576,.T.);
#745=ORIENTED_EDGE('',*,*,#577,.F.);
#746=ORIENTED_EDGE('',*,*,#578,.F.);
#747=ORIENTED_EDGE('',*,*,#579,.T.);
#748=ORIENTED_EDGE('',*,*,#580,.T.);
#749=ORIENTED_EDGE('',*,*,#579,.F.);
#750=ORIENTED_EDGE('',*,*,#581,.F.);
#751=ORIENTED_EDGE('',*,*,#582,.T.);
#752=ORIENTED_EDGE('',*,*,#583,.T.);
#753=ORIENTED_EDGE('',*,*,#582,.F.);
#754=ORIENTED_EDGE('',*,*,#584,.F.);
#755=ORIENTED_EDGE('',*,*,#585,.T.);
#756=ORIENTED_EDGE('',*,*,#586,.T.);
#757=ORIENTED_EDGE('',*,*,#585,.F.);
#758=ORIENTED_EDGE('',*,*,#587,.F.);
#759=ORIENTED_EDGE('',*,*,#588,.T.);
#760=ORIENTED_EDGE('',*,*,#589,.T.);
#761=ORIENTED_EDGE('',*,*,#588,.F.);
#762=ORIENTED_EDGE('',*,*,#590,.F.);
#763=ORIENTED_EDGE('',*,*,#591,.T.);
#764=ORIENTED_EDGE('',*,*,#592,.T.);
#765=ORIENTED_EDGE('',*,*,#591,.F.);
#766=ORIENTED_EDGE('',*,*,#593,.F.);
#767=ORIENTED_EDGE('',*,*,#577,.T.);
#768=ORIENTED_EDGE('',*,*,#594,.F.);
#769=ORIENTED_EDGE('',*,*,#595,.T.);
#770=ORIENTED_EDGE('',*,*,#596,.F.);
#771=ORIENTED_EDGE('',*,*,#597,.F.);
#772=ORIENTED_EDGE('',*,*,#598,.T.);
#773=ORIENTED_EDGE('',*,*,#599,.T.);
#774=ORIENTED_EDGE('',*,*,#600,.T.);
#775=ORIENTED_EDGE('',*,*,#601,.T.);
#776=ORIENTED_EDGE('',*,*,#599,.F.);
#777=ORIENTED_EDGE('',*,*,#602,.T.);
#778=ORIENTED_EDGE('',*,*,#603,.F.);
#779=ORIENTED_EDGE('',*,*,#604,.F.);
#780=ORIENTED_EDGE('',*,*,#605,.T.);
#781=ORIENTED_EDGE('',*,*,#603,.T.);
#782=ORIENTED_EDGE('',*,*,#606,.T.);
#783=ORIENTED_EDGE('',*,*,#607,.T.);
#784=ORIENTED_EDGE('',*,*,#608,.T.);
#785=ORIENTED_EDGE('',*,*,#609,.T.);
#786=ORIENTED_EDGE('',*,*,#610,.T.);
#787=ORIENTED_EDGE('',*,*,#611,.T.);
#788=ORIENTED_EDGE('',*,*,#609,.F.);
#789=ORIENTED_EDGE('',*,*,#612,.F.);
#790=ORIENTED_EDGE('',*,*,#613,.T.);
#791=ORIENTED_EDGE('',*,*,#614,.T.);
#792=ORIENTED_EDGE('',*,*,#615,.T.);
#793=ORIENTED_EDGE('',*,*,#616,.T.);
#794=ORIENTED_EDGE('',*,*,#617,.T.);
#795=ORIENTED_EDGE('',*,*,#618,.T.);
#796=ORIENTED_EDGE('',*,*,#616,.F.);
#797=ORIENTED_EDGE('',*,*,#619,.T.);
#798=ORIENTED_EDGE('',*,*,#613,.F.);
#799=ORIENTED_EDGE('',*,*,#620,.F.);
#800=ORIENTED_EDGE('',*,*,#621,.F.);
#801=ORIENTED_EDGE('',*,*,#622,.F.);
#802=ORIENTED_EDGE('',*,*,#623,.F.);
#803=ORIENTED_EDGE('',*,*,#624,.F.);
#804=ORIENTED_EDGE('',*,*,#595,.F.);
#805=ORIENTED_EDGE('',*,*,#625,.F.);
#806=ORIENTED_EDGE('',*,*,#626,.F.);
#807=ORIENTED_EDGE('',*,*,#627,.F.);
#808=ORIENTED_EDGE('',*,*,#628,.F.);
#809=ORIENTED_EDGE('',*,*,#629,.F.);
#810=ORIENTED_EDGE('',*,*,#630,.T.);
#811=ORIENTED_EDGE('',*,*,#631,.F.);
#812=ORIENTED_EDGE('',*,*,#632,.F.);
#813=ORIENTED_EDGE('',*,*,#633,.F.);
#814=ORIENTED_EDGE('',*,*,#607,.F.);
#815=ORIENTED_EDGE('',*,*,#634,.T.);
#816=ORIENTED_EDGE('',*,*,#578,.T.);
#817=ORIENTED_EDGE('',*,*,#593,.T.);
#818=ORIENTED_EDGE('',*,*,#590,.T.);
#819=ORIENTED_EDGE('',*,*,#587,.T.);
#820=ORIENTED_EDGE('',*,*,#584,.T.);
#821=ORIENTED_EDGE('',*,*,#581,.T.);
#822=ORIENTED_EDGE('',*,*,#601,.F.);
#823=ORIENTED_EDGE('',*,*,#635,.F.);
#824=ORIENTED_EDGE('',*,*,#636,.F.);
#825=ORIENTED_EDGE('',*,*,#637,.T.);
#826=ORIENTED_EDGE('',*,*,#611,.F.);
#827=ORIENTED_EDGE('',*,*,#638,.F.);
#828=ORIENTED_EDGE('',*,*,#639,.F.);
#829=ORIENTED_EDGE('',*,*,#640,.F.);
#830=ORIENTED_EDGE('',*,*,#641,.F.);
#831=ORIENTED_EDGE('',*,*,#618,.F.);
#832=ORIENTED_EDGE('',*,*,#642,.F.);
#833=ORIENTED_EDGE('',*,*,#643,.F.);
#834=ORIENTED_EDGE('',*,*,#644,.F.);
#835=ORIENTED_EDGE('',*,*,#645,.F.);
#836=ORIENTED_EDGE('',*,*,#646,.F.);
#837=ORIENTED_EDGE('',*,*,#647,.T.);
#838=ORIENTED_EDGE('',*,*,#648,.F.);
#839=ORIENTED_EDGE('',*,*,#649,.T.);
#840=ORIENTED_EDGE('',*,*,#650,.F.);
#841=ORIENTED_EDGE('',*,*,#597,.T.);
#842=ORIENTED_EDGE('',*,*,#651,.F.);
#843=ORIENTED_EDGE('',*,*,#652,.T.);
#844=ORIENTED_EDGE('',*,*,#653,.F.);
#845=ORIENTED_EDGE('',*,*,#654,.F.);
#846=ORIENTED_EDGE('',*,*,#560,.T.);
#847=ORIENTED_EDGE('',*,*,#575,.T.);
#848=ORIENTED_EDGE('',*,*,#572,.T.);
#849=ORIENTED_EDGE('',*,*,#569,.T.);
#850=ORIENTED_EDGE('',*,*,#566,.T.);
#851=ORIENTED_EDGE('',*,*,#563,.T.);
#852=ORIENTED_EDGE('',*,*,#655,.F.);
#853=ORIENTED_EDGE('',*,*,#656,.F.);
#854=ORIENTED_EDGE('',*,*,#657,.F.);
#855=ORIENTED_EDGE('',*,*,#658,.T.);
#856=ORIENTED_EDGE('',*,*,#659,.F.);
#857=ORIENTED_EDGE('',*,*,#658,.F.);
#858=ORIENTED_EDGE('',*,*,#660,.F.);
#859=ORIENTED_EDGE('',*,*,#661,.T.);
#860=ORIENTED_EDGE('',*,*,#662,.F.);
#861=ORIENTED_EDGE('',*,*,#661,.F.);
#862=ORIENTED_EDGE('',*,*,#663,.F.);
#863=ORIENTED_EDGE('',*,*,#664,.T.);
#864=ORIENTED_EDGE('',*,*,#665,.F.);
#865=ORIENTED_EDGE('',*,*,#664,.F.);
#866=ORIENTED_EDGE('',*,*,#666,.F.);
#867=ORIENTED_EDGE('',*,*,#656,.T.);
#868=ORIENTED_EDGE('',*,*,#650,.T.);
#869=ORIENTED_EDGE('',*,*,#667,.T.);
#870=ORIENTED_EDGE('',*,*,#625,.T.);
#871=ORIENTED_EDGE('',*,*,#594,.T.);
#872=ORIENTED_EDGE('',*,*,#565,.F.);
#873=ORIENTED_EDGE('',*,*,#568,.F.);
#874=ORIENTED_EDGE('',*,*,#571,.F.);
#875=ORIENTED_EDGE('',*,*,#574,.F.);
#876=ORIENTED_EDGE('',*,*,#558,.F.);
#877=ORIENTED_EDGE('',*,*,#562,.F.);
#878=ORIENTED_EDGE('',*,*,#668,.F.);
#879=ORIENTED_EDGE('',*,*,#669,.F.);
#880=ORIENTED_EDGE('',*,*,#670,.F.);
#881=ORIENTED_EDGE('',*,*,#671,.F.);
#882=ORIENTED_EDGE('',*,*,#672,.F.);
#883=ORIENTED_EDGE('',*,*,#673,.T.);
#884=ORIENTED_EDGE('',*,*,#668,.T.);
#885=ORIENTED_EDGE('',*,*,#673,.F.);
#886=ORIENTED_EDGE('',*,*,#583,.F.);
#887=ORIENTED_EDGE('',*,*,#586,.F.);
#888=ORIENTED_EDGE('',*,*,#589,.F.);
#889=ORIENTED_EDGE('',*,*,#592,.F.);
#890=ORIENTED_EDGE('',*,*,#576,.F.);
#891=ORIENTED_EDGE('',*,*,#580,.F.);
#892=ORIENTED_EDGE('',*,*,#672,.T.);
#893=ORIENTED_EDGE('',*,*,#674,.T.);
#894=ORIENTED_EDGE('',*,*,#675,.F.);
#895=ORIENTED_EDGE('',*,*,#676,.F.);
#896=ORIENTED_EDGE('',*,*,#667,.F.);
#897=ORIENTED_EDGE('',*,*,#649,.F.);
#898=ORIENTED_EDGE('',*,*,#677,.F.);
#899=ORIENTED_EDGE('',*,*,#626,.T.);
#900=ORIENTED_EDGE('',*,*,#670,.T.);
#901=ORIENTED_EDGE('',*,*,#678,.T.);
#902=ORIENTED_EDGE('',*,*,#675,.T.);
#903=ORIENTED_EDGE('',*,*,#678,.F.);
#904=ORIENTED_EDGE('',*,*,#671,.T.);
#905=ORIENTED_EDGE('',*,*,#679,.T.);
#906=ORIENTED_EDGE('',*,*,#676,.T.);
#907=ORIENTED_EDGE('',*,*,#679,.F.);
#908=ORIENTED_EDGE('',*,*,#680,.F.);
#909=ORIENTED_EDGE('',*,*,#621,.T.);
#910=ORIENTED_EDGE('',*,*,#681,.T.);
#911=ORIENTED_EDGE('',*,*,#654,.T.);
#912=ORIENTED_EDGE('',*,*,#682,.F.);
#913=ORIENTED_EDGE('',*,*,#643,.T.);
#914=ORIENTED_EDGE('',*,*,#683,.T.);
#915=ORIENTED_EDGE('',*,*,#632,.T.);
#916=ORIENTED_EDGE('',*,*,#684,.F.);
#917=ORIENTED_EDGE('',*,*,#629,.T.);
#918=ORIENTED_EDGE('',*,*,#685,.T.);
#919=ORIENTED_EDGE('',*,*,#646,.T.);
#920=ORIENTED_EDGE('',*,*,#624,.T.);
#921=ORIENTED_EDGE('',*,*,#686,.F.);
#922=ORIENTED_EDGE('',*,*,#651,.T.);
#923=ORIENTED_EDGE('',*,*,#596,.T.);
#924=ORIENTED_EDGE('',*,*,#687,.F.);
#925=ORIENTED_EDGE('',*,*,#647,.F.);
#926=ORIENTED_EDGE('',*,*,#685,.F.);
#927=ORIENTED_EDGE('',*,*,#628,.T.);
#928=ORIENTED_EDGE('',*,*,#627,.T.);
#929=ORIENTED_EDGE('',*,*,#677,.T.);
#930=ORIENTED_EDGE('',*,*,#648,.T.);
#931=ORIENTED_EDGE('',*,*,#687,.T.);
#932=ORIENTED_EDGE('',*,*,#688,.F.);
#933=ORIENTED_EDGE('',*,*,#644,.T.);
#934=ORIENTED_EDGE('',*,*,#682,.T.);
#935=ORIENTED_EDGE('',*,*,#631,.T.);
#936=ORIENTED_EDGE('',*,*,#630,.F.);
#937=ORIENTED_EDGE('',*,*,#684,.T.);
#938=ORIENTED_EDGE('',*,*,#645,.T.);
#939=ORIENTED_EDGE('',*,*,#688,.T.);
#940=ORIENTED_EDGE('',*,*,#689,.F.);
#941=ORIENTED_EDGE('',*,*,#622,.T.);
#942=ORIENTED_EDGE('',*,*,#680,.T.);
#943=ORIENTED_EDGE('',*,*,#653,.T.);
#944=ORIENTED_EDGE('',*,*,#652,.F.);
#945=ORIENTED_EDGE('',*,*,#686,.T.);
#946=ORIENTED_EDGE('',*,*,#623,.T.);
#947=ORIENTED_EDGE('',*,*,#689,.T.);
#948=ORIENTED_EDGE('',*,*,#674,.F.);
#949=ORIENTED_EDGE('',*,*,#690,.T.);
#950=ORIENTED_EDGE('',*,*,#669,.T.);
#951=ORIENTED_EDGE('',*,*,#690,.F.);
#952=ORIENTED_EDGE('',*,*,#691,.F.);
#953=ORIENTED_EDGE('',*,*,#692,.T.);
#954=ORIENTED_EDGE('',*,*,#693,.T.);
#955=ORIENTED_EDGE('',*,*,#692,.F.);
#956=ORIENTED_EDGE('',*,*,#694,.F.);
#957=ORIENTED_EDGE('',*,*,#695,.T.);
#958=ORIENTED_EDGE('',*,*,#696,.T.);
#959=ORIENTED_EDGE('',*,*,#695,.F.);
#960=ORIENTED_EDGE('',*,*,#697,.F.);
#961=ORIENTED_EDGE('',*,*,#698,.T.);
#962=ORIENTED_EDGE('',*,*,#699,.T.);
#963=ORIENTED_EDGE('',*,*,#698,.F.);
#964=ORIENTED_EDGE('',*,*,#700,.F.);
#965=ORIENTED_EDGE('',*,*,#701,.T.);
#966=ORIENTED_EDGE('',*,*,#702,.T.);
#967=ORIENTED_EDGE('',*,*,#701,.F.);
#968=ORIENTED_EDGE('',*,*,#703,.T.);
#969=ORIENTED_EDGE('',*,*,#704,.T.);
#970=ORIENTED_EDGE('',*,*,#705,.F.);
#971=ORIENTED_EDGE('',*,*,#706,.T.);
#972=ORIENTED_EDGE('',*,*,#639,.T.);
#973=ORIENTED_EDGE('',*,*,#707,.T.);
#974=ORIENTED_EDGE('',*,*,#705,.T.);
#975=ORIENTED_EDGE('',*,*,#708,.T.);
#976=ORIENTED_EDGE('',*,*,#703,.F.);
#977=ORIENTED_EDGE('',*,*,#709,.T.);
#978=ORIENTED_EDGE('',*,*,#636,.T.);
#979=ORIENTED_EDGE('',*,*,#710,.T.);
#980=ORIENTED_EDGE('',*,*,#711,.F.);
#981=ORIENTED_EDGE('',*,*,#712,.F.);
#982=ORIENTED_EDGE('',*,*,#713,.F.);
#983=ORIENTED_EDGE('',*,*,#714,.T.);
#984=ORIENTED_EDGE('',*,*,#712,.T.);
#985=ORIENTED_EDGE('',*,*,#714,.F.);
#986=ORIENTED_EDGE('',*,*,#711,.T.);
#987=ORIENTED_EDGE('',*,*,#715,.T.);
#988=ORIENTED_EDGE('',*,*,#716,.F.);
#989=ORIENTED_EDGE('',*,*,#717,.F.);
#990=ORIENTED_EDGE('',*,*,#715,.F.);
#991=ORIENTED_EDGE('',*,*,#709,.F.);
#992=ORIENTED_EDGE('',*,*,#706,.F.);
#993=ORIENTED_EDGE('',*,*,#707,.F.);
#994=ORIENTED_EDGE('',*,*,#638,.T.);
#995=ORIENTED_EDGE('',*,*,#610,.F.);
#996=ORIENTED_EDGE('',*,*,#614,.F.);
#997=ORIENTED_EDGE('',*,*,#619,.F.);
#998=ORIENTED_EDGE('',*,*,#615,.F.);
#999=ORIENTED_EDGE('',*,*,#641,.T.);
#1000=ORIENTED_EDGE('',*,*,#681,.F.);
#1001=ORIENTED_EDGE('',*,*,#634,.F.);
#1002=ORIENTED_EDGE('',*,*,#606,.F.);
#1003=ORIENTED_EDGE('',*,*,#602,.F.);
#1004=ORIENTED_EDGE('',*,*,#598,.F.);
#1005=ORIENTED_EDGE('',*,*,#637,.F.);
#1006=ORIENTED_EDGE('',*,*,#657,.T.);
#1007=ORIENTED_EDGE('',*,*,#666,.T.);
#1008=ORIENTED_EDGE('',*,*,#663,.T.);
#1009=ORIENTED_EDGE('',*,*,#660,.T.);
#1010=ORIENTED_EDGE('',*,*,#700,.T.);
#1011=ORIENTED_EDGE('',*,*,#697,.T.);
#1012=ORIENTED_EDGE('',*,*,#694,.T.);
#1013=ORIENTED_EDGE('',*,*,#691,.T.);
#1014=ORIENTED_EDGE('',*,*,#718,.F.);
#1015=ORIENTED_EDGE('',*,*,#717,.T.);
#1016=ORIENTED_EDGE('',*,*,#719,.T.);
#1017=ORIENTED_EDGE('',*,*,#718,.T.);
#1018=ORIENTED_EDGE('',*,*,#719,.F.);
#1019=ORIENTED_EDGE('',*,*,#716,.T.);
#1020=ORIENTED_EDGE('',*,*,#708,.F.);
#1021=ORIENTED_EDGE('',*,*,#704,.F.);
#1022=ORIENTED_EDGE('',*,*,#710,.F.);
#1023=ORIENTED_EDGE('',*,*,#635,.T.);
#1024=ORIENTED_EDGE('',*,*,#600,.F.);
#1025=ORIENTED_EDGE('',*,*,#604,.T.);
#1026=ORIENTED_EDGE('',*,*,#605,.F.);
#1027=ORIENTED_EDGE('',*,*,#633,.T.);
#1028=ORIENTED_EDGE('',*,*,#683,.F.);
#1029=ORIENTED_EDGE('',*,*,#642,.T.);
#1030=ORIENTED_EDGE('',*,*,#617,.F.);
#1031=ORIENTED_EDGE('',*,*,#620,.T.);
#1032=ORIENTED_EDGE('',*,*,#612,.T.);
#1033=ORIENTED_EDGE('',*,*,#608,.F.);
#1034=ORIENTED_EDGE('',*,*,#640,.T.);
#1035=ORIENTED_EDGE('',*,*,#655,.T.);
#1036=ORIENTED_EDGE('',*,*,#659,.T.);
#1037=ORIENTED_EDGE('',*,*,#662,.T.);
#1038=ORIENTED_EDGE('',*,*,#665,.T.);
#1039=ORIENTED_EDGE('',*,*,#713,.T.);
#1040=ORIENTED_EDGE('',*,*,#693,.F.);
#1041=ORIENTED_EDGE('',*,*,#696,.F.);
#1042=ORIENTED_EDGE('',*,*,#699,.F.);
#1043=ORIENTED_EDGE('',*,*,#702,.F.);
#1044=CYLINDRICAL_SURFACE('',#1152,0.385000000000002);
#1045=CYLINDRICAL_SURFACE('',#1156,0.789999999999999);
#1046=CYLINDRICAL_SURFACE('',#1160,0.789999999999999);
#1047=CYLINDRICAL_SURFACE('',#1164,0.385000000000002);
#1048=CYLINDRICAL_SURFACE('',#1169,0.5);
#1049=CYLINDRICAL_SURFACE('',#1172,1.51000000000014);
#1050=CYLINDRICAL_SURFACE('',#1175,0.5);
#1051=CYLINDRICAL_SURFACE('',#1178,0.5);
#1052=CYLINDRICAL_SURFACE('',#1181,1.5100000000001);
#1053=CYLINDRICAL_SURFACE('',#1184,0.5);
#1054=CYLINDRICAL_SURFACE('',#1187,1.51);
#1055=CYLINDRICAL_SURFACE('',#1211,0.625000000000001);
#1056=CYLINDRICAL_SURFACE('',#1215,0.625000000000001);
#1057=CYLINDRICAL_SURFACE('',#1218,0.5);
#1058=CYLINDRICAL_SURFACE('',#1224,0.175);
#1059=CYLINDRICAL_SURFACE('',#1231,0.175);
#1060=CYLINDRICAL_SURFACE('',#1232,0.175);
#1061=CYLINDRICAL_SURFACE('',#1233,0.4);
#1062=CYLINDRICAL_SURFACE('',#1234,0.5);
#1063=CYLINDRICAL_SURFACE('',#1235,0.5);
#1064=CYLINDRICAL_SURFACE('',#1236,0.5);
#1065=CYLINDRICAL_SURFACE('',#1238,0.5);
#1066=CYLINDRICAL_SURFACE('',#1240,0.249999999999998);
#1067=CYLINDRICAL_SURFACE('',#1242,0.25);
#1068=CYLINDRICAL_SURFACE('',#1243,0.175);
#1069=CYLINDRICAL_SURFACE('',#1244,0.175);
#1070=CYLINDRICAL_SURFACE('',#1247,0.175);
#1071=CYLINDRICAL_SURFACE('',#1250,0.175);
#1072=CYLINDRICAL_SURFACE('',#1253,0.175);
#1073=CYLINDRICAL_SURFACE('',#1256,1.75);
#1074=CYLINDRICAL_SURFACE('',#1259,1.);
#1075=CYLINDRICAL_SURFACE('',#1262,1.);
#1076=CYLINDRICAL_SURFACE('',#1269,0.53);
#1077=CYLINDRICAL_SURFACE('',#1271,0.385);
#1078=ADVANCED_FACE('',(#71),#1044,.F.);
#1079=ADVANCED_FACE('',(#72),#50,.F.);
#1080=ADVANCED_FACE('',(#73),#48,.F.);
#1081=ADVANCED_FACE('',(#74),#1045,.F.);
#1082=ADVANCED_FACE('',(#75),#49,.F.);
#1083=ADVANCED_FACE('',(#76),#51,.F.);
#1084=ADVANCED_FACE('',(#77),#1046,.F.);
#1085=ADVANCED_FACE('',(#78),#38,.F.);
#1086=ADVANCED_FACE('',(#79),#52,.F.);
#1087=ADVANCED_FACE('',(#80),#1047,.F.);
#1088=ADVANCED_FACE('',(#81),#53,.F.);
#1089=ADVANCED_FACE('',(#82),#39,.F.);
#1090=ADVANCED_FACE('',(#83),#54,.T.);
#1091=ADVANCED_FACE('',(#84),#1048,.F.);
#1092=ADVANCED_FACE('',(#85),#1049,.T.);
#1093=ADVANCED_FACE('',(#86),#1050,.F.);
#1094=ADVANCED_FACE('',(#87),#1051,.F.);
#1095=ADVANCED_FACE('',(#88),#1052,.T.);
#1096=ADVANCED_FACE('',(#89),#1053,.F.);
#1097=ADVANCED_FACE('',(#90),#1054,.T.);
#1098=ADVANCED_FACE('',(#91,#16),#55,.T.);
#1099=ADVANCED_FACE('',(#92),#56,.T.);
#1100=ADVANCED_FACE('',(#93),#57,.T.);
#1101=ADVANCED_FACE('',(#94,#17),#58,.T.);
#1102=ADVANCED_FACE('',(#95),#59,.F.);
#1103=ADVANCED_FACE('',(#96),#1055,.F.);
#1104=ADVANCED_FACE('',(#97),#60,.F.);
#1105=ADVANCED_FACE('',(#98),#1056,.F.);
#1106=ADVANCED_FACE('',(#99),#1057,.T.);
#1107=ADVANCED_FACE('',(#100,#18,#19,#20,#21),#61,.T.);
#1108=ADVANCED_FACE('',(#101),#1058,.F.);
#1109=ADVANCED_FACE('',(#102,#22,#23,#24,#25),#62,.T.);
#1110=ADVANCED_FACE('',(#103),#63,.T.);
#1111=ADVANCED_FACE('',(#104),#1059,.F.);
#1112=ADVANCED_FACE('',(#105),#1060,.F.);
#1113=ADVANCED_FACE('',(#106),#1061,.F.);
#1114=ADVANCED_FACE('',(#107),#1062,.T.);
#1115=ADVANCED_FACE('',(#108),#1063,.T.);
#1116=ADVANCED_FACE('',(#109),#1064,.T.);
#1117=ADVANCED_FACE('',(#110),#64,.T.);
#1118=ADVANCED_FACE('',(#111),#1065,.T.);
#1119=ADVANCED_FACE('',(#112),#65,.T.);
#1120=ADVANCED_FACE('',(#113),#1066,.F.);
#1121=ADVANCED_FACE('',(#114),#66,.T.);
#1122=ADVANCED_FACE('',(#115),#1067,.F.);
#1123=ADVANCED_FACE('',(#116),#1068,.F.);
#1124=ADVANCED_FACE('',(#117),#1069,.F.);
#1125=ADVANCED_FACE('',(#118),#1070,.F.);
#1126=ADVANCED_FACE('',(#119),#1071,.F.);
#1127=ADVANCED_FACE('',(#120),#1072,.F.);
#1128=ADVANCED_FACE('',(#121),#1073,.T.);
#1129=ADVANCED_FACE('',(#122),#1074,.F.);
#1130=ADVANCED_FACE('',(#123),#1075,.F.);
#1131=ADVANCED_FACE('',(#124),#67,.F.);
#1132=ADVANCED_FACE('',(#125),#68,.T.);
#1133=ADVANCED_FACE('',(#126),#1076,.F.);
#1134=ADVANCED_FACE('',(#127),#1077,.T.);
#1135=ADVANCED_FACE('',(#128,#26,#27,#28,#29,#30,#31),#69,.F.);
#1136=ADVANCED_FACE('',(#129),#15,.F.);
#1137=ADVANCED_FACE('',(#130,#32,#33,#34,#35,#36,#37),#70,.T.);
#1138=CLOSED_SHELL('',(#1078,#1079,#1080,#1081,#1082,#1083,#1084,#1085,
#1086,#1087,#1088,#1089,#1090,#1091,#1092,#1093,#1094,#1095,#1096,#1097,
#1098,#1099,#1100,#1101,#1102,#1103,#1104,#1105,#1106,#1107,#1108,#1109,
#1110,#1111,#1112,#1113,#1114,#1115,#1116,#1117,#1118,#1119,#1120,#1121,
#1122,#1123,#1124,#1125,#1126,#1127,#1128,#1129,#1130,#1131,#1132,#1133,
#1134,#1135,#1136,#1137));
#1139=DERIVED_UNIT_ELEMENT(#1141,1.);
#1140=DERIVED_UNIT_ELEMENT(#2201,-3.);
#1141=(
MASS_UNIT()
NAMED_UNIT(*)
SI_UNIT(.KILO.,.GRAM.)
);
#1142=DERIVED_UNIT((#1139,#1140));
#1143=MEASURE_REPRESENTATION_ITEM('density measure',
POSITIVE_RATIO_MEASURE(7850.),#1142);
#1144=PROPERTY_DEFINITION_REPRESENTATION(#1149,#1146);
#1145=PROPERTY_DEFINITION_REPRESENTATION(#1150,#1147);
#1146=REPRESENTATION('material name',(#1148),#2198);
#1147=REPRESENTATION('density',(#1143),#2198);
#1148=DESCRIPTIVE_REPRESENTATION_ITEM('Steel','Steel');
#1149=PROPERTY_DEFINITION('material property','material name',#2208);
#1150=PROPERTY_DEFINITION('material property','density of part',#2208);
#1151=AXIS2_PLACEMENT_3D('',#1618,#1279,#1280);
#1152=AXIS2_PLACEMENT_3D('',#1619,#1281,#1282);
#1153=AXIS2_PLACEMENT_3D('',#1622,#1283,#1284);
#1154=AXIS2_PLACEMENT_3D('',#1626,#1286,#1287);
#1155=AXIS2_PLACEMENT_3D('',#1628,#1289,#1290);
#1156=AXIS2_PLACEMENT_3D('',#1728,#1295,#1296);
#1157=AXIS2_PLACEMENT_3D('',#1730,#1297,#1298);
#1158=AXIS2_PLACEMENT_3D('',#1732,#1299,#1300);
#1159=AXIS2_PLACEMENT_3D('',#1828,#1303,#1304);
#1160=AXIS2_PLACEMENT_3D('',#1831,#1307,#1308);
#1161=AXIS2_PLACEMENT_3D('',#1834,#1309,#1310);
#1162=AXIS2_PLACEMENT_3D('',#1838,#1312,#1313);
#1163=AXIS2_PLACEMENT_3D('',#1886,#1316,#1317);
#1164=AXIS2_PLACEMENT_3D('',#1892,#1321,#1322);
#1165=AXIS2_PLACEMENT_3D('',#1894,#1323,#1324);
#1166=AXIS2_PLACEMENT_3D('',#1896,#1325,#1326);
#1167=AXIS2_PLACEMENT_3D('',#1898,#1328,#1329);
#1168=AXIS2_PLACEMENT_3D('',#1938,#1333,#1334);
#1169=AXIS2_PLACEMENT_3D('',#1947,#1339,#1340);
#1170=AXIS2_PLACEMENT_3D('',#1950,#1341,#1342);
#1171=AXIS2_PLACEMENT_3D('',#1954,#1344,#1345);
#1172=AXIS2_PLACEMENT_3D('',#1956,#1347,#1348);
#1173=AXIS2_PLACEMENT_3D('',#1958,#1349,#1350);
#1174=AXIS2_PLACEMENT_3D('',#1961,#1352,#1353);
#1175=AXIS2_PLACEMENT_3D('',#1962,#1354,#1355);
#1176=AXIS2_PLACEMENT_3D('',#1964,#1356,#1357);
#1177=AXIS2_PLACEMENT_3D('',#1966,#1358,#1359);
#1178=AXIS2_PLACEMENT_3D('',#1968,#1361,#1362);
#1179=AXIS2_PLACEMENT_3D('',#1971,#1363,#1364);
#1180=AXIS2_PLACEMENT_3D('',#1975,#1366,#1367);
#1181=AXIS2_PLACEMENT_3D('',#1977,#1369,#1370);
#1182=AXIS2_PLACEMENT_3D('',#1979,#1371,#1372);
#1183=AXIS2_PLACEMENT_3D('',#1982,#1374,#1375);
#1184=AXIS2_PLACEMENT_3D('',#1983,#1376,#1377);
#1185=AXIS2_PLACEMENT_3D('',#1986,#1378,#1379);
#1186=AXIS2_PLACEMENT_3D('',#1990,#1381,#1382);
#1187=AXIS2_PLACEMENT_3D('',#1992,#1384,#1385);
#1188=AXIS2_PLACEMENT_3D('',#1993,#1386,#1387);
#1189=AXIS2_PLACEMENT_3D('',#1994,#1388,#1389);
#1190=AXIS2_PLACEMENT_3D('',#1995,#1390,#1391);
#1191=AXIS2_PLACEMENT_3D('',#1998,#1392,#1393);
#1192=AXIS2_PLACEMENT_3D('',#2002,#1395,#1396);
#1193=AXIS2_PLACEMENT_3D('',#2003,#1397,#1398);
#1194=AXIS2_PLACEMENT_3D('',#2005,#1399,#1400);
#1195=AXIS2_PLACEMENT_3D('',#2009,#1402,#1403);
#1196=AXIS2_PLACEMENT_3D('',#2013,#1405,#1406);
#1197=AXIS2_PLACEMENT_3D('',#2015,#1407,#1408);
#1198=AXIS2_PLACEMENT_3D('',#2019,#1410,#1411);
#1199=AXIS2_PLACEMENT_3D('',#2022,#1414,#1415);
#1200=AXIS2_PLACEMENT_3D('',#2028,#1419,#1420);
#1201=AXIS2_PLACEMENT_3D('',#2034,#1424,#1425);
#1202=AXIS2_PLACEMENT_3D('',#2040,#1428,#1429);
#1203=AXIS2_PLACEMENT_3D('',#2044,#1431,#1432);
#1204=AXIS2_PLACEMENT_3D('',#2046,#1433,#1434);
#1205=AXIS2_PLACEMENT_3D('',#2050,#1436,#1437);
#1206=AXIS2_PLACEMENT_3D('',#2053,#1439,#1440);
#1207=AXIS2_PLACEMENT_3D('',#2055,#1441,#1442);
#1208=AXIS2_PLACEMENT_3D('',#2057,#1443,#1444);
#1209=AXIS2_PLACEMENT_3D('',#2060,#1446,#1447);
#1210=AXIS2_PLACEMENT_3D('',#2061,#1448,#1449);
#1211=AXIS2_PLACEMENT_3D('',#2070,#1454,#1455);
#1212=AXIS2_PLACEMENT_3D('',#2072,#1456,#1457);
#1213=AXIS2_PLACEMENT_3D('',#2074,#1458,#1459);
#1214=AXIS2_PLACEMENT_3D('',#2076,#1461,#1462);
#1215=AXIS2_PLACEMENT_3D('',#2082,#1466,#1467);
#1216=AXIS2_PLACEMENT_3D('',#2083,#1468,#1469);
#1217=AXIS2_PLACEMENT_3D('',#2084,#1470,#1471);
#1218=AXIS2_PLACEMENT_3D('',#2085,#1472,#1473);
#1219=AXIS2_PLACEMENT_3D('',#2087,#1475,#1476);
#1220=AXIS2_PLACEMENT_3D('',#2089,#1477,#1478);
#1221=AXIS2_PLACEMENT_3D('',#2091,#1479,#1480);
#1222=AXIS2_PLACEMENT_3D('',#2093,#1481,#1482);
#1223=AXIS2_PLACEMENT_3D('',#2095,#1483,#1484);
#1224=AXIS2_PLACEMENT_3D('',#2096,#1485,#1486);
#1225=AXIS2_PLACEMENT_3D('',#2098,#1487,#1488);
#1226=AXIS2_PLACEMENT_3D('',#2100,#1490,#1491);
#1227=AXIS2_PLACEMENT_3D('',#2102,#1492,#1493);
#1228=AXIS2_PLACEMENT_3D('',#2104,#1494,#1495);
#1229=AXIS2_PLACEMENT_3D('',#2106,#1496,#1497);
#1230=AXIS2_PLACEMENT_3D('',#2107,#1498,#1499);
#1231=AXIS2_PLACEMENT_3D('',#2109,#1501,#1502);
#1232=AXIS2_PLACEMENT_3D('',#2111,#1504,#1505);
#1233=AXIS2_PLACEMENT_3D('',#2113,#1507,#1508);
#1234=AXIS2_PLACEMENT_3D('',#2116,#1511,#1512);
#1235=AXIS2_PLACEMENT_3D('',#2119,#1515,#1516);
#1236=AXIS2_PLACEMENT_3D('',#2122,#1519,#1520);
#1237=AXIS2_PLACEMENT_3D('',#2124,#1522,#1523);
#1238=AXIS2_PLACEMENT_3D('',#2126,#1525,#1526);
#1239=AXIS2_PLACEMENT_3D('',#2127,#1527,#1528);
#1240=AXIS2_PLACEMENT_3D('',#2129,#1530,#1531);
#1241=AXIS2_PLACEMENT_3D('',#2130,#1532,#1533);
#1242=AXIS2_PLACEMENT_3D('',#2132,#1535,#1536);
#1243=AXIS2_PLACEMENT_3D('',#2133,#1537,#1538);
#1244=AXIS2_PLACEMENT_3D('',#2135,#1540,#1541);
#1245=AXIS2_PLACEMENT_3D('',#2137,#1542,#1543);
#1246=AXIS2_PLACEMENT_3D('',#2140,#1545,#1546);
#1247=AXIS2_PLACEMENT_3D('',#2141,#1547,#1548);
#1248=AXIS2_PLACEMENT_3D('',#2143,#1549,#1550);
#1249=AXIS2_PLACEMENT_3D('',#2146,#1552,#1553);
#1250=AXIS2_PLACEMENT_3D('',#2147,#1554,#1555);
#1251=AXIS2_PLACEMENT_3D('',#2149,#1556,#1557);
#1252=AXIS2_PLACEMENT_3D('',#2152,#1559,#1560);
#1253=AXIS2_PLACEMENT_3D('',#2153,#1561,#1562);
#1254=AXIS2_PLACEMENT_3D('',#2155,#1563,#1564);
#1255=AXIS2_PLACEMENT_3D('',#2158,#1566,#1567);
#1256=AXIS2_PLACEMENT_3D('',#2159,#1568,#1569);
#1257=AXIS2_PLACEMENT_3D('',#2164,#1571,#1572);
#1258=AXIS2_PLACEMENT_3D('',#2167,#1574,#1575);
#1259=AXIS2_PLACEMENT_3D('',#2168,#1576,#1577);
#1260=AXIS2_PLACEMENT_3D('',#2169,#1578,#1579);
#1261=AXIS2_PLACEMENT_3D('',#2170,#1580,#1581);
#1262=AXIS2_PLACEMENT_3D('',#2171,#1582,#1583);
#1263=AXIS2_PLACEMENT_3D('',#2172,#1584,#1585);
#1264=AXIS2_PLACEMENT_3D('',#2173,#1586,#1587);
#1265=AXIS2_PLACEMENT_3D('',#2174,#1588,#1589);
#1266=AXIS2_PLACEMENT_3D('',#2176,#1590,#1591);
#1267=AXIS2_PLACEMENT_3D('',#2177,#1592,#1593);
#1268=AXIS2_PLACEMENT_3D('',#2179,#1594,#1595);
#1269=AXIS2_PLACEMENT_3D('',#2180,#1596,#1597);
#1270=AXIS2_PLACEMENT_3D('',#2182,#1598,#1599);
#1271=AXIS2_PLACEMENT_3D('',#2184,#1601,#1602);
#1272=AXIS2_PLACEMENT_3D('',#2188,#1604,#1605);
#1273=AXIS2_PLACEMENT_3D('',#2189,#1606,#1607);
#1274=AXIS2_PLACEMENT_3D('',#2190,#1608,#1609);
#1275=AXIS2_PLACEMENT_3D('',#2192,#1610,#1611);
#1276=AXIS2_PLACEMENT_3D('',#2193,#1612,#1613);
#1277=AXIS2_PLACEMENT_3D('',#2194,#1614,#1615);
#1278=AXIS2_PLACEMENT_3D('',#2195,#1616,#1617);
#1279=DIRECTION('axis',(0.,0.,1.));
#1280=DIRECTION('refdir',(1.,0.,0.));
#1281=DIRECTION('center_axis',(0.,1.,0.));
#1282=DIRECTION('ref_axis',(1.,0.,0.));
#1283=DIRECTION('center_axis',(1.72225818377017E-29,1.,-4.21541375796909E-16));
#1284=DIRECTION('ref_axis',(1.,0.,0.));
#1285=DIRECTION('',(0.,1.,0.));
#1286=DIRECTION('center_axis',(1.72225818377017E-29,1.,-4.21541375796909E-16));
#1287=DIRECTION('ref_axis',(1.,0.,0.));
#1288=DIRECTION('',(0.,1.,0.));
#1289=DIRECTION('center_axis',(0.999999999999996,0.,-9.13888327976527E-8));
#1290=DIRECTION('ref_axis',(-9.13888327976527E-8,0.,-0.999999999999996));
#1291=DIRECTION('',(-9.13888327976527E-8,-4.21541375796907E-16,-0.999999999999996));
#1292=DIRECTION('',(-9.13888327976527E-8,-4.21541375796907E-16,-0.999999999999996));
#1293=DIRECTION('',(0.,1.,0.));
#1294=DIRECTION('',(0.,1.,0.));
#1295=DIRECTION('center_axis',(0.,1.,0.));
#1296=DIRECTION('ref_axis',(-4.41209461915055E-8,0.,0.999999999999999));
#1297=DIRECTION('center_axis',(1.72225818377017E-29,1.,-4.21541375796909E-16));
#1298=DIRECTION('ref_axis',(1.,0.,0.));
#1299=DIRECTION('center_axis',(1.72225818377017E-29,1.,-4.21541375796909E-16));
#1300=DIRECTION('ref_axis',(1.,0.,0.));
#1301=DIRECTION('',(0.,1.,0.));
#1302=DIRECTION('',(0.,1.,0.));
#1303=DIRECTION('center_axis',(-1.,0.,1.98708116627699E-8));
#1304=DIRECTION('ref_axis',(1.98708116627699E-8,0.,1.));
#1305=DIRECTION('',(1.98708116627699E-8,4.21541375796909E-16,1.));
#1306=DIRECTION('',(1.98708116627699E-8,4.21541375796909E-16,1.));
#1307=DIRECTION('center_axis',(0.,-1.,0.));
#1308=DIRECTION('ref_axis',(-4.41209459465761E-8,0.,0.999999999999999));
#1309=DIRECTION('center_axis',(0.,-1.,0.));
#1310=DIRECTION('ref_axis',(1.,0.,0.));
#1311=DIRECTION('',(0.,-1.,0.));
#1312=DIRECTION('center_axis',(-2.15804858455323E-16,-1.,3.7378497936483E-16));
#1313=DIRECTION('ref_axis',(1.,0.,0.));
#1314=DIRECTION('',(0.,-1.,0.));
#1315=DIRECTION('',(0.,-1.,0.));
#1316=DIRECTION('center_axis',(0.999999999999996,0.,-9.13888327976527E-8));
#1317=DIRECTION('ref_axis',(9.13888327976527E-8,3.73784959642674E-16,0.999999999999996));
#1318=DIRECTION('',(9.13888327976527E-8,0.,0.999999999999996));
#1319=DIRECTION('',(9.13888327976527E-8,3.73784959642674E-16,0.999999999999996));
#1320=DIRECTION('',(0.,-1.,0.));
#1321=DIRECTION('center_axis',(0.,-1.,0.));
#1322=DIRECTION('ref_axis',(-5.56298227099678E-8,0.,-0.999999999999998));
#1323=DIRECTION('center_axis',(0.,-1.,0.));
#1324=DIRECTION('ref_axis',(1.,0.,0.));
#1325=DIRECTION('center_axis',(-2.15804858455323E-16,-1.,3.7378497936483E-16));
#1326=DIRECTION('ref_axis',(1.,0.,0.));
#1327=DIRECTION('',(0.,-1.,0.));
#1328=DIRECTION('center_axis',(-1.,0.,1.98708116627699E-8));
#1329=DIRECTION('ref_axis',(-1.98708116627699E-8,-3.73784975076612E-16,
-1.));
#1330=DIRECTION('',(-1.98708116627699E-8,0.,-1.));
#1331=DIRECTION('',(-1.98708116627699E-8,-3.73784975076612E-16,-1.));
#1332=DIRECTION('',(0.,-1.,0.));
#1333=DIRECTION('center_axis',(-1.,0.,2.22044604925031E-16));
#1334=DIRECTION('ref_axis',(2.22044604925031E-16,0.,1.));
#1335=DIRECTION('',(0.,-1.,0.));
#1336=DIRECTION('',(-2.22044604925031E-16,-3.7378497936483E-16,-1.));
#1337=DIRECTION('',(0.,1.,0.));
#1338=DIRECTION('',(-2.22044604925031E-16,0.,-1.));
#1339=DIRECTION('center_axis',(-2.22044604925031E-16,0.,-1.));
#1340=DIRECTION('ref_axis',(0.389444173619756,-0.921050072272743,-8.64739776717541E-17));
#1341=DIRECTION('center_axis',(-3.40377809414202E-14,4.21541375796865E-16,
1.));
#1342=DIRECTION('ref_axis',(0.389444173619756,-0.921050072272743,-8.64739776717541E-17));
#1343=DIRECTION('',(-2.22044604925031E-16,0.,-1.));
#1344=DIRECTION('center_axis',(3.36160511308772E-14,2.03297404875659E-29,
-1.));
#1345=DIRECTION('ref_axis',(0.389444173619756,-0.921050072272743,-8.64739776717541E-17));
#1346=DIRECTION('',(2.22044604925031E-16,3.7378497936483E-16,1.));
#1347=DIRECTION('center_axis',(2.22044604925031E-16,0.,1.));
#1348=DIRECTION('ref_axis',(-0.802817452542715,0.59622490546171,1.78261284076767E-16));
#1349=DIRECTION('center_axis',(3.40377809414202E-14,-4.21541375796865E-16,
-1.));
#1350=DIRECTION('ref_axis',(-0.802817452542715,0.59622490546171,1.78261284076767E-16));
#1351=DIRECTION('',(2.22044604925031E-16,0.,1.));
#1352=DIRECTION('center_axis',(-2.22044604925029E-16,2.53324520936029E-30,
-1.));
#1353=DIRECTION('ref_axis',(-0.802817452542715,0.59622490546171,1.78261284076767E-16));
#1354=DIRECTION('center_axis',(2.22044604925031E-16,0.,1.));
#1355=DIRECTION('ref_axis',(-0.38944417361976,-0.921050072272742,8.64739776717548E-17));
#1356=DIRECTION('center_axis',(3.36160511308772E-14,2.03297404875659E-29,
-1.));
#1357=DIRECTION('ref_axis',(-0.38944417361976,-0.921050072272742,8.64739776717548E-17));
#1358=DIRECTION('center_axis',(-3.40377809414202E-14,4.21541375796865E-16,
1.));
#1359=DIRECTION('ref_axis',(-0.38944417361976,-0.921050072272742,8.64739776717548E-17));
#1360=DIRECTION('',(-2.22044604925031E-16,-3.7378497936483E-16,-1.));
#1361=DIRECTION('center_axis',(2.22044604925031E-16,0.,1.));
#1362=DIRECTION('ref_axis',(0.389444173619684,0.921050072272774,-8.6473977671738E-17));
#1363=DIRECTION('center_axis',(3.36160511308772E-14,2.03297404875659E-29,
-1.));
#1364=DIRECTION('ref_axis',(0.389444173619684,0.921050072272774,-8.6473977671738E-17));
#1365=DIRECTION('',(2.22044604925031E-16,0.,1.));
#1366=DIRECTION('center_axis',(-3.40377809414202E-14,4.21541375796865E-16,
1.));
#1367=DIRECTION('ref_axis',(0.389444173619684,0.921050072272774,-8.6473977671738E-17));
#1368=DIRECTION('',(-2.22044604925031E-16,-4.21541375796909E-16,-1.));
#1369=DIRECTION('center_axis',(2.22044604925031E-16,0.,1.));
#1370=DIRECTION('ref_axis',(-0.00165233569474544,-0.999998634892444,3.66892226543277E-19));
#1371=DIRECTION('center_axis',(-2.22044604925033E-16,3.11554054785609E-33,
-1.));
#1372=DIRECTION('ref_axis',(-0.00165233569474544,-0.999998634892444,3.66892226543277E-19));
#1373=DIRECTION('',(2.22044604925031E-16,0.,1.));
#1374=DIRECTION('center_axis',(3.40377809414202E-14,-4.21541375796865E-16,
-1.));
#1375=DIRECTION('ref_axis',(-0.00165233569474544,-0.999998634892444,3.66892226543277E-19));
#1376=DIRECTION('center_axis',(-2.22044604925031E-16,0.,-1.));
#1377=DIRECTION('ref_axis',(-0.389444178973573,0.921050070009009,8.64739788605402E-17));
#1378=DIRECTION('center_axis',(-3.40377809414202E-14,4.21541375796865E-16,
1.));
#1379=DIRECTION('ref_axis',(-0.389444178973573,0.921050070009009,8.64739788605402E-17));
#1380=DIRECTION('',(-2.22044604925031E-16,0.,-1.));
#1381=DIRECTION('center_axis',(3.36160511308772E-14,2.03297404875659E-29,
-1.));
#1382=DIRECTION('ref_axis',(-0.389444178973573,0.921050070009009,8.64739788605402E-17));
#1383=DIRECTION('',(2.22044604925031E-16,4.21541375796909E-16,1.));
#1384=DIRECTION('center_axis',(2.22044604925031E-16,0.,1.));
#1385=DIRECTION('ref_axis',(0.80281746078754,-0.596224894360045,-1.78261285907486E-16));
#1386=DIRECTION('center_axis',(3.40377809414202E-14,-4.21541375796865E-16,
-1.));
#1387=DIRECTION('ref_axis',(0.80281746078754,-0.596224894360045,-1.78261285907486E-16));
#1388=DIRECTION('center_axis',(-2.22044604925031E-16,0.,-1.));
#1389=DIRECTION('ref_axis',(0.80281746078754,-0.596224894360045,-1.78261285907486E-16));
#1390=DIRECTION('center_axis',(2.15804858455323E-16,1.,-3.7378497936483E-16));
#1391=DIRECTION('ref_axis',(1.,-2.15804858455323E-16,-2.22044604925031E-16));
#1392=DIRECTION('center_axis',(2.15804858455323E-16,1.,-3.7378497936483E-16));
#1393=DIRECTION('ref_axis',(0.707106781186569,0.,-0.707106781186526));
#1394=DIRECTION('',(3.22810110139438E-14,-3.73784979364837E-16,-1.));
#1395=DIRECTION('center_axis',(2.15804858455323E-16,1.,-3.7378497936483E-16));
#1396=DIRECTION('ref_axis',(-1.,-4.44089209850063E-16,-3.26405569239796E-14));
#1397=DIRECTION('center_axis',(-2.15804858455323E-16,-1.,3.7378497936483E-16));
#1398=DIRECTION('ref_axis',(-0.707106781186548,0.,-0.707106781186547));
#1399=DIRECTION('center_axis',(-2.15804858455323E-16,-1.,3.7378497936483E-16));
#1400=DIRECTION('ref_axis',(-0.707106781186547,0.,0.707106781186548));
#1401=DIRECTION('',(-1.,2.15804858455323E-16,2.22044604925031E-16));
#1402=DIRECTION('center_axis',(-2.15804858455323E-16,-1.,3.7378497936483E-16));
#1403=DIRECTION('ref_axis',(0.707106781186548,0.,0.707106781186547));
#1404=DIRECTION('',(2.22044604925031E-16,3.7378497936483E-16,1.));
#1405=DIRECTION('center_axis',(-2.15804858455323E-16,-1.,3.7378497936483E-16));
#1406=DIRECTION('ref_axis',(0.707106781186547,0.,-0.707106781186548));
#1407=DIRECTION('center_axis',(2.15804858455323E-16,1.,-3.7378497936483E-16));
#1408=DIRECTION('ref_axis',(1.,4.44089209850066E-16,3.26405569239798E-14));
#1409=DIRECTION('',(-3.22810110139438E-14,3.73784979364837E-16,1.));
#1410=DIRECTION('center_axis',(-2.15804858455323E-16,-1.,3.7378497936483E-16));
#1411=DIRECTION('ref_axis',(0.70710678118657,0.,-0.707106781186525));
#1412=DIRECTION('',(1.,-2.15804858455308E-16,4.11021725733526E-14));
#1413=DIRECTION('',(1.,4.1633020878292E-16,3.22955359126462E-14));
#1414=DIRECTION('center_axis',(2.15804858455323E-16,1.,-3.7378497936483E-16));
#1415=DIRECTION('ref_axis',(1.,-2.15804858455323E-16,-2.22044604925031E-16));
#1416=DIRECTION('',(1.,-2.15804858455308E-16,4.11021725733526E-14));
#1417=DIRECTION('',(-2.22044604925031E-16,-3.7378497936483E-16,-1.));
#1418=DIRECTION('',(1.,4.1633020878292E-16,3.22955359126462E-14));
#1419=DIRECTION('center_axis',(-1.72225818377017E-29,-1.,4.21541375796909E-16));
#1420=DIRECTION('ref_axis',(4.08385994373337E-14,-4.21541375796909E-16,
-1.));
#1421=DIRECTION('',(1.,4.1633020878292E-16,3.22955359126462E-14));
#1422=DIRECTION('',(2.22044604925031E-16,4.21541375796909E-16,1.));
#1423=DIRECTION('',(-1.,3.05202539513248E-30,-3.36160511308772E-14));
#1424=DIRECTION('center_axis',(-1.72225818377017E-29,-1.,4.21541375796909E-16));
#1425=DIRECTION('ref_axis',(4.08385994373337E-14,-4.21541375796909E-16,
-1.));
#1426=DIRECTION('',(1.,4.1633020878292E-16,3.22955359126462E-14));
#1427=DIRECTION('',(-1.,3.05202539513248E-30,-3.36160511308772E-14));
#1428=DIRECTION('center_axis',(1.72225818377017E-29,1.,-4.21541375796909E-16));
#1429=DIRECTION('ref_axis',(0.70710678118657,0.,-0.707106781186525));
#1430=DIRECTION('',(3.22810110139438E-14,-4.21541375796909E-16,-1.));
#1431=DIRECTION('center_axis',(-1.72225818377017E-29,-1.,4.21541375796909E-16));
#1432=DIRECTION('ref_axis',(1.,4.44089209850066E-16,3.26405569239798E-14));
#1433=DIRECTION('center_axis',(1.72225818377017E-29,1.,-4.21541375796909E-16));
#1434=DIRECTION('ref_axis',(0.707106781186547,0.,-0.707106781186548));
#1435=DIRECTION('',(2.22044604925031E-16,0.,1.));
#1436=DIRECTION('center_axis',(1.72225818377017E-29,1.,-4.21541375796909E-16));
#1437=DIRECTION('ref_axis',(0.707106781186548,0.,0.707106781186547));
#1438=DIRECTION('',(-1.,0.,2.22044604925031E-16));
#1439=DIRECTION('center_axis',(1.72225818377017E-29,1.,-4.21541375796909E-16));
#1440=DIRECTION('ref_axis',(-0.707106781186547,0.,0.707106781186548));
#1441=DIRECTION('center_axis',(1.72225818377017E-29,1.,-4.21541375796909E-16));
#1442=DIRECTION('ref_axis',(-0.707106781186548,0.,-0.707106781186547));
#1443=DIRECTION('center_axis',(-1.72225818377017E-29,-1.,4.21541375796909E-16));
#1444=DIRECTION('ref_axis',(-1.,-4.44089209850063E-16,-3.26405569239796E-14));
#1445=DIRECTION('',(-3.22810110139438E-14,4.21541375796909E-16,1.));
#1446=DIRECTION('center_axis',(-1.72225818377017E-29,-1.,4.21541375796909E-16));
#1447=DIRECTION('ref_axis',(0.707106781186569,0.,-0.707106781186526));
#1448=DIRECTION('center_axis',(1.,0.,-2.22044604925031E-16));
#1449=DIRECTION('ref_axis',(0.,-1.,0.));
#1450=DIRECTION('',(4.51410919478998E-45,1.,2.03297404875659E-29));
#1451=DIRECTION('',(-2.22044604925031E-16,0.,-1.));
#1452=DIRECTION('',(9.36009882483689E-32,-1.,4.21541375796865E-16));
#1453=DIRECTION('',(-2.22044604925031E-16,0.,-1.));
#1454=DIRECTION('center_axis',(-2.22044604925031E-16,0.,-1.));
#1455=DIRECTION('ref_axis',(2.54207057918564E-15,1.,-5.64453057446821E-31));
#1456=DIRECTION('center_axis',(-3.36160511308772E-14,-2.03297404875659E-29,
1.));
#1457=DIRECTION('ref_axis',(0.,-1.,0.));
#1458=DIRECTION('center_axis',(3.40377809414202E-14,-4.21541375796865E-16,
-1.));
#1459=DIRECTION('ref_axis',(0.,-1.,0.));
#1460=DIRECTION('',(-2.22044604925031E-16,0.,-1.));
#1461=DIRECTION('center_axis',(-1.,0.,2.22044604925031E-16));
#1462=DIRECTION('ref_axis',(0.,1.,0.));
#1463=DIRECTION('',(-4.51410919478998E-45,-1.,-2.03297404875659E-29));
#1464=DIRECTION('',(-9.36009882483689E-32,1.,-4.21541375796865E-16));
#1465=DIRECTION('',(-2.22044604925031E-16,0.,-1.));
#1466=DIRECTION('center_axis',(-2.22044604925031E-16,0.,-1.));
#1467=DIRECTION('ref_axis',(0.,-1.,0.));
#1468=DIRECTION('center_axis',(-3.36160511308772E-14,-2.03297404875659E-29,
1.));
#1469=DIRECTION('ref_axis',(0.,-1.,0.));
#1470=DIRECTION('center_axis',(3.40377809414202E-14,-4.21541375796865E-16,
-1.));
#1471=DIRECTION('ref_axis',(0.,-1.,0.));
#1472=DIRECTION('center_axis',(0.,1.,0.));
#1473=DIRECTION('ref_axis',(-0.707106781186547,0.,0.707106781186548));
#1474=DIRECTION('',(0.,1.,0.));
#1475=DIRECTION('center_axis',(-1.72225818377017E-29,-1.,4.21541375796909E-16));
#1476=DIRECTION('ref_axis',(-1.,1.73161828259501E-29,2.22044604925031E-16));
#1477=DIRECTION('center_axis',(-1.72225818377017E-29,-1.,4.21541375796909E-16));
#1478=DIRECTION('ref_axis',(2.22044604925031E-16,0.,1.));
#1479=DIRECTION('center_axis',(-1.72225818377017E-29,-1.,4.21541375796909E-16));
#1480=DIRECTION('ref_axis',(2.22044604925031E-16,0.,1.));
#1481=DIRECTION('center_axis',(-1.72225818377017E-29,-1.,4.21541375796909E-16));
#1482=DIRECTION('ref_axis',(-2.22044604925031E-16,0.,-1.));
#1483=DIRECTION('center_axis',(-1.72225818377017E-29,-1.,4.21541375796909E-16));
#1484=DIRECTION('ref_axis',(-2.22044604925031E-16,0.,-1.));
#1485=DIRECTION('center_axis',(0.,-1.,0.));
#1486=DIRECTION('ref_axis',(2.22044604925031E-16,0.,1.));
#1487=DIRECTION('center_axis',(0.,-1.,0.));
#1488=DIRECTION('ref_axis',(2.22044604925031E-16,0.,1.));
#1489=DIRECTION('',(0.,-1.,0.));
#1490=DIRECTION('center_axis',(0.,1.,0.));
#1491=DIRECTION('ref_axis',(2.22044604925031E-16,0.,1.));
#1492=DIRECTION('center_axis',(0.,-1.,0.));
#1493=DIRECTION('ref_axis',(2.22044604925031E-16,0.,1.));
#1494=DIRECTION('center_axis',(0.,1.,0.));
#1495=DIRECTION('ref_axis',(-2.22044604925031E-16,0.,-1.));
#1496=DIRECTION('center_axis',(0.,1.,0.));
#1497=DIRECTION('ref_axis',(-2.22044604925031E-16,0.,-1.));
#1498=DIRECTION('center_axis',(2.22044604925031E-16,0.,1.));
#1499=DIRECTION('ref_axis',(1.,0.,-2.22044604925031E-16));
#1500=DIRECTION('',(0.,-1.,0.));
#1501=DIRECTION('center_axis',(0.,1.,0.));
#1502=DIRECTION('ref_axis',(-2.22044604925031E-16,0.,-1.));
#1503=DIRECTION('',(0.,1.,0.));
#1504=DIRECTION('center_axis',(0.,1.,0.));
#1505=DIRECTION('ref_axis',(-2.22044604925031E-16,0.,-1.));
#1506=DIRECTION('',(0.,1.,0.));
#1507=DIRECTION('center_axis',(-4.1633363423411E-16,1.,-1.73472347599147E-18));
#1508=DIRECTION('ref_axis',(0.707106781186569,2.93165701269631E-16,-0.707106781186526));
#1509=DIRECTION('',(0.,-1.,0.));
#1510=DIRECTION('',(4.16333634234097E-16,-1.,4.21541375796879E-16));
#1511=DIRECTION('center_axis',(-4.1633363423411E-16,1.,-1.73472347599147E-18));
#1512=DIRECTION('ref_axis',(0.70710678118657,2.93165701269631E-16,-0.707106781186525));
#1513=DIRECTION('',(0.,1.,0.));
#1514=DIRECTION('',(0.,1.,0.));
#1515=DIRECTION('center_axis',(0.,1.,0.));
#1516=DIRECTION('ref_axis',(0.707106781186547,0.,-0.707106781186548));
#1517=DIRECTION('',(4.44089209850063E-16,-1.,9.0649313481753E-17));
#1518=DIRECTION('',(0.,-1.,0.));
#1519=DIRECTION('center_axis',(0.,1.,0.));
#1520=DIRECTION('ref_axis',(-0.707106781186548,0.,-0.707106781186547));
#1521=DIRECTION('',(-4.44089209850066E-16,1.,9.06493284921468E-17));
#1522=DIRECTION('center_axis',(1.,0.,-2.22044604925031E-16));
#1523=DIRECTION('ref_axis',(-2.22044604925031E-16,0.,-1.));
#1524=DIRECTION('',(0.,1.,0.));
#1525=DIRECTION('center_axis',(0.,1.,0.));
#1526=DIRECTION('ref_axis',(0.707106781186548,0.,0.707106781186547));
#1527=DIRECTION('center_axis',(1.,4.1633363423411E-16,3.22810110139438E-14));
#1528=DIRECTION('ref_axis',(3.22810110139438E-14,-1.73472347597803E-18,
-1.));
#1529=DIRECTION('',(-4.44089209850063E-16,1.,-9.0649313481753E-17));
#1530=DIRECTION('center_axis',(-4.44089209850063E-16,1.,-9.0649313481753E-17));
#1531=DIRECTION('ref_axis',(1.,4.44089209850066E-16,3.26405569239798E-14));
#1532=DIRECTION('center_axis',(-1.,-4.1633363423411E-16,-3.22810110139438E-14));
#1533=DIRECTION('ref_axis',(4.1633363423411E-16,-1.,1.73472347599147E-18));
#1534=DIRECTION('',(4.44089209850066E-16,-1.,-9.06493284921468E-17));
#1535=DIRECTION('center_axis',(4.44089209850066E-16,-1.,-9.06493284921468E-17));
#1536=DIRECTION('ref_axis',(-1.,-4.44089209850063E-16,-3.26405569239796E-14));
#1537=DIRECTION('center_axis',(0.,-1.,0.));
#1538=DIRECTION('ref_axis',(2.22044604925031E-16,0.,1.));
#1539=DIRECTION('',(0.,-1.,0.));
#1540=DIRECTION('center_axis',(-2.22044604925031E-16,0.,-1.));
#1541=DIRECTION('ref_axis',(0.,-1.,0.));
#1542=DIRECTION('center_axis',(4.08385994373337E-14,-4.21541375796909E-16,
-1.));
#1543=DIRECTION('ref_axis',(0.,-1.,0.));
#1544=DIRECTION('',(-2.22044604925031E-16,0.,-1.));
#1545=DIRECTION('center_axis',(3.36160511308772E-14,2.03297404875659E-29,
-1.));
#1546=DIRECTION('ref_axis',(-2.06670144761151E-29,-1.,5.03388386538226E-16));
#1547=DIRECTION('center_axis',(-2.22044604925031E-16,0.,-1.));
#1548=DIRECTION('ref_axis',(0.,-1.,0.));
#1549=DIRECTION('center_axis',(4.08385994373337E-14,-4.21541375796909E-16,
-1.));
#1550=DIRECTION('ref_axis',(0.,-1.,0.));
#1551=DIRECTION('',(-2.22044604925031E-16,0.,-1.));
#1552=DIRECTION('center_axis',(3.36160511308772E-14,2.03297404875659E-29,
-1.));
#1553=DIRECTION('ref_axis',(-2.06670144761151E-29,-1.,5.03388386538226E-16));
#1554=DIRECTION('center_axis',(-2.22044604925031E-16,0.,-1.));
#1555=DIRECTION('ref_axis',(0.,-1.,0.));
#1556=DIRECTION('center_axis',(4.08385994373337E-14,-4.21541375796909E-16,
-1.));
#1557=DIRECTION('ref_axis',(0.,-1.,0.));
#1558=DIRECTION('',(-2.22044604925031E-16,0.,-1.));
#1559=DIRECTION('center_axis',(3.36160511308772E-14,2.03297404875659E-29,
-1.));
#1560=DIRECTION('ref_axis',(-2.06670144761151E-29,-1.,5.03388386538226E-16));
#1561=DIRECTION('center_axis',(-2.22044604925031E-16,0.,-1.));
#1562=DIRECTION('ref_axis',(0.,-1.,0.));
#1563=DIRECTION('center_axis',(4.08385994373337E-14,-4.21541375796909E-16,
-1.));
#1564=DIRECTION('ref_axis',(0.,-1.,0.));
#1565=DIRECTION('',(-2.22044604925031E-16,0.,-1.));
#1566=DIRECTION('center_axis',(3.36160511308772E-14,2.03297404875659E-29,
-1.));
#1567=DIRECTION('ref_axis',(-2.06670144761151E-29,-1.,5.03388386538226E-16));
#1568=DIRECTION('center_axis',(-4.08385994373337E-14,4.21541375796909E-16,
1.));
#1569=DIRECTION('ref_axis',(-1.,1.47501058985918E-14,-4.08385994373337E-14));
#1570=DIRECTION('',(4.10558030912095E-14,-5.03388386538226E-16,-1.));
#1571=DIRECTION('center_axis',(-3.36160511308772E-14,-2.03297404875659E-29,
1.));
#1572=DIRECTION('ref_axis',(0.966373401445015,0.257142857142858,3.95457933543419E-14));
#1573=DIRECTION('',(4.08385994373337E-14,-4.21541375796909E-16,-1.));
#1574=DIRECTION('center_axis',(4.08385994373337E-14,-4.21541375796909E-16,
-1.));
#1575=DIRECTION('ref_axis',(0.966373401445015,0.257142857142858,3.93569398947303E-14));
#1576=DIRECTION('center_axis',(-4.08385994373337E-14,4.21541375796909E-16,
1.));
#1577=DIRECTION('ref_axis',(-0.393053406677098,0.919515643966718,-1.63333621874503E-14));
#1578=DIRECTION('center_axis',(-4.08385994373337E-14,4.21541375796909E-16,
1.));
#1579=DIRECTION('ref_axis',(-0.393053406677098,0.919515643966718,-1.63333621874503E-14));
#1580=DIRECTION('center_axis',(3.36160511308772E-14,2.03297404875659E-29,
-1.));
#1581=DIRECTION('ref_axis',(-0.393053406677098,0.919515643966718,-1.65999967652771E-14));
#1582=DIRECTION('center_axis',(4.08385994373337E-14,-4.21541375796909E-16,
-1.));
#1583=DIRECTION('ref_axis',(-0.393053406677112,-0.919515643966712,-1.53674423300474E-14));
#1584=DIRECTION('center_axis',(-4.08385994373337E-14,4.21541375796909E-16,
1.));
#1585=DIRECTION('ref_axis',(-0.393053406677112,-0.919515643966712,-1.53674423300474E-14));
#1586=DIRECTION('center_axis',(3.36160511308772E-14,2.03297404875659E-29,
-1.));
#1587=DIRECTION('ref_axis',(-0.393053406677112,-0.919515643966712,-1.56742497724515E-14));
#1588=DIRECTION('center_axis',(4.02450764201575E-14,-8.32667272605035E-17,
-1.));
#1589=DIRECTION('ref_axis',(4.97164957343153E-16,1.,-8.32667272604834E-17));
#1590=DIRECTION('center_axis',(4.02450764201575E-14,-8.32667272605035E-17,
-1.));
#1591=DIRECTION('ref_axis',(0.,-1.,0.));
#1592=DIRECTION('center_axis',(-2.22044604925031E-16,0.,-1.));
#1593=DIRECTION('ref_axis',(0.,1.,0.));
#1594=DIRECTION('center_axis',(2.22044604925031E-16,0.,1.));
#1595=DIRECTION('ref_axis',(0.,1.,0.));
#1596=DIRECTION('center_axis',(2.22044604925031E-16,0.,1.));
#1597=DIRECTION('ref_axis',(0.,1.,0.));
#1598=DIRECTION('center_axis',(-3.36160511308772E-14,-2.03297404875659E-29,
1.));
#1599=DIRECTION('ref_axis',(0.,1.,0.));
#1600=DIRECTION('',(2.22044604925031E-16,0.,1.));
#1601=DIRECTION('center_axis',(2.22044604925031E-16,0.,1.));
#1602=DIRECTION('ref_axis',(0.,-1.,0.));
#1603=DIRECTION('',(-2.22044604925031E-16,0.,-1.));
#1604=DIRECTION('center_axis',(3.40377809414202E-14,-4.21541375796865E-16,
-1.));
#1605=DIRECTION('ref_axis',(-1.77973119721274E-14,-1.,4.32554425178637E-16));
#1606=DIRECTION('center_axis',(3.40377809414202E-14,-4.21541375796865E-16,
-1.));
#1607=DIRECTION('ref_axis',(-1.77973119721274E-14,-1.,4.32554425178637E-16));
#1608=DIRECTION('center_axis',(3.40377809414202E-14,-4.21541375796865E-16,
-1.));
#1609=DIRECTION('ref_axis',(-1.,5.72119534353739E-18,-3.40377809414202E-14));
#1610=DIRECTION('center_axis',(-3.40377809414202E-14,4.21541375796865E-16,
1.));
#1611=DIRECTION('ref_axis',(-1.77973119721274E-14,-1.,4.21541375796259E-16));
#1612=DIRECTION('center_axis',(3.40377809414202E-14,-4.21541375796865E-16,
-1.));
#1613=DIRECTION('ref_axis',(-1.,0.,-3.42259836890813E-14));
#1614=DIRECTION('center_axis',(-1.22464679914742E-16,-1.,4.2154137579686E-16));
#1615=DIRECTION('ref_axis',(1.,-1.22464679914728E-16,3.394312431975E-14));
#1616=DIRECTION('center_axis',(3.36160511308772E-14,2.03297404875659E-29,
-1.));
#1617=DIRECTION('ref_axis',(5.72119534353739E-18,1.,2.0522064482764E-29));
#1618=CARTESIAN_POINT('',(0.,0.,0.));
#1619=CARTESIAN_POINT('Origin',(12.0000001668915,-0.900299607247402,4.40053532548436));
#1620=CARTESIAN_POINT('',(12.3850001668915,-0.650299607247402,4.40053529029966));
#1621=CARTESIAN_POINT('',(11.6150001668915,-0.650299607247402,4.40053533313462));
#1622=CARTESIAN_POINT('Origin',(12.0000001668915,-0.650299607247401,4.40053532548436));
#1623=CARTESIAN_POINT('',(11.6150001668915,-0.900299607247402,4.40053533313462));
#1624=CARTESIAN_POINT('',(11.6150001668915,-0.900299607247402,4.40053533313462));
#1625=CARTESIAN_POINT('',(12.3850001668915,-0.900299607247402,4.40053529029966));
#1626=CARTESIAN_POINT('Origin',(12.0000001668915,-0.900299607247403,4.40053532548436));
#1627=CARTESIAN_POINT('',(12.3850001668915,-0.900299607247402,4.40053529029966));
#1628=CARTESIAN_POINT('Origin',(12.3850002765581,-0.900299607247402,5.60053529029965));
#1629=CARTESIAN_POINT('',(12.3850002765581,-0.650299607247402,5.60053529029965));
#1630=CARTESIAN_POINT('',(12.3850002858104,-0.650299607247401,5.70177646190872));
#1631=CARTESIAN_POINT('',(12.3850002765581,-0.900299607247402,5.60053529029965));
#1632=CARTESIAN_POINT('',(12.3850001349037,-0.900299607247402,4.05051714220788));
#1633=CARTESIAN_POINT('',(12.3850002765581,-0.900299607247402,5.60053529029965));
#1634=CARTESIAN_POINT('Ctrl Pts',(12.6016151425894,-0.900299607247402,6.28848465281898));
#1635=CARTESIAN_POINT('Ctrl Pts',(12.6016151425894,-0.625299607247401,6.28848465281898));
#1636=CARTESIAN_POINT('Ctrl Pts',(12.5894216090695,-0.900299607247402,6.27415733014931));
#1637=CARTESIAN_POINT('Ctrl Pts',(12.5894216090695,-0.625299607247401,6.27415733014931));
#1638=CARTESIAN_POINT('Ctrl Pts',(12.5666887075564,-0.900299607247402,6.24513785161083));
#1639=CARTESIAN_POINT('Ctrl Pts',(12.5666887075564,-0.625299607247401,6.24513785161083));
#1640=CARTESIAN_POINT('Ctrl Pts',(12.5375516538445,-0.900299607247402,6.20051414469052));
#1641=CARTESIAN_POINT('Ctrl Pts',(12.5375516538445,-0.625299607247401,6.20051414469052));
#1642=CARTESIAN_POINT('Ctrl Pts',(12.5079090739922,-0.900299607247402,6.13917806722065));
#1643=CARTESIAN_POINT('Ctrl Pts',(12.5079090739922,-0.625299607247401,6.13917806722065));
#1644=CARTESIAN_POINT('Ctrl Pts',(12.4823850854908,-0.900299607247402,6.0613628678357));
#1645=CARTESIAN_POINT('Ctrl Pts',(12.4823850854908,-0.625299607247401,6.0613628678357));
#1646=CARTESIAN_POINT('Ctrl Pts',(12.4637994294855,-0.900299607247402,5.98475865683922));
#1647=CARTESIAN_POINT('Ctrl Pts',(12.4637994294855,-0.625299607247401,5.98475865683922));
#1648=CARTESIAN_POINT('Ctrl Pts',(12.447923933051,-0.900299607247402,5.91153981107307));
#1649=CARTESIAN_POINT('Ctrl Pts',(12.447923933051,-0.625299607247401,5.91153981107307));
#1650=CARTESIAN_POINT('Ctrl Pts',(12.4317910252561,-0.900299607247402,5.84317548160343));
#1651=CARTESIAN_POINT('Ctrl Pts',(12.4317910252561,-0.625299607247401,5.84317548160343));
#1652=CARTESIAN_POINT('Ctrl Pts',(12.4150385959975,-0.900299607247402,5.77953394075393));
#1653=CARTESIAN_POINT('Ctrl Pts',(12.4150385959975,-0.625299607247401,5.77953394075393));
#1654=CARTESIAN_POINT('Ctrl Pts',(12.3995296391654,-0.900299607247402,5.71915097302347));
#1655=CARTESIAN_POINT('Ctrl Pts',(12.3995296391654,-0.625299607247401,5.71915097302347));
#1656=CARTESIAN_POINT('Ctrl Pts',(12.3903038880784,-0.900299607247402,5.67194185063471));
#1657=CARTESIAN_POINT('Ctrl Pts',(12.3903038880784,-0.625299607247401,5.67194185063471));
#1658=CARTESIAN_POINT('Ctrl Pts',(12.3863487573623,-0.900299607247402,5.6363886657616));
#1659=CARTESIAN_POINT('Ctrl Pts',(12.3863487573623,-0.625299607247401,5.6363886657616));
#1660=CARTESIAN_POINT('Ctrl Pts',(12.3852014682239,-0.900299607247402,5.61251503405008));
#1661=CARTESIAN_POINT('Ctrl Pts',(12.3852014682239,-0.625299607247401,5.61251503405008));
#1662=CARTESIAN_POINT('Ctrl Pts',(12.3850002765581,-0.900299607247402,5.60053529029965));
#1663=CARTESIAN_POINT('Ctrl Pts',(12.3850002765581,-0.625299607247401,5.60053529029965));
#1664=CARTESIAN_POINT('',(12.6016151425894,-0.650299607247401,6.28848465281898));
#1665=CARTESIAN_POINT('Ctrl Pts',(12.6016151425894,-0.650299607247401,6.28848465281898));
#1666=CARTESIAN_POINT('Ctrl Pts',(12.590467350911,-0.650299607247401,6.27538607001928));
#1667=CARTESIAN_POINT('Ctrl Pts',(12.5801531975764,-0.650299607247401,6.26210251356638));
#1668=CARTESIAN_POINT('Ctrl Pts',(12.5706475216788,-0.650299607247401,6.24864634429564));
#1669=CARTESIAN_POINT('Ctrl Pts',(12.5598799648595,-0.650299607247401,6.23340386509127));
#1670=CARTESIAN_POINT('Ctrl Pts',(12.5501496734738,-0.650299607247401,6.21793990068976));
#1671=CARTESIAN_POINT('Ctrl Pts',(12.5413570882097,-0.650299607247401,6.20230393385704));
#1672=CARTESIAN_POINT('Ctrl Pts',(12.5314008846854,-0.650299607247401,6.18459868978931));
#1673=CARTESIAN_POINT('Ctrl Pts',(12.5226462619174,-0.650299607247401,6.16667320550225));
#1674=CARTESIAN_POINT('Ctrl Pts',(12.514879914701,-0.650299607247401,6.14863494203233));
#1675=CARTESIAN_POINT('Ctrl Pts',(12.5041652530778,-0.650299607247401,6.12374886831399));
#1676=CARTESIAN_POINT('Ctrl Pts',(12.4953292231685,-0.650299607247401,6.0986491617849));
#1677=CARTESIAN_POINT('Ctrl Pts',(12.4877039313807,-0.650299607247401,6.07367724634));
#1678=CARTESIAN_POINT('Ctrl Pts',(12.4812976965137,-0.650299607247401,6.05269759600376));
#1679=CARTESIAN_POINT('Ctrl Pts',(12.4757406352004,-0.650299607247401,6.03181115562128));
#1680=CARTESIAN_POINT('Ctrl Pts',(12.4706463436892,-0.650299607247401,6.01121625915382));
#1681=CARTESIAN_POINT('Ctrl Pts',(12.4664682233015,-0.650299607247401,5.99432520440643));
#1682=CARTESIAN_POINT('Ctrl Pts',(12.4626007675306,-0.650299607247401,5.9776306698198));
#1683=CARTESIAN_POINT('Ctrl Pts',(12.4588648035445,-0.650299607247401,5.96122332170567));
#1684=CARTESIAN_POINT('Ctrl Pts',(12.4555579305527,-0.650299607247401,5.9467004257279));
#1685=CARTESIAN_POINT('Ctrl Pts',(12.4523535852595,-0.650299607247401,5.93240292272823));
#1686=CARTESIAN_POINT('Ctrl Pts',(12.4491640471423,-0.650299607247401,5.91837227071324));
#1687=CARTESIAN_POINT('Ctrl Pts',(12.4460885037053,-0.650299607247401,5.90484307678745));
#1688=CARTESIAN_POINT('Ctrl Pts',(12.4430264337624,-0.650299607247401,5.89156220760606));
#1689=CARTESIAN_POINT('Ctrl Pts',(12.4399425145006,-0.650299607247401,5.87854041491943));
#1690=CARTESIAN_POINT('Ctrl Pts',(12.4367002583757,-0.650299607247401,5.86485004772404));
#1691=CARTESIAN_POINT('Ctrl Pts',(12.4334337425554,-0.650299607247401,5.85144607960354));
#1692=CARTESIAN_POINT('Ctrl Pts',(12.430152870798,-0.650299607247401,5.83831006495463));
#1693=CARTESIAN_POINT('Ctrl Pts',(12.4265453066692,-0.650299607247401,5.82386603338396));
#1694=CARTESIAN_POINT('Ctrl Pts',(12.4229207561521,-0.650299607247401,5.80974564801112));
#1695=CARTESIAN_POINT('Ctrl Pts',(12.4193536313243,-0.650299607247401,5.79588812000945));
#1696=CARTESIAN_POINT('Ctrl Pts',(12.414909825171,-0.650299607247401,5.77862486986371));
#1697=CARTESIAN_POINT('Ctrl Pts',(12.4105564457202,-0.650299607247401,5.76176835473836));
#1698=CARTESIAN_POINT('Ctrl Pts',(12.40651662841,-0.650299607247401,5.74515876634203));
#1699=CARTESIAN_POINT('Ctrl Pts',(12.4020874749987,-0.650299607247401,5.72694843417656));
#1700=CARTESIAN_POINT('Ctrl Pts',(12.3980406509381,-0.650299607247401,5.70903140869932));
#1701=CARTESIAN_POINT('Ctrl Pts',(12.3946990876724,-0.650299607247401,5.69119123447172));
#1702=CARTESIAN_POINT('Ctrl Pts',(12.3921494014442,-0.650299607247401,5.67757878936071));
#1703=CARTESIAN_POINT('Ctrl Pts',(12.3900120694277,-0.650299607247401,5.66401031017448));
#1704=CARTESIAN_POINT('Ctrl Pts',(12.388403965093,-0.650299607247401,5.65041041438102));
#1705=CARTESIAN_POINT('Ctrl Pts',(12.3870028062608,-0.650299607247401,5.63856067696276));
#1706=CARTESIAN_POINT('Ctrl Pts',(12.3860038947683,-0.650299607247401,5.62668691151015));
#1707=CARTESIAN_POINT('Ctrl Pts',(12.3854500902601,-0.650299607247401,5.61476214887204));
#1708=CARTESIAN_POINT('Ctrl Pts',(12.3852302174807,-0.650299607247401,5.61002775132503));
#1709=CARTESIAN_POINT('Ctrl Pts',(12.3850800548629,-0.650299607247401,5.60528560460876));
#1710=CARTESIAN_POINT('Ctrl Pts',(12.3850002765581,-0.650299607247401,5.60053529029965));
#1711=CARTESIAN_POINT('',(12.6016151425894,-0.900299607247402,6.28848465281898));
#1712=CARTESIAN_POINT('Ctrl Pts',(12.6016151425894,-0.900299607247402,6.28848465281898));
#1713=CARTESIAN_POINT('Ctrl Pts',(12.5894216090695,-0.900299607247402,6.27415733014931));
#1714=CARTESIAN_POINT('Ctrl Pts',(12.5666887075564,-0.900299607247402,6.24513785161083));
#1715=CARTESIAN_POINT('Ctrl Pts',(12.5375516538445,-0.900299607247402,6.20051414469052));
#1716=CARTESIAN_POINT('Ctrl Pts',(12.5079090739922,-0.900299607247402,6.13917806722065));
#1717=CARTESIAN_POINT('Ctrl Pts',(12.4823850854908,-0.900299607247402,6.0613628678357));
#1718=CARTESIAN_POINT('Ctrl Pts',(12.4637994294855,-0.900299607247402,5.98475865683922));
#1719=CARTESIAN_POINT('Ctrl Pts',(12.447923933051,-0.900299607247402,5.91153981107307));
#1720=CARTESIAN_POINT('Ctrl Pts',(12.4317910252561,-0.900299607247402,5.84317548160343));
#1721=CARTESIAN_POINT('Ctrl Pts',(12.4150385959975,-0.900299607247402,5.77953394075393));
#1722=CARTESIAN_POINT('Ctrl Pts',(12.3995296391654,-0.900299607247402,5.71915097302347));
#1723=CARTESIAN_POINT('Ctrl Pts',(12.3903038880784,-0.900299607247402,5.67194185063471));
#1724=CARTESIAN_POINT('Ctrl Pts',(12.3863487573623,-0.900299607247402,5.6363886657616));
#1725=CARTESIAN_POINT('Ctrl Pts',(12.3852014682239,-0.900299607247402,5.61251503405008));
#1726=CARTESIAN_POINT('Ctrl Pts',(12.3850002765581,-0.900299607247402,5.60053529029965));
#1727=CARTESIAN_POINT('',(12.6016151425894,-0.900299607247402,6.28848465281898));
#1728=CARTESIAN_POINT('Origin',(12.000000178814,-0.900299607247402,6.80050001192065));
#1729=CARTESIAN_POINT('',(11.3983854012462,-0.650299607247401,6.28848471975444));
#1730=CARTESIAN_POINT('Origin',(12.000000178814,-0.650299607247401,6.80050001192065));
#1731=CARTESIAN_POINT('',(11.3983854012462,-0.900299607247402,6.28848471975444));
#1732=CARTESIAN_POINT('Origin',(12.000000178814,-0.900299607247403,6.80050001192065));
#1733=CARTESIAN_POINT('',(11.3983854012462,-0.900299607247402,6.28848471975444));
#1734=CARTESIAN_POINT('Ctrl Pts',(11.6150001907364,-0.900299607247402,5.60053533313462));
#1735=CARTESIAN_POINT('Ctrl Pts',(11.6150001907364,-0.625299607247401,5.60053533313462));
#1736=CARTESIAN_POINT('Ctrl Pts',(11.6147990004035,-0.900299607247402,5.61251507690744));
#1737=CARTESIAN_POINT('Ctrl Pts',(11.6147990004035,-0.625299607247401,5.61251507690744));
#1738=CARTESIAN_POINT('Ctrl Pts',(11.6136517139213,-0.900299607247402,5.6363887087466));
#1739=CARTESIAN_POINT('Ctrl Pts',(11.6136517139213,-0.625299607247401,5.6363887087466));
#1740=CARTESIAN_POINT('Ctrl Pts',(11.6096965871608,-0.900299607247402,5.67194189405975));
#1741=CARTESIAN_POINT('Ctrl Pts',(11.6096965871608,-0.625299607247401,5.67194189405975));
#1742=CARTESIAN_POINT('Ctrl Pts',(11.6004708413263,-0.900299607247402,5.71915101747497));
#1743=CARTESIAN_POINT('Ctrl Pts',(11.6004708413263,-0.625299607247401,5.71915101747497));
#1744=CARTESIAN_POINT('Ctrl Pts',(11.5849618912123,-0.900299607247402,5.77953398693095));
#1745=CARTESIAN_POINT('Ctrl Pts',(11.5849618912123,-0.625299607247401,5.77953398693095));
#1746=CARTESIAN_POINT('Ctrl Pts',(11.5682094690345,-0.900299607247402,5.84317552964432));
#1747=CARTESIAN_POINT('Ctrl Pts',(11.5682094690345,-0.625299607247401,5.84317552964432));
#1748=CARTESIAN_POINT('Ctrl Pts',(11.5520765688458,-0.900299607247402,5.91153986090889));
#1749=CARTESIAN_POINT('Ctrl Pts',(11.5520765688458,-0.625299607247401,5.91153986090889));
#1750=CARTESIAN_POINT('Ctrl Pts',(11.5362010805576,-0.900299607247402,5.98475870844135));
#1751=CARTESIAN_POINT('Ctrl Pts',(11.5362010805576,-0.625299607247401,5.98475870844135));
#1752=CARTESIAN_POINT('Ctrl Pts',(11.5176154330752,-0.900299607247402,6.06136292150567));
#1753=CARTESIAN_POINT('Ctrl Pts',(11.5176154330752,-0.625299607247401,6.06136292150567));
#1754=CARTESIAN_POINT('Ctrl Pts',(11.4920914532315,-0.900299607247402,6.1391781237304));
#1755=CARTESIAN_POINT('Ctrl Pts',(11.4920914532315,-0.625299607247401,6.1391781237304));
#1756=CARTESIAN_POINT('Ctrl Pts',(11.4624488802035,-0.900299607247402,6.2005142044983));
#1757=CARTESIAN_POINT('Ctrl Pts',(11.4624488802035,-0.625299607247401,6.2005142044983));
#1758=CARTESIAN_POINT('Ctrl Pts',(11.4333118314564,-0.900299607247402,6.24513791466038));
#1759=CARTESIAN_POINT('Ctrl Pts',(11.4333118314564,-0.625299607247401,6.24513791466038));
#1760=CARTESIAN_POINT('Ctrl Pts',(11.410578933172,-0.900299607247402,6.27415739572812));
#1761=CARTESIAN_POINT('Ctrl Pts',(11.410578933172,-0.625299607247401,6.27415739572812));
#1762=CARTESIAN_POINT('Ctrl Pts',(11.3983854012462,-0.900299607247402,6.28848471975444));
#1763=CARTESIAN_POINT('Ctrl Pts',(11.3983854012462,-0.625299607247401,6.28848471975444));
#1764=CARTESIAN_POINT('',(11.6150001907364,-0.650299607247402,5.60053533313462));
#1765=CARTESIAN_POINT('Ctrl Pts',(11.6150001907364,-0.650299607247402,5.60053533313462));
#1766=CARTESIAN_POINT('Ctrl Pts',(11.6148022691018,-0.650299607247402,5.61232044445327));
#1767=CARTESIAN_POINT('Ctrl Pts',(11.6141679733064,-0.650299607247402,5.62405329627024));
#1768=CARTESIAN_POINT('Ctrl Pts',(11.6131212412431,-0.650299607247402,5.63574884456672));
#1769=CARTESIAN_POINT('Ctrl Pts',(11.611957666478,-0.650299607247402,5.64874992224409));
#1770=CARTESIAN_POINT('Ctrl Pts',(11.6102849976684,-0.650299607247402,5.66170513208405));
#1771=CARTESIAN_POINT('Ctrl Pts',(11.6081891559356,-0.650299607247402,5.67466929766385));
#1772=CARTESIAN_POINT('Ctrl Pts',(11.6055184145519,-0.650299607247402,5.69118959734914));
#1773=CARTESIAN_POINT('Ctrl Pts',(11.6021618738763,-0.650299607247402,5.70772493239293));
#1774=CARTESIAN_POINT('Ctrl Pts',(11.598367203372,-0.650299607247402,5.72443856499672));
#1775=CARTESIAN_POINT('Ctrl Pts',(11.5942885280879,-0.650299607247402,5.7424030971294));
#1776=CARTESIAN_POINT('Ctrl Pts',(11.5897098817688,-0.650299607247402,5.76057723734828));
#1777=CARTESIAN_POINT('Ctrl Pts',(11.5849429745952,-0.650299607247402,5.77917801145755));
#1778=CARTESIAN_POINT('Ctrl Pts',(11.5814424727421,-0.650299607247402,5.79283719169076));
#1779=CARTESIAN_POINT('Ctrl Pts',(11.5778412036489,-0.650299607247401,5.80672720153461));
#1780=CARTESIAN_POINT('Ctrl Pts',(11.5742324353508,-0.650299607247401,5.82091942270491));
#1781=CARTESIAN_POINT('Ctrl Pts',(11.5709948997453,-0.650299607247401,5.83365169520461));
#1782=CARTESIAN_POINT('Ctrl Pts',(11.5677518966453,-0.650299607247402,5.8466276489584));
#1783=CARTESIAN_POINT('Ctrl Pts',(11.5645337743639,-0.650299607247402,5.85987748175984));
#1784=CARTESIAN_POINT('Ctrl Pts',(11.5614105422538,-0.650299607247402,5.87273662744836));
#1785=CARTESIAN_POINT('Ctrl Pts',(11.5583108859957,-0.650299607247402,5.8858538566825));
#1786=CARTESIAN_POINT('Ctrl Pts',(11.5552201842509,-0.650299607247402,5.89923125051197));
#1787=CARTESIAN_POINT('Ctrl Pts',(11.552114560343,-0.650299607247402,5.91267323150279));
#1788=CARTESIAN_POINT('Ctrl Pts',(11.549018101668,-0.650299607247402,5.92637798500415));
#1789=CARTESIAN_POINT('Ctrl Pts',(11.5458698474479,-0.650299607247402,5.94031944370403));
#1790=CARTESIAN_POINT('Ctrl Pts',(11.542219512528,-0.650299607247402,5.95648427347022));
#1791=CARTESIAN_POINT('Ctrl Pts',(11.5384994070503,-0.650299607247402,5.972967140676));
#1792=CARTESIAN_POINT('Ctrl Pts',(11.5345506675604,-0.650299607247402,5.98968908431572));
#1793=CARTESIAN_POINT('Ctrl Pts',(11.5299793062052,-0.650299607247402,6.00904767890875));
#1794=CARTESIAN_POINT('Ctrl Pts',(11.5251004164787,-0.650299607247402,6.0287259129304));
#1795=CARTESIAN_POINT('Ctrl Pts',(11.5195994742821,-0.650299607247402,6.04856283555299));
#1796=CARTESIAN_POINT('Ctrl Pts',(11.5129405192423,-0.650299607247402,6.07257566301943));
#1797=CARTESIAN_POINT('Ctrl Pts',(11.5053655859553,-0.650299607247402,6.09681842115819));
#1798=CARTESIAN_POINT('Ctrl Pts',(11.4962633553219,-0.650299607247402,6.12097758181027));
#1799=CARTESIAN_POINT('Ctrl Pts',(11.4895216252436,-0.650299607247402,6.13887149667534));
#1800=CARTESIAN_POINT('Ctrl Pts',(11.4819398261675,-0.650299607247402,6.15671840929283));
#1801=CARTESIAN_POINT('Ctrl Pts',(11.4732892185807,-0.650299607247402,6.1744022788673));
#1802=CARTESIAN_POINT('Ctrl Pts',(11.4655249209881,-0.650299607247402,6.19027432306616));
#1803=CARTESIAN_POINT('Ctrl Pts',(11.4568987390527,-0.650299607247402,6.20601463360727));
#1804=CARTESIAN_POINT('Ctrl Pts',(11.4472806108289,-0.650299607247402,6.2215580653567));
#1805=CARTESIAN_POINT('Ctrl Pts',(11.4386619927813,-0.650299607247402,6.23548623290456));
#1806=CARTESIAN_POINT('Ctrl Pts',(11.4292465551677,-0.650299607247402,6.24925619475662));
#1807=CARTESIAN_POINT('Ctrl Pts',(11.4189776035503,-0.650299607247402,6.26283990554115));
#1808=CARTESIAN_POINT('Ctrl Pts',(11.4124582996621,-0.650299607247402,6.2714636036394));
#1809=CARTESIAN_POINT('Ctrl Pts',(11.405595741793,-0.650299607247402,6.28001261454467));
#1810=CARTESIAN_POINT('Ctrl Pts',(11.3983854012462,-0.650299607247402,6.28848471975444));
#1811=CARTESIAN_POINT('',(11.6150001907364,-0.900299607247402,5.60053533313462));
#1812=CARTESIAN_POINT('Ctrl Pts',(11.6150001907364,-0.900299607247402,5.60053533313462));
#1813=CARTESIAN_POINT('Ctrl Pts',(11.6147990004035,-0.900299607247402,5.61251507690744));
#1814=CARTESIAN_POINT('Ctrl Pts',(11.6136517139213,-0.900299607247402,5.6363887087466));
#1815=CARTESIAN_POINT('Ctrl Pts',(11.6096965871608,-0.900299607247402,5.67194189405975));
#1816=CARTESIAN_POINT('Ctrl Pts',(11.6004708413263,-0.900299607247402,5.71915101747497));
#1817=CARTESIAN_POINT('Ctrl Pts',(11.5849618912123,-0.900299607247402,5.77953398693095));
#1818=CARTESIAN_POINT('Ctrl Pts',(11.5682094690345,-0.900299607247402,5.84317552964432));
#1819=CARTESIAN_POINT('Ctrl Pts',(11.5520765688458,-0.900299607247402,5.91153986090889));
#1820=CARTESIAN_POINT('Ctrl Pts',(11.5362010805576,-0.900299607247402,5.98475870844135));
#1821=CARTESIAN_POINT('Ctrl Pts',(11.5176154330752,-0.900299607247402,6.06136292150567));
#1822=CARTESIAN_POINT('Ctrl Pts',(11.4920914532315,-0.900299607247402,6.1391781237304));
#1823=CARTESIAN_POINT('Ctrl Pts',(11.4624488802035,-0.900299607247402,6.2005142044983));
#1824=CARTESIAN_POINT('Ctrl Pts',(11.4333118314564,-0.900299607247402,6.24513791466038));
#1825=CARTESIAN_POINT('Ctrl Pts',(11.410578933172,-0.900299607247402,6.27415739572812));
#1826=CARTESIAN_POINT('Ctrl Pts',(11.3983854012462,-0.900299607247402,6.28848471975444));
#1827=CARTESIAN_POINT('',(11.6150001907364,-0.900299607247402,5.60053533313462));
#1828=CARTESIAN_POINT('Origin',(11.6150001668915,-0.900299607247402,4.40053533313462));
#1829=CARTESIAN_POINT('',(11.6150001808257,-0.650299607247402,5.10177650474369));
#1830=CARTESIAN_POINT('',(11.6150001480138,-0.900299607247402,3.45051756048909));
#1831=CARTESIAN_POINT('Origin',(12.000000178814,0.900299607247344,6.80050001192065));
#1832=CARTESIAN_POINT('',(12.6016151425894,0.650299607247343,6.28848465281898));
#1833=CARTESIAN_POINT('',(11.3983854012462,0.650299607247343,6.28848471975444));
#1834=CARTESIAN_POINT('Origin',(12.000000178814,0.650299607247343,6.80050001192065));
#1835=CARTESIAN_POINT('',(11.3983854012462,0.900299607247344,6.28848471975444));
#1836=CARTESIAN_POINT('',(11.3983854012462,0.900299607247344,6.28848471975444));
#1837=CARTESIAN_POINT('',(12.6016151425894,0.900299607247344,6.28848465281898));
#1838=CARTESIAN_POINT('Origin',(12.000000178814,0.900299607247343,6.80050001192065));
#1839=CARTESIAN_POINT('',(12.6016151425894,0.900299607247344,6.28848465281898));
#1840=CARTESIAN_POINT('Ctrl Pts',(12.3850002765581,0.900299607247344,5.60053529029965));
#1841=CARTESIAN_POINT('Ctrl Pts',(12.3850002765581,0.625299607247342,5.60053529029965));
#1842=CARTESIAN_POINT('Ctrl Pts',(12.3860828937446,0.900299607247344,5.66499857919401));
#1843=CARTESIAN_POINT('Ctrl Pts',(12.3860828937446,0.625299607247342,5.66499857919401));
#1844=CARTESIAN_POINT('Ctrl Pts',(12.3999825789611,0.900299607247344,5.72059577343632));
#1845=CARTESIAN_POINT('Ctrl Pts',(12.3999825789611,0.625299607247342,5.72059577343632));
#1846=CARTESIAN_POINT('Ctrl Pts',(12.4346782095145,0.900299607247344,5.85545909900289));
#1847=CARTESIAN_POINT('Ctrl Pts',(12.4346782095145,0.625299607247342,5.85545909900289));
#1848=CARTESIAN_POINT('Ctrl Pts',(12.449731112286,0.900299607247344,5.92326263661456));
#1849=CARTESIAN_POINT('Ctrl Pts',(12.449731112286,0.625299607247342,5.92326263661456));
#1850=CARTESIAN_POINT('Ctrl Pts',(12.4779302405406,0.900299607247344,6.04243255335881));
#1851=CARTESIAN_POINT('Ctrl Pts',(12.4779302405406,0.625299607247342,6.04243255335881));
#1852=CARTESIAN_POINT('Ctrl Pts',(12.4915400267048,0.90029960724734,6.09264696819523));
#1853=CARTESIAN_POINT('Ctrl Pts',(12.4915400267048,0.625299607247338,6.09264696819523));
#1854=CARTESIAN_POINT('Ctrl Pts',(12.5346211130637,0.90029960724734,6.19621682833493));
#1855=CARTESIAN_POINT('Ctrl Pts',(12.5346211130637,0.625299607247338,6.19621682833493));
#1856=CARTESIAN_POINT('Ctrl Pts',(12.563390243969,0.900299607247344,6.2435706452708));
#1857=CARTESIAN_POINT('Ctrl Pts',(12.563390243969,0.625299607247342,6.2435706452708));
#1858=CARTESIAN_POINT('Ctrl Pts',(12.6016151425894,0.900299607247344,6.28848465281898));
#1859=CARTESIAN_POINT('Ctrl Pts',(12.6016151425894,0.625299607247342,6.28848465281898));
#1860=CARTESIAN_POINT('',(12.3850002765581,0.650299607247343,5.60053529029965));
#1861=CARTESIAN_POINT('Ctrl Pts',(12.3850002765581,0.650299607247343,5.60053529029965));
#1862=CARTESIAN_POINT('Ctrl Pts',(12.3860828937446,0.650299607247343,5.66499857919401));
#1863=CARTESIAN_POINT('Ctrl Pts',(12.3999825789611,0.650299607247343,5.72059577343632));
#1864=CARTESIAN_POINT('Ctrl Pts',(12.4173783592008,0.650299607247343,5.78821387797951));
#1865=CARTESIAN_POINT('Ctrl Pts',(12.4346782095145,0.650299607247343,5.85545909900289));
#1866=CARTESIAN_POINT('Ctrl Pts',(12.449731112286,0.650299607247343,5.92326263661456));
#1867=CARTESIAN_POINT('Ctrl Pts',(12.46571992412,0.650299607247343,5.99083158264374));
#1868=CARTESIAN_POINT('Ctrl Pts',(12.4779302405406,0.650299607247343,6.04243255335881));
#1869=CARTESIAN_POINT('Ctrl Pts',(12.4915400267048,0.650299607247339,6.09264696819523));
#1870=CARTESIAN_POINT('Ctrl Pts',(12.5118974525228,0.650299607247339,6.14158760370308));
#1871=CARTESIAN_POINT('Ctrl Pts',(12.5346211130637,0.650299607247339,6.19621682833493));
#1872=CARTESIAN_POINT('Ctrl Pts',(12.563390243969,0.650299607247343,6.2435706452708));
#1873=CARTESIAN_POINT('Ctrl Pts',(12.6016151425894,0.650299607247343,6.28848465281898));
#1874=CARTESIAN_POINT('',(12.3850002765581,0.900299607247344,5.60053529029965));
#1875=CARTESIAN_POINT('Ctrl Pts',(12.3850002765581,0.900299607247344,5.60053529029965));
#1876=CARTESIAN_POINT('Ctrl Pts',(12.3860828937446,0.900299607247344,5.66499857919401));
#1877=CARTESIAN_POINT('Ctrl Pts',(12.3999825789611,0.900299607247344,5.72059577343632));
#1878=CARTESIAN_POINT('Ctrl Pts',(12.4346782095145,0.900299607247344,5.85545909900289));
#1879=CARTESIAN_POINT('Ctrl Pts',(12.449731112286,0.900299607247344,5.92326263661456));
#1880=CARTESIAN_POINT('Ctrl Pts',(12.4779302405406,0.900299607247344,6.04243255335881));
#1881=CARTESIAN_POINT('Ctrl Pts',(12.4915400267048,0.90029960724734,6.09264696819523));
#1882=CARTESIAN_POINT('Ctrl Pts',(12.5346211130637,0.90029960724734,6.19621682833493));
#1883=CARTESIAN_POINT('Ctrl Pts',(12.563390243969,0.900299607247344,6.2435706452708));
#1884=CARTESIAN_POINT('Ctrl Pts',(12.6016151425894,0.900299607247344,6.28848465281898));
#1885=CARTESIAN_POINT('',(12.3850002765581,0.900299607247344,5.60053529029965));
#1886=CARTESIAN_POINT('Origin',(12.3850001668915,0.900299607247343,4.40053529029966));
#1887=CARTESIAN_POINT('',(12.3850001668915,0.650299607247343,4.40053529029966));
#1888=CARTESIAN_POINT('',(12.3850002309771,0.650299607247343,5.10177646190872));
#1889=CARTESIAN_POINT('',(12.3850001668915,0.900299607247343,4.40053529029966));
#1890=CARTESIAN_POINT('',(12.3850000206677,0.900299607247342,2.80051745993409));
#1891=CARTESIAN_POINT('',(12.3850001668915,0.900299607247343,4.40053529029966));
#1892=CARTESIAN_POINT('Origin',(12.0000001668915,0.900299607247344,4.40053532548436));
#1893=CARTESIAN_POINT('',(11.6150001668915,0.650299607247343,4.40053533313462));
#1894=CARTESIAN_POINT('Origin',(12.0000001668915,0.650299607247343,4.40053532548436));
#1895=CARTESIAN_POINT('',(11.6150001668915,0.900299607247343,4.40053533313462));
#1896=CARTESIAN_POINT('Origin',(12.0000001668915,0.900299607247343,4.40053532548436));
#1897=CARTESIAN_POINT('',(11.6150001668915,0.900299607247343,4.40053533313462));
#1898=CARTESIAN_POINT('Origin',(11.6150001907364,0.900299607247344,5.60053533313462));
#1899=CARTESIAN_POINT('',(11.6150001907364,0.650299607247343,5.60053533313462));
#1900=CARTESIAN_POINT('',(11.6150001927482,0.650299607247343,5.70177650474369));
#1901=CARTESIAN_POINT('',(11.6150001907364,0.900299607247344,5.60053533313462));
#1902=CARTESIAN_POINT('',(11.6150001470203,0.900299607247343,3.40051764903236));
#1903=CARTESIAN_POINT('',(11.6150001907364,0.900299607247344,5.60053533313462));
#1904=CARTESIAN_POINT('Ctrl Pts',(11.3983854012462,0.900299607247344,6.28848471975444));
#1905=CARTESIAN_POINT('Ctrl Pts',(11.3983854012462,0.625299607247342,6.28848471975444));
#1906=CARTESIAN_POINT('Ctrl Pts',(11.4475123026772,0.900299607247344,6.23076091671725));
#1907=CARTESIAN_POINT('Ctrl Pts',(11.4475123026772,0.625299607247342,6.23076091671725));
#1908=CARTESIAN_POINT('Ctrl Pts',(11.4789117148503,0.900299607247344,6.1714061404984));
#1909=CARTESIAN_POINT('Ctrl Pts',(11.4789117148503,0.625299607247343,6.1714061404984));
#1910=CARTESIAN_POINT('Ctrl Pts',(11.5284505863137,0.900299607247344,6.02931929784059));
#1911=CARTESIAN_POINT('Ctrl Pts',(11.5284505863137,0.625299607247343,6.02931929784059));
#1912=CARTESIAN_POINT('Ctrl Pts',(11.5403210897528,0.900299607247403,5.9572884472804));
#1913=CARTESIAN_POINT('Ctrl Pts',(11.5403210897528,0.625299607247402,5.9572884472804));
#1914=CARTESIAN_POINT('Ctrl Pts',(11.5929213504088,0.900299607247403,5.74530190494513));
#1915=CARTESIAN_POINT('Ctrl Pts',(11.5929213504088,0.625299607247402,5.74530190494513));
#1916=CARTESIAN_POINT('Ctrl Pts',(11.6136675411379,0.900299607247344,5.67988706190401));
#1917=CARTESIAN_POINT('Ctrl Pts',(11.6136675411379,0.625299607247342,5.67988706190401));
#1918=CARTESIAN_POINT('Ctrl Pts',(11.6150001907364,0.900299607247344,5.60053533313462));
#1919=CARTESIAN_POINT('Ctrl Pts',(11.6150001907364,0.625299607247342,5.60053533313462));
#1920=CARTESIAN_POINT('Ctrl Pts',(11.3983854012462,0.650299607247343,6.28848471975444));
#1921=CARTESIAN_POINT('Ctrl Pts',(11.4475123026772,0.650299607247343,6.23076091671725));
#1922=CARTESIAN_POINT('Ctrl Pts',(11.4789117148503,0.650299607247343,6.1714061404984));
#1923=CARTESIAN_POINT('Ctrl Pts',(11.5023204278817,0.650299607247343,6.10426552895302));
#1924=CARTESIAN_POINT('Ctrl Pts',(11.5284505863137,0.650299607247343,6.02931929784059));
#1925=CARTESIAN_POINT('Ctrl Pts',(11.5403210897528,0.650299607247402,5.9572884472804));
#1926=CARTESIAN_POINT('Ctrl Pts',(11.5685107131083,0.650299607247402,5.84368025009047));
#1927=CARTESIAN_POINT('Ctrl Pts',(11.5929213504088,0.650299607247402,5.74530190494513));
#1928=CARTESIAN_POINT('Ctrl Pts',(11.6136675411379,0.650299607247342,5.67988706190401));
#1929=CARTESIAN_POINT('Ctrl Pts',(11.6150001907364,0.650299607247342,5.60053533313462));
#1930=CARTESIAN_POINT('Ctrl Pts',(11.3983854012462,0.900299607247344,6.28848471975444));
#1931=CARTESIAN_POINT('Ctrl Pts',(11.4475123026772,0.900299607247344,6.23076091671725));
#1932=CARTESIAN_POINT('Ctrl Pts',(11.4789117148503,0.900299607247344,6.1714061404984));
#1933=CARTESIAN_POINT('Ctrl Pts',(11.5284505863137,0.900299607247344,6.02931929784059));
#1934=CARTESIAN_POINT('Ctrl Pts',(11.5403210897528,0.900299607247403,5.9572884472804));
#1935=CARTESIAN_POINT('Ctrl Pts',(11.5929213504088,0.900299607247403,5.74530190494513));
#1936=CARTESIAN_POINT('Ctrl Pts',(11.6136675411379,0.900299607247344,5.67988706190401));
#1937=CARTESIAN_POINT('Ctrl Pts',(11.6150001907364,0.900299607247344,5.60053533313462));
#1938=CARTESIAN_POINT('Origin',(11.0000001639128,-0.900299607247422,3.75049996647211));
#1939=CARTESIAN_POINT('',(11.0000001639128,0.900299607247345,7.25050002607675));
#1940=CARTESIAN_POINT('',(11.0000001639128,-0.900299607247422,7.25050002607675));
#1941=CARTESIAN_POINT('',(11.0000001639128,-0.900299607247422,7.25050002607675));
#1942=CARTESIAN_POINT('',(11.0000001639128,0.900299607247343,4.25049996647211));
#1943=CARTESIAN_POINT('',(11.0000001639128,0.900299607247344,4.75049998137327));
#1944=CARTESIAN_POINT('',(11.0000001639128,-0.900299607247422,4.25049996647211));
#1945=CARTESIAN_POINT('',(11.0000001639128,-0.900299607247422,4.25049996647211));
#1946=CARTESIAN_POINT('',(11.0000001639128,-0.900299607247422,7.75050002607675));
#1947=CARTESIAN_POINT('Origin',(8.15803585433102,1.40029960724734,-6.54099170660505E-16));
#1948=CARTESIAN_POINT('',(8.15803585433102,0.900299607247345,0.800499988824062));
#1949=CARTESIAN_POINT('',(8.51673343858969,1.05196637161372,0.800500000000056));
#1950=CARTESIAN_POINT('Origin',(8.15803585433102,1.40029960724734,0.800500000000059));
#1951=CARTESIAN_POINT('',(8.51673343858969,1.05196637161372,-6.54099170660505E-16));
#1952=CARTESIAN_POINT('',(8.51673343858969,1.05196637161372,-6.54099170660505E-16));
#1953=CARTESIAN_POINT('',(8.15803585433102,0.900299607247342,9.70455269963533E-14));
#1954=CARTESIAN_POINT('Origin',(8.15803585433102,1.40029960724734,1.52112589017761E-13));
#1955=CARTESIAN_POINT('',(8.15803585433102,0.900299607247342,-6.54099170660505E-16));
#1956=CARTESIAN_POINT('Origin',(9.600000143051,7.50510764646606E-14,-6.54099170660505E-16));
#1957=CARTESIAN_POINT('',(10.6832668475123,1.05196637161372,0.80050000000013));
#1958=CARTESIAN_POINT('Origin',(9.600000143051,7.50510764646606E-14,0.800500000000095));
#1959=CARTESIAN_POINT('',(10.6832668475123,1.05196637161372,-6.54099170660505E-16));
#1960=CARTESIAN_POINT('',(10.6832668475123,1.05196637161372,-6.54099170660505E-16));
#1961=CARTESIAN_POINT('Origin',(9.600000143051,7.50510764646606E-14,-6.54099170660505E-16));
#1962=CARTESIAN_POINT('Origin',(11.041964431771,1.40029960724734,-6.54099170660505E-16));
#1963=CARTESIAN_POINT('',(11.041964431771,0.900299607247342,2.1606143523617E-13));
#1964=CARTESIAN_POINT('Origin',(11.041964431771,1.40029960724734,1.52112589017761E-13));
#1965=CARTESIAN_POINT('',(11.041964431771,0.900299607247346,0.800499988824155));
#1966=CARTESIAN_POINT('Origin',(11.041964431771,1.40029960724734,0.800500000000059));
#1967=CARTESIAN_POINT('',(11.041964431771,0.900299607247342,-6.54099170660505E-16));
#1968=CARTESIAN_POINT('Origin',(8.15803585433128,-1.4002996072474,-6.54099170660505E-16));
#1969=CARTESIAN_POINT('',(8.15803585433128,-0.900299607247404,1.02374597514554E-13));
#1970=CARTESIAN_POINT('',(8.5167334385899,-1.05196637161372,-6.54099170660505E-16));
#1971=CARTESIAN_POINT('Origin',(8.15803585433128,-1.4002996072474,1.52112589017761E-13));
#1972=CARTESIAN_POINT('',(8.5167334385899,-1.05196637161372,0.800500000000059));
#1973=CARTESIAN_POINT('',(8.5167334385899,-1.05196637161372,-6.54099170660505E-16));
#1974=CARTESIAN_POINT('',(8.15803585433128,-0.9002996072474,0.800499988824062));
#1975=CARTESIAN_POINT('Origin',(8.15803585433128,-1.4002996072474,0.800500000000059));
#1976=CARTESIAN_POINT('',(8.15803585433128,-0.900299607247404,-6.54099170660505E-16));
#1977=CARTESIAN_POINT('Origin',(9.600000143051,7.50510764646606E-14,-6.54099170660505E-16));
#1978=CARTESIAN_POINT('',(9.59750511615193,-1.50999793868762,-6.54099170660505E-16));
#1979=CARTESIAN_POINT('Origin',(9.600000143051,7.50510764646606E-14,-6.54099170660505E-16));
#1980=CARTESIAN_POINT('',(9.59750511615193,-1.50999793868762,0.800500000000095));
#1981=CARTESIAN_POINT('',(9.59750511615193,-1.50999793868762,-6.54099170660505E-16));
#1982=CARTESIAN_POINT('Origin',(9.600000143051,7.50510764646606E-14,0.800500000000095));
#1983=CARTESIAN_POINT('Origin',(11.0369642693478,-1.4002996072474,-6.54099170660505E-16));
#1984=CARTESIAN_POINT('',(11.0369642693478,-0.900299607247399,0.800499988824155));
#1985=CARTESIAN_POINT('',(10.6782666810396,-1.0519663757838,0.80050000000013));
#1986=CARTESIAN_POINT('Origin',(11.0369642693478,-1.4002996072474,0.800500000000059));
#1987=CARTESIAN_POINT('',(10.6782666810396,-1.0519663757838,-6.54099170660505E-16));
#1988=CARTESIAN_POINT('',(10.6782666810396,-1.0519663757838,-6.54099170660505E-16));
#1989=CARTESIAN_POINT('',(11.0369642693478,-0.900299607247404,2.00074223681568E-13));
#1990=CARTESIAN_POINT('Origin',(11.0369642693478,-1.4002996072474,1.52112589017761E-13));
#1991=CARTESIAN_POINT('',(11.0369642693478,-0.900299607247404,-6.54099170660505E-16));
#1992=CARTESIAN_POINT('Origin',(9.59499996434877,-1.67637355108496E-8,-6.54099170660505E-16));
#1993=CARTESIAN_POINT('Origin',(9.59499996434877,-1.67637355108496E-8,0.800500000000095));
#1994=CARTESIAN_POINT('Origin',(9.59499996434877,-1.67637355108496E-8,-6.54099170660505E-16));
#1995=CARTESIAN_POINT('Origin',(7.90974946835297,0.900299607247343,1.20050003855644));
#1996=CARTESIAN_POINT('',(11.6000001668917,0.900299607247342,1.20053532548432));
#1997=CARTESIAN_POINT('',(11.2000001668916,0.900299607247347,0.800500000000132));
#1998=CARTESIAN_POINT('Origin',(11.2000001668917,0.900299607247343,1.20053532548431));
#1999=CARTESIAN_POINT('',(11.6000001668917,0.900299607247343,3.51565304302911));
#2000=CARTESIAN_POINT('',(11.6000001668917,0.900299607247342,2.40040149411329));
#2001=CARTESIAN_POINT('',(11.4000001658987,0.900299607247343,3.7606020175101));
#2002=CARTESIAN_POINT('Origin',(11.3500001668917,0.900299607247344,3.5156530430291));
#2003=CARTESIAN_POINT('Origin',(11.5000001639128,0.900299607247343,4.25049996647211));
#2004=CARTESIAN_POINT('',(11.5000001639128,0.900299607247345,7.75050002607675));
#2005=CARTESIAN_POINT('Origin',(11.5000001639128,0.900299607247343,7.25050002607675));
#2006=CARTESIAN_POINT('',(12.5000001937151,0.900299607247344,7.75050002607675));
#2007=CARTESIAN_POINT('',(11.5000001713634,0.900299607247345,7.75050002607675));
#2008=CARTESIAN_POINT('',(13.0000001937151,0.900299607247344,7.25050002607675));
#2009=CARTESIAN_POINT('Origin',(12.5000001937151,0.900299607247343,7.25050002607675));
#2010=CARTESIAN_POINT('',(13.0000001937151,0.900299607247343,4.25049996647211));
#2011=CARTESIAN_POINT('',(13.0000001937151,0.900299607247344,6.75050001117559));
#2012=CARTESIAN_POINT('',(12.6000001758328,0.900299607247343,3.76060201426526));
#2013=CARTESIAN_POINT('Origin',(12.5000001937151,0.900299607247343,4.25049996647211));
#2014=CARTESIAN_POINT('',(12.4000001668917,0.900299607247343,3.51565303816183));
#2015=CARTESIAN_POINT('Origin',(12.6500001668917,0.900299607247345,3.51565303816184));
#2016=CARTESIAN_POINT('',(12.4000001668918,0.900299607247341,0.500000000000244));
#2017=CARTESIAN_POINT('',(12.4000001668916,0.900299607247343,5.20040149411332));
#2018=CARTESIAN_POINT('',(11.9000001668918,0.900299607247341,2.26719576272572E-13));
#2019=CARTESIAN_POINT('Origin',(11.9000001668918,0.900299607247343,0.500000000000227));
#2020=CARTESIAN_POINT('',(10.8251634743575,0.900299607247342,2.05403294199769E-13));
#2021=CARTESIAN_POINT('',(1.98780315994722,0.900299607247343,0.800499988823863));
#2022=CARTESIAN_POINT('Origin',(7.90974946835297,0.900299607247343,1.20050003855644));
#2023=CARTESIAN_POINT('',(1.98780315994701,0.900299607247342,1.73428871090564E-13));
#2024=CARTESIAN_POINT('',(10.8251634743575,0.900299607247342,2.05403294199769E-13));
#2025=CARTESIAN_POINT('',(1.98780315994722,0.900299607247343,0.800499988823863));
#2026=CARTESIAN_POINT('',(1.98780315994701,0.900299607247342,0.600383831371128));
#2027=CARTESIAN_POINT('',(1.98780315994722,0.900299607247343,0.800499988823863));
#2028=CARTESIAN_POINT('Origin',(1.50065339675443,-0.900299607247403,2.50049998882384));
#2029=CARTESIAN_POINT('',(1.98780315994717,-0.900299607247403,0.800499988823863));
#2030=CARTESIAN_POINT('',(1.98780315994717,-0.900299607247403,0.800499988823863));
#2031=CARTESIAN_POINT('',(1.98780315994701,-0.900299607247404,1.73428871090564E-13));
#2032=CARTESIAN_POINT('',(1.98780315994701,-0.900299607247404,0.200133831371178));
#2033=CARTESIAN_POINT('',(8.75049008928886,-0.900299607247404,1.23690879587357E-13));
#2034=CARTESIAN_POINT('Origin',(1.50065339675443,-0.900299607247403,2.50049998882384));
#2035=CARTESIAN_POINT('',(11.2000001668916,-0.900299607247399,0.800500000000132));
#2036=CARTESIAN_POINT('',(1.98780315994717,-0.900299607247403,0.800499988823863));
#2037=CARTESIAN_POINT('',(11.9000001668918,-0.900299607247404,2.26719576272572E-13));
#2038=CARTESIAN_POINT('',(8.75049008928886,-0.900299607247404,1.23690879587357E-13));
#2039=CARTESIAN_POINT('',(12.4000001668918,-0.900299607247403,0.500000000000244));
#2040=CARTESIAN_POINT('Origin',(11.9000001668918,-0.900299607247403,0.500000000000227));
#2041=CARTESIAN_POINT('',(12.4000001668917,-0.900299607247403,3.51565303816183));
#2042=CARTESIAN_POINT('',(12.4000001668917,-0.900299607247403,2.05013010892764));
#2043=CARTESIAN_POINT('',(12.6000001758328,-0.900299607247403,3.76060201426526));
#2044=CARTESIAN_POINT('Origin',(12.6500001668917,-0.900299607247398,3.51565303816184));
#2045=CARTESIAN_POINT('',(13.0000001937151,-0.900299607247422,4.25049996647211));
#2046=CARTESIAN_POINT('Origin',(12.5000001937151,-0.900299607247403,4.25049996647211));
#2047=CARTESIAN_POINT('',(13.0000001937151,-0.900299607247422,7.25050002607675));
#2048=CARTESIAN_POINT('',(13.0000001937151,-0.900299607247422,3.75049996647211));
#2049=CARTESIAN_POINT('',(12.5000001937151,-0.900299607247422,7.75050002607675));
#2050=CARTESIAN_POINT('Origin',(12.5000001937151,-0.900299607247403,7.25050002607675));
#2051=CARTESIAN_POINT('',(11.5000001639128,-0.900299607247422,7.75050002607675));
#2052=CARTESIAN_POINT('',(13.0000001937151,-0.900299607247422,7.75050002607675));
#2053=CARTESIAN_POINT('Origin',(11.5000001639128,-0.900299607247403,7.25050002607675));
#2054=CARTESIAN_POINT('',(11.4000001658987,-0.900299607247403,3.7606020175101));
#2055=CARTESIAN_POINT('Origin',(11.5000001639128,-0.900299607247403,4.25049996647211));
#2056=CARTESIAN_POINT('',(11.6000001668917,-0.900299607247403,3.51565304302911));
#2057=CARTESIAN_POINT('Origin',(11.3500001668917,-0.900299607247399,3.5156530430291));
#2058=CARTESIAN_POINT('',(11.6000001668917,-0.900299607247403,1.20053532548432));
#2059=CARTESIAN_POINT('',(11.6000001668916,-0.900299607247402,5.20039777166967));
#2060=CARTESIAN_POINT('Origin',(11.2000001668917,-0.900299607247403,1.20053532548431));
#2061=CARTESIAN_POINT('Origin',(10.1300001639128,0.33124764150111,0.800499999999926));
#2062=CARTESIAN_POINT('',(10.1300001639128,-0.331247641500964,1.69876157411764E-13));
#2063=CARTESIAN_POINT('',(10.1300001639128,0.33124764150111,1.69876157411764E-13));
#2064=CARTESIAN_POINT('',(10.1300001639128,0.160396548023341,1.69876157411764E-13));
#2065=CARTESIAN_POINT('',(10.1300001639128,-0.331247641500964,0.800499999999926));
#2066=CARTESIAN_POINT('',(10.1300001639128,-0.331247641500964,0.800499999999926));
#2067=CARTESIAN_POINT('',(10.1300001639128,0.33124764150111,0.800499999999926));
#2068=CARTESIAN_POINT('',(10.1300001639128,0.160396548023339,0.800500000000111));
#2069=CARTESIAN_POINT('',(10.1300001639128,0.33124764150111,0.800499999999926));
#2070=CARTESIAN_POINT('Origin',(9.6000001639128,7.28306304154103E-14,0.800499999999928));
#2071=CARTESIAN_POINT('',(9.0700001639128,0.331247641501113,1.34349020623759E-13));
#2072=CARTESIAN_POINT('Origin',(9.6000001639128,7.28306304154103E-14,1.52112589017761E-13));
#2073=CARTESIAN_POINT('',(9.0700001639128,0.331247641501113,0.800499999999928));
#2074=CARTESIAN_POINT('Origin',(9.6000001639128,7.28306304154103E-14,0.800500000000059));
#2075=CARTESIAN_POINT('',(9.0700001639128,0.331247641501113,0.800499999999928));
#2076=CARTESIAN_POINT('Origin',(9.0700001639128,-0.331247641500967,0.800499999999928));
#2077=CARTESIAN_POINT('',(9.0700001639128,-0.331247641500967,1.34349020623759E-13));
#2078=CARTESIAN_POINT('',(9.0700001639128,-0.170851093477698,1.34349020623759E-13));
#2079=CARTESIAN_POINT('',(9.0700001639128,-0.331247641500967,0.800499999999928));
#2080=CARTESIAN_POINT('',(9.0700001639128,-0.170851093477699,0.800500000000075));
#2081=CARTESIAN_POINT('',(9.0700001639128,-0.331247641500967,0.800499999999928));
#2082=CARTESIAN_POINT('Origin',(9.6000001639128,7.28306304154103E-14,0.800499999999928));
#2083=CARTESIAN_POINT('Origin',(9.6000001639128,7.28306304154103E-14,1.52112589017761E-13));
#2084=CARTESIAN_POINT('Origin',(9.6000001639128,7.28306304154103E-14,0.800500000000059));
#2085=CARTESIAN_POINT('Origin',(11.5000001639128,-0.900299607247422,7.25050002607675));
#2086=CARTESIAN_POINT('',(11.5000001639128,-0.900299607247422,7.75050002607675));
#2087=CARTESIAN_POINT('Origin',(12.000000178814,-0.650299607247401,5.80301743663555));
#2088=CARTESIAN_POINT('',(12.000000178814,-0.650299607247401,6.62550001192065));
#2089=CARTESIAN_POINT('Origin',(12.000000178814,-0.650299607247401,6.80050001192065));
#2090=CARTESIAN_POINT('',(12.000000178814,-0.650299607247401,5.72549999850961));
#2091=CARTESIAN_POINT('Origin',(12.000000178814,-0.650299607247401,5.90049999850961));
#2092=CARTESIAN_POINT('',(12.0000001668915,-0.650299607247401,4.97553532548436));
#2093=CARTESIAN_POINT('Origin',(12.0000001668915,-0.650299607247401,4.80053532548436));
#2094=CARTESIAN_POINT('',(12.0000001668915,-0.650299607247401,4.57553532548436));
#2095=CARTESIAN_POINT('Origin',(12.0000001668915,-0.650299607247401,4.40053532548436));
#2096=CARTESIAN_POINT('Origin',(12.000000178814,0.650299607247343,6.80050001192065));
#2097=CARTESIAN_POINT('',(12.000000178814,0.650299607247343,6.62550001192065));
#2098=CARTESIAN_POINT('Origin',(12.000000178814,0.650299607247343,6.80050001192065));
#2099=CARTESIAN_POINT('',(12.000000178814,0.650299607247343,6.62550001192065));
#2100=CARTESIAN_POINT('Origin',(12.000000178814,0.650299607247343,5.80301743663555));
#2101=CARTESIAN_POINT('',(12.000000178814,0.650299607247343,5.72549999850961));
#2102=CARTESIAN_POINT('Origin',(12.000000178814,0.650299607247343,5.90049999850961));
#2103=CARTESIAN_POINT('',(12.0000001668915,0.650299607247343,4.97553532548436));
#2104=CARTESIAN_POINT('Origin',(12.0000001668915,0.650299607247342,4.80053532548436));
#2105=CARTESIAN_POINT('',(12.0000001668915,0.650299607247343,4.57553532548436));
#2106=CARTESIAN_POINT('Origin',(12.0000001668915,0.650299607247342,4.40053532548436));
#2107=CARTESIAN_POINT('Origin',(11.0000001639128,-0.900299607247422,7.75050002607675));
#2108=CARTESIAN_POINT('',(12.5000001937151,-0.900299607247422,7.75050002607675));
#2109=CARTESIAN_POINT('Origin',(12.0000001668915,-0.900299607247422,4.80053532548436));
#2110=CARTESIAN_POINT('',(12.0000001668915,-0.900299607247422,4.97553532548436));
#2111=CARTESIAN_POINT('Origin',(12.0000001668915,-0.900299607247422,4.40053532548436));
#2112=CARTESIAN_POINT('',(12.0000001668915,-0.900299607247422,4.57553532548436));
#2113=CARTESIAN_POINT('Origin',(11.2000001668917,0.449999993294546,1.20053532548431));
#2114=CARTESIAN_POINT('',(11.6000001668917,-0.900000013410977,1.20053532548432));
#2115=CARTESIAN_POINT('',(11.2000001668916,0.450149803623674,0.800500000000132));
#2116=CARTESIAN_POINT('Origin',(11.9000001668918,-0.455227266021656,0.500000000000227));
#2117=CARTESIAN_POINT('',(12.4000001668918,0.900000013411119,0.500000000000244));
#2118=CARTESIAN_POINT('',(11.9000001668918,0.900000013411113,2.26719576272572E-13));
#2119=CARTESIAN_POINT('Origin',(12.5000001937151,-0.900299607247422,4.25049996647211));
#2120=CARTESIAN_POINT('',(12.6000001758328,-0.900299607247422,3.76060201426526));
#2121=CARTESIAN_POINT('',(13.0000001937151,-0.900299607247422,4.25049996647211));
#2122=CARTESIAN_POINT('Origin',(11.5000001639128,-0.900299607247422,4.25049996647211));
#2123=CARTESIAN_POINT('',(11.4000001658987,-0.900299607247422,3.7606020175101));
#2124=CARTESIAN_POINT('Origin',(13.0000001937151,-0.900299607247422,7.75050002607675));
#2125=CARTESIAN_POINT('',(13.0000001937151,-0.900299607247422,7.25050002607675));
#2126=CARTESIAN_POINT('Origin',(12.5000001937151,-0.900299607247422,7.25050002607675));
#2127=CARTESIAN_POINT('Origin',(12.4000001668916,-0.899999986588881,6.00249995380658));
#2128=CARTESIAN_POINT('',(12.4000001668917,-0.900299607247422,3.51565303816183));
#2129=CARTESIAN_POINT('Origin',(12.6500001668917,-0.900299607247422,3.51565303816184));
#2130=CARTESIAN_POINT('Origin',(11.6000001668917,0.899999986589023,1.80053532548432));
#2131=CARTESIAN_POINT('',(11.6000001668917,-0.900299607247422,3.51565304302911));
#2132=CARTESIAN_POINT('Origin',(11.3500001668917,-0.900299607247422,3.5156530430291));
#2133=CARTESIAN_POINT('Origin',(12.000000178814,0.900299607247343,5.90049999850961));
#2134=CARTESIAN_POINT('',(12.000000178814,0.900299607247343,5.72549999850961));
#2135=CARTESIAN_POINT('Origin',(0.56568542494927,-0.565685424949236,0.800499988823933));
#2136=CARTESIAN_POINT('',(0.56568542494927,-0.390685424949236,0.800499988823933));
#2137=CARTESIAN_POINT('Origin',(0.56568542494927,-0.565685424949236,0.800499988823854));
#2138=CARTESIAN_POINT('',(0.565685424949278,-0.390685424949237,-1.48091716840881E-13));
#2139=CARTESIAN_POINT('',(0.56568542494927,-0.390685424949237,0.800499988823933));
#2140=CARTESIAN_POINT('Origin',(0.565685424949278,-0.565685424949236,-1.48091716840881E-13));
#2141=CARTESIAN_POINT('Origin',(-0.565685424949206,-0.565685424949236,0.800499988823933));
#2142=CARTESIAN_POINT('',(-0.565685424949206,-0.390685424949236,0.800499988823933));
#2143=CARTESIAN_POINT('Origin',(-0.565685424949206,-0.565685424949236,0.800499988823854));
#2144=CARTESIAN_POINT('',(-0.565685424949198,-0.390685424949236,-1.94276994665288E-13));
#2145=CARTESIAN_POINT('',(-0.565685424949206,-0.390685424949236,0.800499988823933));
#2146=CARTESIAN_POINT('Origin',(-0.565685424949198,-0.565685424949236,-1.94276994665288E-13));
#2147=CARTESIAN_POINT('Origin',(0.56568542494927,0.56568542494924,0.800499988823933));
#2148=CARTESIAN_POINT('',(0.56568542494927,0.74068542494924,0.800499988823933));
#2149=CARTESIAN_POINT('Origin',(0.56568542494927,0.56568542494924,0.800499988823854));
#2150=CARTESIAN_POINT('',(0.565685424949278,0.74068542494924,-1.49868073680282E-13));
#2151=CARTESIAN_POINT('',(0.56568542494927,0.74068542494924,0.800499988823933));
#2152=CARTESIAN_POINT('Origin',(0.565685424949278,0.56568542494924,-1.49868073680282E-13));
#2153=CARTESIAN_POINT('Origin',(-0.565685424949206,0.56568542494924,0.800499988823933));
#2154=CARTESIAN_POINT('',(-0.565685424949206,0.74068542494924,0.800499988823933));
#2155=CARTESIAN_POINT('Origin',(-0.565685424949206,0.56568542494924,0.800499988823854));
#2156=CARTESIAN_POINT('',(-0.565685424949198,0.74068542494924,-1.96053351504688E-13));
#2157=CARTESIAN_POINT('',(-0.565685424949206,0.74068542494924,0.800499988823933));
#2158=CARTESIAN_POINT('Origin',(-0.565685424949198,0.56568542494924,-1.96053351504688E-13));
#2159=CARTESIAN_POINT('Origin',(1.73194791841524E-13,2.22044604925031E-16,
0.100499988823855));
#2160=CARTESIAN_POINT('',(1.26496564723919,1.20928156824831,0.800499988823908));
#2161=CARTESIAN_POINT('',(1.26496564723923,1.20928156824831,-1.28551791607479E-13));
#2162=CARTESIAN_POINT('',(1.26496564723922,1.20928156824831,0.200499988823906));
#2163=CARTESIAN_POINT('',(1.26496564723919,-1.20928156824835,-1.28551791607479E-13));
#2164=CARTESIAN_POINT('Origin',(1.77191594730175E-13,2.22044604925031E-16,
-1.71184355753085E-13));
#2165=CARTESIAN_POINT('',(1.26496564723916,-1.20928156824835,0.800499988823908));
#2166=CARTESIAN_POINT('',(1.26496564723919,-1.20928156824835,0.100499988823907));
#2167=CARTESIAN_POINT('Origin',(1.4477308241112E-13,6.66133814775094E-16,
0.800499988823854));
#2168=CARTESIAN_POINT('Origin',(1.9878031599472,-1.9002996072474,0.100499988823937));
#2169=CARTESIAN_POINT('Origin',(1.98780315994717,-1.9002996072474,0.800499988823938));
#2170=CARTESIAN_POINT('Origin',(1.9878031599472,-1.9002996072474,-8.9471941140673E-14));
#2171=CARTESIAN_POINT('Origin',(1.98780315994725,1.90029960724734,0.100499988823935));
#2172=CARTESIAN_POINT('Origin',(1.98780315994722,1.90029960724734,0.800499988823936));
#2173=CARTESIAN_POINT('Origin',(1.98780315994726,1.90029960724734,-8.9471941140673E-14));
#2174=CARTESIAN_POINT('Origin',(-1.73194791841524E-14,7.54951656745106E-14,
3.10049998882385));
#2175=CARTESIAN_POINT('',(-1.87849735766576E-13,0.385000000000077,3.10049998882385));
#2176=CARTESIAN_POINT('Origin',(-1.87849735766576E-13,7.74935671188359E-14,
3.10049998882385));
#2177=CARTESIAN_POINT('Origin',(0.,0.,0.200000000000002));
#2178=CARTESIAN_POINT('',(0.,-0.53,0.200000000000002));
#2179=CARTESIAN_POINT('Origin',(0.,0.,0.200000000000002));
#2180=CARTESIAN_POINT('Origin',(0.,0.,1.12225766873975E-15));
#2181=CARTESIAN_POINT('',(-2.22044604925031E-16,-0.53,1.12225766873975E-15));
#2182=CARTESIAN_POINT('Origin',(0.,0.,1.53888945857161E-13));
#2183=CARTESIAN_POINT('',(6.49062803548097E-17,-0.53,1.12225766873975E-15));
#2184=CARTESIAN_POINT('Origin',(-1.88293824976427E-13,7.74935671188359E-14,
0.800500000000073));
#2185=CARTESIAN_POINT('',(-1.81410442223751E-13,0.385000000000077,1.00050000000006));
#2186=CARTESIAN_POINT('',(-1.88340973878194E-13,0.385000000000078,0.800500000000073));
#2187=CARTESIAN_POINT('',(0.384999999999812,7.74464182170687E-14,1.00050000000008));
#2188=CARTESIAN_POINT('Origin',(-1.88293824976427E-13,7.74935671188359E-14,
1.00050000000006));
#2189=CARTESIAN_POINT('Origin',(-1.88293824976427E-13,7.74935671188359E-14,
1.00050000000006));
#2190=CARTESIAN_POINT('Origin',(8.59999999999987,-0.0104545454544316,0.800500000000059));
#2191=CARTESIAN_POINT('',(0.584999999999818,7.73376170059263E-14,0.800499999999786));
#2192=CARTESIAN_POINT('Origin',(-1.81632486828676E-13,7.72715225139109E-14,
0.800499999999766));
#2193=CARTESIAN_POINT('Origin',(-1.88293824976427E-13,7.74935671188359E-14,
1.00050000000006));
#2194=CARTESIAN_POINT('Origin',(0.584999999999812,7.74219252810858E-14,
1.00050000000008));
#2195=CARTESIAN_POINT('Origin',(9.5999999999999,-0.0104545454544285,1.52112589017761E-13));
#2196=UNCERTAINTY_MEASURE_WITH_UNIT(LENGTH_MEASURE(0.001),#2200,
'DISTANCE_ACCURACY_VALUE',
'Maximum model space distance between geometric entities at asserted c
onnectivities');
#2197=UNCERTAINTY_MEASURE_WITH_UNIT(LENGTH_MEASURE(0.001),#2200,
'DISTANCE_ACCURACY_VALUE',
'Maximum model space distance between geometric entities at asserted c
onnectivities');
#2198=(
GEOMETRIC_REPRESENTATION_CONTEXT(3)
GLOBAL_UNCERTAINTY_ASSIGNED_CONTEXT((#2196))
GLOBAL_UNIT_ASSIGNED_CONTEXT((#2200,#2202,#2203))
REPRESENTATION_CONTEXT('','3D')
);
#2199=(
GEOMETRIC_REPRESENTATION_CONTEXT(3)
GLOBAL_UNCERTAINTY_ASSIGNED_CONTEXT((#2197))
GLOBAL_UNIT_ASSIGNED_CONTEXT((#2200,#2202,#2203))
REPRESENTATION_CONTEXT('','3D')
);
#2200=(
LENGTH_UNIT()
NAMED_UNIT(*)
SI_UNIT(.CENTI.,.METRE.)
);
#2201=(
LENGTH_UNIT()
NAMED_UNIT(*)
SI_UNIT($,.METRE.)
);
#2202=(
NAMED_UNIT(*)
PLANE_ANGLE_UNIT()
SI_UNIT($,.RADIAN.)
);
#2203=(
NAMED_UNIT(*)
SI_UNIT($,.STERADIAN.)
SOLID_ANGLE_UNIT()
);
#2204=SHAPE_DEFINITION_REPRESENTATION(#2205,#2206);
#2205=PRODUCT_DEFINITION_SHAPE('',$,#2208);
#2206=SHAPE_REPRESENTATION('',(#1151),#2198);
#2207=PRODUCT_DEFINITION_CONTEXT('part definition',#2212,'design');
#2208=PRODUCT_DEFINITION('Leg_OnePiece','Leg_OnePiece v16',#2209,#2207);
#2209=PRODUCT_DEFINITION_FORMATION('',$,#2214);
#2210=PRODUCT_RELATED_PRODUCT_CATEGORY('Leg_OnePiece v16',
'Leg_OnePiece v16',(#2214));
#2211=APPLICATION_PROTOCOL_DEFINITION('international standard',
'automotive_design',2009,#2212);
#2212=APPLICATION_CONTEXT(
'Core Data for Automotive Mechanical Design Process');
#2213=PRODUCT_CONTEXT('part definition',#2212,'mechanical');
#2214=PRODUCT('Leg_OnePiece','Leg_OnePiece v16',$,(#2213));
#2215=PRESENTATION_STYLE_ASSIGNMENT((#2216));
#2216=SURFACE_STYLE_USAGE(.BOTH.,#2217);
#2217=SURFACE_SIDE_STYLE('',(#2218));
#2218=SURFACE_STYLE_FILL_AREA(#2219);
#2219=FILL_AREA_STYLE('Steel - Satin',(#2220));
#2220=FILL_AREA_STYLE_COLOUR('Steel - Satin',#2221);
#2221=COLOUR_RGB('Steel - Satin',0.627450980392157,0.627450980392157,0.627450980392157);
ENDSEC;
END-ISO-10303-21;
